turningPointId,processId,symbol,side,price,selectorPrice,occurredAtUtc,confirmedAtUtc,confirmedAtMs,confirmationBarIndex,atr14AtSelector,atr14PctPrice,sigma1hAtSelector,thetaAtExtreme,incomingMoveAtr,incomingEfficiency,incomingSpeedAtrPerBar,incomingDurationBars,reversalCloseMoveAtr,reversalExcursionAtr,reversalEfficiency,reversalSpeedAtrPerBar,reversalDurationBars,displacementSame,displacementOpposite,extremeIsCausalPivot,pivotRoleAtConfirmation,prePivotHighCount,prePivotLowCount,turnPivotHighCount,turnPivotLowCount,newOppositePivotCount,newSameDirectionPivotCount,structureDirectionBeforeExtreme,structureDirectionAtConfirmation,oppositeStructureBreakOccurred,oppositeStructureBreakConfirmedAtUtc,sameDirectionContinuationObservedBeforeConfirmation,factsHash,semanticVersion,semanticSignificance,semanticConfidence,semanticPrimaryReason,semanticEligible,semanticGateReason,semanticErrorCode,promptHash,decisionKey
DYNDW:SAME_PROCESS_WICK_V1:BTCUSDT:5m:HIGH:1783113000000:1783119899999,DYNDPROC:BTCUSDT:5m:HIGH:1783111500000:1783119899999,BTCUSDT,HIGH,62957.2,62793,2026-07-03T21:10:00.000Z,2026-07-03T23:04:59.999Z,1783119899999,288,116.166155,0.00185,0.003498,0.003498,12.457157,0.120428,0.047546,262,2.145203,4.032155,0.2499,0.076614,28,1,2,true,INTERNAL,39,35,4,3,3,4,BULLISH,BULLISH,true,2026-07-03T00:09:59.999Z,false,354201cd3980432b93064ce5e34680344adcff38ae45f8409846fb12be845633,HISTORICAL_TURNING_POINT_SIGNIFICANCE_V1,WEAK,MEDIUM,LOCAL_REVERSAL_WITH_LIMITED_SIGNIFICANCE,false,TURNING_SIGNIFICANCE_WEAK,,e1962266a20c67182dc11859d0b68f1b166dd3beddb591727f4a92ce5cf917e0,d4c72d8d5656d443e3b6580668afaf64d5cf4a7e2ebbf4bbabb81828e137d8d2
DYNDW:SAME_PROCESS_WICK_V1:BTCUSDT:5m:LOW:1783119900000:1783123799999,DYNDPROC:BTCUSDT:5m:LOW:1783119900000:1783123799999,BTCUSDT,LOW,62507.1,62519.8,2026-07-03T23:05:00.000Z,2026-07-04T00:09:59.999Z,1783123799999,301,76.499502,0.001224,0.003499,0.003499,0.313728,1,0.156864,2,5.160818,5.470624,0.582817,0.396986,13,1,2,true,INTERNAL,43,38,2,2,2,2,BULLISH,BULLISH,true,2026-07-03T01:19:59.999Z,false,f9e31b4236b19ea27d9694ee8aab1c802acfafad9ee3e5ca700cc7455409559e,HISTORICAL_TURNING_POINT_SIGNIFICANCE_V1,VALID,MEDIUM,VALID_LOCAL_TURN_WITH_CLEAR_REVERSAL,false,TURNING_SIGNIFICANCE_CONFIDENCE_NOT_HIGH,,e1962266a20c67182dc11859d0b68f1b166dd3beddb591727f4a92ce5cf917e0,3e86529e799c0b9e989a44b501c7a36489ed464b62de662889b037ecdd9e4961
DYNDW:SAME_PROCESS_WICK_V1:BTCUSDT:5m:HIGH:1783123800000:1783125599999,DYNDPROC:BTCUSDT:5m:HIGH:1783123500000:1783125599999,BTCUSDT,HIGH,62925.7,62914.6,2026-07-04T00:10:00.000Z,2026-07-04T00:39:59.999Z,1783125599999,307,85.267812,0.001355,0.003622,0.003622,0,,0,1,2.893237,3.03397,0.811246,0.41332,7,0,1,true,CONTROLLING_SWING,45,40,1,0,0,1,BULLISH,BULLISH,true,2026-07-03T00:09:59.999Z,true,3b79f3af56e6e05aa0e0d67afe8392c68d0d95e1c7084d818af318c1cd4d7879,HISTORICAL_TURNING_POINT_SIGNIFICANCE_V1,WEAK,MEDIUM,LOCAL_REVERSAL_WITH_LIMITED_SIGNIFICANCE,false,TURNING_SIGNIFICANCE_WEAK,,e1962266a20c67182dc11859d0b68f1b166dd3beddb591727f4a92ce5cf917e0,232f0067c2902d0b8768d4f1a6a4f04257151a421804cf42b6ef20795403f9f5
DYNDW:SAME_PROCESS_WICK_V1:BTCUSDT:5m:LOW:1783128300000:1783136099999,DYNDPROC:BTCUSDT:5m:LOW:1783129500000:1783136099999,BTCUSDT,LOW,62381.6,62399.8,2026-07-04T01:25:00.000Z,2026-07-04T03:34:59.999Z,1783136099999,342,82.399481,0.001321,0.003601,0.003601,3.253661,0.429716,0.216911,15,2.887154,3.468468,0.391734,0.131234,22,1,3,true,INTERNAL,48,42,4,4,4,4,BEARISH,BEARISH,true,2026-07-03T01:19:59.999Z,false,095b288cc62e21e25699e622ecbb29fd0f75c7594fbe0857c1f5a74cf623ca74,HISTORICAL_TURNING_POINT_SIGNIFICANCE_V1,VALID,MEDIUM,VALID_LOCAL_TURN_WITH_CLEAR_REVERSAL,false,TURNING_SIGNIFICANCE_CONFIDENCE_NOT_HIGH,,e1962266a20c67182dc11859d0b68f1b166dd3beddb591727f4a92ce5cf917e0,85dc870ea11381d65088f95aaeec57a804fae4cccdd8ac1529ddd463b757286f
DYNDW:SAME_PROCESS_WICK_V1:BTCUSDT:5m:HIGH:1783139400000:1783142699999,DYNDPROC:BTCUSDT:5m:HIGH:1783136100000:1783142699999,BTCUSDT,HIGH,62735.2,62685.9,2026-07-04T04:30:00.000Z,2026-07-04T05:24:59.999Z,1783142699999,364,68.593905,0.001094,0.003514,0.003514,0.702686,1,0.351343,2,3.43325,4.151972,0.382367,0.156057,22,1,3,true,LOCAL_SWING,54,49,2,0,0,2,BEARISH,BEARISH,true,2026-07-03T00:09:59.999Z,false,63c6b162c655a3fbdf0c3e95ef580c871001c14abdb386a9910dc277f927033f,HISTORICAL_TURNING_POINT_SIGNIFICANCE_V1,WEAK,MEDIUM,LOCAL_REVERSAL_WITH_LIMITED_SIGNIFICANCE,false,TURNING_SIGNIFICANCE_WEAK,,e1962266a20c67182dc11859d0b68f1b166dd3beddb591727f4a92ce5cf917e0,6da30a9dfb2b3b20cb3bd4fef29316189fe0f074ba3301fb176864fdac97f15e
DYNDW:SAME_PROCESS_WICK_V1:BTCUSDT:5m:LOW:1783146300000:1783149899999,DYNDPROC:BTCUSDT:5m:LOW:1783146000000:1783149899999,BTCUSDT,LOW,62302.6,62327,2026-07-04T06:25:00.000Z,2026-07-04T07:24:59.999Z,1783149899999,388,61.629585,0.000989,0.003444,0.003444,2.002285,0.303791,0.154022,13,4.171698,5.030052,0.713572,0.3209,13,0,2,true,CONTROLLING_SWING,58,51,2,2,2,2,BEARISH,UNKNOWN,true,2026-07-03T01:19:59.999Z,true,2d90c3f2ec9c9fd443ab64e4ef6eb7559137b080e439b7fc3e084d09bfb4a63d,HISTORICAL_TURNING_POINT_SIGNIFICANCE_V1,VALID,MEDIUM,STRONG_REVERSAL_WITH_STRUCTURAL_CHANGE,false,TURNING_SIGNIFICANCE_CONFIDENCE_NOT_HIGH,,e1962266a20c67182dc11859d0b68f1b166dd3beddb591727f4a92ce5cf917e0,68f2a5e9104acfa6052f52960d17e62c380b0f4ea82a8130b8533f0ebb0bac84
DYNDW:SAME_PROCESS_WICK_V1:BTCUSDT:5m:HIGH:1783187400000:1783190099999,DYNDPROC:BTCUSDT:5m:HIGH:1783187400000:1783190099999,BTCUSDT,HIGH,63420,63333.2,2026-07-04T17:50:00.000Z,2026-07-04T18:34:59.999Z,1783190099999,522,97.726004,0.001543,0.002741,0.003,7.665309,0.210806,0.060357,127,2.492684,3.381904,0.481994,0.276965,9,1,2,true,LOCAL_SWING,81,73,2,0,0,2,BEARISH,BEARISH,true,2026-07-03T00:09:59.999Z,false,4f2eb38c56dcd8e1a0092d72490c9d8557666c6b879a99a12d271ef8e4ccd505,HISTORICAL_TURNING_POINT_SIGNIFICANCE_V1,WEAK,MEDIUM,LOCAL_REVERSAL_WITH_LIMITED_SIGNIFICANCE,false,TURNING_SIGNIFICANCE_WEAK,,e1962266a20c67182dc11859d0b68f1b166dd3beddb591727f4a92ce5cf917e0,12ad711b69c1664f4033f718615b835ae736631e70169880e2df7cd1ee9dbb57
DYNDW:SAME_PROCESS_WICK_V1:BTCUSDT:5m:LOW:1783191000000:1783193099999,DYNDPROC:BTCUSDT:5m:LOW:1783190700000:1783193099999,BTCUSDT,LOW,63070,63076.5,2026-07-04T18:50:00.000Z,2026-07-04T19:24:59.999Z,1783193099999,532,89.370562,0.001417,0.002815,0.003,0.146581,1,0.036645,4,2.34641,2.572435,0.642266,0.293301,8,0,2,true,LOCAL_SWING,83,73,1,2,1,2,BEARISH,BEARISH,true,2026-07-03T01:19:59.999Z,false,4e6bd2fdf31ea9c0e64959647fdfe27df097ecf4fb5235dc764f89010688b363,HISTORICAL_TURNING_POINT_SIGNIFICANCE_V1,VALID,MEDIUM,VALID_LOCAL_TURN_WITH_CLEAR_REVERSAL,false,TURNING_SIGNIFICANCE_CONFIDENCE_NOT_HIGH,,e1962266a20c67182dc11859d0b68f1b166dd3beddb591727f4a92ce5cf917e0,8fada0bb88c020158ead81478b4773f59a1be08b13f8223624d07d3da3135d31
DYNDW:SAME_PROCESS_WICK_V1:BTCUSDT:5m:HIGH:1783193400000:1783196699999,DYNDPROC:BTCUSDT:5m:HIGH:1783193400000:1783196699999,BTCUSDT,HIGH,63450,63400,2026-07-04T19:30:00.000Z,2026-07-04T20:24:59.999Z,1783196699999,544,88.89044,0.001402,0.002843,0.003,1.280228,1,0.426743,3,2.531206,3.617937,0.390083,0.23011,11,1,2,true,LOCAL_SWING,84,75,2,2,2,2,BEARISH,BEARISH,true,2026-07-03T00:09:59.999Z,false,baa40c9da79d6277d978a69225e49a5f48ba5b9339b7f4cf8ebcb38d143bf806,HISTORICAL_TURNING_POINT_SIGNIFICANCE_V1,WEAK,MEDIUM,LOCAL_REVERSAL_WITH_LIMITED_SIGNIFICANCE,false,TURNING_SIGNIFICANCE_WEAK,,e1962266a20c67182dc11859d0b68f1b166dd3beddb591727f4a92ce5cf917e0,30f14a62245372dbb8c1d4e2e0cdbb99cdb01c884dd7d58f507ad81c455fc067
DYNDW:SAME_PROCESS_WICK_V1:BTCUSDT:5m:LOW:1783196400000:1783199999999,DYNDPROC:BTCUSDT:5m:LOW:1783196700000:1783199999999,BTCUSDT,LOW,63128.4,63144.1,2026-07-04T20:20:00.000Z,2026-07-04T21:19:59.999Z,1783199999999,555,82.839161,0.001312,0.002783,0.003,0.373012,1,0.186506,2,2.562798,2.799401,0.478045,0.232982,11,1,2,true,LOCAL_SWING,86,77,1,2,1,2,BEARISH,BEARISH,true,2026-07-03T01:19:59.999Z,false,0af027475d56c5322fe9c84192270323d4e95275aba78527ac860c2efe978542,HISTORICAL_TURNING_POINT_SIGNIFICANCE_V1,VALID,MEDIUM,VALID_LOCAL_TURN_WITH_CLEAR_REVERSAL,false,TURNING_SIGNIFICANCE_CONFIDENCE_NOT_HIGH,,e1962266a20c67182dc11859d0b68f1b166dd3beddb591727f4a92ce5cf917e0,d1ceffcd00977e5e987277461bd1e538dc7e213b1c5eca27210c465069dd043a
DYNDW:SAME_PROCESS_WICK_V1:BTCUSDT:5m:HIGH:1783200600000:1783203899999,DYNDPROC:BTCUSDT:5m:HIGH:1783200000000:1783203899999,BTCUSDT,HIGH,63430,63411.9,2026-07-04T21:30:00.000Z,2026-07-04T22:24:59.999Z,1783203899999,568,76.851694,0.001212,0.002793,0.003,0.72217,1,0.361085,2,2.927717,3.240007,0.556105,0.225209,13,0,2,true,LOCAL_SWING,87,79,2,1,1,2,BEARISH,BEARISH,true,2026-07-03T00:09:59.999Z,false,8416e045ae4404e532275aeefb239f00cc459471d08d0dd748bdb274598b76cb,HISTORICAL_TURNING_POINT_SIGNIFICANCE_V1,VALID,MEDIUM,VALID_LOCAL_TURN_WITH_CLEAR_REVERSAL,false,TURNING_SIGNIFICANCE_CONFIDENCE_NOT_HIGH,,e1962266a20c67182dc11859d0b68f1b166dd3beddb591727f4a92ce5cf917e0,e87c90f5ed00096afb2192c399bd07c770c30d1c072920858c7d891531a42896
DYNDW:SAME_PROCESS_WICK_V1:BTCUSDT:5m:LOW:1783206900000:1783208699999,DYNDPROC:BTCUSDT:5m:LOW:1783206600000:1783208699999,BTCUSDT,LOW,62902.7,62966.4,2026-07-04T23:15:00.000Z,2026-07-04T23:44:59.999Z,1783208699999,584,70.94757,0.001127,0.002818,0.003,3.107929,0.823068,0.282539,11,3.010674,4.174914,0.801802,0.430096,7,0,1,true,LOCAL_SWING,93,82,0,1,0,1,BEARISH,BEARISH,true,2026-07-03T01:19:59.999Z,false,366509ffd2fc98294d3e5a2a92e060e0d57231366fa66967849161d63975e572,HISTORICAL_TURNING_POINT_SIGNIFICANCE_V1,VALID,MEDIUM,VALID_LOCAL_TURN_WITH_CLEAR_REVERSAL,false,TURNING_SIGNIFICANCE_CONFIDENCE_NOT_HIGH,,e1962266a20c67182dc11859d0b68f1b166dd3beddb591727f4a92ce5cf917e0,e5ff2a5a9687623370d8196270c5248168d9beeded779e756331a2674ab3846c
DYNDW:SAME_PROCESS_WICK_V1:BTCUSDT:5m:HIGH:1783208700000:1783211099999,DYNDPROC:BTCUSDT:5m:HIGH:1783208700000:1783211099999,BTCUSDT,HIGH,63209.8,63185.3,2026-07-04T23:45:00.000Z,2026-07-05T00:24:59.999Z,1783211099999,592,70.130687,0.00111,0.002808,0.003,0.075573,1,0.037787,2,2.716357,3.752993,0.840318,0.339545,8,0,1,true,LOCAL_SWING,93,83,1,0,0,1,BEARISH,BEARISH,true,2026-07-03T00:09:59.999Z,false,5e65a484a557a70a3c05cadd7d890909fb78953084f039590796ff843395dc24,HISTORICAL_TURNING_POINT_SIGNIFICANCE_V1,WEAK,MEDIUM,LOCAL_REVERSAL_WITH_LIMITED_SIGNIFICANCE,false,TURNING_SIGNIFICANCE_WEAK,,e1962266a20c67182dc11859d0b68f1b166dd3beddb591727f4a92ce5cf917e0,b8b3e883a09cc30acd665754ad01717e568d47d7da8ff1a49ce8e42f41638392
DYNDW:SAME_PROCESS_WICK_V1:BTCUSDT:5m:LOW:1783219500000:1783225499999,DYNDPROC:BTCUSDT:5m:LOW:1783219500000:1783225499999,BTCUSDT,LOW,62549.6,62609.8,2026-07-05T02:45:00.000Z,2026-07-05T04:24:59.999Z,1783225499999,640,83.61295,0.001335,0.002563,0.003,4.60455,0.345726,0.153485,30,2.755554,3.592745,0.437524,0.137778,20,1,3,true,CONTROLLING_SWING,99,88,3,3,3,3,BEARISH,BEARISH,true,2026-07-03T01:19:59.999Z,false,62c78289b77f4b2c0e516a111c76846c135940ebae0cea0afbff38c9d8909fd6,HISTORICAL_TURNING_POINT_SIGNIFICANCE_V1,VALID,MEDIUM,VALID_LOCAL_TURN_WITH_CLEAR_REVERSAL,false,TURNING_SIGNIFICANCE_CONFIDENCE_NOT_HIGH,,e1962266a20c67182dc11859d0b68f1b166dd3beddb591727f4a92ce5cf917e0,29e887dfe9b46c407e618adc332945833fd4ddb9ca0589d4fa386de364582b23
DYNDW:SAME_PROCESS_WICK_V1:BTCUSDT:5m:HIGH:1783226400000:1783228499999,DYNDPROC:BTCUSDT:5m:HIGH:1783226400000:1783228499999,BTCUSDT,HIGH,62928,62912.9,2026-07-05T04:40:00.000Z,2026-07-05T05:14:59.999Z,1783228499999,650,58.855097,0.000936,0.002538,0.003,1.235237,0.872749,0.247047,5,3.265648,3.826347,0.96875,0.466521,7,0,1,true,LOCAL_SWING,102,91,1,0,0,1,BEARISH,BEARISH,true,2026-07-03T00:09:59.999Z,false,070ba3ef11baecaf2dc546565c160d021d5fcc38482c535440aa63da9b0c4297,HISTORICAL_TURNING_POINT_SIGNIFICANCE_V1,VALID,MEDIUM,STRONG_REVERSAL_WITH_STRUCTURAL_CHANGE,false,TURNING_SIGNIFICANCE_CONFIDENCE_NOT_HIGH,,e1962266a20c67182dc11859d0b68f1b166dd3beddb591727f4a92ce5cf917e0,5270ee5f496028a8a85a74a99c9492d637d9ed334cf7e7c5644d69ba58a2330d
DYNDW:SAME_PROCESS_WICK_V1:BTCUSDT:5m:LOW:1783230000000:1783237199999,DYNDPROC:BTCUSDT:5m:LOW:1783230000000:1783237199999,BTCUSDT,LOW,62628,62645,2026-07-05T05:40:00.000Z,2026-07-05T07:39:59.999Z,1783237199999,679,58.513145,0.000934,0.002549,0.003,1.293726,0.316604,0.184818,7,3.79231,4.399012,0.341963,0.158013,24,2,3,true,LOCAL_SWING,104,92,3,4,3,4,BEARISH,BEARISH,true,2026-07-03T01:19:59.999Z,false,bfe5e963ae23b2942a1cae9dbb77d5984d52405528f522145a2833f1e1c7b364,HISTORICAL_TURNING_POINT_SIGNIFICANCE_V1,VALID,MEDIUM,VALID_LOCAL_TURN_WITH_CLEAR_REVERSAL,false,TURNING_SIGNIFICANCE_CONFIDENCE_NOT_HIGH,,e1962266a20c67182dc11859d0b68f1b166dd3beddb591727f4a92ce5cf917e0,9c6d0173f09dbb9ff4721e1870278b5e0196be51c820f226ec203de10c660da4
DYNDW:SAME_PROCESS_WICK_V1:BTCUSDT:5m:HIGH:1783238400000:1783243499999,DYNDPROC:BTCUSDT:5m:HIGH:1783238400000:1783243499999,BTCUSDT,HIGH,63084,63000.1,2026-07-05T08:00:00.000Z,2026-07-05T09:24:59.999Z,1783243499999,700,59.442406,0.000944,0.002518,0.003,2.240825,1,0.373471,6,4.516977,6.125257,0.678887,0.265705,17,0,2,true,LOCAL_SWING,107,96,4,1,1,4,BEARISH,BEARISH,true,2026-07-03T00:09:59.999Z,false,0eb056265daafbd5ec36efcda914b3311f0bcb9cf953e5b94e2d61f6c2ca65f0,HISTORICAL_TURNING_POINT_SIGNIFICANCE_V1,VALID,MEDIUM,STRONG_REVERSAL_WITH_STRUCTURAL_CHANGE,false,TURNING_SIGNIFICANCE_CONFIDENCE_NOT_HIGH,,e1962266a20c67182dc11859d0b68f1b166dd3beddb591727f4a92ce5cf917e0,204db4d43b46cf94d71f864abbdfbdc8a6efa2bc8aa5164709ac413914d8e2d7
DYNDW:SAME_PROCESS_WICK_V1:BTCUSDT:5m:LOW:1783244400000:1783248599999,DYNDPROC:BTCUSDT:5m:LOW:1783244400000:1783248599999,BTCUSDT,LOW,62410.1,62509.9,2026-07-05T09:40:00.000Z,2026-07-05T10:49:59.999Z,1783248599999,717,76.695797,0.001227,0.002573,0.003,2.890641,1,0.578128,5,2.739394,4.130604,0.676651,0.195671,14,0,2,true,INTERNAL,111,97,1,4,1,4,BEARISH,BEARISH,true,2026-07-03T01:19:59.999Z,false,77cff7dae6d01260b80da29050e32aee866c155aaefce47aacefb6831c6b0cb5,HISTORICAL_TURNING_POINT_SIGNIFICANCE_V1,VALID,MEDIUM,VALID_LOCAL_TURN_WITH_CLEAR_REVERSAL,false,TURNING_SIGNIFICANCE_CONFIDENCE_NOT_HIGH,,e1962266a20c67182dc11859d0b68f1b166dd3beddb591727f4a92ce5cf917e0,2a0f2e9d3710be4e52dd02222b7475862f7235af0c7e5d8acb153f979a630b63
DYNDW:SAME_PROCESS_WICK_V1:BTCUSDT:5m:HIGH:1783263600000:1783266299999,DYNDPROC:BTCUSDT:5m:HIGH:1783263600000:1783266299999,BTCUSDT,HIGH,62923.7,62886,2026-07-05T15:00:00.000Z,2026-07-05T15:44:59.999Z,1783266299999,776,65.876234,0.001048,0.002673,0.003,2.519877,0.103414,0.048459,52,3.27584,3.969565,0.651964,0.363982,9,0,2,true,INTERNAL,119,108,1,1,1,1,BEARISH,BEARISH,true,2026-07-03T00:09:59.999Z,false,d6560f1ffe1b08e545c5de4bc40c10b318ba31b174af18a625a7f5b0534315c8,HISTORICAL_TURNING_POINT_SIGNIFICANCE_V1,VALID,MEDIUM,STRONG_REVERSAL_WITH_STRUCTURAL_CHANGE,false,TURNING_SIGNIFICANCE_CONFIDENCE_NOT_HIGH,,e1962266a20c67182dc11859d0b68f1b166dd3beddb591727f4a92ce5cf917e0,ba9970e3538f786241f6627bb8e27712df339ec1b0f43276a686df0e2f1dc554
DYNDW:SAME_PROCESS_WICK_V1:BTCUSDT:5m:LOW:1783274100000:1783277699999,DYNDPROC:BTCUSDT:5m:LOW:1783273200000:1783277699999,BTCUSDT,LOW,62564.4,62579.6,2026-07-05T17:55:00.000Z,2026-07-05T18:54:59.999Z,1783277699999,814,63.398647,0.001013,0.002625,0.003,1.429053,0.130963,0.057162,25,3.602601,4.741426,0.713304,0.240173,15,0,1,true,LOCAL_SWING,124,113,0,1,0,1,BEARISH,BEARISH,true,2026-07-03T01:19:59.999Z,false,8f9fb8b7c3c64c890b2ecb110933ab5d1c494697eef73d771297b0064de1f497,HISTORICAL_TURNING_POINT_SIGNIFICANCE_V1,VALID,MEDIUM,VALID_LOCAL_TURN_WITH_CLEAR_REVERSAL,false,TURNING_SIGNIFICANCE_CONFIDENCE_NOT_HIGH,,e1962266a20c67182dc11859d0b68f1b166dd3beddb591727f4a92ce5cf917e0,b4d7c0fa42208af68a709d2fe23ca1d4badd78a35551f186c6378e8b5974f3f4
DYNDW:SAME_PROCESS_WICK_V1:BTCUSDT:5m:HIGH:1783277400000:1783285799999,DYNDPROC:BTCUSDT:5m:HIGH:1783278600000:1783285799999,BTCUSDT,HIGH,62865,62812.8,2026-07-05T18:50:00.000Z,2026-07-05T21:09:59.999Z,1783285799999,841,57.681187,0.000918,0.002509,0.003,0.083216,0.083916,0.016643,5,3.399722,4.940952,0.426397,0.141655,24,1,3,true,INTERNAL,124,114,5,3,3,5,BEARISH,BEARISH,true,2026-07-03T00:09:59.999Z,false,d1fe9d99554e471511a3b5ed7b67af4a3c5f28642d58f5d83fc2ad1023d9d9e5,HISTORICAL_TURNING_POINT_SIGNIFICANCE_V1,WEAK,MEDIUM,LOCAL_REVERSAL_WITH_LIMITED_SIGNIFICANCE,false,TURNING_SIGNIFICANCE_WEAK,,e1962266a20c67182dc11859d0b68f1b166dd3beddb591727f4a92ce5cf917e0,62d0ab5a73d9a459dc6695fb12170cce565fa21243b9e1c54fe6020f853abfe6
DYNDW:SAME_PROCESS_WICK_V1:BTCUSDT:5m:LOW:1783285500000:1783286399999,DYNDPROC:BTCUSDT:5m:LOW:1783285500000:1783286399999,BTCUSDT,LOW,62580,62616.7,2026-07-05T21:05:00.000Z,2026-07-05T21:19:59.999Z,1783286399999,843,44.987777,0.000718,0.002379,0.003,0,,0,1,5.792685,6.608462,1,1.930895,3,0,1,true,LOCAL_SWING,129,117,0,1,0,1,BEARISH,BEARISH,true,2026-07-03T01:19:59.999Z,false,d874341e54a143b851210d07c0f5e5684092683f436bbf4af2c32a4104d1a7f7,HISTORICAL_TURNING_POINT_SIGNIFICANCE_V1,VALID,MEDIUM,VALID_LOCAL_TURN_WITH_CLEAR_REVERSAL,false,TURNING_SIGNIFICANCE_CONFIDENCE_NOT_HIGH,,e1962266a20c67182dc11859d0b68f1b166dd3beddb591727f4a92ce5cf917e0,9f450c960eff29b14b8f0f315f94d6c58a27fe0ffc6672f00bebf5a0942f525a
DYNDW:SAME_PROCESS_WICK_V1:BTCUSDT:5m:HIGH:1783293300000:1783293899999,DYNDPROC:BTCUSDT:5m:HIGH:1783293000000:1783293899999,BTCUSDT,HIGH,63990.7,63953.3,2026-07-05T23:15:00.000Z,2026-07-05T23:24:59.999Z,1783293899999,868,143.494471,0.002244,0.0027,0.003,7.498547,0.623334,0.312439,24,1.95687,2.217507,1,0.65229,3,0,1,false,,132,119,0,0,0,0,BULLISH,BULLISH,true,2026-07-03T00:09:59.999Z,false,57b887819868217e63e254f74c66f3ee12ba2a13ddbceffe202d5f913de2a2ef,HISTORICAL_TURNING_POINT_SIGNIFICANCE_V1,VALID,MEDIUM,VALID_LOCAL_TURN_WITH_CLEAR_REVERSAL,false,TURNING_SIGNIFICANCE_CONFIDENCE_NOT_HIGH,,e1962266a20c67182dc11859d0b68f1b166dd3beddb591727f4a92ce5cf917e0,026be8496d09877fbd582876d1070293f12edea05ce86846cbbbd74244422c69
DYNDW:SAME_PROCESS_WICK_V1:BTCUSDT:5m:LOW:1783297800000:1783298699999,DYNDPROC:BTCUSDT:5m:LOW:1783297500000:1783298699999,BTCUSDT,LOW,63308.3,63382.8,2026-07-06T00:30:00.000Z,2026-07-06T00:44:59.999Z,1783298699999,884,133.833205,0.002112,0.00285,0.003,2.164635,0.426971,0.154617,14,1.453302,2.385806,1,0.363325,4,0,1,true,INTERNAL,136,119,0,1,0,1,BULLISH,BULLISH,true,2026-07-03T01:19:59.999Z,false,bf64602441ae4c314d943dd1c6e44824000f09d2c1d165c4e43f12103cce9970,HISTORICAL_TURNING_POINT_SIGNIFICANCE_V1,VALID,MEDIUM,VALID_LOCAL_TURN_WITH_CLEAR_REVERSAL,false,TURNING_SIGNIFICANCE_CONFIDENCE_NOT_HIGH,,e1962266a20c67182dc11859d0b68f1b166dd3beddb591727f4a92ce5cf917e0,1da34a8f7fda06bcfb5dce4cfb52f27a9714c27f9a57d6283d4a0055270f889f
DYNDW:SAME_PROCESS_WICK_V1:BTCUSDT:5m:HIGH:1783301400000:1783302299999,DYNDPROC:BTCUSDT:5m:HIGH:1783301400000:1783302299999,BTCUSDT,HIGH,63900,63883,2026-07-06T01:30:00.000Z,2026-07-06T01:44:59.999Z,1783302299999,896,139.205512,0.002179,0.00293,0.003,2.196034,0.390971,0.199639,11,1.385721,1.702519,1,0.461907,3,0,1,true,CONTROLLING_SWING,138,121,1,0,0,1,BULLISH,BULLISH,true,2026-07-03T00:09:59.999Z,false,052346d0d824695aa33adcc7c472919afa732590ac5444bd060257f382c5310e,HISTORICAL_TURNING_POINT_SIGNIFICANCE_V1,VALID,MEDIUM,EFFICIENT_REVERSAL_FROM_EXTREME,false,TURNING_SIGNIFICANCE_CONFIDENCE_NOT_HIGH,,e1962266a20c67182dc11859d0b68f1b166dd3beddb591727f4a92ce5cf917e0,080673ff56e4f841d3216afa43b7eccd5537fe02446f2f57e85d2543756b2ee6
DYNDW:SAME_PROCESS_WICK_V1:BTCUSDT:5m:LOW:1783321200000:1783323899999,DYNDPROC:BTCUSDT:5m:LOW:1783321200000:1783323899999,BTCUSDT,LOW,62858.4,62876.1,2026-07-06T07:00:00.000Z,2026-07-06T07:44:59.999Z,1783323899999,968,76.106401,0.00121,0.003215,0.003215,10.695552,0.276852,0.164547,65,2.67783,3.107492,0.725783,0.297537,9,0,2,true,INTERNAL,149,129,1,2,1,2,BULLISH,BULLISH,true,2026-07-03T01:19:59.999Z,false,23eb964cd7085528533e37c372e54f93f3ada557d58dd2ccec7fce444bf6052a,HISTORICAL_TURNING_POINT_SIGNIFICANCE_V1,VALID,MEDIUM,VALID_LOCAL_TURN_WITH_CLEAR_REVERSAL,false,TURNING_SIGNIFICANCE_CONFIDENCE_NOT_HIGH,,e1962266a20c67182dc11859d0b68f1b166dd3beddb591727f4a92ce5cf917e0,c136da52f3e61be910eaa7e2d65f093e4aa6f6ca00fa0a24f1eb77bf15630099
DYNDW:SAME_PROCESS_WICK_V1:BTCUSDT:5m:HIGH:1783325100000:1783326899999,DYNDPROC:BTCUSDT:5m:HIGH:1783324800000:1783326899999,BTCUSDT,HIGH,63226.4,63143.5,2026-07-06T08:05:00.000Z,2026-07-06T08:34:59.999Z,1783326899999,978,70.769603,0.001121,0.003216,0.003216,0.898691,0.522167,0.179738,5,3.053571,4.251825,0.85788,0.436224,7,1,1,true,LOCAL_SWING,151,131,1,1,1,1,BULLISH,BULLISH,true,2026-07-03T00:09:59.999Z,false,27d66ed3305aa9711ea866488c17db5f792caed9d43352a30cf0ae1f3106470a,HISTORICAL_TURNING_POINT_SIGNIFICANCE_V1,VALID,MEDIUM,STRONG_REVERSAL_WITH_STRUCTURAL_CHANGE,false,TURNING_SIGNIFICANCE_CONFIDENCE_NOT_HIGH,,e1962266a20c67182dc11859d0b68f1b166dd3beddb591727f4a92ce5cf917e0,6f1470b71954264fec9ad7b64735bbce241aaf6390fe67ca3023470498579f2e
DYNDW:SAME_PROCESS_WICK_V1:BTCUSDT:5m:LOW:1783330500000:1783333199999,DYNDPROC:BTCUSDT:5m:LOW:1783330500000:1783333199999,BTCUSDT,LOW,62610,62614.4,2026-07-06T09:35:00.000Z,2026-07-06T10:19:59.999Z,1783333199999,999,69.682956,0.001113,0.003224,0.003224,4.491773,0.701794,0.320841,14,3.101189,3.42982,0.676369,0.344577,9,0,1,true,INTERNAL,152,133,0,1,0,1,BULLISH,BULLISH,true,2026-07-03T01:19:59.999Z,false,4264df43e5c8e8cec3803afbaefeb11f3c912b4b0b8ed9efa1dac108cdcf84d3,HISTORICAL_TURNING_POINT_SIGNIFICANCE_V1,VALID,MEDIUM,VALID_LOCAL_TURN_WITH_CLEAR_REVERSAL,false,TURNING_SIGNIFICANCE_CONFIDENCE_NOT_HIGH,,e1962266a20c67182dc11859d0b68f1b166dd3beddb591727f4a92ce5cf917e0,4759d8615375cf05b18b98a1c77d766f306b92cfeb20e47a77f4e01a38af0a32
DYNDW:SAME_PROCESS_WICK_V1:BTCUSDT:5m:HIGH:1783334100000:1783336199999,DYNDPROC:BTCUSDT:5m:HIGH:1783334100000:1783336199999,BTCUSDT,HIGH,63019.3,63002.7,2026-07-06T10:35:00.000Z,2026-07-06T11:09:59.999Z,1783336199999,1009,69.255262,0.001099,0.003262,0.003262,2.486454,1,0.497291,5,3.165102,3.440894,0.675293,0.452157,7,0,1,true,LOCAL_SWING,152,134,1,1,1,1,BULLISH,BULLISH,true,2026-07-03T00:09:59.999Z,false,634d36db95674e5ff45372c54e0226b374811b0a8860dfcf7c3e40af92174c60,HISTORICAL_TURNING_POINT_SIGNIFICANCE_V1,VALID,MEDIUM,STRONG_REVERSAL_WITH_STRUCTURAL_CHANGE,false,TURNING_SIGNIFICANCE_CONFIDENCE_NOT_HIGH,,e1962266a20c67182dc11859d0b68f1b166dd3beddb591727f4a92ce5cf917e0,d7d4047a9d22e04a140fdbc289d5a5fd0e71e3655f230e450aab1e49b74e750a
DYNDW:SAME_PROCESS_WICK_V1:BTCUSDT:5m:LOW:1783339500000:1783341299999,DYNDPROC:BTCUSDT:5m:LOW:1783339200000:1783341299999,BTCUSDT,LOW,61839.2,61894.3,2026-07-06T12:05:00.000Z,2026-07-06T12:34:59.999Z,1783341299999,1026,132.948106,0.002148,0.004059,0.004059,6.688324,0.653535,0.55736,12,1.908263,2.57845,0.648352,0.272609,7,1,1,true,CONTROLLING_SWING,156,137,1,1,1,1,BEARISH,BEARISH,true,2026-07-03T01:19:59.999Z,false,9466be6b43a96ea37caf137fc1f9a369b48867c347917483fed5cba1a97e9242,HISTORICAL_TURNING_POINT_SIGNIFICANCE_V1,VALID,MEDIUM,VALID_LOCAL_TURN_WITH_CLEAR_REVERSAL,false,TURNING_SIGNIFICANCE_CONFIDENCE_NOT_HIGH,,e1962266a20c67182dc11859d0b68f1b166dd3beddb591727f4a92ce5cf917e0,0feefdd1b974ff4c6c95b3a8980c3bf63925f9a0922d52484275a639cebdd317
DYNDW:SAME_PROCESS_WICK_V1:BTCUSDT:5m:HIGH:1783341000000:1783341899999,DYNDPROC:BTCUSDT:5m:HIGH:1783341000000:1783341899999,BTCUSDT,HIGH,62182,62148,2026-07-06T12:30:00.000Z,2026-07-06T12:44:59.999Z,1783341899999,1028,152.707321,0.002457,0.004078,0.004078,0,,0,1,2.359415,2.875435,1,0.786472,3,0,1,true,ACTIVE_PROTECTED,157,138,1,0,0,1,BEARISH,BEARISH,true,2026-07-03T00:09:59.999Z,false,4e8030f2e7af3d851bea08e937649bef74e21fd8fb82cd1cce42ad59baffdacb,HISTORICAL_TURNING_POINT_SIGNIFICANCE_V1,WEAK,MEDIUM,LOCAL_REVERSAL_WITH_LIMITED_SIGNIFICANCE,false,TURNING_SIGNIFICANCE_WEAK,,e1962266a20c67182dc11859d0b68f1b166dd3beddb591727f4a92ce5cf917e0,147ea19d9b66bd32a872ae39e4cc66d63b0680de840a02baf4eeac29d8fc0f86
DYNDW:SAME_PROCESS_WICK_V1:BTCUSDT:5m:LOW:1783344900000:1783345799999,DYNDPROC:BTCUSDT:5m:LOW:1783344300000:1783345799999,BTCUSDT,LOW,61297,61434.7,2026-07-06T13:35:00.000Z,2026-07-06T13:49:59.999Z,1783345799999,1041,166.934892,0.002717,0.004295,0.004295,2.114597,0.365273,0.21146,10,2.654927,3.4798,0.725368,0.530985,5,0,1,true,CONTROLLING_SWING,160,139,0,1,0,1,BEARISH,UNKNOWN,true,2026-07-03T01:19:59.999Z,false,17f08b005e6278fde7a57b77d4150560764c669759acd9418c69dd4fbd6f3bbf,HISTORICAL_TURNING_POINT_SIGNIFICANCE_V1,VALID,MEDIUM,EFFICIENT_REVERSAL_FROM_EXTREME,false,TURNING_SIGNIFICANCE_CONFIDENCE_NOT_HIGH,,e1962266a20c67182dc11859d0b68f1b166dd3beddb591727f4a92ce5cf917e0,f511533d8e540f917adda575264f81a0d1aed2468e9eee7005c82978e8d3c429
DYNDW:SAME_PROCESS_WICK_V1:BTCUSDT:5m:HIGH:1783372200000:1783380299999,DYNDPROC:BTCUSDT:5m:HIGH:1783374900000:1783380299999,BTCUSDT,HIGH,64691.9,64475.9,2026-07-06T21:10:00.000Z,2026-07-06T23:24:59.999Z,1783380299999,1156,141.181915,0.00219,0.005854,0.005854,18.40179,0.333325,0.185877,99,2.780809,4.31075,0.45715,0.154489,18,0,3,true,LOCAL_SWING,173,151,4,4,4,4,BEARISH,BEARISH,true,2026-07-03T00:09:59.999Z,false,7693d82305555c420f912c0c8c2693275baba812bd873b162ec5b61f5bf963ef,HISTORICAL_TURNING_POINT_SIGNIFICANCE_V1,VALID,MEDIUM,VALID_LOCAL_TURN_WITH_CLEAR_REVERSAL,false,TURNING_SIGNIFICANCE_CONFIDENCE_NOT_HIGH,,e1962266a20c67182dc11859d0b68f1b166dd3beddb591727f4a92ce5cf917e0,eafd586c3da53d8fdf9a27cc03b21f0eeb0670dca64796f3e954833ee3626ea9
DYNDW:SAME_PROCESS_WICK_V1:BTCUSDT:5m:LOW:1783401000000:1783403699999,DYNDPROC:BTCUSDT:5m:LOW:1783401000000:1783403699999,BTCUSDT,LOW,62745.6,62790.3,2026-07-07T05:10:00.000Z,2026-07-07T05:54:59.999Z,1783403699999,1234,94.046968,0.001498,0.00574,0.00574,13.74845,0.344543,0.19364,71,4.626412,5.138922,0.8113,0.514046,9,0,2,true,CONTROLLING_SWING,188,165,0,1,0,1,BEARISH,BEARISH,true,2026-07-03T01:19:59.999Z,false,b7497a8a3d3595b016f406ed5de4b44bb239f09d9bc6623fb397e09fa76fb915,HISTORICAL_TURNING_POINT_SIGNIFICANCE_V1,VALID,MEDIUM,EFFICIENT_REVERSAL_FROM_EXTREME,false,TURNING_SIGNIFICANCE_CONFIDENCE_NOT_HIGH,,e1962266a20c67182dc11859d0b68f1b166dd3beddb591727f4a92ce5cf917e0,25ce787708317879f729d517d94912548b9d71f8a93a3108db50a28a12ae13bb
DYNDW:SAME_PROCESS_WICK_V1:BTCUSDT:5m:HIGH:1783426200000:1783428599999,DYNDPROC:BTCUSDT:5m:HIGH:1783426200000:1783428599999,BTCUSDT,HIGH,63868,63795,2026-07-07T12:10:00.000Z,2026-07-07T12:49:59.999Z,1783428599999,1317,112.799143,0.001768,0.005372,0.005372,5.049684,0.152831,0.06558,77,3.057647,3.705702,0.600348,0.382206,8,0,2,true,CONTROLLING_SWING,197,177,1,0,0,1,BULLISH,BULLISH,true,2026-07-03T00:09:59.999Z,false,9f803dd5409574baaff4c075198c9fef036aee776e712488ec4e78fc32d876cd,HISTORICAL_TURNING_POINT_SIGNIFICANCE_V1,VALID,MEDIUM,STRONG_REVERSAL_WITH_STRUCTURAL_CHANGE,false,TURNING_SIGNIFICANCE_CONFIDENCE_NOT_HIGH,,e1962266a20c67182dc11859d0b68f1b166dd3beddb591727f4a92ce5cf917e0,58ec22b6d01652a728d6aaafcb6d8a23685f906599e4fb2c1e13bbe0d67b5e41
DYNDW:SAME_PROCESS_WICK_V1:BTCUSDT:5m:LOW:1783434900000:1783435799999,DYNDPROC:BTCUSDT:5m:LOW:1783434900000:1783435799999,BTCUSDT,LOW,62638,62869,2026-07-07T14:35:00.000Z,2026-07-07T14:49:59.999Z,1783435799999,1341,202.882682,0.003227,0.005316,0.005316,2.864217,0.300388,0.124531,23,1.70049,3.136295,1,0.56683,3,0,1,true,CONTROLLING_SWING,201,180,0,1,0,1,BEARISH,BEARISH,true,2026-07-03T01:19:59.999Z,false,ad4d9c8d659780a84e96bcf73e3a7299586f4b1732065017dbc0e049a881b97f,HISTORICAL_TURNING_POINT_SIGNIFICANCE_V1,VALID,MEDIUM,VALID_LOCAL_TURN_WITH_CLEAR_REVERSAL,false,TURNING_SIGNIFICANCE_CONFIDENCE_NOT_HIGH,,e1962266a20c67182dc11859d0b68f1b166dd3beddb591727f4a92ce5cf917e0,0b28a680c2b80549b047d94a7e44ca9d7e87e5015713cbd2e9bbd3b0a82bd38c
DYNDW:SAME_PROCESS_WICK_V1:BTCUSDT:5m:HIGH:1783443000000:1783450199999,DYNDPROC:BTCUSDT:5m:HIGH:1783446000000:1783450199999,BTCUSDT,HIGH,64234.1,64210.2,2026-07-07T16:50:00.000Z,2026-07-07T18:49:59.999Z,1783450199999,1389,132.882393,0.002069,0.004657,0.004657,7.496855,0.478161,0.208246,36,2.341168,3.159937,0.448983,0.167226,14,1,1,true,LOCAL_SWING,205,182,4,3,3,4,BEARISH,BEARISH,true,2026-07-03T00:09:59.999Z,false,4afb949358d8debe80e180598fbbc6646b20b732e5f3e07d24270968d3369833,HISTORICAL_TURNING_POINT_SIGNIFICANCE_V1,VALID,MEDIUM,VALID_LOCAL_TURN_WITH_CLEAR_REVERSAL,false,TURNING_SIGNIFICANCE_CONFIDENCE_NOT_HIGH,,e1962266a20c67182dc11859d0b68f1b166dd3beddb591727f4a92ce5cf917e0,3bb137d2bdd0f6580295b5bed5d8bea1d1b087882d082781c0ed985bdf58f6d5
DYNDW:SAME_PROCESS_WICK_V1:BTCUSDT:5m:LOW:1783451700000:1783453799999,DYNDPROC:BTCUSDT:5m:LOW:1783451700000:1783453799999,BTCUSDT,LOW,63351.4,63498.3,2026-07-07T19:15:00.000Z,2026-07-07T19:49:59.999Z,1783453799999,1401,133.311453,0.002099,0.004686,0.004686,3.006493,0.98622,0.429499,7,2.563171,3.914142,1,0.366167,7,0,1,true,LOCAL_SWING,210,185,0,1,0,1,BEARISH,BEARISH,true,2026-07-03T01:19:59.999Z,false,7b72d1f86bc40ad5add1ed1e8497e2681cc34b1d785783a9a85a9262ac4352c0,HISTORICAL_TURNING_POINT_SIGNIFICANCE_V1,VALID,MEDIUM,EFFICIENT_REVERSAL_FROM_EXTREME,false,TURNING_SIGNIFICANCE_CONFIDENCE_NOT_HIGH,,e1962266a20c67182dc11859d0b68f1b166dd3beddb591727f4a92ce5cf917e0,8b552ac9f622238c75acc24349bb5db2be0be811ad1d4805426751503413efa2
DYNDW:SAME_PROCESS_WICK_V1:BTCUSDT:5m:HIGH:1783454400000:1783459199999,DYNDPROC:BTCUSDT:5m:HIGH:1783454400000:1783459199999,BTCUSDT,HIGH,63874.6,63851.4,2026-07-07T20:00:00.000Z,2026-07-07T21:19:59.999Z,1783459199999,1419,121.931359,0.00191,0.004698,0.004698,0.093495,0.112205,0.023374,4,2.706441,3.591365,0.355297,0.169153,16,1,2,true,LOCAL_SWING,211,186,2,3,3,2,BEARISH,BEARISH,true,2026-07-03T00:09:59.999Z,false,f8d96d31876bdfca0edf9e3df9bf408a2098f23aee4ed3f30a8e429bbe8e24b8,HISTORICAL_TURNING_POINT_SIGNIFICANCE_V1,WEAK,MEDIUM,LOCAL_REVERSAL_WITH_LIMITED_SIGNIFICANCE,false,TURNING_SIGNIFICANCE_WEAK,,e1962266a20c67182dc11859d0b68f1b166dd3beddb591727f4a92ce5cf917e0,752405fd124572b90ece0d164772a7347df6d74985f45d7c92d37ec9567ab828
DYNDW:SAME_PROCESS_WICK_V1:BTCUSDT:5m:LOW:1783461600000:1783463999999,DYNDPROC:BTCUSDT:5m:LOW:1783461600000:1783463999999,BTCUSDT,LOW,63177,63301.4,2026-07-07T22:00:00.000Z,2026-07-07T22:39:59.999Z,1783463999999,1435,124.090957,0.00196,0.004326,0.004326,1.772893,0.322865,0.177289,10,2.31282,3.694065,0.785011,0.289102,8,0,2,true,LOCAL_SWING,214,190,0,2,0,2,BEARISH,BEARISH,true,2026-07-03T01:19:59.999Z,false,38a2b877b4955f64792fc93030008bb7849cbc8c780146a1311b794e83713335,HISTORICAL_TURNING_POINT_SIGNIFICANCE_V1,VALID,MEDIUM,VALID_LOCAL_TURN_WITH_CLEAR_REVERSAL,false,TURNING_SIGNIFICANCE_CONFIDENCE_NOT_HIGH,,e1962266a20c67182dc11859d0b68f1b166dd3beddb591727f4a92ce5cf917e0,10b6db837f41ecc1cb047fcdebd3c16bc7196b2e3c13b5ad9b3e3e86a46814ef
DYNDW:SAME_PROCESS_WICK_V1:BTCUSDT:5m:HIGH:1783466100000:1783468199999,DYNDPROC:BTCUSDT:5m:HIGH:1783466100000:1783468199999,BTCUSDT,HIGH,63679.5,63679.4,2026-07-07T23:15:00.000Z,2026-07-07T23:49:59.999Z,1783468199999,1449,96.23675,0.001511,0.004337,0.004337,0.945585,0.27003,0.105065,9,2.943782,3.105882,0.937149,0.42054,7,0,1,true,LOCAL_SWING,215,193,1,0,0,1,BEARISH,BEARISH,true,2026-07-03T00:09:59.999Z,false,0ddd685d05e111a1857a733837d7748cc9d0de01bff116bb7307277396c758ca,HISTORICAL_TURNING_POINT_SIGNIFICANCE_V1,VALID,MEDIUM,STRONG_REVERSAL_WITH_STRUCTURAL_CHANGE,false,TURNING_SIGNIFICANCE_CONFIDENCE_NOT_HIGH,,e1962266a20c67182dc11859d0b68f1b166dd3beddb591727f4a92ce5cf917e0,4630213a8a532785b3708002581a5ab6bc32212b81612c6dfab52b515293f707
DYNDW:SAME_PROCESS_WICK_V1:BTCUSDT:5m:LOW:1783468800000:1783471199999,DYNDPROC:BTCUSDT:5m:LOW:1783468500000:1783471199999,BTCUSDT,LOW,63274.1,63335.4,2026-07-08T00:00:00.000Z,2026-07-08T00:39:59.999Z,1783471199999,1459,84.330327,0.001331,0.004345,0.004345,0.719789,1,0.23993,3,3.818318,4.545221,0.73516,0.424258,9,0,2,true,LOCAL_SWING,216,193,0,2,0,2,BEARISH,BEARISH,true,2026-07-03T01:19:59.999Z,false,dc714431f9880da4d34f78f833bf56603f4263d5c3000f7cb3ef2d091ee76edc,HISTORICAL_TURNING_POINT_SIGNIFICANCE_V1,VALID,MEDIUM,VALID_LOCAL_TURN_WITH_CLEAR_REVERSAL,false,TURNING_SIGNIFICANCE_CONFIDENCE_NOT_HIGH,,e1962266a20c67182dc11859d0b68f1b166dd3beddb591727f4a92ce5cf917e0,3f7497a994cb4ef086627a7b5f38ad9ed835a841de54d309f41b04512b7e227b
DYNDW:SAME_PROCESS_WICK_V1:BTCUSDT:5m:HIGH:1783471200000:1783474199999,DYNDPROC:BTCUSDT:5m:HIGH:1783471200000:1783474199999,BTCUSDT,HIGH,63740.2,63683,2026-07-08T00:40:00.000Z,2026-07-08T01:29:59.999Z,1783474199999,1469,98.648312,0.001549,0.004328,0.004328,0.259508,1,0.129754,2,2.929599,3.509437,0.450717,0.29296,10,1,2,true,LOCAL_SWING,216,196,2,1,1,2,BEARISH,BEARISH,true,2026-07-03T00:09:59.999Z,false,7eafb7cfab3a6d44b4cd8ae3281a00101225edcc3f61dc17ef1214a8b4e00872,HISTORICAL_TURNING_POINT_SIGNIFICANCE_V1,WEAK,MEDIUM,LOCAL_REVERSAL_WITH_LIMITED_SIGNIFICANCE,false,TURNING_SIGNIFICANCE_WEAK,,e1962266a20c67182dc11859d0b68f1b166dd3beddb591727f4a92ce5cf917e0,350a9c48678c4a660608043177604c5d5910a4459ad0e8a01016dcb50a36fe7d
DYNDW:SAME_PROCESS_WICK_V1:BTCUSDT:5m:LOW:1783478100000:1783478999999,DYNDPROC:BTCUSDT:5m:LOW:1783477800000:1783478999999,BTCUSDT,LOW,62466.9,62679.9,2026-07-08T02:35:00.000Z,2026-07-08T02:49:59.999Z,1783478999999,1485,140.796602,0.002246,0.004454,0.004454,5.071855,0.545656,0.362275,14,2.158433,4.049814,1,0.539608,4,0,1,true,CONTROLLING_SWING,219,199,0,1,0,1,BEARISH,UNKNOWN,true,2026-07-03T01:19:59.999Z,true,99d309fd1065bd8df54ba01b01b0c36d0f630cf84124cefc1f263cd4fe5aee58,HISTORICAL_TURNING_POINT_SIGNIFICANCE_V1,VALID,MEDIUM,VALID_LOCAL_TURN_WITH_CLEAR_REVERSAL,false,TURNING_SIGNIFICANCE_CONFIDENCE_NOT_HIGH,,e1962266a20c67182dc11859d0b68f1b166dd3beddb591727f4a92ce5cf917e0,7b62bf81f16d316f98ca4a3e10496551046f2e16991f11348ebfe30033e1f606
DYNDW:SAME_PROCESS_WICK_V1:BTCUSDT:5m:HIGH:1783480200000:1783482899999,DYNDPROC:BTCUSDT:5m:HIGH:1783480200000:1783482899999,BTCUSDT,HIGH,63067.9,63036.1,2026-07-08T03:10:00.000Z,2026-07-08T03:54:59.999Z,1783482899999,1498,134.765379,0.002138,0.00448,0.00448,0.388082,0.218189,0.06468,6,2.655727,2.98222,0.6374,0.295081,9,0,1,true,LOCAL_SWING,220,200,1,0,0,1,BEARISH,BEARISH,true,2026-07-03T00:09:59.999Z,false,4b0c0a151f54cba6cdc45f4aaff8774f55fa0f5a9a64cbd691f5543d7a9341b3,HISTORICAL_TURNING_POINT_SIGNIFICANCE_V1,VALID,MEDIUM,VALID_LOCAL_TURN_WITH_CLEAR_REVERSAL,false,TURNING_SIGNIFICANCE_CONFIDENCE_NOT_HIGH,,e1962266a20c67182dc11859d0b68f1b166dd3beddb591727f4a92ce5cf917e0,f671597780cfef61521d96868683c7427a16c1b0b7f589516c875420ea8fc679
DYNDW:SAME_PROCESS_WICK_V1:BTCUSDT:5m:LOW:1783491600000:1783495799999,DYNDPROC:BTCUSDT:5m:LOW:1783492500000:1783495799999,BTCUSDT,LOW,62434.9,62495.2,2026-07-08T06:20:00.000Z,2026-07-08T07:29:59.999Z,1783495799999,1541,96.41427,0.001543,0.004431,0.004431,1.898059,0.140704,0.055825,34,2.954957,3.855238,0.441911,0.268632,11,1,3,true,INTERNAL,225,203,3,3,3,3,BEARISH,BEARISH,true,2026-07-03T01:19:59.999Z,false,f8814fc43ed3314d409dc7ea04295e4f46a48236137672dfa613673e17435965,HISTORICAL_TURNING_POINT_SIGNIFICANCE_V1,VALID,MEDIUM,VALID_LOCAL_TURN_WITH_CLEAR_REVERSAL,false,TURNING_SIGNIFICANCE_CONFIDENCE_NOT_HIGH,,e1962266a20c67182dc11859d0b68f1b166dd3beddb591727f4a92ce5cf917e0,dcbc4f91a544daae4bbeba0a77f4b8a493d2f95fa65261798e8ff1b3ecf8c5ee
DYNDW:SAME_PROCESS_WICK_V1:BTCUSDT:5m:HIGH:1783497900000:1783498799999,DYNDPROC:BTCUSDT:5m:HIGH:1783497000000:1783498799999,BTCUSDT,HIGH,62921.8,62867,2026-07-08T08:05:00.000Z,2026-07-08T08:19:59.999Z,1783498799999,1551,89.787908,0.001428,0.004477,0.004477,0.967836,0.283339,0.161306,6,5.015152,7.120112,0.964033,0.835859,6,0,1,true,CONTROLLING_SWING,229,206,1,0,0,1,BULLISH,BULLISH,true,2026-07-03T00:09:59.999Z,false,72382de7093814ad1ed1c60895a72b0d138afa6b7d3564b62fae815ec12f0f2e,HISTORICAL_TURNING_POINT_SIGNIFICANCE_V1,VALID,MEDIUM,STRONG_REVERSAL_WITH_STRUCTURAL_CHANGE,false,TURNING_SIGNIFICANCE_CONFIDENCE_NOT_HIGH,,e1962266a20c67182dc11859d0b68f1b166dd3beddb591727f4a92ce5cf917e0,2a7f5c2d337ff5c6d2b5fe19044aa538f10836630b1e989599bb937257b4134d
DYNDW:SAME_PROCESS_WICK_V1:BTCUSDT:5m:LOW:1783502100000:1783503299999,DYNDPROC:BTCUSDT:5m:LOW:1783502100000:1783503299999,BTCUSDT,LOW,61708.2,61764.2,2026-07-08T09:15:00.000Z,2026-07-08T09:34:59.999Z,1783503299999,1566,165.915808,0.002686,0.004829,0.004829,3.932717,0.484662,0.302517,13,2.234266,2.620004,1,0.558566,4,0,1,true,LOCAL_SWING,231,207,0,1,0,1,BULLISH,BULLISH,true,2026-07-03T01:19:59.999Z,false,461b2d97829e5802801ca4216a091741a378848947676fe9ea9f30ffa6eea5ae,HISTORICAL_TURNING_POINT_SIGNIFICANCE_V1,VALID,MEDIUM,VALID_LOCAL_TURN_WITH_CLEAR_REVERSAL,false,TURNING_SIGNIFICANCE_CONFIDENCE_NOT_HIGH,,e1962266a20c67182dc11859d0b68f1b166dd3beddb591727f4a92ce5cf917e0,47f2cf795e9deaa606eef31e4a3604be34c0311abe8f693756704609c0e8564b
DYNDW:SAME_PROCESS_WICK_V1:BTCUSDT:5m:HIGH:1783512300000:1783514699999,DYNDPROC:BTCUSDT:5m:HIGH:1783512300000:1783514699999,BTCUSDT,HIGH,62394.1,62374,2026-07-08T12:05:00.000Z,2026-07-08T12:44:59.999Z,1783514699999,1604,102.672927,0.001646,0.004771,0.004771,2.328754,0.171681,0.072774,32,2.913134,3.254022,0.7265,0.364142,8,0,1,true,LOCAL_SWING,235,212,1,0,0,1,BULLISH,BULLISH,true,2026-07-03T00:09:59.999Z,false,cc38c5eafdcea6122c7a513992ed0c32fb7d84a9b8edda78eb3c245613d9c36f,HISTORICAL_TURNING_POINT_SIGNIFICANCE_V1,VALID,MEDIUM,VALID_LOCAL_TURN_WITH_CLEAR_REVERSAL,false,TURNING_SIGNIFICANCE_CONFIDENCE_NOT_HIGH,,e1962266a20c67182dc11859d0b68f1b166dd3beddb591727f4a92ce5cf917e0,e6c15a510db87cb233791c98b3b220ab8f8e36ee28024ddbafb1d96b97335706
DYNDW:SAME_PROCESS_WICK_V1:BTCUSDT:5m:LOW:1783518900000:1783519799999,DYNDPROC:BTCUSDT:5m:LOW:1783518600000:1783519799999,BTCUSDT,LOW,61615,61660.1,2026-07-08T13:55:00.000Z,2026-07-08T14:09:59.999Z,1783519799999,1621,127.693903,0.002071,0.004725,0.004725,3.248393,0.394522,0.21656,15,2.87406,3.406584,1,0.718515,4,0,1,true,LOCAL_SWING,238,214,0,1,0,1,BULLISH,BULLISH,true,2026-07-03T01:19:59.999Z,false,f5183f49fb055695ab5798a76e33f9829edc9c025ce68162ec1bc25a783e59ce,HISTORICAL_TURNING_POINT_SIGNIFICANCE_V1,VALID,MEDIUM,VALID_LOCAL_TURN_WITH_CLEAR_REVERSAL,false,TURNING_SIGNIFICANCE_CONFIDENCE_NOT_HIGH,,e1962266a20c67182dc11859d0b68f1b166dd3beddb591727f4a92ce5cf917e0,216ddfa34b64f67ff592bb0d609d164b9f34d4f21edddffd57f5aea3c7e745bf
DYNDW:SAME_PROCESS_WICK_V1:BTCUSDT:5m:HIGH:1783520400000:1783523399999,DYNDPROC:BTCUSDT:5m:HIGH:1783520400000:1783523399999,BTCUSDT,HIGH,62151.9,62036,2026-07-08T14:20:00.000Z,2026-07-08T15:09:59.999Z,1783523399999,1633,153.243341,0.00247,0.004825,0.004825,0.058078,0.037537,0.014519,4,2.00335,3.035695,0.380988,0.200335,10,1,2,true,LOCAL_SWING,238,216,2,1,1,2,BULLISH,BULLISH,true,2026-07-03T00:09:59.999Z,false,965a0f654550932c8801e78e875dfc1ddfb8de7cbbb752bd3f989f9e277846fb,HISTORICAL_TURNING_POINT_SIGNIFICANCE_V1,WEAK,MEDIUM,LOCAL_REVERSAL_WITH_LIMITED_SIGNIFICANCE,false,TURNING_SIGNIFICANCE_WEAK,,e1962266a20c67182dc11859d0b68f1b166dd3beddb591727f4a92ce5cf917e0,1db7158075d6c468aa070f53c8d1e4851676c159f0a361ee716d743c0906f3eb
DYNDW:SAME_PROCESS_WICK_V1:BTCUSDT:5m:LOW:1783524300000:1783526999999,DYNDPROC:BTCUSDT:5m:LOW:1783524000000:1783526999999,BTCUSDT,LOW,61520,61549,2026-07-08T15:25:00.000Z,2026-07-08T16:09:59.999Z,1783526999999,1645,159.751692,0.002596,0.004668,0.004668,1.126749,0.570342,0.281687,4,1.974314,2.29043,0.617947,0.197431,10,0,1,true,LOCAL_SWING,240,217,1,2,1,2,BULLISH,BULLISH,true,2026-07-03T01:19:59.999Z,false,a59836f0f8894dca7c5f2a4fdbbc9b5f9a9930b595225ea053c1b785c8738164,HISTORICAL_TURNING_POINT_SIGNIFICANCE_V1,VALID,MEDIUM,VALID_LOCAL_TURN_WITH_CLEAR_REVERSAL,false,TURNING_SIGNIFICANCE_CONFIDENCE_NOT_HIGH,,e1962266a20c67182dc11859d0b68f1b166dd3beddb591727f4a92ce5cf917e0,d0ee7f29b73f581afe80471657df7b43980a26161acde7568cfd2b6b198135a8
DYNDW:SAME_PROCESS_WICK_V1:BTCUSDT:5m:HIGH:1783531800000:1783533299999,DYNDPROC:BTCUSDT:5m:HIGH:1783532100000:1783533299999,BTCUSDT,HIGH,62372.7,62350.2,2026-07-08T17:30:00.000Z,2026-07-08T17:54:59.999Z,1783533299999,1666,115.316876,0.00185,0.004689,0.004689,4.21274,0.466398,0.221723,19,2.552098,2.902437,1,0.638025,4,0,1,true,LOCAL_SWING,245,221,1,0,0,1,BULLISH,BULLISH,true,2026-07-03T00:09:59.999Z,false,c15d463783592bb57d9b4d4ecda9342139ef89657e94c4d25524275fd43958f0,HISTORICAL_TURNING_POINT_SIGNIFICANCE_V1,VALID,MEDIUM,EFFICIENT_REVERSAL_FROM_EXTREME,false,TURNING_SIGNIFICANCE_CONFIDENCE_NOT_HIGH,,e1962266a20c67182dc11859d0b68f1b166dd3beddb591727f4a92ce5cf917e0,27b93f75d60a1cb9f3a28f3ba699cadbd5ff2632620205912e62722d55390d41
DYNDW:SAME_PROCESS_WICK_V1:BTCUSDT:5m:LOW:1783545000000:1783549799999,DYNDPROC:BTCUSDT:5m:LOW:1783545000000:1783549799999,BTCUSDT,LOW,61926.9,61977.5,2026-07-08T21:10:00.000Z,2026-07-08T22:29:59.999Z,1783549799999,1721,87.929322,0.001419,0.004653,0.004653,0.891625,0.042114,0.021747,41,3.397047,4.604835,0.644166,0.212315,16,1,3,true,LOCAL_SWING,252,227,1,2,1,2,BULLISH,BULLISH,true,2026-07-03T01:19:59.999Z,false,569df064ef96e9b85bdf77f3ca2b18dcb71604372b619bdf953617d388dc27dc,HISTORICAL_TURNING_POINT_SIGNIFICANCE_V1,VALID,MEDIUM,EFFICIENT_REVERSAL_FROM_EXTREME,false,TURNING_SIGNIFICANCE_CONFIDENCE_NOT_HIGH,,e1962266a20c67182dc11859d0b68f1b166dd3beddb591727f4a92ce5cf917e0,89704a664215f9557879100bb349d8343c0081c1e536c9dd5394846d56af9901
DYNDW:SAME_PROCESS_WICK_V1:BTCUSDT:5m:HIGH:1783559100000:1783560899999,DYNDPROC:BTCUSDT:5m:HIGH:1783559100000:1783560899999,BTCUSDT,HIGH,62620.2,62601.1,2026-07-09T01:05:00.000Z,2026-07-09T01:34:59.999Z,1783560899999,1758,114.825592,0.001834,0.004698,0.004698,2.829509,0.195053,0.085743,33,3.157833,4.428455,0.630389,0.526305,6,1,2,true,LOCAL_SWING,258,233,1,0,0,1,BULLISH,BULLISH,true,2026-07-03T00:09:59.999Z,false,4b0e6f354c334fb9271d9b0992f2ef43944e439e47721650da4c58bc4384c55a,HISTORICAL_TURNING_POINT_SIGNIFICANCE_V1,VALID,MEDIUM,EFFICIENT_REVERSAL_FROM_EXTREME,false,TURNING_SIGNIFICANCE_CONFIDENCE_NOT_HIGH,,e1962266a20c67182dc11859d0b68f1b166dd3beddb591727f4a92ce5cf917e0,4edfcbb8620adec9f196954e5b5f4558b8be727b3415a14d03b007d9d0c8219c
DYNDW:SAME_PROCESS_WICK_V1:BTCUSDT:5m:LOW:1783565400000:1783568099999,DYNDPROC:BTCUSDT:5m:LOW:1783566000000:1783568099999,BTCUSDT,LOW,61666,61709.2,2026-07-09T02:50:00.000Z,2026-07-09T03:34:59.999Z,1783568099999,1782,121.029919,0.001961,0.004535,0.004535,4.373299,0.48878,0.230174,19,2.334134,3.112454,0.667375,0.333448,7,0,1,true,LOCAL_SWING,260,234,0,2,0,2,BULLISH,BULLISH,true,2026-07-03T01:19:59.999Z,false,1b8cb103519835878805b6b956da8bede3bd5654399c80f47cde704ad74c6215,HISTORICAL_TURNING_POINT_SIGNIFICANCE_V1,VALID,MEDIUM,VALID_LOCAL_TURN_WITH_CLEAR_REVERSAL,false,TURNING_SIGNIFICANCE_CONFIDENCE_NOT_HIGH,,e1962266a20c67182dc11859d0b68f1b166dd3beddb591727f4a92ce5cf917e0,9fdc79c88ccef76d39f986815483122b738775e0e7d097d9ceab1f10fe9b40f0
DYNDW:SAME_PROCESS_WICK_V1:BTCUSDT:5m:HIGH:1783583100000:1783590299999,DYNDPROC:BTCUSDT:5m:HIGH:1783583100000:1783590299999,BTCUSDT,HIGH,63286.5,63098.3,2026-07-09T07:45:00.000Z,2026-07-09T09:44:59.999Z,1783590299999,1856,140.631037,0.002229,0.004692,0.004692,7.868818,0.370695,0.151323,52,2.281858,3.792904,0.315257,0.095077,24,1,3,true,INTERNAL,267,242,3,5,5,3,BULLISH,BULLISH,true,2026-07-03T00:09:59.999Z,true,36da524c7a01d417889656d3203c3e4df506bb5856178a2b2822b9bc15d5236a,HISTORICAL_TURNING_POINT_SIGNIFICANCE_V1,VALID,MEDIUM,VALID_LOCAL_TURN_WITH_CLEAR_REVERSAL,false,TURNING_SIGNIFICANCE_CONFIDENCE_NOT_HIGH,,e1962266a20c67182dc11859d0b68f1b166dd3beddb591727f4a92ce5cf917e0,6f757d4f22cc1160d75f5f5f4fc6ed29fb73adda56cf0cb13b2ee5d9e7aa5633
DYNDW:SAME_PROCESS_WICK_V1:BTCUSDT:5m:LOW:1783599900000:1783600799999,DYNDPROC:BTCUSDT:5m:LOW:1783597200000:1783600799999,BTCUSDT,LOW,62569.4,62631,2026-07-09T12:25:00.000Z,2026-07-09T12:39:59.999Z,1783600799999,1891,79.69257,0.001272,0.004265,0.004265,1.83706,0.169916,0.073482,25,3.398058,4.578846,0.393033,0.283172,12,2,3,true,CONTROLLING_SWING,275,252,0,1,0,1,BEARISH,BEARISH,true,2026-07-03T01:19:59.999Z,false,368a7cd35a9ccc45727b1f86d059fca4006829a43900e4ddcd43458b927fbd3f,HISTORICAL_TURNING_POINT_SIGNIFICANCE_V1,VALID,MEDIUM,VALID_LOCAL_TURN_WITH_CLEAR_REVERSAL,false,TURNING_SIGNIFICANCE_CONFIDENCE_NOT_HIGH,,e1962266a20c67182dc11859d0b68f1b166dd3beddb591727f4a92ce5cf917e0,84985eb77f9e394af55450808d9d00bae8ffd8685d36055defc45441c20ea935
DYNDW:SAME_PROCESS_WICK_V1:BTCUSDT:5m:HIGH:1783600500000:1783601099999,DYNDPROC:BTCUSDT:5m:HIGH:1783600500000:1783601099999,BTCUSDT,HIGH,62934.3,62901.8,2026-07-09T12:35:00.000Z,2026-07-09T12:44:59.999Z,1783601099999,1892,113.930459,0.001811,0.00428,0.00428,0,,0,1,2.756067,3.412608,1,1.378034,2,0,1,false,,275,253,0,0,0,0,BEARISH,BEARISH,true,2026-07-03T00:09:59.999Z,false,093851d9c355b709bb5c13c92768066e58d209c76b96af17410a7ccb6c7890e4,HISTORICAL_TURNING_POINT_SIGNIFICANCE_V1,WEAK,MEDIUM,LOCAL_REVERSAL_WITH_LIMITED_SIGNIFICANCE,false,TURNING_SIGNIFICANCE_WEAK,,e1962266a20c67182dc11859d0b68f1b166dd3beddb591727f4a92ce5cf917e0,33736e0c1c018916e610d583659da7b9e634b20d167c6d928920ed9a1fb748a0
DYNDW:SAME_PROCESS_WICK_V1:BTCUSDT:5m:LOW:1783601100000:1783602899999,DYNDPROC:BTCUSDT:5m:LOW:1783601100000:1783602899999,BTCUSDT,LOW,62428.5,62545.8,2026-07-09T12:45:00.000Z,2026-07-09T13:14:59.999Z,1783602899999,1898,136.007895,0.002175,0.0044,0.0044,0.308806,1,0.154403,2,2.195461,3.444653,0.807027,0.36591,6,0,1,true,CONTROLLING_SWING,276,253,0,1,0,1,BEARISH,BEARISH,true,2026-07-03T01:19:59.999Z,true,774df7b1f9de1435a8fa5be63ade685bbe1ff9133be58634abfe0c2d75b6c9b2,HISTORICAL_TURNING_POINT_SIGNIFICANCE_V1,VALID,MEDIUM,VALID_LOCAL_TURN_WITH_CLEAR_REVERSAL,false,TURNING_SIGNIFICANCE_CONFIDENCE_NOT_HIGH,,e1962266a20c67182dc11859d0b68f1b166dd3beddb591727f4a92ce5cf917e0,e559cd7a8b3778f29a77c744821611d6cd36f6f1dbbfd335d43cd33a7a4aa20b
DYNDW:SAME_PROCESS_WICK_V1:BTCUSDT:5m:HIGH:1783605000000:1783606799999,DYNDPROC:BTCUSDT:5m:HIGH:1783605600000:1783606799999,BTCUSDT,HIGH,63215,63039.9,2026-07-09T13:50:00.000Z,2026-07-09T14:19:59.999Z,1783606799999,1911,168.295723,0.00267,0.004314,0.004314,1.161646,0.261819,0.105604,11,1.934096,3.363128,1,0.483524,4,0,1,true,LOCAL_SWING,277,255,1,0,0,1,BEARISH,BULLISH,true,2026-07-03T00:09:59.999Z,false,4a1dd91c659b5eb9e7def465178a4e83e0cfc182e2836e913d13fa4a103a031f,HISTORICAL_TURNING_POINT_SIGNIFICANCE_V1,VALID,MEDIUM,STRONG_REVERSAL_WITH_STRUCTURAL_CHANGE,false,TURNING_SIGNIFICANCE_CONFIDENCE_NOT_HIGH,,e1962266a20c67182dc11859d0b68f1b166dd3beddb591727f4a92ce5cf917e0,21445708d47b92419c7cdec6ad71aaf39216795eafc21424419a003120616b14
DYNDW:SAME_PROCESS_WICK_V1:BTCUSDT:5m:LOW:1783606800000:1783609799999,DYNDPROC:BTCUSDT:5m:LOW:1783606500000:1783609799999,BTCUSDT,LOW,62620.1,62714.4,2026-07-09T14:20:00.000Z,2026-07-09T15:09:59.999Z,1783609799999,1921,171.231488,0.00273,0.004357,0.004357,0,,0,1,2.338939,3.240058,0.536216,0.212631,11,0,2,true,LOCAL_SWING,278,255,0,3,0,3,BULLISH,BULLISH,true,2026-07-03T01:19:59.999Z,false,848631a997c1569ba097e9f37cc181d45c20505c0660f1f01ec4eddeb35f68fb,HISTORICAL_TURNING_POINT_SIGNIFICANCE_V1,WEAK,MEDIUM,LOCAL_REVERSAL_WITH_LIMITED_SIGNIFICANCE,false,TURNING_SIGNIFICANCE_WEAK,,e1962266a20c67182dc11859d0b68f1b166dd3beddb591727f4a92ce5cf917e0,fca76411fe4815ce3d457ea1442249ceba60cb22b2c9d2d54370ae4a5c6ecef6
DYNDW:SAME_PROCESS_WICK_V1:BTCUSDT:5m:HIGH:1783610400000:1783612799999,DYNDPROC:BTCUSDT:5m:HIGH:1783609500000:1783612799999,BTCUSDT,HIGH,63233,63114.9,2026-07-09T15:20:00.000Z,2026-07-09T15:59:59.999Z,1783612799999,1931,165.95629,0.002629,0.004298,0.004298,0,,0,1,1.684178,2.71457,0.509943,0.153107,11,0,1,true,INTERNAL,279,258,2,1,1,2,BULLISH,BULLISH,true,2026-07-03T00:09:59.999Z,false,28fca0db7bbe973926e0e7b21d5059d8908456b0f2567a39a40a3df62064b96e,HISTORICAL_TURNING_POINT_SIGNIFICANCE_V1,WEAK,MEDIUM,LOCAL_REVERSAL_WITH_LIMITED_SIGNIFICANCE,false,TURNING_SIGNIFICANCE_WEAK,,e1962266a20c67182dc11859d0b68f1b166dd3beddb591727f4a92ce5cf917e0,85f78cf47f36c8abe0df57e860cb0fa54e779c1398bd777d3250c2150cfb7a08
DYNDW:SAME_PROCESS_WICK_V1:BTCUSDT:5m:LOW:1783614300000:1783618799999,DYNDPROC:BTCUSDT:5m:LOW:1783615500000:1783618799999,BTCUSDT,LOW,62525.2,62638.5,2026-07-09T16:25:00.000Z,2026-07-09T17:39:59.999Z,1783618799999,1951,129.810872,0.002072,0.004239,0.004239,1.516822,0.388746,0.137893,11,2.851071,3.884883,0.665289,0.259188,11,0,1,true,LOCAL_SWING,282,260,2,3,2,3,BULLISH,BULLISH,true,2026-07-03T01:19:59.999Z,false,c76ded1cb485b3d928b612134fea3b548862a593d4fc235d9d44a797559d6a6c,HISTORICAL_TURNING_POINT_SIGNIFICANCE_V1,VALID,MEDIUM,VALID_LOCAL_TURN_WITH_CLEAR_REVERSAL,false,TURNING_SIGNIFICANCE_CONFIDENCE_NOT_HIGH,,e1962266a20c67182dc11859d0b68f1b166dd3beddb591727f4a92ce5cf917e0,8dd51775aa8a0f2a61c8e6ba41d59d8ec050b25de73bad1776a85a134caf0997
DYNDW:SAME_PROCESS_WICK_V1:BTCUSDT:5m:HIGH:1783620300000:1783639199999,DYNDPROC:BTCUSDT:5m:HIGH:1783620900000:1783639199999,BTCUSDT,HIGH,63484.9,63391.3,2026-07-09T18:05:00.000Z,2026-07-09T23:19:59.999Z,1783639199999,2019,132.143079,0.002085,0.004296,0.004296,2.896103,0.805176,0.321789,9,2.457185,3.352427,0.134368,0.040282,61,4,6,true,INTERNAL,284,264,9,8,8,9,BULLISH,BEARISH,true,2026-07-03T00:09:59.999Z,true,9774f784506f759f500c7832223bc38fd8dec1b03dac5944253e16bb46a705b0,HISTORICAL_TURNING_POINT_SIGNIFICANCE_V1,VALID,MEDIUM,STRONG_REVERSAL_WITH_STRUCTURAL_CHANGE,false,TURNING_SIGNIFICANCE_CONFIDENCE_NOT_HIGH,,e1962266a20c67182dc11859d0b68f1b166dd3beddb591727f4a92ce5cf917e0,a9cd4fda3ce7e129eb3ba5f3a1e0f8f7c4000aaef01058caf2e9f011af4c3c7b
DYNDW:SAME_PROCESS_WICK_V1:BTCUSDT:5m:LOW:1783643400000:1783646399999,DYNDPROC:BTCUSDT:5m:LOW:1783643400000:1783646399999,BTCUSDT,LOW,62897,62939.2,2026-07-10T00:30:00.000Z,2026-07-10T01:19:59.999Z,1783646399999,2043,94.931607,0.001508,0.004356,0.004356,1.342019,0.15052,0.083876,16,3.187558,3.764816,0.422626,0.318756,10,1,2,true,INTERNAL,296,273,1,2,1,2,BEARISH,UNKNOWN,true,2026-07-03T01:19:59.999Z,true,5a84c96036a4c16771c44f4bb65dcd836f00bd5ab4077bf2e9525f6167201dea,HISTORICAL_TURNING_POINT_SIGNIFICANCE_V1,VALID,MEDIUM,VALID_LOCAL_TURN_WITH_CLEAR_REVERSAL,false,TURNING_SIGNIFICANCE_CONFIDENCE_NOT_HIGH,,e1962266a20c67182dc11859d0b68f1b166dd3beddb591727f4a92ce5cf917e0,082b539ed6de9d7d6fa5ff8c30302deb3c7b17cf841718d3f39998769cf92d1b
DYNDW:SAME_PROCESS_WICK_V1:BTCUSDT:5m:HIGH:1783662000000:1783664999999,DYNDPROC:BTCUSDT:5m:HIGH:1783662000000:1783664999999,BTCUSDT,HIGH,64185,64154.4,2026-07-10T05:40:00.000Z,2026-07-10T06:29:59.999Z,1783664999999,2105,86.732561,0.001352,0.004231,0.004231,10.522,0.30854,0.194852,54,3.144148,4.008875,0.906884,0.314415,10,0,1,true,CONTROLLING_SWING,304,282,1,0,0,1,BULLISH,BULLISH,true,2026-07-03T00:09:59.999Z,false,609bef06daa947b40c7d080c3f7a09d2dac2f8e4fbecbdba4d08d09c2978cfb6,HISTORICAL_TURNING_POINT_SIGNIFICANCE_V1,VALID,MEDIUM,EFFICIENT_REVERSAL_FROM_EXTREME,false,TURNING_SIGNIFICANCE_CONFIDENCE_NOT_HIGH,,e1962266a20c67182dc11859d0b68f1b166dd3beddb591727f4a92ce5cf917e0,24ed4812815f5e3d458b1999555e5ac7caf952b4cf5c3f15d50920804de98ae6
DYNDW:SAME_PROCESS_WICK_V1:BTCUSDT:5m:LOW:1783666800000:1783671599999,DYNDPROC:BTCUSDT:5m:LOW:1783666800000:1783671599999,BTCUSDT,LOW,63765.5,63822.6,2026-07-10T07:00:00.000Z,2026-07-10T08:19:59.999Z,1783671599999,2127,69.517028,0.001089,0.004123,0.004123,0.850151,0.641694,0.106269,8,6.140941,8.953202,0.757587,0.383809,16,1,2,true,LOCAL_SWING,305,283,2,2,2,2,BULLISH,BULLISH,true,2026-07-03T01:19:59.999Z,false,6989c2bff3e7a9d0fbf02fdd2879a3679572e0f24160db820f8bd1cb67dad5ef,HISTORICAL_TURNING_POINT_SIGNIFICANCE_V1,VALID,MEDIUM,STRONG_REVERSAL_WITH_STRUCTURAL_CHANGE,false,TURNING_SIGNIFICANCE_CONFIDENCE_NOT_HIGH,,e1962266a20c67182dc11859d0b68f1b166dd3beddb591727f4a92ce5cf917e0,c37ac7e97e7a771e8412aa5286bb9078cb094f267d83006c20f853ca00b408ac
DYNDW:SAME_PROCESS_WICK_V1:BTCUSDT:5m:HIGH:1783685400000:1783688399999,DYNDPROC:BTCUSDT:5m:HIGH:1783685400000:1783688399999,BTCUSDT,HIGH,64587.9,64513.9,2026-07-10T12:10:00.000Z,2026-07-10T12:59:59.999Z,1783688399999,2183,81.157977,0.001258,0.00394,0.00394,3.257844,0.159143,0.067872,48,3.14202,4.332291,0.776492,0.314202,10,0,1,true,INTERNAL,315,290,2,0,0,2,BULLISH,BULLISH,true,2026-07-03T00:09:59.999Z,false,92fed32130fa0265a917d7b6e4923a257b99edb8e7b33cfe783a98496538828f,HISTORICAL_TURNING_POINT_SIGNIFICANCE_V1,VALID,MEDIUM,EFFICIENT_REVERSAL_FROM_EXTREME,false,TURNING_SIGNIFICANCE_CONFIDENCE_NOT_HIGH,,e1962266a20c67182dc11859d0b68f1b166dd3beddb591727f4a92ce5cf917e0,d726f803c6559513f54535eefe47147614b634848a15d6004b1c7e4351bee474
DYNDW:SAME_PROCESS_WICK_V1:BTCUSDT:5m:LOW:1783689900000:1783691399999,DYNDPROC:BTCUSDT:5m:LOW:1783689900000:1783691399999,BTCUSDT,LOW,64127,64138.6,2026-07-10T13:25:00.000Z,2026-07-10T13:49:59.999Z,1783691399999,2193,82.382035,0.001284,0.003752,0.003752,1.46027,0.346586,0.20861,7,4.386879,5.049645,1,0.877376,5,0,1,true,ACTIVE_PROTECTED,317,290,0,1,0,1,BULLISH,BULLISH,true,2026-07-03T01:19:59.999Z,false,33dabe70c242d5d27cdbab471f9ba5b37b3a0a076fbf7b308420980e04c2c3b2,HISTORICAL_TURNING_POINT_SIGNIFICANCE_V1,VALID,MEDIUM,EFFICIENT_REVERSAL_FROM_EXTREME,false,TURNING_SIGNIFICANCE_CONFIDENCE_NOT_HIGH,,e1962266a20c67182dc11859d0b68f1b166dd3beddb591727f4a92ce5cf917e0,5ef58885f397e03d96d4e9cd965d60aeae1d3e3a8c7dbebd01e4d6ef45c4dae6
DYNDW:SAME_PROCESS_WICK_V1:BTCUSDT:5m:HIGH:1783691400000:1783692599999,DYNDPROC:BTCUSDT:5m:HIGH:1783691400000:1783692599999,BTCUSDT,HIGH,64680,64545,2026-07-10T13:50:00.000Z,2026-07-10T14:09:59.999Z,1783692599999,2197,114.633353,0.001776,0.003669,0.003669,0.392556,1,0.196278,2,2.446932,4.018028,1,0.611733,4,0,1,true,CONTROLLING_SWING,317,291,1,0,0,1,BULLISH,BULLISH,true,2026-07-03T00:09:59.999Z,false,1187b0586d06814377ec2b8bfd264970cd44ffab7f02019477fa31389c6cc5d3,HISTORICAL_TURNING_POINT_SIGNIFICANCE_V1,VALID,MEDIUM,STRONG_REVERSAL_WITH_STRUCTURAL_CHANGE,false,TURNING_SIGNIFICANCE_CONFIDENCE_NOT_HIGH,,e1962266a20c67182dc11859d0b68f1b166dd3beddb591727f4a92ce5cf917e0,b3e33129496f457290dd6b1fac34d5f3c08d5f8bf929c5f4345ee8662e90a982
DYNDW:SAME_PROCESS_WICK_V1:BTCUSDT:5m:LOW:1783693800000:1783697099999,DYNDPROC:BTCUSDT:5m:LOW:1783695300000:1783697099999,BTCUSDT,LOW,63768,63897.9,2026-07-10T14:30:00.000Z,2026-07-10T15:24:59.999Z,1783697099999,2212,155.441114,0.002433,0.003618,0.003618,2.358449,0.628385,0.214404,11,1.500247,3.468838,0.68227,0.250041,6,0,1,true,INTERNAL,318,291,1,2,1,2,BEARISH,BEARISH,true,2026-07-03T01:19:59.999Z,false,ceeda8ee1668f2870a7f4c00cd9d2999d21543de1c0e87e57c3ce1e26d066c85,HISTORICAL_TURNING_POINT_SIGNIFICANCE_V1,VALID,MEDIUM,VALID_LOCAL_TURN_WITH_CLEAR_REVERSAL,false,TURNING_SIGNIFICANCE_CONFIDENCE_NOT_HIGH,,e1962266a20c67182dc11859d0b68f1b166dd3beddb591727f4a92ce5cf917e0,0a4b2b930492cf338bd27ad2652598cfeed205ceee969479d0f99fb5ba2843f3
DYNDW:SAME_PROCESS_WICK_V1:BTCUSDT:5m:HIGH:1783697100000:1783701599999,DYNDPROC:BTCUSDT:5m:HIGH:1783696800000:1783701599999,BTCUSDT,HIGH,64196.1,64131.1,2026-07-10T15:25:00.000Z,2026-07-10T16:39:59.999Z,1783701599999,2227,150.791387,0.002351,0.00359,0.00359,0,,0,1,1.835649,2.610892,0.415117,0.114728,16,0,2,true,LOCAL_SWING,319,293,2,2,2,2,BEARISH,BEARISH,true,2026-07-03T00:09:59.999Z,false,8cf24ca20d1588b2114ad5e97239e370e711672a1edf06fc6d4b3768af1abba9,HISTORICAL_TURNING_POINT_SIGNIFICANCE_V1,WEAK,MEDIUM,LOCAL_REVERSAL_WITH_LIMITED_SIGNIFICANCE,false,TURNING_SIGNIFICANCE_WEAK,,e1962266a20c67182dc11859d0b68f1b166dd3beddb591727f4a92ce5cf917e0,48dd56e484056bb8318f7855198404af2d1399a3c90de364610b7318b01b2838
DYNDW:SAME_PROCESS_WICK_V1:BTCUSDT:5m:LOW:1783701300000:1783702799999,DYNDPROC:BTCUSDT:5m:LOW:1783701300000:1783702799999,BTCUSDT,LOW,63802.4,63854.3,2026-07-10T16:35:00.000Z,2026-07-10T16:59:59.999Z,1783702799999,2231,113.862255,0.001783,0.003572,0.003572,0,,0,1,2.323861,3.563077,1,0.464772,5,0,1,true,CONTROLLING_SWING,321,295,0,1,0,1,BEARISH,BEARISH,true,2026-07-03T01:19:59.999Z,true,3a045cde87f9e7373dfad7bdabd2ec905d426a75cccd50c2cf666073256336b0,HISTORICAL_TURNING_POINT_SIGNIFICANCE_V1,VALID,MEDIUM,VALID_LOCAL_TURN_WITH_CLEAR_REVERSAL,false,TURNING_SIGNIFICANCE_CONFIDENCE_NOT_HIGH,,e1962266a20c67182dc11859d0b68f1b166dd3beddb591727f4a92ce5cf917e0,1527efa1d061fdefa05ded4dd9c08f7ba3204969fd2878c99964fbb80ea5900c
DYNDW:SAME_PROCESS_WICK_V1:BTCUSDT:5m:HIGH:1783702500000:1783703999999,DYNDPROC:BTCUSDT:5m:HIGH:1783702800000:1783703999999,BTCUSDT,HIGH,64208.1,64119.3,2026-07-10T16:55:00.000Z,2026-07-10T17:19:59.999Z,1783703999999,2235,116.147214,0.001811,0.003582,0.003582,0.003444,1,0.001722,2,2.147275,2.923876,1,0.536819,4,0,1,true,LOCAL_SWING,321,296,1,0,0,1,BEARISH,BEARISH,true,2026-07-03T00:09:59.999Z,false,d489660e7bb7b203d250e99036d3b2caad8bf6566ec0eeae7cbfd239a41fd6f0,HISTORICAL_TURNING_POINT_SIGNIFICANCE_V1,WEAK,MEDIUM,LOCAL_REVERSAL_WITH_LIMITED_SIGNIFICANCE,false,TURNING_SIGNIFICANCE_WEAK,,e1962266a20c67182dc11859d0b68f1b166dd3beddb591727f4a92ce5cf917e0,3908e6947d9dcaef44e92260f3f3facd0c32c332395ddd9d8abf6de6463f863e
DYNDW:SAME_PROCESS_WICK_V1:BTCUSDT:5m:LOW:1783709400000:1783712099999,DYNDPROC:BTCUSDT:5m:LOW:1783709400000:1783712099999,BTCUSDT,LOW,63718.1,63731.9,2026-07-10T18:50:00.000Z,2026-07-10T19:34:59.999Z,1783712099999,2262,82.226715,0.00129,0.00337,0.00337,1.678287,0.19066,0.083914,20,2.873762,3.338331,0.713682,0.319307,9,0,2,true,INTERNAL,325,299,1,2,1,2,BEARISH,UNKNOWN,true,2026-07-03T01:19:59.999Z,false,e0f3da78a3fa0463347446075e2b496b182c3a9b16eddd10e7c850902ba19f64,HISTORICAL_TURNING_POINT_SIGNIFICANCE_V1,VALID,MEDIUM,STRONG_REVERSAL_WITH_STRUCTURAL_CHANGE,false,TURNING_SIGNIFICANCE_CONFIDENCE_NOT_HIGH,,e1962266a20c67182dc11859d0b68f1b166dd3beddb591727f4a92ce5cf917e0,4927dd27cbc65392e7ad81d913b7a8e89238bdfac78cf1f04200def2c343a754
DYNDW:SAME_PROCESS_WICK_V1:BTCUSDT:5m:HIGH:1783712100000:1783714799999,DYNDPROC:BTCUSDT:5m:HIGH:1783712100000:1783714799999,BTCUSDT,HIGH,64029.9,64015,2026-07-10T19:35:00.000Z,2026-07-10T20:19:59.999Z,1783714799999,2271,79.919364,0.001248,0.003388,0.003388,0.58559,1,0.292795,2,2.971745,3.230756,0.966626,0.330194,9,0,1,true,CONTROLLING_SWING,326,301,1,0,0,1,UNKNOWN,BULLISH,true,2026-07-03T00:09:59.999Z,false,36f5c1cf38aa08c44c4c0b92d9f6094f2c59521bec0d1f1f7312ffd712c86239,HISTORICAL_TURNING_POINT_SIGNIFICANCE_V1,VALID,MEDIUM,STRONG_REVERSAL_WITH_STRUCTURAL_CHANGE,false,TURNING_SIGNIFICANCE_CONFIDENCE_NOT_HIGH,,e1962266a20c67182dc11859d0b68f1b166dd3beddb591727f4a92ce5cf917e0,cb71253fb7057d550a435bc8e6797ff6e07095de69180cfde70f5f041ea06d73
DYNDW:SAME_PROCESS_WICK_V1:BTCUSDT:5m:LOW:1783715100000:1783718099999,DYNDPROC:BTCUSDT:5m:LOW:1783715100000:1783718099999,BTCUSDT,LOW,63619.9,63708.3,2026-07-10T20:25:00.000Z,2026-07-10T21:14:59.999Z,1783718099999,2282,86.951181,0.001365,0.003373,0.003373,0.795849,1,0.265283,3,2.507154,3.896439,0.718997,0.250715,10,0,2,true,LOCAL_SWING,328,301,1,2,1,2,BULLISH,BULLISH,true,2026-07-03T01:19:59.999Z,false,6e8cd28851cc668e55e273e36e57461fde6261411237d88117cb84b1802db176,HISTORICAL_TURNING_POINT_SIGNIFICANCE_V1,VALID,MEDIUM,VALID_LOCAL_TURN_WITH_CLEAR_REVERSAL,false,TURNING_SIGNIFICANCE_CONFIDENCE_NOT_HIGH,,e1962266a20c67182dc11859d0b68f1b166dd3beddb591727f4a92ce5cf917e0,b91617a1e747148e10db51249d6e09f8ba960daddfd6cb4524130bb0150deac8
DYNDW:SAME_PROCESS_WICK_V1:BTCUSDT:5m:HIGH:1783732800000:1783735199999,DYNDPROC:BTCUSDT:5m:HIGH:1783733100000:1783735199999,BTCUSDT,HIGH,64288.7,64200.1,2026-07-11T01:20:00.000Z,2026-07-11T01:59:59.999Z,1783735199999,2339,55.210991,0.00086,0.003125,0.003125,4.959157,0.197918,0.095368,52,4.001015,5.774213,0.753154,0.571574,7,0,1,true,CONTROLLING_SWING,335,308,1,1,1,1,BULLISH,UNKNOWN,true,2026-07-03T00:09:59.999Z,false,b3abc69122dff06810da153317799949d019d29e6c132efa83f71eac43cc9b90,HISTORICAL_TURNING_POINT_SIGNIFICANCE_V1,VALID,MEDIUM,STRONG_REVERSAL_WITH_STRUCTURAL_CHANGE,false,TURNING_SIGNIFICANCE_CONFIDENCE_NOT_HIGH,,e1962266a20c67182dc11859d0b68f1b166dd3beddb591727f4a92ce5cf917e0,fd12fe86b8ddf6b4fb10ea4930c9db056e16d868368f649b0f75a750ea908b00
DYNDW:SAME_PROCESS_WICK_V1:BTCUSDT:5m:LOW:1783735200000:1783744799999,DYNDPROC:BTCUSDT:5m:LOW:1783735800000:1783744799999,BTCUSDT,LOW,63950.1,63974,2026-07-11T02:00:00.000Z,2026-07-11T04:39:59.999Z,1783744799999,2371,62.455299,0.000976,0.002903,0.003,0.08326,0.0625,0.020815,4,3.083806,3.713056,0.23551,0.102794,30,2,5,true,LOCAL_SWING,336,309,4,5,4,5,UNKNOWN,BULLISH,true,2026-07-03T01:19:59.999Z,false,0d6c631788263db9b67938e89ab6a487db61d523a1290efda375680225fe9543,HISTORICAL_TURNING_POINT_SIGNIFICANCE_V1,WEAK,MEDIUM,LOCAL_REVERSAL_WITH_LIMITED_SIGNIFICANCE,false,TURNING_SIGNIFICANCE_WEAK,,e1962266a20c67182dc11859d0b68f1b166dd3beddb591727f4a92ce5cf917e0,de77211e7bc3c5e8959add6f2d6de51ec83568906058890b81c2a2db55fe9898
DYNDW:SAME_PROCESS_WICK_V1:BTCUSDT:5m:HIGH:1783780500000:1783784399999,DYNDPROC:BTCUSDT:5m:HIGH:1783780500000:1783784399999,BTCUSDT,HIGH,64497.4,64452.3,2026-07-11T14:35:00.000Z,2026-07-11T15:39:59.999Z,1783784399999,2503,44.332684,0.000688,0.002122,0.003,6.444455,0.124743,0.05326,121,8.224181,18.690499,0.495246,0.632629,13,1,2,true,INTERNAL,360,333,2,1,1,2,BULLISH,UNKNOWN,true,2026-07-03T00:09:59.999Z,false,5946a8a86484f6d0dfff673db2da8d54770933eccd36b068c803e8144ac86a32,HISTORICAL_TURNING_POINT_SIGNIFICANCE_V1,VALID,MEDIUM,STRONG_REVERSAL_WITH_STRUCTURAL_CHANGE,false,TURNING_SIGNIFICANCE_CONFIDENCE_NOT_HIGH,,e1962266a20c67182dc11859d0b68f1b166dd3beddb591727f4a92ce5cf917e0,b0f3a3c137edbad90041a825be7cd02f69b6d783e61b55f5cd330f741724cc51
DYNDW:SAME_PROCESS_WICK_V1:BTCUSDT:5m:LOW:1783784100000:1783790999999,DYNDPROC:BTCUSDT:5m:LOW:1783784700000:1783790999999,BTCUSDT,LOW,63668.8,64060.8,2026-07-11T15:35:00.000Z,2026-07-11T17:29:59.999Z,1783790999999,2525,108.048431,0.001687,0.002268,0.003,0.248962,1,0.082987,3,1.963934,6.962618,0.32259,0.093521,21,0,3,true,LOCAL_SWING,362,334,2,3,2,3,BULLISH,BEARISH,true,2026-07-03T01:19:59.999Z,false,de0cb130e612f8c3c8793da83cde66be2cb5784285311e733d30cbbff1e417e3,HISTORICAL_TURNING_POINT_SIGNIFICANCE_V1,VALID,MEDIUM,VALID_LOCAL_TURN_WITH_CLEAR_REVERSAL,false,TURNING_SIGNIFICANCE_CONFIDENCE_NOT_HIGH,,e1962266a20c67182dc11859d0b68f1b166dd3beddb591727f4a92ce5cf917e0,0a3181ef0570d8d0ebda367c5eff107a518bc0677099d75a7f03fbd9961b90ad
DYNDW:SAME_PROCESS_WICK_V1:BTCUSDT:5m:HIGH:1783802400000:1783809599999,DYNDPROC:BTCUSDT:5m:HIGH:1783803600000:1783809599999,BTCUSDT,HIGH,64438.9,64404.6,2026-07-11T20:40:00.000Z,2026-07-11T22:39:59.999Z,1783809599999,2587,36.668127,0.000569,0.002016,0.003,3.588948,0.141841,0.081567,44,5.986125,7.303346,0.4838,0.299306,20,2,2,true,LOCAL_SWING,369,342,4,5,5,4,BEARISH,BEARISH,true,2026-07-03T00:09:59.999Z,false,219a050aae30a407833dac4c49b4574dfa5aa9d6f36853d48f1dd9826da51724,HISTORICAL_TURNING_POINT_SIGNIFICANCE_V1,VALID,MEDIUM,VALID_LOCAL_TURN_WITH_CLEAR_REVERSAL,false,TURNING_SIGNIFICANCE_CONFIDENCE_NOT_HIGH,,e1962266a20c67182dc11859d0b68f1b166dd3beddb591727f4a92ce5cf917e0,610126190e9301264fa6b008c5972b66817cd4001f2b69c9b4a1c9ca7fddca43
DYNDW:SAME_PROCESS_WICK_V1:BTCUSDT:5m:LOW:1783816800000:1783818599999,DYNDPROC:BTCUSDT:5m:LOW:1783816500000:1783818599999,BTCUSDT,LOW,63657.4,63720.1,2026-07-12T00:40:00.000Z,2026-07-12T01:09:59.999Z,1783818599999,2617,92.280248,0.001448,0.002267,0.003,5.038998,0.35254,0.20156,25,2.18465,2.912866,0.865236,0.312093,7,0,1,true,CONTROLLING_SWING,376,350,1,1,1,1,BEARISH,UNKNOWN,true,2026-07-03T01:19:59.999Z,true,068661c796d85b6adb256bf9944873551bca6b4ab6122dfa2eee9729fb20f942,HISTORICAL_TURNING_POINT_SIGNIFICANCE_V1,VALID,MEDIUM,EFFICIENT_REVERSAL_FROM_EXTREME,false,TURNING_SIGNIFICANCE_CONFIDENCE_NOT_HIGH,,e1962266a20c67182dc11859d0b68f1b166dd3beddb591727f4a92ce5cf917e0,ddff85462e1d42f99cf480338dc6a8e0dff960d93bee1357b6a2f455ab6cb0c3
DYNDW:SAME_PROCESS_WICK_V1:BTCUSDT:5m:HIGH:1783828800000:1783830899999,DYNDPROC:BTCUSDT:5m:HIGH:1783828500000:1783830899999,BTCUSDT,HIGH,64238,64201.8,2026-07-12T04:00:00.000Z,2026-07-12T04:34:59.999Z,1783830899999,2658,56.933574,0.000887,0.002244,0.003,4.919768,0.288733,0.140565,35,3.776331,4.459583,0.985335,0.472041,8,0,1,true,INTERNAL,382,356,2,0,0,2,BULLISH,UNKNOWN,true,2026-07-03T00:09:59.999Z,false,2432cc2c758bcd048f938304becadc78ab754a113b2f01ba34e5ec51e61ebfdf,HISTORICAL_TURNING_POINT_SIGNIFICANCE_V1,VALID,MEDIUM,EFFICIENT_REVERSAL_FROM_EXTREME,false,TURNING_SIGNIFICANCE_CONFIDENCE_NOT_HIGH,,e1962266a20c67182dc11859d0b68f1b166dd3beddb591727f4a92ce5cf917e0,f3f59eee3de949296996b743db99fefc159440b09d02b662508f7a0a533c7635
DYNDW:SAME_PROCESS_WICK_V1:BTCUSDT:5m:LOW:1783837500000:1783841099999,DYNDPROC:BTCUSDT:5m:LOW:1783837500000:1783841099999,BTCUSDT,LOW,63602.8,63638.6,2026-07-12T06:25:00.000Z,2026-07-12T07:24:59.999Z,1783841099999,2692,60.386753,0.000949,0.002299,0.003,5.766165,0.495306,0.240257,24,3.540512,4.159853,0.658657,0.295043,12,0,2,true,INTERNAL,386,359,2,2,2,2,BEARISH,BEARISH,true,2026-07-03T01:19:59.999Z,false,fd8bfe09269373cffdc54ebb3b1526fa6dfcb16694baf4346fae77f824ce029c,HISTORICAL_TURNING_POINT_SIGNIFICANCE_V1,VALID,MEDIUM,VALID_LOCAL_TURN_WITH_CLEAR_REVERSAL,false,TURNING_SIGNIFICANCE_CONFIDENCE_NOT_HIGH,,e1962266a20c67182dc11859d0b68f1b166dd3beddb591727f4a92ce5cf917e0,dc98cde2117efac40babb26a52b8b5ba1326391f1a71735aaa8cafcbf4db69fd
DYNDW:SAME_PROCESS_WICK_V1:BTCUSDT:5m:HIGH:1783843500000:1783847999999,DYNDPROC:BTCUSDT:5m:HIGH:1783843800000:1783847999999,BTCUSDT,HIGH,64083.7,64021.5,2026-07-12T08:05:00.000Z,2026-07-12T09:19:59.999Z,1783847999999,2715,58.626461,0.000916,0.002338,0.003,2.884363,0.631677,0.262215,11,3.527417,4.982392,0.64909,0.251958,14,0,2,true,LOCAL_SWING,389,362,2,2,2,2,BEARISH,BULLISH,true,2026-07-03T00:09:59.999Z,false,e57a2d95e663ffc8d84dac4d99ef5096309d2baa902d3daf0a726cae0c97f821,HISTORICAL_TURNING_POINT_SIGNIFICANCE_V1,VALID,MEDIUM,STRONG_REVERSAL_WITH_STRUCTURAL_CHANGE,false,TURNING_SIGNIFICANCE_CONFIDENCE_NOT_HIGH,,e1962266a20c67182dc11859d0b68f1b166dd3beddb591727f4a92ce5cf917e0,1dce5aac7f4c3d03359f93e217b78333a9383c72c157295d62da89803774eadb
DYNDW:SAME_PROCESS_WICK_V1:BTCUSDT:5m:LOW:1783848000000:1783849499999,DYNDPROC:BTCUSDT:5m:LOW:1783848000000:1783849499999,BTCUSDT,LOW,63730.7,63748.3,2026-07-12T09:20:00.000Z,2026-07-12T09:44:59.999Z,1783849499999,2720,52.641339,0.000826,0.002366,0.003,1.261366,1,0.630683,2,4.333096,5.579265,1,0.866619,5,0,1,true,LOCAL_SWING,391,364,0,1,0,1,BULLISH,BULLISH,true,2026-07-03T01:19:59.999Z,false,18e9cf49d27960cd29b7508c85590a304fe9328e200f3b0c7e7eef35474b32a3,HISTORICAL_TURNING_POINT_SIGNIFICANCE_V1,VALID,MEDIUM,VALID_LOCAL_TURN_WITH_CLEAR_REVERSAL,false,TURNING_SIGNIFICANCE_CONFIDENCE_NOT_HIGH,,e1962266a20c67182dc11859d0b68f1b166dd3beddb591727f4a92ce5cf917e0,a3e514191877ae25ef222e216f0c79ebf78081d9f3c2b691df567b3e67f834be
DYNDW:SAME_PROCESS_WICK_V1:BTCUSDT:5m:HIGH:1783867800000:1783879799999,DYNDPROC:BTCUSDT:5m:HIGH:1783869900000:1783879799999,BTCUSDT,HIGH,64271.9,64194.2,2026-07-12T14:50:00.000Z,2026-07-12T18:09:59.999Z,1783879799999,2821,54.925958,0.000856,0.002433,0.003,3.965338,0.121635,0.056648,70,3.628521,5.257987,0.206893,0.109955,33,2,4,true,INTERNAL,401,373,8,8,8,8,BULLISH,BULLISH,true,2026-07-03T00:09:59.999Z,false,83143e0a392f033ad87309144c05de1186c3e479427cc272b79e5f019e3039cd,HISTORICAL_TURNING_POINT_SIGNIFICANCE_V1,WEAK,MEDIUM,LOCAL_REVERSAL_WITH_LIMITED_SIGNIFICANCE,false,TURNING_SIGNIFICANCE_WEAK,,e1962266a20c67182dc11859d0b68f1b166dd3beddb591727f4a92ce5cf917e0,f33f6b84e78b227c03c78ed5e2ee42517bb12164ba1434b9a44f524f0f7f59b2
DYNDW:SAME_PROCESS_WICK_V1:BTCUSDT:5m:LOW:1783880700000:1783886099999,DYNDPROC:BTCUSDT:5m:LOW:1783879500000:1783886099999,BTCUSDT,LOW,63985.1,63994.9,2026-07-12T18:25:00.000Z,2026-07-12T19:54:59.999Z,1783886099999,2842,46.786241,0.000731,0.002235,0.003,0,,0,1,4.597505,5.619173,0.499188,0.208978,22,1,4,true,INTERNAL,409,382,3,2,3,2,BULLISH,BULLISH,true,2026-07-03T01:19:59.999Z,false,22f5083f925829a839024afcd17c775cbf99c4a703efb3e2de15d56875fe4138,HISTORICAL_TURNING_POINT_SIGNIFICANCE_V1,VALID,MEDIUM,VALID_LOCAL_TURN_WITH_CLEAR_REVERSAL,false,TURNING_SIGNIFICANCE_CONFIDENCE_NOT_HIGH,,e1962266a20c67182dc11859d0b68f1b166dd3beddb591727f4a92ce5cf917e0,37d1266b53c2c9466a35a6dc07294f04078dfb9f1e964ec942679730d4a2bb28
DYNDW:SAME_PROCESS_WICK_V1:BTCUSDT:5m:HIGH:1783885800000:1783892699999,DYNDPROC:BTCUSDT:5m:HIGH:1783885800000:1783892699999,BTCUSDT,HIGH,64248,64210,2026-07-12T19:50:00.000Z,2026-07-12T21:44:59.999Z,1783892699999,2864,37.908095,0.00059,0.002218,0.003,0,,0,1,5.13083,6.805934,0.463868,0.22308,23,1,3,true,INTERNAL,412,384,3,3,3,3,BULLISH,BEARISH,true,2026-07-03T00:09:59.999Z,true,94f6de1da699d5518b32f53f2b7c3b42a0e362bef56c08f6a40282ee06851841,HISTORICAL_TURNING_POINT_SIGNIFICANCE_V1,VALID,MEDIUM,STRONG_REVERSAL_WITH_STRUCTURAL_CHANGE,false,TURNING_SIGNIFICANCE_CONFIDENCE_NOT_HIGH,,e1962266a20c67182dc11859d0b68f1b166dd3beddb591727f4a92ce5cf917e0,705f6a7d216534b81abee8f2cf11b454dafdfd3514f7f781988410ea90bc6c19
DYNDW:SAME_PROCESS_WICK_V1:BTCUSDT:5m:LOW:1783894800000:1783897199999,DYNDPROC:BTCUSDT:5m:LOW:1783894500000:1783897199999,BTCUSDT,LOW,63634.1,63660.8,2026-07-12T22:20:00.000Z,2026-07-12T22:59:59.999Z,1783897199999,2879,73.341082,0.001152,0.002345,0.003,4.836307,0.638064,0.604538,8,2.647902,3.568259,0.429076,0.294211,9,1,2,true,INTERNAL,415,388,1,2,1,2,BEARISH,BEARISH,true,2026-07-03T01:19:59.999Z,false,f283133dd86039c409bda2328576aa2f923fff76823a2e6b3b6063e380423b52,HISTORICAL_TURNING_POINT_SIGNIFICANCE_V1,VALID,MEDIUM,VALID_LOCAL_TURN_WITH_CLEAR_REVERSAL,false,TURNING_SIGNIFICANCE_CONFIDENCE_NOT_HIGH,,e1962266a20c67182dc11859d0b68f1b166dd3beddb591727f4a92ce5cf917e0,8910b448fb65e41ee2844e9c3198a5f0dac8a1f4906b144392a4d0f01c30e496
DYNDW:SAME_PROCESS_WICK_V1:BTCUSDT:5m:HIGH:1783901700000:1783902899999,DYNDPROC:BTCUSDT:5m:HIGH:1783901400000:1783902899999,BTCUSDT,HIGH,64411.8,64269.9,2026-07-13T00:15:00.000Z,2026-07-13T00:34:59.999Z,1783902899999,2898,104.572872,0.001627,0.002391,0.003,3.967568,0.429904,0.247973,16,2.092321,3.564022,1,0.418464,5,0,1,true,LOCAL_SWING,418,393,1,0,0,1,BEARISH,BEARISH,true,2026-07-03T00:09:59.999Z,false,ded7bada2142e3ef8ba09061154e7fb3915f13ab76f0492963be4adf29514513,HISTORICAL_TURNING_POINT_SIGNIFICANCE_V1,VALID,MEDIUM,VALID_LOCAL_TURN_WITH_CLEAR_REVERSAL,false,TURNING_SIGNIFICANCE_CONFIDENCE_NOT_HIGH,,e1962266a20c67182dc11859d0b68f1b166dd3beddb591727f4a92ce5cf917e0,118b16487e4773b5e8d3a1736168def9feaced346794d6e6ade4146b2fbc8766
DYNDW:SAME_PROCESS_WICK_V1:BTCUSDT:5m:LOW:1783903200000:1783904099999,DYNDPROC:BTCUSDT:5m:LOW:1783902900000:1783904099999,BTCUSDT,LOW,63538,63726.8,2026-07-13T00:40:00.000Z,2026-07-13T00:54:59.999Z,1783904099999,2902,134.51883,0.002111,0.002625,0.003,2.410815,1,1.205407,2,1.882264,3.700597,1,0.470566,4,0,1,true,CONTROLLING_SWING,419,393,0,1,0,1,BEARISH,BEARISH,true,2026-07-03T01:19:59.999Z,false,ee06ed6bdbbb29cc0aeb6f564654a25c259f185bf7a1f4942d368edc3f940b9e,HISTORICAL_TURNING_POINT_SIGNIFICANCE_V1,VALID,MEDIUM,VALID_LOCAL_TURN_WITH_CLEAR_REVERSAL,false,TURNING_SIGNIFICANCE_CONFIDENCE_NOT_HIGH,,e1962266a20c67182dc11859d0b68f1b166dd3beddb591727f4a92ce5cf917e0,7159a80687074acaaa1150838c0fb3601c7b4641bc8e06e92b4df032847c8d22
DYNDW:SAME_PROCESS_WICK_V1:BTCUSDT:5m:HIGH:1783904100000:1783904999999,DYNDPROC:BTCUSDT:5m:HIGH:1783904100000:1783904999999,BTCUSDT,HIGH,64106,64041.8,2026-07-13T00:55:00.000Z,2026-07-13T01:09:59.999Z,1783904999999,2905,151.288999,0.002362,0.002674,0.003,0.40849,1,0.204245,2,2.339232,2.78738,1,0.779744,3,0,1,true,LOCAL_SWING,419,394,1,0,0,1,BEARISH,BEARISH,true,2026-07-03T00:09:59.999Z,false,1ce41318cd6e27b1a9b691f1a0cab32eddfa8ce7b21104d0325d9c357b6a371f,HISTORICAL_TURNING_POINT_SIGNIFICANCE_V1,WEAK,MEDIUM,LOCAL_REVERSAL_WITH_LIMITED_SIGNIFICANCE,false,TURNING_SIGNIFICANCE_WEAK,,e1962266a20c67182dc11859d0b68f1b166dd3beddb591727f4a92ce5cf917e0,7bd5b6e2a6fa0ff7a20da37cf2f60c502eeb48b4e2d540b2a71d18a4cac3f87f
DYNDW:SAME_PROCESS_WICK_V1:BTCUSDT:5m:LOW:1783918800000:1783927499999,DYNDPROC:BTCUSDT:5m:LOW:1783920300000:1783927499999,BTCUSDT,LOW,62434.9,62607.6,2026-07-13T05:00:00.000Z,2026-07-13T07:24:59.999Z,1783927499999,2980,123.390835,0.001971,0.003403,0.003403,8.755107,0.314397,0.165191,53,2.423195,3.87387,0.345905,0.100966,24,1,3,true,INTERNAL,426,402,5,5,5,5,BEARISH,UNKNOWN,true,2026-07-03T01:19:59.999Z,true,94de088aaf5060e817cd07034f588363e70de0022976a81ab0cec30190ac2c8e,HISTORICAL_TURNING_POINT_SIGNIFICANCE_V1,VALID,MEDIUM,VALID_LOCAL_TURN_WITH_CLEAR_REVERSAL,false,TURNING_SIGNIFICANCE_CONFIDENCE_NOT_HIGH,,e1962266a20c67182dc11859d0b68f1b166dd3beddb591727f4a92ce5cf917e0,e398fe26b949c2927dd873ca065cadfc576ede5028ba4076de36de796ff48340
DYNDW:SAME_PROCESS_WICK_V1:BTCUSDT:5m:HIGH:1783932600000:1783939499999,DYNDPROC:BTCUSDT:5m:HIGH:1783932900000:1783939499999,BTCUSDT,HIGH,63260,63174.9,2026-07-13T08:50:00.000Z,2026-07-13T10:44:59.999Z,1783939499999,3020,79.380543,0.001257,0.00348,0.00348,3.379921,0.397187,0.168996,20,3.313154,4.871471,0.623223,0.150598,22,0,2,true,INTERNAL,433,410,3,2,2,3,BULLISH,BULLISH,true,2026-07-03T00:09:59.999Z,false,1a280effc35d864f99c2255c0a8e037e605bf293712d2c09ea455dddc4abd635,HISTORICAL_TURNING_POINT_SIGNIFICANCE_V1,VALID,MEDIUM,STRONG_REVERSAL_WITH_STRUCTURAL_CHANGE,false,TURNING_SIGNIFICANCE_CONFIDENCE_NOT_HIGH,,e1962266a20c67182dc11859d0b68f1b166dd3beddb591727f4a92ce5cf917e0,58edd293ab47bc5ac68f3c73c324d113c1dc8660f44330b027829fbaaa61d012
DYNDW:SAME_PROCESS_WICK_V1:BTCUSDT:5m:LOW:1783940100000:1783940999999,DYNDPROC:BTCUSDT:5m:LOW:1783940100000:1783940999999,BTCUSDT,LOW,62834.4,62844.6,2026-07-13T10:55:00.000Z,2026-07-13T11:09:59.999Z,1783940999999,3025,54.664532,0.00087,0.003485,0.003485,1.231146,0.656585,0.307786,4,4.664816,5.15325,1,1.554939,3,0,1,true,LOCAL_SWING,436,412,0,1,0,1,BULLISH,BULLISH,true,2026-07-03T01:19:59.999Z,false,a88d74317dc5bc6401790a17ea5ac70f5c0d3642716448cd144cf291a22e8883,HISTORICAL_TURNING_POINT_SIGNIFICANCE_V1,VALID,MEDIUM,VALID_LOCAL_TURN_WITH_CLEAR_REVERSAL,false,TURNING_SIGNIFICANCE_CONFIDENCE_NOT_HIGH,,e1962266a20c67182dc11859d0b68f1b166dd3beddb591727f4a92ce5cf917e0,b263cb63682745089f3a2aa6967cb35237c2e7a0b76898f6114c011c3e8f22c8
DYNDW:SAME_PROCESS_WICK_V1:BTCUSDT:5m:HIGH:1783940700000:1783944299999,DYNDPROC:BTCUSDT:5m:HIGH:1783940700000:1783944299999,BTCUSDT,HIGH,63116.1,63099.6,2026-07-13T11:05:00.000Z,2026-07-13T12:04:59.999Z,1783944299999,3036,68.518398,0.001086,0.003534,0.003534,0,,0,1,3.434114,3.810655,0.809426,0.286176,12,0,2,true,INTERNAL,436,413,1,0,0,1,BULLISH,BEARISH,true,2026-07-03T00:09:59.999Z,false,f66d5389e18c9e5a6c9c4a660f230510aec36a05b8175658c1d5844e98020479,HISTORICAL_TURNING_POINT_SIGNIFICANCE_V1,VALID,MEDIUM,VALID_LOCAL_TURN_WITH_CLEAR_REVERSAL,false,TURNING_SIGNIFICANCE_CONFIDENCE_NOT_HIGH,,e1962266a20c67182dc11859d0b68f1b166dd3beddb591727f4a92ce5cf917e0,0b16ebc59c46e67866e1f830811fbcde706ed18d26e82587a80dd2cf74ce4f96
DYNDW:SAME_PROCESS_WICK_V1:BTCUSDT:5m:LOW:1783948800000:1783949699999,DYNDPROC:BTCUSDT:5m:LOW:1783948500000:1783949699999,BTCUSDT,LOW,62350.1,62451.2,2026-07-13T13:20:00.000Z,2026-07-13T13:34:59.999Z,1783949699999,3054,74.475643,0.001193,0.003546,0.003546,5.54678,0.764575,0.346674,16,3.150023,5.084884,0.894055,0.787506,4,0,1,true,CONTROLLING_SWING,439,416,0,1,0,1,BEARISH,UNKNOWN,true,2026-07-03T01:19:59.999Z,false,95a4085a2cda22a936a0136e322f5688a4f78d7fd9e060866351104718dcb983,HISTORICAL_TURNING_POINT_SIGNIFICANCE_V1,VALID,MEDIUM,EFFICIENT_REVERSAL_FROM_EXTREME,false,TURNING_SIGNIFICANCE_CONFIDENCE_NOT_HIGH,,e1962266a20c67182dc11859d0b68f1b166dd3beddb591727f4a92ce5cf917e0,cdd0614bfc49b34a3cc0a22cf66f7c9a0ad4186fcaf46d1e5e1938c91d09f962
DYNDW:SAME_PROCESS_WICK_V1:BTCUSDT:5m:HIGH:1783949700000:1783950299999,DYNDPROC:BTCUSDT:5m:HIGH:1783949400000:1783950299999,BTCUSDT,HIGH,62752.4,62685.8,2026-07-13T13:35:00.000Z,2026-07-13T13:44:59.999Z,1783950299999,3056,93.055571,0.001484,0.003601,0.003601,0,,0,1,4.109372,5.652536,1,1.369791,3,0,1,false,,439,417,0,0,0,0,UNKNOWN,BEARISH,true,2026-07-03T00:09:59.999Z,false,80147952043790e8d3c12ad25e26dc3297e74e78fef60378cd0ed77c89bf75dc,HISTORICAL_TURNING_POINT_SIGNIFICANCE_V1,WEAK,MEDIUM,LOCAL_REVERSAL_WITH_LIMITED_SIGNIFICANCE,false,TURNING_SIGNIFICANCE_WEAK,,e1962266a20c67182dc11859d0b68f1b166dd3beddb591727f4a92ce5cf917e0,756a442e846e9beaecaf06b28764f587821c37c1e6a969d760a045ff51a2c7d8
DYNDW:SAME_PROCESS_WICK_V1:BTCUSDT:5m:LOW:1783952100000:1783952399999,DYNDPROC:BTCUSDT:5m:LOW:1783950600000:1783952399999,BTCUSDT,LOW,62061.3,62214.8,2026-07-13T14:15:00.000Z,2026-07-13T14:19:59.999Z,1783952399999,3063,128.160807,0.00206,0.003718,0.003718,0.691319,1,0.23044,3,1.826611,3.138245,0.767793,0.304435,6,0,1,false,,440,418,0,0,0,0,BEARISH,BEARISH,true,2026-07-03T01:19:59.999Z,false,47d84001cd169592688dd6b3ba786c088c0e18dc7cc48d3745b34d04394d33ac,HISTORICAL_TURNING_POINT_SIGNIFICANCE_V1,VALID,MEDIUM,VALID_LOCAL_TURN_WITH_CLEAR_REVERSAL,false,TURNING_SIGNIFICANCE_CONFIDENCE_NOT_HIGH,,e1962266a20c67182dc11859d0b68f1b166dd3beddb591727f4a92ce5cf917e0,1419090757276b758695712cea65b50bf3e53e02f9acb272b68ce618524762f7
DYNDW:SAME_PROCESS_WICK_V1:BTCUSDT:5m:HIGH:1783955700000:1783957199999,DYNDPROC:BTCUSDT:5m:HIGH:1783955700000:1783957199999,BTCUSDT,HIGH,62965,62886.3,2026-07-13T15:15:00.000Z,2026-07-13T15:39:59.999Z,1783957199999,3079,149.630648,0.002379,0.003854,0.003854,2.923198,0.478661,0.224861,13,1.678132,2.226148,1,0.335626,5,0,1,true,CONTROLLING_SWING,442,419,1,0,0,1,BULLISH,BULLISH,true,2026-07-03T00:09:59.999Z,false,52069b5d86760c147c4d91b7dcbaa61a3e09ce16239cc6023785d6e88389391b,HISTORICAL_TURNING_POINT_SIGNIFICANCE_V1,VALID,MEDIUM,STRONG_REVERSAL_WITH_STRUCTURAL_CHANGE,false,TURNING_SIGNIFICANCE_CONFIDENCE_NOT_HIGH,,e1962266a20c67182dc11859d0b68f1b166dd3beddb591727f4a92ce5cf917e0,7c8611db0d40032586108e29210924fee163e1b4f9588f84b19f7a97cf2ce6c2
DYNDW:SAME_PROCESS_WICK_V1:BTCUSDT:5m:LOW:1783966800000:1783971299999,DYNDPROC:BTCUSDT:5m:LOW:1783966500000:1783971299999,BTCUSDT,LOW,61806,61845,2026-07-13T18:20:00.000Z,2026-07-13T19:34:59.999Z,1783971299999,3126,105.47484,0.001705,0.003946,0.003946,7.491834,0.557736,0.227025,33,2.606309,2.976065,0.398002,0.162894,16,0,3,true,LOCAL_SWING,448,424,3,2,3,2,BULLISH,BULLISH,true,2026-07-03T01:19:59.999Z,false,a71b6869d654c17a16759db74429e2d1ff605d0981c61d0f605d49e2196c98c3,HISTORICAL_TURNING_POINT_SIGNIFICANCE_V1,VALID,MEDIUM,VALID_LOCAL_TURN_WITH_CLEAR_REVERSAL,false,TURNING_SIGNIFICANCE_CONFIDENCE_NOT_HIGH,,e1962266a20c67182dc11859d0b68f1b166dd3beddb591727f4a92ce5cf917e0,0d905fd1e487297ea00ea63178f8aca098891f9684cac59697f4be823e4db6ba
DYNDW:SAME_PROCESS_WICK_V1:BTCUSDT:5m:HIGH:1783973100000:1783978199999,DYNDPROC:BTCUSDT:5m:HIGH:1783972800000:1783978199999,BTCUSDT,HIGH,62299,62272.2,2026-07-13T20:05:00.000Z,2026-07-13T21:29:59.999Z,1783978199999,3149,80.482546,0.001292,0.00402,0.00402,1.892336,0.64452,0.270334,7,3.306307,4.199668,0.356942,0.183684,18,2,3,true,LOCAL_SWING,451,426,3,3,3,3,BULLISH,BULLISH,true,2026-07-03T00:09:59.999Z,false,66eeaddf1dbdb95819b49d19cd3591ffa47c67b5c537640f43ede92d42ce2d22,HISTORICAL_TURNING_POINT_SIGNIFICANCE_V1,VALID,MEDIUM,VALID_LOCAL_TURN_WITH_CLEAR_REVERSAL,false,TURNING_SIGNIFICANCE_CONFIDENCE_NOT_HIGH,,e1962266a20c67182dc11859d0b68f1b166dd3beddb591727f4a92ce5cf917e0,a452215dd6b4409735d14d7b2e5dc5c4cad1a5e52fc74293f84e51ca8afba9e8
DYNDW:SAME_PROCESS_WICK_V1:BTCUSDT:5m:LOW:1783983600000:1783985099999,DYNDPROC:BTCUSDT:5m:LOW:1783983300000:1783985099999,BTCUSDT,LOW,61854.5,61897.9,2026-07-13T23:00:00.000Z,2026-07-13T23:24:59.999Z,1783985099999,3172,76.418598,0.001235,0.003996,0.003996,1.415886,0.157267,0.07452,19,3.255752,4.084084,1,0.542625,6,0,1,true,LOCAL_SWING,457,430,0,1,0,1,BULLISH,BULLISH,true,2026-07-03T01:19:59.999Z,false,4ee85be2964f9da9106ee1226c801b028f2f9cab09f1c07e9f826a606e5c705f,HISTORICAL_TURNING_POINT_SIGNIFICANCE_V1,VALID,MEDIUM,VALID_LOCAL_TURN_WITH_CLEAR_REVERSAL,false,TURNING_SIGNIFICANCE_CONFIDENCE_NOT_HIGH,,e1962266a20c67182dc11859d0b68f1b166dd3beddb591727f4a92ce5cf917e0,25836cb0891cdf41ef2c8777c70f614eae5636c3a46cb464be59cf62c661ac10
DYNDW:SAME_PROCESS_WICK_V1:BTCUSDT:5m:HIGH:1783990500000:1783996199999,DYNDPROC:BTCUSDT:5m:HIGH:1783992000000:1783996199999,BTCUSDT,HIGH,62639.3,62588.5,2026-07-14T00:55:00.000Z,2026-07-14T02:29:59.999Z,1783996199999,3209,99.795767,0.001594,0.003646,0.003646,4.427041,0.390007,0.177082,25,2.477059,3.531212,0.590258,0.176933,14,0,2,true,LOCAL_SWING,460,435,3,2,2,3,BULLISH,BULLISH,true,2026-07-03T00:09:59.999Z,false,f69e8c33269e3658a570c9869e08132cf6f419589c863d19340fb60ea73c143b,HISTORICAL_TURNING_POINT_SIGNIFICANCE_V1,VALID,MEDIUM,VALID_LOCAL_TURN_WITH_CLEAR_REVERSAL,false,TURNING_SIGNIFICANCE_CONFIDENCE_NOT_HIGH,,e1962266a20c67182dc11859d0b68f1b166dd3beddb591727f4a92ce5cf917e0,3e7cdb08a0bf53f6b95bc69fd787b15902897d6006cc6660cd904be1abaf7902
DYNDW:SAME_PROCESS_WICK_V1:BTCUSDT:5m:LOW:1783995900000:1783997399999,DYNDPROC:BTCUSDT:5m:LOW:1783995900000:1783997399999,BTCUSDT,LOW,62286.9,62341.3,2026-07-14T02:25:00.000Z,2026-07-14T02:49:59.999Z,1783997399999,3213,86.446115,0.001387,0.00351,0.00351,0,,0,1,2.588896,3.737588,1,0.517779,5,0,1,true,LOCAL_SWING,463,437,0,1,0,1,BULLISH,BULLISH,true,2026-07-03T01:19:59.999Z,false,f9f011b0f0f1a02d2ffc843542473e228bbeb551f3db38fb83183499295e056f,HISTORICAL_TURNING_POINT_SIGNIFICANCE_V1,WEAK,MEDIUM,LOCAL_REVERSAL_WITH_LIMITED_SIGNIFICANCE,false,TURNING_SIGNIFICANCE_WEAK,,e1962266a20c67182dc11859d0b68f1b166dd3beddb591727f4a92ce5cf917e0,ee45f0803bbfea2144963d637ad7220eb8562b0b5edd7ccab731907d62d44991
DYNDW:SAME_PROCESS_WICK_V1:BTCUSDT:5m:HIGH:1783997100000:1783999499999,DYNDPROC:BTCUSDT:5m:HIGH:1783997100000:1783999499999,BTCUSDT,HIGH,62610,62565.1,2026-07-14T02:45:00.000Z,2026-07-14T03:24:59.999Z,1783999499999,3220,84.420067,0.001349,0.003536,0.003536,0,,0,1,2.642737,3.920869,0.738497,0.330342,8,0,1,true,LOCAL_SWING,463,438,1,0,0,1,BULLISH,BULLISH,true,2026-07-03T00:09:59.999Z,false,793dd2a8b06b3b4c6a23c01d49bd3269023421bcfcf497cecc011f1dec72fd77,HISTORICAL_TURNING_POINT_SIGNIFICANCE_V1,WEAK,MEDIUM,LOCAL_REVERSAL_WITH_LIMITED_SIGNIFICANCE,false,TURNING_SIGNIFICANCE_WEAK,,e1962266a20c67182dc11859d0b68f1b166dd3beddb591727f4a92ce5cf917e0,437bbf2f7334d4be7616294c30c9652d192e8c5ead2bd01f7544bc7d8eb3a2eb
DYNDW:SAME_PROCESS_WICK_V1:BTCUSDT:5m:LOW:1783999200000:1784001899999,DYNDPROC:BTCUSDT:5m:LOW:1783999200000:1784001899999,BTCUSDT,LOW,62279,62342,2026-07-14T03:20:00.000Z,2026-07-14T04:04:59.999Z,1784001899999,3228,84.834227,0.001361,0.003427,0.003427,0,,0,1,2.916276,3.724912,0.573748,0.324031,9,0,2,true,LOCAL_SWING,464,438,1,1,1,1,BULLISH,BULLISH,true,2026-07-03T01:19:59.999Z,false,c8e1da5f45a6781e5b89441f30bcfcc8f53d936f96809bde253106fbbe8057d4,HISTORICAL_TURNING_POINT_SIGNIFICANCE_V1,VALID,MEDIUM,VALID_LOCAL_TURN_WITH_CLEAR_REVERSAL,false,TURNING_SIGNIFICANCE_CONFIDENCE_NOT_HIGH,,e1962266a20c67182dc11859d0b68f1b166dd3beddb591727f4a92ce5cf917e0,d0dc3441f67a7688cb151129953f6dd37a3fdc01d21ab20e85aab82bb6b9d760
DYNDW:SAME_PROCESS_WICK_V1:BTCUSDT:5m:HIGH:1784007000000:1784012099999,DYNDPROC:BTCUSDT:5m:HIGH:1784006400000:1784012099999,BTCUSDT,HIGH,62848,62821,2026-07-14T05:30:00.000Z,2026-07-14T06:54:59.999Z,1784012099999,3262,72.491108,0.001154,0.003233,0.003233,3.194875,0.404895,0.187934,17,3.20591,3.593544,0.443511,0.168732,19,1,4,true,CONTROLLING_SWING,468,442,2,2,2,2,BULLISH,BULLISH,true,2026-07-03T00:09:59.999Z,false,0ca049f76501d99d5310e3932115c83f794b4e0f7902d4c9d18ffaae29336b41,HISTORICAL_TURNING_POINT_SIGNIFICANCE_V1,VALID,MEDIUM,STRONG_REVERSAL_WITH_STRUCTURAL_CHANGE,false,TURNING_SIGNIFICANCE_CONFIDENCE_NOT_HIGH,,e1962266a20c67182dc11859d0b68f1b166dd3beddb591727f4a92ce5cf917e0,d2dea4b33805bce8627d0e18391ef92e4330cf5c0b1070c7b16ca03c6a7a2255
DYNDW:SAME_PROCESS_WICK_V1:BTCUSDT:5m:LOW:1784016000000:1784018399999,DYNDPROC:BTCUSDT:5m:LOW:1784016300000:1784018399999,BTCUSDT,LOW,62458.3,62491.9,2026-07-14T08:00:00.000Z,2026-07-14T08:39:59.999Z,1784018399999,3283,61.078715,0.000977,0.003136,0.003136,1.583203,0.319037,0.09895,16,3.832759,4.513847,0.803087,0.547537,7,0,1,true,LOCAL_SWING,472,447,0,1,0,1,BULLISH,BULLISH,true,2026-07-03T01:19:59.999Z,false,fb189eef92f1586267cc88c061726ebb3ac4796a5c9af8c431b20784f2e243a5,HISTORICAL_TURNING_POINT_SIGNIFICANCE_V1,VALID,MEDIUM,EFFICIENT_REVERSAL_FROM_EXTREME,false,TURNING_SIGNIFICANCE_CONFIDENCE_NOT_HIGH,,e1962266a20c67182dc11859d0b68f1b166dd3beddb591727f4a92ce5cf917e0,8875a15af5cdd63b3ee8c745a61c6b02ea97fdb2ec7d4fe473b2b0e72fb1b277
DYNDW:SAME_PROCESS_WICK_V1:BTCUSDT:5m:HIGH:1784018400000:1784022299999,DYNDPROC:BTCUSDT:5m:HIGH:1784018400000:1784022299999,BTCUSDT,HIGH,62780,62749.9,2026-07-14T08:40:00.000Z,2026-07-14T09:44:59.999Z,1784022299999,3296,65.401212,0.001042,0.003146,0.003146,0.365437,1,0.182718,2,3.305749,4.146712,0.652778,0.254288,13,0,3,true,CONTROLLING_SWING,472,448,2,1,1,2,BULLISH,BULLISH,true,2026-07-03T00:09:59.999Z,false,634c71e0605f618cb052652ed88c99d0bede3e7083b566602036b6e0ecfdc9e8,HISTORICAL_TURNING_POINT_SIGNIFICANCE_V1,VALID,MEDIUM,STRONG_REVERSAL_WITH_STRUCTURAL_CHANGE,false,TURNING_SIGNIFICANCE_CONFIDENCE_NOT_HIGH,,e1962266a20c67182dc11859d0b68f1b166dd3beddb591727f4a92ce5cf917e0,80c4d261a03a34eb620e73cdbe86bf32f11be07a0c7ad169f5d7929f6bcb7bb7
DYNDW:SAME_PROCESS_WICK_V1:BTCUSDT:5m:LOW:1784022300000:1784025899999,DYNDPROC:BTCUSDT:5m:LOW:1784022000000:1784025899999,BTCUSDT,LOW,62502.3,62533.7,2026-07-14T09:45:00.000Z,2026-07-14T10:44:59.999Z,1784025899999,3308,63.020894,0.001008,0.003156,0.003156,0,,0,1,3.952657,4.538177,0.510765,0.304051,13,1,2,true,LOCAL_SWING,474,449,1,2,1,2,BULLISH,BULLISH,true,2026-07-03T01:19:59.999Z,false,a418fcc1afbc025032bbedc3556917180697baebfb5754532d7522821754a120,HISTORICAL_TURNING_POINT_SIGNIFICANCE_V1,WEAK,MEDIUM,LOCAL_REVERSAL_WITH_LIMITED_SIGNIFICANCE,false,TURNING_SIGNIFICANCE_WEAK,,e1962266a20c67182dc11859d0b68f1b166dd3beddb591727f4a92ce5cf917e0,3b7651ab788ac00a36caa406b677280028ee92646b53878cc5fb8f553b81fa40
DYNDW:SAME_PROCESS_WICK_V1:BTCUSDT:5m:HIGH:1784035200000:1784036099999,DYNDPROC:BTCUSDT:5m:HIGH:1784035200000:1784036099999,BTCUSDT,HIGH,64162.2,64086,2026-07-14T13:20:00.000Z,2026-07-14T13:34:59.999Z,1784036099999,3342,159.055124,0.002482,0.003762,0.003762,8.193386,0.504412,0.248284,33,1.899342,2.472728,1,0.633114,3,0,1,true,CONTROLLING_SWING,479,454,1,0,0,1,BULLISH,BULLISH,true,2026-07-03T00:09:59.999Z,true,32d4d2440585c0f0c8bb018c72f92e43907cc88e2c25a4da3057926bc1004dac,HISTORICAL_TURNING_POINT_SIGNIFICANCE_V1,VALID,MEDIUM,VALID_LOCAL_TURN_WITH_CLEAR_REVERSAL,false,TURNING_SIGNIFICANCE_CONFIDENCE_NOT_HIGH,,e1962266a20c67182dc11859d0b68f1b166dd3beddb591727f4a92ce5cf917e0,808534736a18a6e61b4b81a8f8a923eeb0f12a35812cc78687653c72b0c3f1a9
DYNDW:SAME_PROCESS_WICK_V1:BTCUSDT:5m:LOW:1784037600000:1784038499999,DYNDPROC:BTCUSDT:5m:LOW:1784037600000:1784038499999,BTCUSDT,LOW,63550,63582.7,2026-07-14T14:00:00.000Z,2026-07-14T14:14:59.999Z,1784038499999,3350,176.486205,0.002776,0.003744,0.003744,1.140032,0.412633,0.162862,7,1.495301,1.717981,1,0.498434,3,0,1,true,LOCAL_SWING,480,455,0,1,0,1,BULLISH,BULLISH,true,2026-07-03T01:19:59.999Z,false,eb0ec9d95564f8a70cd254e1ad51b284ec1c7e6cc2864dcd2a5a0f698c22278a,HISTORICAL_TURNING_POINT_SIGNIFICANCE_V1,VALID,MEDIUM,VALID_LOCAL_TURN_WITH_CLEAR_REVERSAL,false,TURNING_SIGNIFICANCE_CONFIDENCE_NOT_HIGH,,e1962266a20c67182dc11859d0b68f1b166dd3beddb591727f4a92ce5cf917e0,beeb2bbd3355b503eae610f89b8dc977cc99a52a0fd4e9a1d3b322447af432d8
DYNDW:SAME_PROCESS_WICK_V1:BTCUSDT:5m:HIGH:1784043000000:1784044499999,DYNDPROC:BTCUSDT:5m:HIGH:1784043000000:1784044499999,BTCUSDT,HIGH,64950,64845.4,2026-07-14T15:30:00.000Z,2026-07-14T15:54:59.999Z,1784044499999,3370,195.107242,0.003009,0.004004,0.004004,5.119236,0.617534,0.301132,17,1.368478,2.461723,0.742079,0.273696,5,0,1,true,CONTROLLING_SWING,483,458,1,0,0,1,BULLISH,BULLISH,true,2026-07-03T00:09:59.999Z,false,328ab0c71c388021e5aa1e3f961ef6fc8aecbb6d6b5b18d58436629a3781bbbf,HISTORICAL_TURNING_POINT_SIGNIFICANCE_V1,VALID,MEDIUM,VALID_LOCAL_TURN_WITH_CLEAR_REVERSAL,false,TURNING_SIGNIFICANCE_CONFIDENCE_NOT_HIGH,,e1962266a20c67182dc11859d0b68f1b166dd3beddb591727f4a92ce5cf917e0,3096be7e4d425a9cfe082b5df86ba7ed874493a8fca503eaaa65b29a5379c8c4
DYNDW:SAME_PROCESS_WICK_V1:BTCUSDT:5m:LOW:1784044500000:1784045399999,DYNDPROC:BTCUSDT:5m:LOW:1784044200000:1784045399999,BTCUSDT,LOW,64572.4,64578.4,2026-07-14T15:55:00.000Z,2026-07-14T16:09:59.999Z,1784045399999,3373,190.676055,0.002953,0.004068,0.004068,0,,0,1,1.416539,1.518806,0.92786,0.354135,4,0,1,true,INTERNAL,484,458,0,1,0,1,BULLISH,BULLISH,true,2026-07-03T01:19:59.999Z,false,4b8e81b1d26b06c4948319ba4deabd6587ff2851185963fef69b19b2ef1acea4,HISTORICAL_TURNING_POINT_SIGNIFICANCE_V1,WEAK,MEDIUM,LOCAL_REVERSAL_WITH_LIMITED_SIGNIFICANCE,false,TURNING_SIGNIFICANCE_WEAK,,e1962266a20c67182dc11859d0b68f1b166dd3beddb591727f4a92ce5cf917e0,4a8951edf83775b7959010edac5afb8416ab4757bd41ced0e3b897f00812ef65
DYNDW:SAME_PROCESS_WICK_V1:BTCUSDT:5m:HIGH:1784045400000:1784048999999,DYNDPROC:BTCUSDT:5m:HIGH:1784046600000:1784048999999,BTCUSDT,HIGH,64879,64854.4,2026-07-14T16:10:00.000Z,2026-07-14T17:09:59.999Z,1784048999999,3385,164.418948,0.002535,0.004082,0.004082,0.035884,0.020855,0.005981,6,1.754664,2.024706,0.879305,0.219333,8,0,1,true,INTERNAL,484,459,2,1,1,2,BULLISH,BULLISH,true,2026-07-03T00:09:59.999Z,false,509738b2977015f6419ffd1a183fec7ba7e2488f0d57291ef9986d1175c18219,HISTORICAL_TURNING_POINT_SIGNIFICANCE_V1,WEAK,MEDIUM,LOCAL_REVERSAL_WITH_LIMITED_SIGNIFICANCE,false,TURNING_SIGNIFICANCE_WEAK,,e1962266a20c67182dc11859d0b68f1b166dd3beddb591727f4a92ce5cf917e0,a1f543d38c0cc61f85aea334c0e0d7aa8f5ffa82fc6f85dbf495085c17196104
DYNDW:SAME_PROCESS_WICK_V1:BTCUSDT:5m:LOW:1784049000000:1784065199999,DYNDPROC:BTCUSDT:5m:LOW:1784061300000:1784065199999,BTCUSDT,LOW,64200,64409.7,2026-07-14T17:10:00.000Z,2026-07-14T21:39:59.999Z,1784065199999,3439,65.877619,0.001023,0.004041,0.004041,2.371063,0.095734,0.055141,43,4.710249,8.805722,0.954476,0.362327,13,0,2,true,INTERNAL,486,460,5,5,5,5,BULLISH,BULLISH,true,2026-07-03T01:19:59.999Z,false,352fe08ee816ca3687c1b7f9c2889e0cb65294034d22bef6e621a4b7a1c00b1e,HISTORICAL_TURNING_POINT_SIGNIFICANCE_V1,VALID,MEDIUM,EFFICIENT_REVERSAL_FROM_EXTREME,false,TURNING_SIGNIFICANCE_CONFIDENCE_NOT_HIGH,,e1962266a20c67182dc11859d0b68f1b166dd3beddb591727f4a92ce5cf917e0,85207ba701306a08cf8b0afcacd0df2c82c6d395500d7789eb3cc6f9e8fb7ee3
DYNDW:SAME_PROCESS_WICK_V1:BTCUSDT:5m:HIGH:1784067600000:1784077799999,DYNDPROC:BTCUSDT:5m:HIGH:1784073300000:1784077799999,BTCUSDT,HIGH,65130,65014.7,2026-07-14T22:20:00.000Z,2026-07-15T01:09:59.999Z,1784077799999,3481,80.396396,0.001237,0.004117,0.004117,3.665587,0.198171,0.1264,29,3.73773,5.219139,0.653403,0.249182,15,0,3,true,INTERNAL,492,466,4,3,3,4,BULLISH,BULLISH,true,2026-07-03T00:09:59.999Z,false,f09970a896429b764346771d6aabcad55fcc9d77aa709b79ab52c528b56dc158,HISTORICAL_TURNING_POINT_SIGNIFICANCE_V1,VALID,MEDIUM,STRONG_REVERSAL_WITH_STRUCTURAL_CHANGE,false,TURNING_SIGNIFICANCE_CONFIDENCE_NOT_HIGH,,e1962266a20c67182dc11859d0b68f1b166dd3beddb591727f4a92ce5cf917e0,e1cf6e32875478492d1c408d4323d70c14e63e8b69123849c12d674327494ea4
DYNDW:SAME_PROCESS_WICK_V1:BTCUSDT:5m:LOW:1784082600000:1784087699999,DYNDPROC:BTCUSDT:5m:LOW:1784082600000:1784087699999,BTCUSDT,LOW,64456.7,64465.9,2026-07-15T02:30:00.000Z,2026-07-15T03:54:59.999Z,1784087699999,3514,65.655298,0.001018,0.004096,0.004096,3.781873,0.413489,0.210104,18,4.723153,5.534968,0.474667,0.277833,17,2,4,true,LOCAL_SWING,498,471,3,4,3,4,BULLISH,UNKNOWN,true,2026-07-03T01:19:59.999Z,false,5407fe477677a3b58bc6b9cff88107585c08ababc9e339452a09195cfb8b4091,HISTORICAL_TURNING_POINT_SIGNIFICANCE_V1,VALID,MEDIUM,VALID_LOCAL_TURN_WITH_CLEAR_REVERSAL,false,TURNING_SIGNIFICANCE_CONFIDENCE_NOT_HIGH,,e1962266a20c67182dc11859d0b68f1b166dd3beddb591727f4a92ce5cf917e0,c8a5a361bca61992af3fbce3ce91ebc2280e9a8f262b9cdccd966b8638408455
DYNDW:SAME_PROCESS_WICK_V1:BTCUSDT:5m:HIGH:1784097300000:1784098199999,DYNDPROC:BTCUSDT:5m:HIGH:1784097000000:1784098199999,BTCUSDT,HIGH,65260,65225.1,2026-07-15T06:35:00.000Z,2026-07-15T06:49:59.999Z,1784098199999,3549,94.60551,0.00145,0.004164,0.004164,4.747081,0.335776,0.143851,33,3.015681,3.437432,1,0.75392,4,0,1,true,CONTROLLING_SWING,505,478,1,0,0,1,BULLISH,BULLISH,true,2026-07-03T00:09:59.999Z,false,a52cd679b74888609757e3f10d7f45623510bf428930c116b308ff67a784a68e,HISTORICAL_TURNING_POINT_SIGNIFICANCE_V1,VALID,MEDIUM,STRONG_REVERSAL_WITH_STRUCTURAL_CHANGE,false,TURNING_SIGNIFICANCE_CONFIDENCE_NOT_HIGH,,e1962266a20c67182dc11859d0b68f1b166dd3beddb591727f4a92ce5cf917e0,8298a3646ec13e291b6a2158eaa45884373bd56b74000f2d3ea150e2b89b0bf8
DYNDW:SAME_PROCESS_WICK_V1:BTCUSDT:5m:LOW:1784100300000:1784106899999,DYNDPROC:BTCUSDT:5m:LOW:1784100300000:1784106899999,BTCUSDT,LOW,64450.9,64503.3,2026-07-15T07:25:00.000Z,2026-07-15T09:14:59.999Z,1784106899999,3578,110.865578,0.001719,0.004278,0.004278,3.9372,0.757681,0.437467,9,2.777237,3.419456,0.452994,0.126238,22,1,2,true,CONTROLLING_SWING,507,479,3,2,3,2,UNKNOWN,BEARISH,true,2026-07-03T01:19:59.999Z,false,a93c2522859942be2ff2670f144bf02c0831558fc03d5a08696f3b9b87dbd23c,HISTORICAL_TURNING_POINT_SIGNIFICANCE_V1,VALID,MEDIUM,VALID_LOCAL_TURN_WITH_CLEAR_REVERSAL,false,TURNING_SIGNIFICANCE_CONFIDENCE_NOT_HIGH,,e1962266a20c67182dc11859d0b68f1b166dd3beddb591727f4a92ce5cf917e0,d5be4d4a700aa84f63e1dbc60065771297e9db7b289bd764de1675740580fd3a
DYNDW:SAME_PROCESS_WICK_V1:BTCUSDT:5m:HIGH:1784121600000:1784123099999,DYNDPROC:BTCUSDT:5m:HIGH:1784121300000:1784123099999,BTCUSDT,HIGH,65550.5,65506.6,2026-07-15T13:20:00.000Z,2026-07-15T13:44:59.999Z,1784123099999,3632,133.771321,0.002042,0.003952,0.003952,5.198424,0.291352,0.103968,50,1.949596,2.534175,0.483321,0.324933,6,0,2,true,LOCAL_SWING,518,487,1,1,1,1,BEARISH,BEARISH,true,2026-07-03T00:09:59.999Z,false,e2482c7287227271a76df80c90bc2694845500d86f63ca62085da97d4fcaf1de,HISTORICAL_TURNING_POINT_SIGNIFICANCE_V1,VALID,MEDIUM,VALID_LOCAL_TURN_WITH_CLEAR_REVERSAL,false,TURNING_SIGNIFICANCE_CONFIDENCE_NOT_HIGH,,e1962266a20c67182dc11859d0b68f1b166dd3beddb591727f4a92ce5cf917e0,c74d832477632bcd6f82b18bc19b2089618c26c4d48b502ad8124a78919a938f
DYNDW:SAME_PROCESS_WICK_V1:BTCUSDT:5m:LOW:1784123400000:1784124599999,DYNDPROC:BTCUSDT:5m:LOW:1784123100000:1784124599999,BTCUSDT,LOW,64852.5,64942.2,2026-07-15T13:50:00.000Z,2026-07-15T14:09:59.999Z,1784124599999,3637,169.349215,0.002608,0.004009,0.004009,1.792745,1,0.896373,2,1.712438,2.812531,1,0.342488,5,0,1,true,LOCAL_SWING,520,488,0,1,0,1,BEARISH,BEARISH,true,2026-07-03T01:19:59.999Z,false,28c6cf447ae8d77948f7c5030d1ca0ee6df97b6c8be560e5f8d5e6ef8d7a0824,HISTORICAL_TURNING_POINT_SIGNIFICANCE_V1,VALID,MEDIUM,VALID_LOCAL_TURN_WITH_CLEAR_REVERSAL,false,TURNING_SIGNIFICANCE_CONFIDENCE_NOT_HIGH,,e1962266a20c67182dc11859d0b68f1b166dd3beddb591727f4a92ce5cf917e0,09b80571543238dd2ce1f1fa72107449346c53d3d3a1a5964029d92d60e57cb8
DYNDW:SAME_PROCESS_WICK_V1:BTCUSDT:5m:HIGH:1784130600000:1784131799999,DYNDPROC:BTCUSDT:5m:HIGH:1784129700000:1784131799999,BTCUSDT,HIGH,65589.7,65492.4,2026-07-15T15:50:00.000Z,2026-07-15T16:09:59.999Z,1784131799999,3661,154.71038,0.002362,0.00367,0.00367,1.681852,0.211476,0.088519,19,2.18602,2.957785,0.870304,0.312289,7,0,1,true,LOCAL_SWING,524,493,1,0,0,1,BEARISH,BEARISH,true,2026-07-03T00:09:59.999Z,false,3684946a51e317364d99c6a1925ac4a4d24202c3402f426312f80353075ed02c,HISTORICAL_TURNING_POINT_SIGNIFICANCE_V1,VALID,MEDIUM,EFFICIENT_REVERSAL_FROM_EXTREME,false,TURNING_SIGNIFICANCE_CONFIDENCE_NOT_HIGH,,e1962266a20c67182dc11859d0b68f1b166dd3beddb591727f4a92ce5cf917e0,b47705600a11a04e4886f713902d281e233a8e09ca7cd4ba881d1d645ed0f117
DYNDW:SAME_PROCESS_WICK_V1:BTCUSDT:5m:LOW:1784133300000:1784134799999,DYNDPROC:BTCUSDT:5m:LOW:1784133300000:1784134799999,BTCUSDT,LOW,64752,64820,2026-07-15T16:35:00.000Z,2026-07-15T16:59:59.999Z,1784134799999,3671,149.153516,0.002301,0.003644,0.003644,2.240644,0.617517,0.320092,7,1.806863,2.281542,1,0.361373,5,0,1,true,LOCAL_SWING,525,493,0,1,0,1,BEARISH,BEARISH,true,2026-07-03T01:19:59.999Z,false,1b4adfabd0d907ff7c6ae367ef341216cf99a11583f37683fcf711984f992335,HISTORICAL_TURNING_POINT_SIGNIFICANCE_V1,VALID,MEDIUM,VALID_LOCAL_TURN_WITH_CLEAR_REVERSAL,false,TURNING_SIGNIFICANCE_CONFIDENCE_NOT_HIGH,,e1962266a20c67182dc11859d0b68f1b166dd3beddb591727f4a92ce5cf917e0,3c949bcd3120eb09cac304c20ec9b307671dfebfd21efe276a5c6164b3b7bed8
DYNDW:SAME_PROCESS_WICK_V1:BTCUSDT:5m:HIGH:1784137500000:1784141999999,DYNDPROC:BTCUSDT:5m:HIGH:1784139000000:1784141999999,BTCUSDT,HIGH,65148.2,65094.2,2026-07-15T17:45:00.000Z,2026-07-15T18:59:59.999Z,1784141999999,3695,114.32535,0.001756,0.003609,0.003609,0.041111,0.008141,0.002569,16,2.246221,2.896121,0.60452,0.224622,10,0,1,true,LOCAL_SWING,526,496,2,2,2,2,BEARISH,BEARISH,true,2026-07-03T00:09:59.999Z,false,856997b1d992fcb174c5720978e2831b2d3a77642a89e4f0cddf593d81cab391,HISTORICAL_TURNING_POINT_SIGNIFICANCE_V1,WEAK,MEDIUM,LOCAL_REVERSAL_WITH_LIMITED_SIGNIFICANCE,false,TURNING_SIGNIFICANCE_WEAK,,e1962266a20c67182dc11859d0b68f1b166dd3beddb591727f4a92ce5cf917e0,68ff00456b0a0956705ca295288ea49b0eb232ba17e4d1a7ed56f9203feedb68
DYNDW:SAME_PROCESS_WICK_V1:BTCUSDT:5m:LOW:1784164500000:1784165999999,DYNDPROC:BTCUSDT:5m:LOW:1784164500000:1784165999999,BTCUSDT,LOW,64362.2,64383.7,2026-07-16T01:15:00.000Z,2026-07-16T01:39:59.999Z,1784165999999,3775,76.941057,0.001195,0.003522,0.003522,5.896722,0.172006,0.076581,77,3.539073,3.913385,1,0.707815,5,0,1,true,CONTROLLING_SWING,539,512,0,1,0,1,BEARISH,UNKNOWN,true,2026-07-03T01:19:59.999Z,true,4d68d39ae1d3a30fb258103a961d3ac8b1ddcc7655561fe62d438848178026ad,HISTORICAL_TURNING_POINT_SIGNIFICANCE_V1,VALID,MEDIUM,EFFICIENT_REVERSAL_FROM_EXTREME,false,TURNING_SIGNIFICANCE_CONFIDENCE_NOT_HIGH,,e1962266a20c67182dc11859d0b68f1b166dd3beddb591727f4a92ce5cf917e0,c213b54c072adcb659c39560dfb8e3c1b55dc54e1975c33ca30294b1de526a8c
DYNDW:SAME_PROCESS_WICK_V1:BTCUSDT:5m:HIGH:1784179800000:1784183999999,DYNDPROC:BTCUSDT:5m:HIGH:1784181900000:1784183999999,BTCUSDT,HIGH,64974.5,64910.7,2026-07-16T05:30:00.000Z,2026-07-16T06:39:59.999Z,1784183999999,3835,69.625695,0.001073,0.003539,0.003539,3.658132,0.138794,0.066511,55,3.86208,5.329929,0.799584,0.551726,7,0,2,true,INTERNAL,546,520,2,2,2,2,BULLISH,BULLISH,true,2026-07-03T00:09:59.999Z,false,cddfd91888e2d5d6fbc408d80197a9cc465fd0ec66d6809f68925179abc84e1a,HISTORICAL_TURNING_POINT_SIGNIFICANCE_V1,VALID,MEDIUM,STRONG_REVERSAL_WITH_STRUCTURAL_CHANGE,false,TURNING_SIGNIFICANCE_CONFIDENCE_NOT_HIGH,,e1962266a20c67182dc11859d0b68f1b166dd3beddb591727f4a92ce5cf917e0,50b7f38a647dc274cc947c3fe8c7b745284330926b4d94447135ab5c2247fd76
DYNDW:SAME_PROCESS_WICK_V1:BTCUSDT:5m:LOW:1784189700000:1784190899999,DYNDPROC:BTCUSDT:5m:LOW:1784189400000:1784190899999,BTCUSDT,LOW,63843.1,63914,2026-07-16T08:15:00.000Z,2026-07-16T08:34:59.999Z,1784190899999,3858,104.962275,0.001642,0.003472,0.003472,6.93392,0.591035,0.346696,20,2.373234,3.302139,1,0.474647,5,0,1,true,LOCAL_SWING,550,524,0,1,0,1,BULLISH,BULLISH,true,2026-07-03T01:19:59.999Z,false,722bbbff9922bc82b919e43c9438c9ae8fd39e53d35d674b7033fdb37fb9c26b,HISTORICAL_TURNING_POINT_SIGNIFICANCE_V1,VALID,MEDIUM,VALID_LOCAL_TURN_WITH_CLEAR_REVERSAL,false,TURNING_SIGNIFICANCE_CONFIDENCE_NOT_HIGH,,e1962266a20c67182dc11859d0b68f1b166dd3beddb591727f4a92ce5cf917e0,97a39e1723fab060c75ef9a4abb5a3ceb01750f0b4be120a2cf6f6fb8c243ead
DYNDW:SAME_PROCESS_WICK_V1:BTCUSDT:5m:HIGH:1784190900000:1784192099999,DYNDPROC:BTCUSDT:5m:HIGH:1784190900000:1784192099999,BTCUSDT,HIGH,64340,64293.2,2026-07-16T08:35:00.000Z,2026-07-16T08:54:59.999Z,1784192099999,3862,116.624811,0.001814,0.003523,0.003523,1.115543,1,0.557772,2,2.08532,2.486606,0.801582,0.52133,4,0,1,true,LOCAL_SWING,550,525,1,0,0,1,BULLISH,BULLISH,true,2026-07-03T00:09:59.999Z,false,0ce53267b45dd533723eb7e1bde724a43ea3dc936160dfa70622d92c28fa98fb,HISTORICAL_TURNING_POINT_SIGNIFICANCE_V1,VALID,MEDIUM,VALID_LOCAL_TURN_WITH_CLEAR_REVERSAL,false,TURNING_SIGNIFICANCE_CONFIDENCE_NOT_HIGH,,e1962266a20c67182dc11859d0b68f1b166dd3beddb591727f4a92ce5cf917e0,11e7c394e7794b4ac40ece8d10709e6c4e17602c1aded0b14910b9cccccc0e67
DYNDW:SAME_PROCESS_WICK_V1:BTCUSDT:5m:LOW:1784205900000:1784208299999,DYNDPROC:BTCUSDT:5m:LOW:1784205600000:1784208299999,BTCUSDT,LOW,63833,63869.4,2026-07-16T12:45:00.000Z,2026-07-16T13:24:59.999Z,1784208299999,3916,85.622831,0.001341,0.003673,0.003673,2.109251,0.09101,0.044878,47,3.696444,4.449748,0.712677,0.410716,9,0,2,true,LOCAL_SWING,559,532,1,1,1,1,BULLISH,BULLISH,true,2026-07-03T01:19:59.999Z,false,bb4c9bcdaf5f1570a4962ed45425e4529506ea2e0358fe4e2ae3153cc6380b24,HISTORICAL_TURNING_POINT_SIGNIFICANCE_V1,VALID,MEDIUM,VALID_LOCAL_TURN_WITH_CLEAR_REVERSAL,false,TURNING_SIGNIFICANCE_CONFIDENCE_NOT_HIGH,,e1962266a20c67182dc11859d0b68f1b166dd3beddb591727f4a92ce5cf917e0,b365aee6251e2f089c8a923f16f4ff8e70520607afe32d46af839373eb80304f
DYNDW:SAME_PROCESS_WICK_V1:BTCUSDT:5m:HIGH:1784211900000:1784213999999,DYNDPROC:BTCUSDT:5m:HIGH:1784211900000:1784213999999,BTCUSDT,HIGH,64844.3,64733.7,2026-07-16T14:25:00.000Z,2026-07-16T14:59:59.999Z,1784213999999,3935,142.322104,0.002199,0.003432,0.003432,3.849016,0.498998,0.27493,14,1.571787,3.515968,0.676444,0.224541,7,0,1,true,CONTROLLING_SWING,562,535,1,0,0,1,BULLISH,BULLISH,true,2026-07-03T00:09:59.999Z,false,a2b321474781251f27d2a875f9b4cdf68f0995c41c7ea8a2b81d30f5a9b18d2f,HISTORICAL_TURNING_POINT_SIGNIFICANCE_V1,VALID,MEDIUM,VALID_LOCAL_TURN_WITH_CLEAR_REVERSAL,false,TURNING_SIGNIFICANCE_CONFIDENCE_NOT_HIGH,,e1962266a20c67182dc11859d0b68f1b166dd3beddb591727f4a92ce5cf917e0,483e95aca8905695c39994c2185a0a52f0e50c7aba652a1e2b92fdaa99791981
DYNDW:SAME_PROCESS_WICK_V1:BTCUSDT:5m:LOW:1784214600000:1784215499999,DYNDPROC:BTCUSDT:5m:LOW:1784214600000:1784215499999,BTCUSDT,LOW,64281.6,64335.8,2026-07-16T15:10:00.000Z,2026-07-16T15:24:59.999Z,1784215499999,3940,142.162877,0.00221,0.003392,0.003392,1.225355,1,0.306339,4,2.172156,2.693389,1,0.724052,3,0,1,true,LOCAL_SWING,563,536,0,1,0,1,BULLISH,BULLISH,true,2026-07-03T01:19:59.999Z,false,d23af34f3c6f9fb5866a196aa8dabdfd51c318e7c180fad8f60244bf762508c6,HISTORICAL_TURNING_POINT_SIGNIFICANCE_V1,VALID,MEDIUM,VALID_LOCAL_TURN_WITH_CLEAR_REVERSAL,false,TURNING_SIGNIFICANCE_CONFIDENCE_NOT_HIGH,,e1962266a20c67182dc11859d0b68f1b166dd3beddb591727f4a92ce5cf917e0,a18d9ee01f6028df373b1a205ad3530490224882ab5cbfa5ca9241c04ba560c9
DYNDW:SAME_PROCESS_WICK_V1:BTCUSDT:5m:HIGH:1784215500000:1784217899999,DYNDPROC:BTCUSDT:5m:HIGH:1784215500000:1784217899999,BTCUSDT,HIGH,64874.7,64800,2026-07-16T15:25:00.000Z,2026-07-16T16:04:59.999Z,1784217899999,3948,155.466232,0.002399,0.00348,0.00348,0.999574,1,0.499787,2,1.533452,2.072476,0.66259,0.191681,8,0,1,true,INTERNAL,563,537,2,1,1,2,BULLISH,BULLISH,true,2026-07-03T00:09:59.999Z,false,b8b9b52d00a58ec2903f612448a45d77d7ba435513091979ca40349290a307fb,HISTORICAL_TURNING_POINT_SIGNIFICANCE_V1,WEAK,MEDIUM,LOCAL_REVERSAL_WITH_LIMITED_SIGNIFICANCE,false,TURNING_SIGNIFICANCE_WEAK,,e1962266a20c67182dc11859d0b68f1b166dd3beddb591727f4a92ce5cf917e0,9e2089c272d1721092cc150746f06f157157b95507ddf5037e3087de44f34a79
DYNDW:SAME_PROCESS_WICK_V1:BTCUSDT:5m:LOW:1784224500000:1784226299999,DYNDPROC:BTCUSDT:5m:LOW:1784224500000:1784226299999,BTCUSDT,LOW,63958,64045.6,2026-07-16T17:55:00.000Z,2026-07-16T18:24:59.999Z,1784226299999,3976,111.546674,0.001742,0.003447,0.003447,4.625866,0.433395,0.192744,24,2.020679,3.126942,1,0.33678,6,0,1,true,LOCAL_SWING,568,541,0,1,0,1,BULLISH,BULLISH,true,2026-07-03T01:19:59.999Z,false,9686d1254328026971dca364387d5c8e082c9fff654487c5df8eb29a157bd5ad,HISTORICAL_TURNING_POINT_SIGNIFICANCE_V1,VALID,MEDIUM,VALID_LOCAL_TURN_WITH_CLEAR_REVERSAL,false,TURNING_SIGNIFICANCE_CONFIDENCE_NOT_HIGH,,e1962266a20c67182dc11859d0b68f1b166dd3beddb591727f4a92ce5cf917e0,9caa191164d237e01c9824bef34491035a8aae6912e5dfff39e392ab79169979
DYNDW:SAME_PROCESS_WICK_V1:BTCUSDT:5m:HIGH:1784226000000:1784240699999,DYNDPROC:BTCUSDT:5m:HIGH:1784226000000:1784240699999,BTCUSDT,HIGH,64306.8,64271,2026-07-16T18:20:00.000Z,2026-07-16T22:24:59.999Z,1784240699999,4024,107.239061,0.001669,0.003446,0.003446,0,,0,1,2.209083,2.621246,0.159625,0.045083,49,4,5,true,LOCAL_SWING,568,542,10,7,7,10,BULLISH,BULLISH,true,2026-07-03T00:09:59.999Z,false,e73348828d30750bffbbf65d256259205aedaa55f9b13aaf53c40621e288c961,HISTORICAL_TURNING_POINT_SIGNIFICANCE_V1,WEAK,MEDIUM,LOCAL_REVERSAL_WITH_LIMITED_SIGNIFICANCE,false,TURNING_SIGNIFICANCE_WEAK,,e1962266a20c67182dc11859d0b68f1b166dd3beddb591727f4a92ce5cf917e0,a66f1c525999409083efbfe47f81cf3fab24163c1eb44b00ee8f4cbe42b02c2c
DYNDW:SAME_PROCESS_WICK_V1:BTCUSDT:5m:LOW:1784248500000:1784250299999,DYNDPROC:BTCUSDT:5m:LOW:1784248500000:1784250299999,BTCUSDT,LOW,63580,63649.5,2026-07-17T00:35:00.000Z,2026-07-17T01:04:59.999Z,1784250299999,4056,78.04158,0.001226,0.003454,0.003454,4.928142,0.339993,0.176005,28,3.344371,5.067811,1,0.557395,6,0,1,true,LOCAL_SWING,581,553,0,1,0,1,BULLISH,BULLISH,true,2026-07-03T01:19:59.999Z,false,256c2609831914223293dfc1c8e2894e58d023640567bd799d020d2580b9f41a,HISTORICAL_TURNING_POINT_SIGNIFICANCE_V1,VALID,MEDIUM,EFFICIENT_REVERSAL_FROM_EXTREME,false,TURNING_SIGNIFICANCE_CONFIDENCE_NOT_HIGH,,e1962266a20c67182dc11859d0b68f1b166dd3beddb591727f4a92ce5cf917e0,f7b05b1e314d217ddb3d085bc97b01a5eb5d60fc8c0971684c54cdb2796b05da
DYNDW:SAME_PROCESS_WICK_V1:BTCUSDT:5m:HIGH:1784250300000:1784252699999,DYNDPROC:BTCUSDT:5m:HIGH:1784250300000:1784252699999,BTCUSDT,HIGH,64041.6,64000,2026-07-17T01:05:00.000Z,2026-07-17T01:44:59.999Z,1784252699999,4064,90.6763,0.001417,0.003488,0.003488,0.987027,1,0.493514,2,3.307369,3.767247,0.549771,0.413421,8,0,2,true,LOCAL_SWING,581,554,2,1,1,2,BULLISH,BULLISH,true,2026-07-03T00:09:59.999Z,false,b5bfea77616f8a6ef14a87153ac2e980bdbc5cb4ab431b287ef9f00fcca249f9,HISTORICAL_TURNING_POINT_SIGNIFICANCE_V1,WEAK,MEDIUM,LOCAL_REVERSAL_WITH_LIMITED_SIGNIFICANCE,false,TURNING_SIGNIFICANCE_WEAK,,e1962266a20c67182dc11859d0b68f1b166dd3beddb591727f4a92ce5cf917e0,d09aedc3b312ab9903ca2d738493075fe71510421b2090c8b791441568929b9d
DYNDW:SAME_PROCESS_WICK_V1:BTCUSDT:5m:LOW:1784256900000:1784257799999,DYNDPROC:BTCUSDT:5m:LOW:1784256600000:1784257799999,BTCUSDT,LOW,63358,63361.5,2026-07-17T02:55:00.000Z,2026-07-17T03:09:59.999Z,1784257799999,4081,102.179545,0.001613,0.003543,0.003543,3.313775,0.402999,0.220918,15,2.297916,2.693298,1,0.574479,4,0,1,true,LOCAL_SWING,584,556,0,1,0,1,BULLISH,BULLISH,true,2026-07-03T01:19:59.999Z,false,e8eef32be28c09738ed93587a3e389e02632d936b2955fd4d893cec35c144aed,HISTORICAL_TURNING_POINT_SIGNIFICANCE_V1,VALID,MEDIUM,VALID_LOCAL_TURN_WITH_CLEAR_REVERSAL,false,TURNING_SIGNIFICANCE_CONFIDENCE_NOT_HIGH,,e1962266a20c67182dc11859d0b68f1b166dd3beddb591727f4a92ce5cf917e0,06c0dbb9e2f01b951ef663b3fc528133159282c34ff1d8ed96e9341e5cc397fd
DYNDW:SAME_PROCESS_WICK_V1:BTCUSDT:5m:HIGH:1784258700000:1784261999999,DYNDPROC:BTCUSDT:5m:HIGH:1784258100000:1784261999999,BTCUSDT,HIGH,63693.2,63675.7,2026-07-17T03:25:00.000Z,2026-07-17T04:19:59.999Z,1784261999999,4095,97.69241,0.001534,0.003561,0.003561,0.812755,0.9925,0.270918,3,3.668658,4.219366,0.85537,0.282204,13,0,2,true,LOCAL_SWING,584,557,1,1,1,1,BULLISH,BULLISH,true,2026-07-03T00:09:59.999Z,false,b63bd1f84237acbfdf5899802d5e8f90ec293c611b91f6397990fbea8ad5c6dd,HISTORICAL_TURNING_POINT_SIGNIFICANCE_V1,VALID,MEDIUM,STRONG_REVERSAL_WITH_STRUCTURAL_CHANGE,false,TURNING_SIGNIFICANCE_CONFIDENCE_NOT_HIGH,,e1962266a20c67182dc11859d0b68f1b166dd3beddb591727f4a92ce5cf917e0,38db77be80e1eb302d9ef2a35e87c854ebeec5b1df4b50acb1daa4a7e52e9b55
DYNDW:SAME_PROCESS_WICK_V1:BTCUSDT:5m:LOW:1784277300000:1784279699999,DYNDPROC:BTCUSDT:5m:LOW:1784277300000:1784279699999,BTCUSDT,LOW,62611,62675.3,2026-07-17T08:35:00.000Z,2026-07-17T09:14:59.999Z,1784279699999,4154,90.480319,0.001444,0.00346,0.00346,7.095466,0.269092,0.133877,53,2.838186,3.558785,1,0.354773,8,0,2,true,LOCAL_SWING,591,566,0,1,0,1,BULLISH,BULLISH,true,2026-07-03T01:19:59.999Z,false,19191c47ec1f5d0a7ac4281c309e1241760742218229baac52331adb40964798,HISTORICAL_TURNING_POINT_SIGNIFICANCE_V1,VALID,MEDIUM,VALID_LOCAL_TURN_WITH_CLEAR_REVERSAL,false,TURNING_SIGNIFICANCE_CONFIDENCE_NOT_HIGH,,e1962266a20c67182dc11859d0b68f1b166dd3beddb591727f4a92ce5cf917e0,a1342f669c133d4b79a8e159fb3200cc5a757a6c64435c1f206f671a20fa44c9
DYNDW:SAME_PROCESS_WICK_V1:BTCUSDT:5m:HIGH:1784289300000:1784291999999,DYNDPROC:BTCUSDT:5m:HIGH:1784289000000:1784291999999,BTCUSDT,HIGH,63337.4,63326.4,2026-07-17T11:55:00.000Z,2026-07-17T12:39:59.999Z,1784291999999,4195,61.164276,0.000966,0.003407,0.003407,6.446574,0.33773,0.195351,33,3.549458,3.729301,0.73073,0.354946,10,0,2,true,LOCAL_SWING,596,571,2,0,0,2,BULLISH,BULLISH,true,2026-07-03T00:09:59.999Z,false,856ea0ddbaaac82ad31aeb7634b7636d107a6d38991b83c1b2e5e53f95b78e4e,HISTORICAL_TURNING_POINT_SIGNIFICANCE_V1,VALID,MEDIUM,EFFICIENT_REVERSAL_FROM_EXTREME,false,TURNING_SIGNIFICANCE_CONFIDENCE_NOT_HIGH,,e1962266a20c67182dc11859d0b68f1b166dd3beddb591727f4a92ce5cf917e0,34001ae49db03069e042d306cf77b9629264abdafc72d0cdf131b60651d64a62
DYNDW:SAME_PROCESS_WICK_V1:BTCUSDT:5m:LOW:1784295600000:1784296499999,DYNDPROC:BTCUSDT:5m:LOW:1784295600000:1784296499999,BTCUSDT,LOW,62505.1,62540,2026-07-17T13:40:00.000Z,2026-07-17T13:54:59.999Z,1784296499999,4210,112.02552,0.001791,0.003377,0.003377,5.081878,0.672058,0.362991,14,2.308403,3.12161,1,0.769468,3,0,1,true,LOCAL_SWING,600,573,0,1,0,1,BULLISH,BULLISH,true,2026-07-03T01:19:59.999Z,false,8fbfd4af1c2b4920ecccd29442b84918697fd8cc2f7b99892a3bb32eac2df71a,HISTORICAL_TURNING_POINT_SIGNIFICANCE_V1,VALID,MEDIUM,VALID_LOCAL_TURN_WITH_CLEAR_REVERSAL,false,TURNING_SIGNIFICANCE_CONFIDENCE_NOT_HIGH,,e1962266a20c67182dc11859d0b68f1b166dd3beddb591727f4a92ce5cf917e0,61441278bbfc94881ad60a3180e0fd64407079c34dab882514839450c18e6e6c
DYNDW:SAME_PROCESS_WICK_V1:BTCUSDT:5m:HIGH:1784297400000:1784300399999,DYNDPROC:BTCUSDT:5m:HIGH:1784297400000:1784300399999,BTCUSDT,HIGH,63496,63367.1,2026-07-17T14:10:00.000Z,2026-07-17T14:59:59.999Z,1784300399999,4223,154.432991,0.002437,0.003523,0.003523,3.681208,1,0.736242,5,1.454352,2.878919,0.41825,0.145435,10,1,2,true,LOCAL_SWING,600,574,1,1,1,1,BULLISH,BULLISH,true,2026-07-03T00:09:59.999Z,false,bd5ff64e55a3e3be6958ada83dab703f9fbf7bfaaf2a4e105c02abc398a75adf,HISTORICAL_TURNING_POINT_SIGNIFICANCE_V1,WEAK,MEDIUM,LOCAL_REVERSAL_WITH_LIMITED_SIGNIFICANCE,false,TURNING_SIGNIFICANCE_WEAK,,e1962266a20c67182dc11859d0b68f1b166dd3beddb591727f4a92ce5cf917e0,a4260e1b47fc7876734186fef75fc47b350c6cfa34e1e097064ad16b54c7afb2
DYNDW:SAME_PROCESS_WICK_V1:BTCUSDT:5m:LOW:1784301000000:1784302199999,DYNDPROC:BTCUSDT:5m:LOW:1784301000000:1784302199999,BTCUSDT,LOW,62817,62890.6,2026-07-17T15:10:00.000Z,2026-07-17T15:29:59.999Z,1784302199999,4229,155.828313,0.002478,0.003538,0.003538,1.616523,1,0.404131,4,2.244136,2.777416,1,0.561034,4,0,1,true,LOCAL_SWING,601,575,0,1,0,1,BULLISH,BULLISH,true,2026-07-03T01:19:59.999Z,false,98e9a896ba3be284d3e6d4c485b7a96ca857e654d6bfa6c56a8b7da09f14719d,HISTORICAL_TURNING_POINT_SIGNIFICANCE_V1,VALID,MEDIUM,VALID_LOCAL_TURN_WITH_CLEAR_REVERSAL,false,TURNING_SIGNIFICANCE_CONFIDENCE_NOT_HIGH,,e1962266a20c67182dc11859d0b68f1b166dd3beddb591727f4a92ce5cf917e0,ba02bf87e1f34118e074a4bf346efa644e0e0ba8ac8d6a866eae1fbc4d5289a1
DYNDW:SAME_PROCESS_WICK_V1:BTCUSDT:5m:HIGH:1784313900000:1784315399999,DYNDPROC:BTCUSDT:5m:HIGH:1784314200000:1784315399999,BTCUSDT,HIGH,64356.7,64306.7,2026-07-17T18:45:00.000Z,2026-07-17T19:09:59.999Z,1784315399999,4273,121.722802,0.001893,0.003802,0.003802,8.760889,0.357253,0.208593,42,2.052204,2.483512,1,0.513051,4,0,1,true,LOCAL_SWING,608,580,1,0,0,1,BULLISH,BULLISH,true,2026-07-03T00:09:59.999Z,false,4c97b36470a9b1fc89207a70f5df55af093712df78b3a6faabe9c01c5b0b5d05,HISTORICAL_TURNING_POINT_SIGNIFICANCE_V1,VALID,MEDIUM,VALID_LOCAL_TURN_WITH_CLEAR_REVERSAL,false,TURNING_SIGNIFICANCE_CONFIDENCE_NOT_HIGH,,e1962266a20c67182dc11859d0b68f1b166dd3beddb591727f4a92ce5cf917e0,e940eef11bebd6f5a6e33b6e06509e2a59efe2dc3cada8f66746a63bb3869e1d
DYNDW:SAME_PROCESS_WICK_V1:BTCUSDT:5m:LOW:1784333100000:1784378399999,DYNDPROC:BTCUSDT:5m:LOW:1784335800000:1784378399999,BTCUSDT,LOW,63859.6,63875.2,2026-07-18T00:05:00.000Z,2026-07-18T12:39:59.999Z,1784378399999,4483,43.095706,0.000675,0.003773,0.003773,4.216197,0.093079,0.060231,70,6.875395,7.381246,0.17284,0.048418,142,12,17,true,LOCAL_SWING,617,586,20,21,20,21,BULLISH,BULLISH,true,2026-07-03T01:19:59.999Z,false,201bf1d6c26ed1b7e4f1225c45ce58f6e0ed41874d88d2da7a7033a03bc22517,HISTORICAL_TURNING_POINT_SIGNIFICANCE_V1,VALID,MEDIUM,VALID_LOCAL_TURN_WITH_CLEAR_REVERSAL,false,TURNING_SIGNIFICANCE_CONFIDENCE_NOT_HIGH,,e1962266a20c67182dc11859d0b68f1b166dd3beddb591727f4a92ce5cf917e0,7f86e1a7a9eb029a8a4155ade1872f11675b972b78f4c3c776fff73cedf5b165
DYNDW:SAME_PROCESS_WICK_V1:BTCUSDT:5m:HIGH:1784378700000:1784380499999,DYNDPROC:BTCUSDT:5m:HIGH:1784379300000:1784380499999,BTCUSDT,HIGH,64237.7,64181.4,2026-07-18T12:45:00.000Z,2026-07-18T13:14:59.999Z,1784380499999,4490,36.352598,0.000566,0.003068,0.003068,0.272333,0.195266,0.054467,5,5.496168,7.738099,1,1.374042,4,0,1,true,LOCAL_SWING,637,607,1,0,0,1,BULLISH,BULLISH,true,2026-07-03T00:09:59.999Z,false,35e3412eeb68683c58993b739a3b6146d1e9d6fb18f9176e0f27e1129453b216,HISTORICAL_TURNING_POINT_SIGNIFICANCE_V1,WEAK,MEDIUM,LOCAL_REVERSAL_WITH_LIMITED_SIGNIFICANCE,false,TURNING_SIGNIFICANCE_WEAK,,e1962266a20c67182dc11859d0b68f1b166dd3beddb591727f4a92ce5cf917e0,2e5a722e1f16c1564e9a6ec54a4a0df69b85c64c89d27fc8086c173e8bd1ed2e
DYNDW:SAME_PROCESS_WICK_V1:BTCUSDT:5m:LOW:1784380800000:1784384099999,DYNDPROC:BTCUSDT:5m:LOW:1784380800000:1784384099999,BTCUSDT,LOW,63925.2,63935.2,2026-07-18T13:20:00.000Z,2026-07-18T14:14:59.999Z,1784384099999,4502,46.630064,0.000729,0.003032,0.003032,0.995066,1,0.331689,3,4.308379,4.763022,0.734552,0.391671,11,0,2,true,LOCAL_SWING,638,607,1,1,1,1,BULLISH,BULLISH,true,2026-07-03T01:19:59.999Z,false,dea0c6748a41b2c2bf205d11f3d28171ad53378d9805c3ee2e492054729b8810,HISTORICAL_TURNING_POINT_SIGNIFICANCE_V1,VALID,MEDIUM,VALID_LOCAL_TURN_WITH_CLEAR_REVERSAL,false,TURNING_SIGNIFICANCE_CONFIDENCE_NOT_HIGH,,e1962266a20c67182dc11859d0b68f1b166dd3beddb591727f4a92ce5cf917e0,a2e56b2f138176978edb1b8eff47b4408c2ac87c19f45fcd51648f150c6cc696
DYNDW:SAME_PROCESS_WICK_V1:BTCUSDT:5m:HIGH:1784426700000:1784431199999,DYNDPROC:BTCUSDT:5m:HIGH:1784427000000:1784431199999,BTCUSDT,HIGH,64948.8,64869.1,2026-07-19T02:05:00.000Z,2026-07-19T03:19:59.999Z,1784431199999,4659,39.14544,0.000603,0.00153,0.003,18.725042,0.22815,0.129138,145,5.625176,8.069906,0.572245,0.401798,14,1,2,true,LOCAL_SWING,662,629,2,2,2,2,BEARISH,BEARISH,true,2026-07-03T00:09:59.999Z,false,ca1631f69584a405bcdcb7012769ff9342f49d800425fc1baa56e17da3059dbf,HISTORICAL_TURNING_POINT_SIGNIFICANCE_V1,WEAK,MEDIUM,LOCAL_REVERSAL_WITH_LIMITED_SIGNIFICANCE,false,TURNING_SIGNIFICANCE_WEAK,,e1962266a20c67182dc11859d0b68f1b166dd3beddb591727f4a92ce5cf917e0,6507dcef217b3e5902d0fc9ad698ab74bd849b446568df64b27a816e2f54095e
DYNDW:SAME_PROCESS_WICK_V1:BTCUSDT:5m:LOW:1784463900000:1784469899999,DYNDPROC:BTCUSDT:5m:LOW:1784463900000:1784469899999,BTCUSDT,LOW,64259.5,64288,2026-07-19T12:25:00.000Z,2026-07-19T14:04:59.999Z,1784469899999,4788,57.331635,0.000892,0.001811,0.003,6.294954,0.146013,0.056711,111,3.78674,4.364083,0.34433,0.189337,20,1,4,true,LOCAL_SWING,678,645,3,4,3,4,BULLISH,BULLISH,true,2026-07-03T01:19:59.999Z,false,8db6b92e06fa6d814cadeaa288848dca38b60da96f8d4edfd289f07e3f2fa31f,HISTORICAL_TURNING_POINT_SIGNIFICANCE_V1,VALID,MEDIUM,VALID_LOCAL_TURN_WITH_CLEAR_REVERSAL,false,TURNING_SIGNIFICANCE_CONFIDENCE_NOT_HIGH,,e1962266a20c67182dc11859d0b68f1b166dd3beddb591727f4a92ce5cf917e0,668d2513cdfd25eff174b96ec7430fa4ece8768755e1d9c4d77318fde0a6e9bc
DYNDW:SAME_PROCESS_WICK_V1:BTCUSDT:5m:HIGH:1784481300000:1784484299999,DYNDPROC:BTCUSDT:5m:HIGH:1784481000000:1784484299999,BTCUSDT,HIGH,64733,64670.9,2026-07-19T17:15:00.000Z,2026-07-19T18:04:59.999Z,1784484299999,4836,69.121731,0.001069,0.001854,0.003,2.398667,0.132789,0.061504,39,3.16977,4.383571,0.73009,0.288161,11,0,1,true,LOCAL_SWING,687,654,2,0,0,2,BULLISH,BULLISH,true,2026-07-03T00:09:59.999Z,false,6cb5884c6d04f0849942d95ecc33e41faec11c58ff51496d0936766891246fdc,HISTORICAL_TURNING_POINT_SIGNIFICANCE_V1,VALID,MEDIUM,STRONG_REVERSAL_WITH_STRUCTURAL_CHANGE,false,TURNING_SIGNIFICANCE_CONFIDENCE_NOT_HIGH,,e1962266a20c67182dc11859d0b68f1b166dd3beddb591727f4a92ce5cf917e0,f8879e66daad1d3583b08f052769dfd6fb218db4eaeb6bc39a722d0fdef34dba
DYNDW:SAME_PROCESS_WICK_V1:BTCUSDT:5m:LOW:1784484300000:1784498999999,DYNDPROC:BTCUSDT:5m:LOW:1784497200000:1784498999999,BTCUSDT,LOW,64262.9,64324.1,2026-07-19T18:05:00.000Z,2026-07-19T22:09:59.999Z,1784498999999,4885,46.830118,0.000728,0.001804,0.003,2.726878,0.10895,0.060597,45,4.307057,7.584862,0.974867,0.717843,6,0,1,true,LOCAL_SWING,689,654,5,9,5,9,BULLISH,BULLISH,true,2026-07-03T01:19:59.999Z,false,cd2e51e804d661160dd85ec0d0f9d122debcca7426f827e0832c728fea276c9e,HISTORICAL_TURNING_POINT_SIGNIFICANCE_V1,VALID,MEDIUM,EFFICIENT_REVERSAL_FROM_EXTREME,false,TURNING_SIGNIFICANCE_CONFIDENCE_NOT_HIGH,,e1962266a20c67182dc11859d0b68f1b166dd3beddb591727f4a92ce5cf917e0,005776e730719b6abd91ad82f4876484edd7dda58dc4fa197378fdf1ea2b6d6c
DYNDW:SAME_PROCESS_WICK_V1:BTCUSDT:5m:HIGH:1784499600000:1784502299999,DYNDPROC:BTCUSDT:5m:HIGH:1784499300000:1784502299999,BTCUSDT,HIGH,64874.9,64782.9,2026-07-19T22:20:00.000Z,2026-07-19T23:04:59.999Z,1784502299999,4896,92.886387,0.001434,0.00188,0.003,2.767898,1,0.922633,3,2.217763,3.660386,0.624621,0.221776,10,1,1,true,INTERNAL,694,663,2,1,1,2,BULLISH,BULLISH,true,2026-07-03T00:09:59.999Z,true,333e21e1b4836908594e43bf89bb566f48d61b9e50e0c525c26267710c7d56fd,HISTORICAL_TURNING_POINT_SIGNIFICANCE_V1,VALID,MEDIUM,VALID_LOCAL_TURN_WITH_CLEAR_REVERSAL,false,TURNING_SIGNIFICANCE_CONFIDENCE_NOT_HIGH,,e1962266a20c67182dc11859d0b68f1b166dd3beddb591727f4a92ce5cf917e0,80c38978932bc3b07c24d1e90839d232fd77771b9a37b5d71da97e843f8404e7
DYNDW:SAME_PROCESS_WICK_V1:BTCUSDT:5m:LOW:1784505600000:1784506199999,DYNDPROC:BTCUSDT:5m:LOW:1784502000000:1784506199999,BTCUSDT,LOW,64534.6,64576.9,2026-07-20T00:00:00.000Z,2026-07-20T00:09:59.999Z,1784506199999,4909,89.806966,0.001391,0.001913,0.003,0,,0,1,2.373981,3.456302,0.260445,0.16957,14,2,3,false,,698,666,0,0,0,0,BULLISH,BULLISH,true,2026-07-03T01:19:59.999Z,false,c32c071305209559f2819b618b7fde2c9bde300f148f799dd63ca2df43da0252,HISTORICAL_TURNING_POINT_SIGNIFICANCE_V1,WEAK,MEDIUM,LOCAL_REVERSAL_WITH_LIMITED_SIGNIFICANCE,false,TURNING_SIGNIFICANCE_WEAK,,e1962266a20c67182dc11859d0b68f1b166dd3beddb591727f4a92ce5cf917e0,6a1fdb955193dfbfaa329f42b1e7eff81e42f9e8cb483573c362e166efcb50fb
DYNDW:SAME_PROCESS_WICK_V1:BTCUSDT:5m:HIGH:1784506500000:1784507699999,DYNDPROC:BTCUSDT:5m:HIGH:1784506500000:1784507699999,BTCUSDT,HIGH,65084.6,65024.4,2026-07-20T00:15:00.000Z,2026-07-20T00:34:59.999Z,1784507699999,4914,113.621317,0.001747,0.002183,0.003,2.062113,1,0.687371,3,2.288303,2.879741,1,0.572076,4,0,1,true,CONTROLLING_SWING,698,667,1,0,0,1,BULLISH,BULLISH,true,2026-07-03T00:09:59.999Z,false,9758fd80b8dd187ee5807e6295c56bb572b0b86f435fcbfb7eb0df967e30af30,HISTORICAL_TURNING_POINT_SIGNIFICANCE_V1,VALID,MEDIUM,STRONG_REVERSAL_WITH_STRUCTURAL_CHANGE,false,TURNING_SIGNIFICANCE_CONFIDENCE_NOT_HIGH,,e1962266a20c67182dc11859d0b68f1b166dd3beddb591727f4a92ce5cf917e0,d2a15cb983af252bd07e4366d27d7e75b4148237f5eabebd3f08083e38398913
DYNDW:SAME_PROCESS_WICK_V1:BTCUSDT:5m:LOW:1784508600000:1784509799999,DYNDPROC:BTCUSDT:5m:LOW:1784508900000:1784509799999,BTCUSDT,LOW,64380,64526,2026-07-20T00:50:00.000Z,2026-07-20T01:09:59.999Z,1784509799999,4921,129.723888,0.00201,0.002335,0.003,1.837749,0.536695,0.306292,6,3.421112,4.67146,1,1.140371,3,0,1,true,LOCAL_SWING,700,667,0,1,0,1,BULLISH,BEARISH,true,2026-07-03T01:19:59.999Z,false,47c2958563e42384da77bb4974df1f41b0fac4c5f99f342ca6a72941eacd80ca,HISTORICAL_TURNING_POINT_SIGNIFICANCE_V1,VALID,MEDIUM,STRONG_REVERSAL_WITH_STRUCTURAL_CHANGE,false,TURNING_SIGNIFICANCE_CONFIDENCE_NOT_HIGH,,e1962266a20c67182dc11859d0b68f1b166dd3beddb591727f4a92ce5cf917e0,cbaed7d72deb07030996d31d35828a1df8faf32388a0818e797eca6961b0d66a
DYNDW:SAME_PROCESS_WICK_V1:BTCUSDT:5m:HIGH:1784509800000:1784510399999,DYNDPROC:BTCUSDT:5m:HIGH:1784509500000:1784510399999,BTCUSDT,HIGH,65011,64969.8,2026-07-20T01:10:00.000Z,2026-07-20T01:19:59.999Z,1784510399999,4923,148.280291,0.002282,0.002646,0.003,0,,0,1,1.94564,2.28149,1,0.648547,3,0,1,false,,700,668,0,0,0,0,BEARISH,BEARISH,true,2026-07-03T00:09:59.999Z,false,e62b8e8ee3b19d691f91270dde3e0eab54f06f452727d0e586a85d22bd256c36,HISTORICAL_TURNING_POINT_SIGNIFICANCE_V1,WEAK,MEDIUM,LOCAL_REVERSAL_WITH_LIMITED_SIGNIFICANCE,false,TURNING_SIGNIFICANCE_WEAK,,e1962266a20c67182dc11859d0b68f1b166dd3beddb591727f4a92ce5cf917e0,8ea17054151ac3364c973cbb96edd42b7e4c17bd8fe877c3706ddd8cdeb0282b
DYNDW:SAME_PROCESS_WICK_V1:BTCUSDT:5m:LOW:1784512500000:1784513099999,DYNDPROC:BTCUSDT:5m:LOW:1784512200000:1784513099999,BTCUSDT,LOW,64470,64494.6,2026-07-20T01:55:00.000Z,2026-07-20T02:04:59.999Z,1784513099999,4932,152.559755,0.002365,0.002907,0.003,1.223783,0.325091,0.152973,8,2.587838,2.884116,1,0.862613,3,0,1,false,,702,669,0,0,0,0,BEARISH,BEARISH,true,2026-07-03T01:19:59.999Z,false,44e3d635367fddc67648e71c843ab30e48ac325f7992e3bc112c727a7de3c63e,HISTORICAL_TURNING_POINT_SIGNIFICANCE_V1,VALID,MEDIUM,EFFICIENT_REVERSAL_FROM_EXTREME,false,TURNING_SIGNIFICANCE_CONFIDENCE_NOT_HIGH,,e1962266a20c67182dc11859d0b68f1b166dd3beddb591727f4a92ce5cf917e0,b2f3b46c2d7f3be5d1b2481b9cd9e0b72d662c3df0eb96af4fc1012035b65137
DYNDW:SAME_PROCESS_WICK_V1:BTCUSDT:5m:HIGH:1784513100000:1784513999999,DYNDPROC:BTCUSDT:5m:HIGH:1784513100000:1784513999999,BTCUSDT,HIGH,64920,64892,2026-07-20T02:05:00.000Z,2026-07-20T02:19:59.999Z,1784513999999,4935,158.862567,0.002448,0.003065,0.003065,0.016366,1,0.008183,2,1.709654,1.933117,1,0.569885,3,0,1,true,LOCAL_SWING,702,670,1,0,0,1,BEARISH,BEARISH,true,2026-07-03T00:09:59.999Z,false,c9fec5039f739d2b8663ace817b043af3f472fbe462fdc68951bc4ebaa576538,HISTORICAL_TURNING_POINT_SIGNIFICANCE_V1,WEAK,MEDIUM,LOCAL_REVERSAL_WITH_LIMITED_SIGNIFICANCE,false,TURNING_SIGNIFICANCE_WEAK,,e1962266a20c67182dc11859d0b68f1b166dd3beddb591727f4a92ce5cf917e0,ea6428b9c1400ffdf75696d62a5088e9e77d6ffb22ff7c023ac89c7b7868d294
DYNDW:SAME_PROCESS_WICK_V1:BTCUSDT:5m:LOW:1784514000000:1784515799999,DYNDPROC:BTCUSDT:5m:LOW:1784513700000:1784515799999,BTCUSDT,LOW,64551.6,64620.4,2026-07-20T02:20:00.000Z,2026-07-20T02:49:59.999Z,1784515799999,4941,157.63558,0.002439,0.003117,0.003117,0,,0,1,1.689339,2.463911,0.739928,0.241334,7,0,1,true,LOCAL_SWING,703,670,0,1,0,1,BEARISH,BEARISH,true,2026-07-03T01:19:59.999Z,false,9e3a5ce370b424fe4a98f15ee8f8986e62c732a338c1c6c99945776efb908640,HISTORICAL_TURNING_POINT_SIGNIFICANCE_V1,WEAK,MEDIUM,LOCAL_REVERSAL_WITH_LIMITED_SIGNIFICANCE,false,TURNING_SIGNIFICANCE_WEAK,,e1962266a20c67182dc11859d0b68f1b166dd3beddb591727f4a92ce5cf917e0,f947204e291ded4ff619427aada6b730883a635e7bb5bdb11889c6c1d7b72406
DYNDW:SAME_PROCESS_WICK_V1:BTCUSDT:5m:HIGH:1784515500000:1784518199999,DYNDPROC:BTCUSDT:5m:HIGH:1784515500000:1784518199999,BTCUSDT,HIGH,64940,64886.7,2026-07-20T02:45:00.000Z,2026-07-20T03:29:59.999Z,1784518199999,4949,150.255888,0.002316,0.003153,0.003153,0,,0,1,1.572651,2.194922,0.599594,0.174739,9,0,1,true,LOCAL_SWING,703,671,2,0,0,2,BEARISH,BEARISH,true,2026-07-03T00:09:59.999Z,false,1a1d9c49428e411ddc06720e50a6bf909dd93f314d8ecbeb7a89edb035b50bf1,HISTORICAL_TURNING_POINT_SIGNIFICANCE_V1,WEAK,MEDIUM,LOCAL_REVERSAL_WITH_LIMITED_SIGNIFICANCE,false,TURNING_SIGNIFICANCE_WEAK,,e1962266a20c67182dc11859d0b68f1b166dd3beddb591727f4a92ce5cf917e0,67c7805498f742825a2b633c959ca45a156551c2fc0377d06069e1fc40ff26e2
DYNDW:SAME_PROCESS_WICK_V1:BTCUSDT:5m:LOW:1784517900000:1784519099999,DYNDPROC:BTCUSDT:5m:LOW:1784517900000:1784519099999,BTCUSDT,LOW,64610.2,64650.4,2026-07-20T03:25:00.000Z,2026-07-20T03:44:59.999Z,1784519099999,4952,123.326678,0.001908,0.003171,0.003171,0,,0,1,1.832531,2.158495,1,0.458133,4,0,1,true,LOCAL_SWING,705,671,0,1,0,1,BEARISH,BEARISH,true,2026-07-03T01:19:59.999Z,false,4993bd6dcd0afc394f3c17d743953500e64e2419bb488272e880d40ac7cc28db,HISTORICAL_TURNING_POINT_SIGNIFICANCE_V1,WEAK,MEDIUM,LOCAL_REVERSAL_WITH_LIMITED_SIGNIFICANCE,false,TURNING_SIGNIFICANCE_WEAK,,e1962266a20c67182dc11859d0b68f1b166dd3beddb591727f4a92ce5cf917e0,5d43a46618f2d7d849fd037be35c482b7e287888c6e8094ddf3a9b7c25623f42
DYNDW:SAME_PROCESS_WICK_V1:BTCUSDT:5m:HIGH:1784519100000:1784521199999,DYNDPROC:BTCUSDT:5m:HIGH:1784518800000:1784521199999,BTCUSDT,HIGH,64887,64876.4,2026-07-20T03:45:00.000Z,2026-07-20T04:19:59.999Z,1784521199999,4959,123.395558,0.001902,0.003199,0.003199,0,,0,1,1.861493,2.309646,0.875715,0.232687,8,0,1,true,LOCAL_SWING,705,672,1,0,0,1,BEARISH,BEARISH,true,2026-07-03T00:09:59.999Z,false,a1b51509619c58b4addd2fab6ab8f466d1bde22d168df80c2e5fdc8e4db776ed,HISTORICAL_TURNING_POINT_SIGNIFICANCE_V1,WEAK,MEDIUM,LOCAL_REVERSAL_WITH_LIMITED_SIGNIFICANCE,false,TURNING_SIGNIFICANCE_WEAK,,e1962266a20c67182dc11859d0b68f1b166dd3beddb591727f4a92ce5cf917e0,7e1e894e84c8021c1dd24ea25cd9f05b2f58e4defdaf634cb5632b8405c1a682
DYNDW:SAME_PROCESS_WICK_V1:BTCUSDT:5m:LOW:1784529600000:1784532299999,DYNDPROC:BTCUSDT:5m:LOW:1784529600000:1784532299999,BTCUSDT,LOW,63736.1,63793.7,2026-07-20T06:40:00.000Z,2026-07-20T07:24:59.999Z,1784532299999,4996,127.130815,0.001993,0.003419,0.003419,6.709624,0.524407,0.223654,30,2.073455,2.579233,0.844331,0.230384,9,0,2,true,CONTROLLING_SWING,709,675,1,1,1,1,BEARISH,BEARISH,true,2026-07-03T01:19:59.999Z,false,b5dabd6053865d21196c215cd518a0c2500e6228152cbccd38e956072e254f8a,HISTORICAL_TURNING_POINT_SIGNIFICANCE_V1,VALID,MEDIUM,VALID_LOCAL_TURN_WITH_CLEAR_REVERSAL,false,TURNING_SIGNIFICANCE_CONFIDENCE_NOT_HIGH,,e1962266a20c67182dc11859d0b68f1b166dd3beddb591727f4a92ce5cf917e0,f3a8f232a019496ce0140eba318da94a949b97c7176d4ff50d57f5f194a87f97
DYNDW:SAME_PROCESS_WICK_V1:BTCUSDT:5m:HIGH:1784534400000:1784536799999,DYNDPROC:BTCUSDT:5m:HIGH:1784535300000:1784536799999,BTCUSDT,HIGH,64337,64275,2026-07-20T08:00:00.000Z,2026-07-20T08:39:59.999Z,1784536799999,5011,96.878013,0.001507,0.00349,0.00349,2.247156,0.476889,0.187263,12,3.356799,4.94333,1,0.67136,5,0,1,true,INTERNAL,710,678,2,1,1,2,BULLISH,UNKNOWN,true,2026-07-03T00:09:59.999Z,false,e06ce00d7093eba39782a235451b8c4ceddbf5ae628b7b8f2edf8e38f59de16b,HISTORICAL_TURNING_POINT_SIGNIFICANCE_V1,VALID,MEDIUM,STRONG_REVERSAL_WITH_STRUCTURAL_CHANGE,false,TURNING_SIGNIFICANCE_CONFIDENCE_NOT_HIGH,,e1962266a20c67182dc11859d0b68f1b166dd3beddb591727f4a92ce5cf917e0,4f14b4a43c94ffdd4e815fa3c12f893e6fba2ad7e6530c9666083b564854b7e8
DYNDW:SAME_PROCESS_WICK_V1:BTCUSDT:5m:LOW:1784536500000:1784539499999,DYNDPROC:BTCUSDT:5m:LOW:1784536800000:1784539499999,BTCUSDT,LOW,63858.1,63895.9,2026-07-20T08:35:00.000Z,2026-07-20T09:24:59.999Z,1784539499999,5020,108.87677,0.001704,0.003568,0.003568,0.495055,1,0.247528,2,2.221778,3.599482,0.601891,0.246864,9,0,2,true,LOCAL_SWING,712,679,2,1,2,1,BULLISH,BEARISH,true,2026-07-03T01:19:59.999Z,false,45d850559c5930cc353edbdca0fed9d09fecd1b9d1b9c04ab177394e21ac16f1,HISTORICAL_TURNING_POINT_SIGNIFICANCE_V1,VALID,MEDIUM,VALID_LOCAL_TURN_WITH_CLEAR_REVERSAL,false,TURNING_SIGNIFICANCE_CONFIDENCE_NOT_HIGH,,e1962266a20c67182dc11859d0b68f1b166dd3beddb591727f4a92ce5cf917e0,6ffd748895160fcfe3096b3149143b8d1f159db6ae294e60b92ad394fbd17ee1
DYNDW:SAME_PROCESS_WICK_V1:BTCUSDT:5m:HIGH:1784548500000:1784549999999,DYNDPROC:BTCUSDT:5m:HIGH:1784548500000:1784549999999,BTCUSDT,HIGH,65048.3,64970.8,2026-07-20T11:55:00.000Z,2026-07-20T12:19:59.999Z,1784549999999,5055,108.516886,0.00167,0.003957,0.003957,7.676225,0.509231,0.239882,32,2.808779,3.553364,0.719547,0.561756,5,0,1,true,LOCAL_SWING,718,684,1,1,1,1,BEARISH,BEARISH,true,2026-07-03T00:09:59.999Z,false,6e4e13e10d7fd429fde3733c5e8d750795f75df3fbeb14006c5914f47ce02732,HISTORICAL_TURNING_POINT_SIGNIFICANCE_V1,VALID,MEDIUM,VALID_LOCAL_TURN_WITH_CLEAR_REVERSAL,false,TURNING_SIGNIFICANCE_CONFIDENCE_NOT_HIGH,,e1962266a20c67182dc11859d0b68f1b166dd3beddb591727f4a92ce5cf917e0,a109309885422179dedec536600ca11d349fbb18248e62d44b6a831a5eb3b604
DYNDW:SAME_PROCESS_WICK_V1:BTCUSDT:5m:LOW:1784557200000:1784559899999,DYNDPROC:BTCUSDT:5m:LOW:1784556900000:1784559899999,BTCUSDT,LOW,64034.3,64223.7,2026-07-20T14:20:00.000Z,2026-07-20T15:04:59.999Z,1784559899999,5088,159.851343,0.002489,0.004259,0.004259,2.766946,0.272302,0.110678,25,2.22832,3.463843,0.559535,0.222832,10,0,2,true,LOCAL_SWING,724,688,2,2,2,2,BEARISH,BEARISH,true,2026-07-03T01:19:59.999Z,false,8334f9930f758ff57ce1e8b02440c0b98558f3b4cf0ed0c505093ce9d819fe43,HISTORICAL_TURNING_POINT_SIGNIFICANCE_V1,VALID,MEDIUM,VALID_LOCAL_TURN_WITH_CLEAR_REVERSAL,false,TURNING_SIGNIFICANCE_CONFIDENCE_NOT_HIGH,,e1962266a20c67182dc11859d0b68f1b166dd3beddb591727f4a92ce5cf917e0,fb15e9018fd31b7382a76b607b03af5750f5d57a58660d52f41d34ac30b25d87
DYNDW:SAME_PROCESS_WICK_V1:BTCUSDT:5m:HIGH:1784571000000:1784573099999,DYNDPROC:BTCUSDT:5m:HIGH:1784571000000:1784573099999,BTCUSDT,HIGH,65788,65725.2,2026-07-20T18:10:00.000Z,2026-07-20T18:44:59.999Z,1784573099999,5132,122.691065,0.001867,0.004686,0.004686,9.334828,0.406553,0.239355,39,3.258591,3.838095,1,0.465513,7,0,1,true,LOCAL_SWING,730,697,1,1,1,1,BEARISH,BEARISH,true,2026-07-03T00:09:59.999Z,false,3aa2c2a562acf0f91d36de122f59c171db57af9d16fef6784b97c3fd2b435a42,HISTORICAL_TURNING_POINT_SIGNIFICANCE_V1,VALID,MEDIUM,VALID_LOCAL_TURN_WITH_CLEAR_REVERSAL,false,TURNING_SIGNIFICANCE_CONFIDENCE_NOT_HIGH,,e1962266a20c67182dc11859d0b68f1b166dd3beddb591727f4a92ce5cf917e0,969bbe6c40e548e6824047997f6732cda4944f5a3d01fb79a133a1b752e9c073
DYNDW:SAME_PROCESS_WICK_V1:BTCUSDT:5m:LOW:1784576100000:1784579699999,DYNDPROC:BTCUSDT:5m:LOW:1784577600000:1784579699999,BTCUSDT,LOW,65011.4,65048.5,2026-07-20T19:35:00.000Z,2026-07-20T20:34:59.999Z,1784579699999,5154,107.075792,0.001646,0.004746,0.004746,2.586019,0.366318,0.152119,17,3.122088,3.958878,0.973784,0.446013,7,0,1,true,LOCAL_SWING,731,698,1,2,1,2,BEARISH,BEARISH,true,2026-07-03T01:19:59.999Z,false,12f08c9ac1c1ee2cc29315e3b2147d3d5089225819d8a6676c3b73bf3d7a5f96,HISTORICAL_TURNING_POINT_SIGNIFICANCE_V1,VALID,MEDIUM,EFFICIENT_REVERSAL_FROM_EXTREME,false,TURNING_SIGNIFICANCE_CONFIDENCE_NOT_HIGH,,e1962266a20c67182dc11859d0b68f1b166dd3beddb591727f4a92ce5cf917e0,223817ef8d7ac61c168c9b16c11ce9bc9f587f6033ddfd7f18f3a6faadafc6c0
DYNDW:SAME_PROCESS_WICK_V1:BTCUSDT:5m:HIGH:1784579400000:1784586899999,DYNDPROC:BTCUSDT:5m:HIGH:1784583000000:1784586899999,BTCUSDT,HIGH,65435.3,65413,2026-07-20T20:30:00.000Z,2026-07-20T22:34:59.999Z,1784586899999,5178,77.947012,0.001192,0.004787,0.004787,0.387443,0.078687,0.029803,13,4.231079,4.549244,0.710164,0.325468,13,0,2,true,LOCAL_SWING,732,700,3,4,4,3,BEARISH,BEARISH,true,2026-07-03T00:09:59.999Z,false,05a6b3f0da302dd59ecaa2b84af891246511ca17e23f3a959df521b975e2a284,HISTORICAL_TURNING_POINT_SIGNIFICANCE_V1,VALID,MEDIUM,STRONG_REVERSAL_WITH_STRUCTURAL_CHANGE,false,TURNING_SIGNIFICANCE_CONFIDENCE_NOT_HIGH,,e1962266a20c67182dc11859d0b68f1b166dd3beddb591727f4a92ce5cf917e0,889060c49a56b8309ac19c503c454dcaba4c25658e145fcf368ff25b11b365b4
DYNDW:SAME_PROCESS_WICK_V1:BTCUSDT:5m:LOW:1784587200000:1784594399999,DYNDPROC:BTCUSDT:5m:LOW:1784586600000:1784594399999,BTCUSDT,LOW,65061.2,65083.2,2026-07-20T22:40:00.000Z,2026-07-21T00:39:59.999Z,1784594399999,5203,69.940358,0.001075,0.004767,0.004767,0,,0,1,4.842698,5.201575,0.354178,0.186258,26,1,5,true,LOCAL_SWING,736,704,3,3,3,3,BEARISH,BEARISH,true,2026-07-03T01:19:59.999Z,false,1303fbaf9afdb939a3bd6d9a613c87c4212d291e8ed5f2888459e19b9cc2ccab,HISTORICAL_TURNING_POINT_SIGNIFICANCE_V1,VALID,MEDIUM,VALID_LOCAL_TURN_WITH_CLEAR_REVERSAL,false,TURNING_SIGNIFICANCE_CONFIDENCE_NOT_HIGH,,e1962266a20c67182dc11859d0b68f1b166dd3beddb591727f4a92ce5cf917e0,938905b2964536d14497e124bf340577407e5ff3c6d554753dcae249289838e2
DYNDW:SAME_PROCESS_WICK_V1:BTCUSDT:5m:HIGH:1784596200000:1784598299999,DYNDPROC:BTCUSDT:5m:HIGH:1784595900000:1784598299999,BTCUSDT,HIGH,65634.4,65609.9,2026-07-21T01:10:00.000Z,2026-07-21T01:44:59.999Z,1784598299999,5216,83.408885,0.001271,0.004458,0.004458,2.253957,0.79459,0.321994,7,3.594341,4.135051,0.88856,0.449293,8,0,2,true,LOCAL_SWING,739,708,1,0,0,1,BEARISH,BEARISH,true,2026-07-03T00:09:59.999Z,false,5d9cdc53bbf9d934fd6f6c13c83c02fa67f18c25f2be29941ae910d6f4b46863,HISTORICAL_TURNING_POINT_SIGNIFICANCE_V1,VALID,MEDIUM,STRONG_REVERSAL_WITH_STRUCTURAL_CHANGE,false,TURNING_SIGNIFICANCE_CONFIDENCE_NOT_HIGH,,e1962266a20c67182dc11859d0b68f1b166dd3beddb591727f4a92ce5cf917e0,ae2fdefe270f9ba278322a38ae6b211f3e74a6df69f6028375a3c87d74e14f02
DYNDW:SAME_PROCESS_WICK_V1:BTCUSDT:5m:LOW:1784600100000:1784603399999,DYNDPROC:BTCUSDT:5m:LOW:1784600100000:1784603399999,BTCUSDT,LOW,65145.1,65146.5,2026-07-21T02:15:00.000Z,2026-07-21T03:09:59.999Z,1784603399999,5233,86.502114,0.001328,0.004192,0.004192,1.891283,0.452935,0.23641,8,3.191829,4.278508,0.632242,0.290166,11,0,3,true,LOCAL_SWING,741,709,1,1,1,1,BEARISH,BEARISH,true,2026-07-03T01:19:59.999Z,false,9c123f356f7d6542cee2fe8361754a9ec25497b58bb278dc236076433ba6c87f,HISTORICAL_TURNING_POINT_SIGNIFICANCE_V1,VALID,MEDIUM,VALID_LOCAL_TURN_WITH_CLEAR_REVERSAL,false,TURNING_SIGNIFICANCE_CONFIDENCE_NOT_HIGH,,e1962266a20c67182dc11859d0b68f1b166dd3beddb591727f4a92ce5cf917e0,5bd1c3113577a4dcd02fb6ae0b2e81d93ac7c30402219897203975704e5e10b8
DYNDW:SAME_PROCESS_WICK_V1:BTCUSDT:5m:HIGH:1784639700000:1784641499999,DYNDPROC:BTCUSDT:5m:HIGH:1784637300000:1784641499999,BTCUSDT,HIGH,66636.9,66600.1,2026-07-21T13:15:00.000Z,2026-07-21T13:44:59.999Z,1784641499999,5360,83.81232,0.001258,0.003653,0.003653,14.049247,0.274073,0.122167,115,3.153474,4.134237,0.353389,0.225248,14,1,3,true,LOCAL_SWING,759,724,1,0,0,1,BEARISH,BEARISH,true,2026-07-03T00:09:59.999Z,false,910715acb45916a05ccf8d630975fad61371056bc7981ca6ccf4021d3cde9f4d,HISTORICAL_TURNING_POINT_SIGNIFICANCE_V1,WEAK,MEDIUM,LOCAL_REVERSAL_WITH_LIMITED_SIGNIFICANCE,false,TURNING_SIGNIFICANCE_WEAK,,e1962266a20c67182dc11859d0b68f1b166dd3beddb591727f4a92ce5cf917e0,0681c6d9b5cf43a72e3501fb9c113e2f2710c4627c6a84138193990c59eac05a
DYNDW:SAME_PROCESS_WICK_V1:BTCUSDT:5m:LOW:1784641200000:1784641799999,DYNDPROC:BTCUSDT:5m:LOW:1784641200000:1784641799999,BTCUSDT,LOW,66290.4,66335.8,2026-07-21T13:40:00.000Z,2026-07-21T13:49:59.999Z,1784641799999,5361,97.874736,0.001475,0.003639,0.003639,0,,0,1,2.973188,3.530022,1,1.486594,2,0,1,false,,760,724,0,0,0,0,BEARISH,BEARISH,true,2026-07-03T01:19:59.999Z,false,e1b42594ab1ae48742471afcf8b10b125534a48603f12c6a655086f940bf0962,HISTORICAL_TURNING_POINT_SIGNIFICANCE_V1,WEAK,MEDIUM,LOCAL_REVERSAL_WITH_LIMITED_SIGNIFICANCE,false,TURNING_SIGNIFICANCE_WEAK,,e1962266a20c67182dc11859d0b68f1b166dd3beddb591727f4a92ce5cf917e0,55580c2c42f8d156fa7d5a81b7fe58c2f44b1d12ae600f043e7054a031278c0f
DYNDW:SAME_PROCESS_WICK_V1:BTCUSDT:5m:HIGH:1784642700000:1784643899999,DYNDPROC:BTCUSDT:5m:HIGH:1784643000000:1784643899999,BTCUSDT,HIGH,66924.1,66912,2026-07-21T14:05:00.000Z,2026-07-21T14:24:59.999Z,1784643899999,5368,120.630461,0.001803,0.003516,0.003516,2.364245,0.820012,0.394041,6,2.283834,2.510145,1,0.761278,3,0,1,true,LOCAL_SWING,760,725,1,0,0,1,BEARISH,BEARISH,true,2026-07-03T00:09:59.999Z,false,c43a7c7347affb847bdf8cd2a9e407f7c6db37978864c65780c79c4d0208eb66,HISTORICAL_TURNING_POINT_SIGNIFICANCE_V1,VALID,MEDIUM,STRONG_REVERSAL_WITH_STRUCTURAL_CHANGE,false,TURNING_SIGNIFICANCE_CONFIDENCE_NOT_HIGH,,e1962266a20c67182dc11859d0b68f1b166dd3beddb591727f4a92ce5cf917e0,d6f74756691f5741d58d508be8d4105f3d4431f3d4ac3dc0a89d10bfa174a081
DYNDW:SAME_PROCESS_WICK_V1:BTCUSDT:5m:LOW:1784655900000:1784662799999,DYNDPROC:BTCUSDT:5m:LOW:1784656200000:1784662799999,BTCUSDT,LOW,65939,66180.3,2026-07-21T17:45:00.000Z,2026-07-21T19:39:59.999Z,1784662799999,5431,116.33047,0.001758,0.003261,0.003261,3.921586,0.200757,0.0912,43,2.247906,4.650544,0.378054,0.102178,22,0,2,true,LOCAL_SWING,768,732,3,4,3,4,BEARISH,BEARISH,true,2026-07-03T01:19:59.999Z,false,8140f1d6c39ec187089c6205b87a33201944be01f09c0c5fe96590f48ccbc5c1,HISTORICAL_TURNING_POINT_SIGNIFICANCE_V1,VALID,MEDIUM,VALID_LOCAL_TURN_WITH_CLEAR_REVERSAL,false,TURNING_SIGNIFICANCE_CONFIDENCE_NOT_HIGH,,e1962266a20c67182dc11859d0b68f1b166dd3beddb591727f4a92ce5cf917e0,f0f1d28e8815b095f28ac02a5683b1f233f25903c2e0c5dc505b8467037f0d40
DYNDW:SAME_PROCESS_WICK_V1:BTCUSDT:5m:HIGH:1784663400000:1784672399999,DYNDPROC:BTCUSDT:5m:HIGH:1784663100000:1784672399999,BTCUSDT,HIGH,66467.4,66450.4,2026-07-21T19:50:00.000Z,2026-07-21T22:19:59.999Z,1784672399999,5463,78.430837,0.00118,0.003149,0.003149,0.109651,0.204762,0.03655,3,3.091896,3.576399,0.334991,0.099739,31,3,3,true,LOCAL_SWING,771,736,4,4,4,4,BEARISH,BEARISH,true,2026-07-03T00:09:59.999Z,false,3c626dae1b84ccde1ebde4733558df458ecc50a268c90817adef2f9608945939,HISTORICAL_TURNING_POINT_SIGNIFICANCE_V1,WEAK,MEDIUM,LOCAL_REVERSAL_WITH_LIMITED_SIGNIFICANCE,false,TURNING_SIGNIFICANCE_WEAK,,e1962266a20c67182dc11859d0b68f1b166dd3beddb591727f4a92ce5cf917e0,df635f6e15710931bd33fcb5b0be73166a1a605de80aa01ec31b4c4439fd3003
DYNDW:SAME_PROCESS_WICK_V1:BTCUSDT:5m:LOW:1784672400000:1784677199999,DYNDPROC:BTCUSDT:5m:LOW:1784672400000:1784677199999,BTCUSDT,LOW,66172,66196.6,2026-07-21T22:20:00.000Z,2026-07-21T23:39:59.999Z,1784677199999,5479,55.653959,0.000841,0.003059,0.003059,0.20304,1,0.10152,2,3.942217,4.540557,0.461895,0.246389,16,1,2,true,LOCAL_SWING,775,740,2,3,2,3,BEARISH,BEARISH,true,2026-07-03T01:19:59.999Z,false,87564c2a651565d3929d0079081e0ee707eee8099a4fa632b87a39bc8cb2281a,HISTORICAL_TURNING_POINT_SIGNIFICANCE_V1,VALID,MEDIUM,VALID_LOCAL_TURN_WITH_CLEAR_REVERSAL,false,TURNING_SIGNIFICANCE_CONFIDENCE_NOT_HIGH,,e1962266a20c67182dc11859d0b68f1b166dd3beddb591727f4a92ce5cf917e0,e04a61f68def9791dba73f21665e7924eac38246a0eda856233459b91e864661
DYNDW:SAME_PROCESS_WICK_V1:BTCUSDT:5m:HIGH:1784680800000:1784682899999,DYNDPROC:BTCUSDT:5m:HIGH:1784680200000:1784682899999,BTCUSDT,HIGH,66711,66691.8,2026-07-22T00:40:00.000Z,2026-07-22T01:14:59.999Z,1784682899999,5498,71.473217,0.001072,0.003007,0.003007,3.858788,0.62483,0.321566,12,3.18301,3.641924,0.846039,0.353668,9,0,1,true,LOCAL_SWING,777,743,1,1,1,1,BEARISH,BEARISH,true,2026-07-03T00:09:59.999Z,false,13995aef656967f008dc3ef00a648535aa91978b786942dda0a5389ab687eda0,HISTORICAL_TURNING_POINT_SIGNIFICANCE_V1,VALID,MEDIUM,STRONG_REVERSAL_WITH_STRUCTURAL_CHANGE,false,TURNING_SIGNIFICANCE_CONFIDENCE_NOT_HIGH,,e1962266a20c67182dc11859d0b68f1b166dd3beddb591727f4a92ce5cf917e0,95f2edda1f333605013271308f656a3f8b51354f41d5c98235d9a6ca1777bf92
DYNDW:SAME_PROCESS_WICK_V1:BTCUSDT:5m:LOW:1784689800000:1784695199999,DYNDPROC:BTCUSDT:5m:LOW:1784689800000:1784695199999,BTCUSDT,LOW,66141.7,66154,2026-07-22T03:10:00.000Z,2026-07-22T04:39:59.999Z,1784695199999,5539,76.761632,0.00116,0.00295,0.003,4.042384,0.35082,0.161695,25,2.634128,3.186488,0.345405,0.14634,18,1,3,true,LOCAL_SWING,780,748,3,3,3,3,BEARISH,BEARISH,true,2026-07-03T01:19:59.999Z,false,dd2fd00b89067186d8cd890babc2419be800fc8011ac0ed69937a85592af0616,HISTORICAL_TURNING_POINT_SIGNIFICANCE_V1,VALID,MEDIUM,VALID_LOCAL_TURN_WITH_CLEAR_REVERSAL,false,TURNING_SIGNIFICANCE_CONFIDENCE_NOT_HIGH,,e1962266a20c67182dc11859d0b68f1b166dd3beddb591727f4a92ce5cf917e0,8db526ef4f4720540d0d9c953ce8e39e06d0e71461e28751324440c407aa8993
DYNDW:SAME_PROCESS_WICK_V1:BTCUSDT:5m:HIGH:1784695200000:1784697599999,DYNDPROC:BTCUSDT:5m:HIGH:1784695200000:1784697599999,BTCUSDT,HIGH,66399,66387.6,2026-07-22T04:40:00.000Z,2026-07-22T05:19:59.999Z,1784697599999,5547,66.375509,0.001,0.002947,0.003,0.473066,1,0.236533,2,3.629351,4.45345,0.816887,0.453669,8,0,1,true,LOCAL_SWING,783,752,1,0,0,1,BEARISH,BEARISH,true,2026-07-03T00:09:59.999Z,false,0c0532f7f198b67dac5dd414fdc9f4439780c6c0586fd743c7613a8fbe663f1b,HISTORICAL_TURNING_POINT_SIGNIFICANCE_V1,WEAK,MEDIUM,LOCAL_REVERSAL_WITH_LIMITED_SIGNIFICANCE,false,TURNING_SIGNIFICANCE_WEAK,,e1962266a20c67182dc11859d0b68f1b166dd3beddb591727f4a92ce5cf917e0,a1bb4d7a4ef354c0a11110c5a6549e45420104affdd915c10c0975b8498b95b0
DYNDW:SAME_PROCESS_WICK_V1:BTCUSDT:5m:LOW:1784706000000:1784707499999,DYNDPROC:BTCUSDT:5m:LOW:1784705700000:1784707499999,BTCUSDT,LOW,65668.6,65705.6,2026-07-22T07:40:00.000Z,2026-07-22T08:04:59.999Z,1784707499999,5580,71.74508,0.001092,0.002909,0.003,6.148157,0.424584,0.212005,29,3.491529,4.156383,0.946354,0.581921,6,0,1,true,LOCAL_SWING,788,756,0,1,0,1,BEARISH,BEARISH,true,2026-07-03T01:19:59.999Z,false,f21ac38fd14b74a0b891a145afeb442af5271632a8758c27b60d4ce8782da84e,HISTORICAL_TURNING_POINT_SIGNIFICANCE_V1,VALID,MEDIUM,EFFICIENT_REVERSAL_FROM_EXTREME,false,TURNING_SIGNIFICANCE_CONFIDENCE_NOT_HIGH,,e1962266a20c67182dc11859d0b68f1b166dd3beddb591727f4a92ce5cf917e0,745daea2fc2106219f49de545a9a69973d71467ad6be2309982ef7353ffe4196
DYNDW:SAME_PROCESS_WICK_V1:BTCUSDT:5m:HIGH:1784708400000:1784713199999,DYNDPROC:BTCUSDT:5m:HIGH:1784708400000:1784713199999,BTCUSDT,HIGH,66140.5,66049.1,2026-07-22T08:20:00.000Z,2026-07-22T09:39:59.999Z,1784713199999,5599,76.789815,0.001163,0.002886,0.003,1.211098,0.885714,0.24222,5,2.608419,4.120338,0.321045,0.163026,16,1,2,true,LOCAL_SWING,788,757,3,1,1,3,BEARISH,BEARISH,true,2026-07-03T00:09:59.999Z,false,31e751d02591c01912b6863f946566721af827463694f77cd0f4426a201445e1,HISTORICAL_TURNING_POINT_SIGNIFICANCE_V1,WEAK,MEDIUM,LOCAL_REVERSAL_WITH_LIMITED_SIGNIFICANCE,false,TURNING_SIGNIFICANCE_WEAK,,e1962266a20c67182dc11859d0b68f1b166dd3beddb591727f4a92ce5cf917e0,fe5400b53d08dbdb746ba813763a4413e2f863c880a953ea86454bac214e3ec6
DYNDW:SAME_PROCESS_WICK_V1:BTCUSDT:5m:LOW:1784713800000:1784717399999,DYNDPROC:BTCUSDT:5m:LOW:1784712900000:1784717399999,BTCUSDT,LOW,65816.4,65848.8,2026-07-22T09:50:00.000Z,2026-07-22T10:49:59.999Z,1784717399999,5613,71.299447,0.001083,0.002896,0.003,0,,0,1,3.014049,3.659215,0.782308,0.200937,15,0,1,true,LOCAL_SWING,791,759,1,1,1,1,BEARISH,BEARISH,true,2026-07-03T01:19:59.999Z,false,773926522ef824924eca99e6f36a1fc2d317137e5aba50e81aea475686f04629,HISTORICAL_TURNING_POINT_SIGNIFICANCE_V1,WEAK,MEDIUM,LOCAL_REVERSAL_WITH_LIMITED_SIGNIFICANCE,false,TURNING_SIGNIFICANCE_WEAK,,e1962266a20c67182dc11859d0b68f1b166dd3beddb591727f4a92ce5cf917e0,e723c31f842909ed58d1141efe29c9242eb56e0ad7053c35c27fa62637db6627
DYNDW:SAME_PROCESS_WICK_V1:BTCUSDT:5m:HIGH:1784717100000:1784722199999,DYNDPROC:BTCUSDT:5m:HIGH:1784717100000:1784722199999,BTCUSDT,HIGH,66077.3,66063.7,2026-07-22T10:45:00.000Z,2026-07-22T12:09:59.999Z,1784722199999,5629,53.574722,0.000811,0.002901,0.003,0,,0,1,3.869362,4.524522,0.32335,0.22761,17,2,3,true,LOCAL_SWING,792,760,3,2,2,3,BEARISH,BEARISH,true,2026-07-03T00:09:59.999Z,false,e3dbc175fea8d82bbb6c8ba255c6b35b85ba5474d14946d1592dbfb276249525,HISTORICAL_TURNING_POINT_SIGNIFICANCE_V1,WEAK,MEDIUM,LOCAL_REVERSAL_WITH_LIMITED_SIGNIFICANCE,false,TURNING_SIGNIFICANCE_WEAK,,e1962266a20c67182dc11859d0b68f1b166dd3beddb591727f4a92ce5cf917e0,5a97f4c5e9c9b8dd5812230f6ac8ad3d00b1897a69c506709795af011009d62b
DYNDW:SAME_PROCESS_WICK_V1:BTCUSDT:5m:LOW:1784724900000:1784727299999,DYNDPROC:BTCUSDT:5m:LOW:1784726400000:1784727299999,BTCUSDT,LOW,65505,65549.4,2026-07-22T12:55:00.000Z,2026-07-22T13:34:59.999Z,1784727299999,5646,76.420538,0.001166,0.002901,0.003,4.017245,0.430575,0.251078,16,2.772815,3.406152,1,0.924272,3,0,1,true,LOCAL_SWING,796,762,0,1,0,1,BEARISH,BEARISH,true,2026-07-03T01:19:59.999Z,false,3a94d19d18b8287b0f667f0d879296d4702a5b4e10d89da3cc2b742b89fb3677,HISTORICAL_TURNING_POINT_SIGNIFICANCE_V1,VALID,MEDIUM,VALID_LOCAL_TURN_WITH_CLEAR_REVERSAL,false,TURNING_SIGNIFICANCE_CONFIDENCE_NOT_HIGH,,e1962266a20c67182dc11859d0b68f1b166dd3beddb591727f4a92ce5cf917e0,05e221c91a4ba67177fdd992dec3cbccee2c959ee8cf6f70b9c90e00d4efbcb5
DYNDW:SAME_PROCESS_WICK_V1:BTCUSDT:5m:HIGH:1784729100000:1784729999999,DYNDPROC:BTCUSDT:5m:HIGH:1784728800000:1784729999999,BTCUSDT,HIGH,66190.4,66004.1,2026-07-22T14:05:00.000Z,2026-07-22T14:19:59.999Z,1784729999999,5655,101.781833,0.001542,0.002773,0.003,2.385494,1,0.340785,7,2.518131,5.04707,1,0.629533,4,0,1,true,LOCAL_SWING,797,764,1,0,0,1,BEARISH,BEARISH,true,2026-07-03T00:09:59.999Z,false,f2b8fda484c0439be9b8bae9cc6eb18384f19fb01b2a28087af0f4b6a37e1126,HISTORICAL_TURNING_POINT_SIGNIFICANCE_V1,VALID,MEDIUM,STRONG_REVERSAL_WITH_STRUCTURAL_CHANGE,false,TURNING_SIGNIFICANCE_CONFIDENCE_NOT_HIGH,,e1962266a20c67182dc11859d0b68f1b166dd3beddb591727f4a92ce5cf917e0,b86db9e9878569a934a098b5cf42305c4f2842e78cd58f5b23e032ebadce582a
DYNDW:SAME_PROCESS_WICK_V1:BTCUSDT:5m:LOW:1784730600000:1784732699999,DYNDPROC:BTCUSDT:5m:LOW:1784730300000:1784732699999,BTCUSDT,LOW,65556.3,65591.4,2026-07-22T14:30:00.000Z,2026-07-22T15:04:59.999Z,1784732699999,5664,126.279149,0.001925,0.002741,0.003,1.238526,1,0.412842,3,2.127034,2.999703,0.702039,0.265879,8,0,1,true,LOCAL_SWING,798,764,1,2,1,2,BEARISH,BEARISH,true,2026-07-03T01:19:59.999Z,false,0bad93c4e56d7dd60cec708aa1bbb6894fda364fbda9bfd9e383da365e642a0c,HISTORICAL_TURNING_POINT_SIGNIFICANCE_V1,VALID,MEDIUM,VALID_LOCAL_TURN_WITH_CLEAR_REVERSAL,false,TURNING_SIGNIFICANCE_CONFIDENCE_NOT_HIGH,,e1962266a20c67182dc11859d0b68f1b166dd3beddb591727f4a92ce5cf917e0,b7c5911bb018868dcc79b0f009c4cf3d3ac76054cfdf220e3e7c2608cf76ab28
DYNDW:SAME_PROCESS_WICK_V1:BTCUSDT:5m:HIGH:1784738100000:1784739299999,DYNDPROC:BTCUSDT:5m:HIGH:1784738100000:1784739299999,BTCUSDT,HIGH,66363.6,66325.8,2026-07-22T16:35:00.000Z,2026-07-22T16:54:59.999Z,1784739299999,5686,127.189768,0.001918,0.002738,0.003,3.662244,0.409171,0.183112,20,1.618055,1.915248,1,0.404514,4,0,1,true,LOCAL_SWING,802,768,1,0,0,1,BEARISH,BEARISH,true,2026-07-03T00:09:59.999Z,false,c6f0d2f27ed68d6cf17f1ce843a8f2617f2cb6f8643d58aeb46b691c10ec54e5,HISTORICAL_TURNING_POINT_SIGNIFICANCE_V1,WEAK,MEDIUM,LOCAL_REVERSAL_WITH_LIMITED_SIGNIFICANCE,false,TURNING_SIGNIFICANCE_WEAK,,e1962266a20c67182dc11859d0b68f1b166dd3beddb591727f4a92ce5cf917e0,a80b112f8e71f17ab4a4cfd0a21d3b37f0f4c44a8b05164664f8ec289340b563
DYNDW:SAME_PROCESS_WICK_V1:BTCUSDT:5m:LOW:1784747400000:1784756399999,DYNDPROC:BTCUSDT:5m:LOW:1784745300000:1784756399999,BTCUSDT,LOW,65650.2,65725.6,2026-07-22T19:10:00.000Z,2026-07-22T21:39:59.999Z,1784756399999,5743,100.30702,0.001526,0.002775,0.003,3.931928,0.364106,0.178724,22,2.860219,3.913983,0.284708,0.077303,37,2,4,true,LOCAL_SWING,808,771,4,6,4,6,BEARISH,BEARISH,true,2026-07-03T01:19:59.999Z,false,6c476c132b5da1b31fd0abb3aa68e45fccea9fa0fa488a08ef30bfa83544552d,HISTORICAL_TURNING_POINT_SIGNIFICANCE_V1,WEAK,MEDIUM,LOCAL_REVERSAL_WITH_LIMITED_SIGNIFICANCE,false,TURNING_SIGNIFICANCE_WEAK,,e1962266a20c67182dc11859d0b68f1b166dd3beddb591727f4a92ce5cf917e0,c7f9d14aa1dc2dc26662d117b4158ae27282249e4a2c3ab7cf0a1e2778663eac
DYNDW:SAME_PROCESS_WICK_V1:BTCUSDT:5m:HIGH:1784757000000:1784762099999,DYNDPROC:BTCUSDT:5m:HIGH:1784756400000:1784762099999,BTCUSDT,HIGH,66103.1,66085.9,2026-07-22T21:50:00.000Z,2026-07-22T23:14:59.999Z,1784762099999,5762,58.015773,0.000878,0.002814,0.003,1.265173,1,0.632587,2,3.948926,4.784906,0.413314,0.207838,19,1,3,true,LOCAL_SWING,812,777,2,3,3,2,BEARISH,BEARISH,true,2026-07-03T00:09:59.999Z,false,c856a4c1bd2610980d17a2d13b5a278aca9b8d7cc651997ea6118ed510bf88d8,HISTORICAL_TURNING_POINT_SIGNIFICANCE_V1,VALID,MEDIUM,STRONG_REVERSAL_WITH_STRUCTURAL_CHANGE,false,TURNING_SIGNIFICANCE_CONFIDENCE_NOT_HIGH,,e1962266a20c67182dc11859d0b68f1b166dd3beddb591727f4a92ce5cf917e0,9a7c95577defd83bb94075953be398fccbda9703897a455709ce56aedf1a910f
DYNDW:SAME_PROCESS_WICK_V1:BTCUSDT:5m:LOW:1784762100000:1784764799999,DYNDPROC:BTCUSDT:5m:LOW:1784761800000:1784764799999,BTCUSDT,LOW,65808.5,65856.8,2026-07-22T23:15:00.000Z,2026-07-22T23:59:59.999Z,1784764799999,5771,64.655072,0.000982,0.002862,0.003,0,,0,1,3.483099,4.763741,0.895784,0.34831,10,0,2,true,LOCAL_SWING,815,780,1,1,1,1,BEARISH,BEARISH,true,2026-07-03T01:19:59.999Z,false,f5faf056a80996d8cb3977f97ef87a344cc1e9f0808e6c942b4e67d3ee5333cd,HISTORICAL_TURNING_POINT_SIGNIFICANCE_V1,VALID,MEDIUM,VALID_LOCAL_TURN_WITH_CLEAR_REVERSAL,false,TURNING_SIGNIFICANCE_CONFIDENCE_NOT_HIGH,,e1962266a20c67182dc11859d0b68f1b166dd3beddb591727f4a92ce5cf917e0,751e12979aa4adce5848cbbec97bdd82125b7c892283cab5e3ea8cecf98ca921
DYNDW:SAME_PROCESS_WICK_V1:BTCUSDT:5m:HIGH:1784766300000:1784768399999,DYNDPROC:BTCUSDT:5m:HIGH:1784766000000:1784768399999,BTCUSDT,HIGH,66284.1,66242.3,2026-07-23T00:25:00.000Z,2026-07-23T00:59:59.999Z,1784768399999,5783,72.647547,0.001097,0.002848,0.003,2.206544,0.819111,0.367757,6,3.007672,3.63536,0.860575,0.375959,8,0,1,true,LOCAL_SWING,817,781,1,0,0,1,BEARISH,BEARISH,true,2026-07-03T00:09:59.999Z,false,27cdcbc7554012e69496c41f7f9a3657a04130b752d411ea4555e79eba251224,HISTORICAL_TURNING_POINT_SIGNIFICANCE_V1,VALID,MEDIUM,VALID_LOCAL_TURN_WITH_CLEAR_REVERSAL,false,TURNING_SIGNIFICANCE_CONFIDENCE_NOT_HIGH,,e1962266a20c67182dc11859d0b68f1b166dd3beddb591727f4a92ce5cf917e0,d0af4151aff21af6a7af39d2e65bf12e4399181367f43c8bef549d6f632b5cf2
DYNDW:SAME_PROCESS_WICK_V1:BTCUSDT:5m:LOW:1784782800000:1784789399999,DYNDPROC:BTCUSDT:5m:LOW:1784782800000:1784789399999,BTCUSDT,LOW,65543.1,65560.3,2026-07-23T05:00:00.000Z,2026-07-23T06:49:59.999Z,1784789399999,5853,55.853572,0.000852,0.002856,0.003,8.298484,0.272343,0.16597,50,3.720442,4.187736,0.279301,0.169111,22,2,3,true,LOCAL_SWING,824,787,4,3,4,3,BEARISH,BEARISH,true,2026-07-03T01:19:59.999Z,false,f489c7734789aefaaaf890ea9d4c19d090fca5e03c69683df2021de6219f7106,HISTORICAL_TURNING_POINT_SIGNIFICANCE_V1,VALID,MEDIUM,VALID_LOCAL_TURN_WITH_CLEAR_REVERSAL,false,TURNING_SIGNIFICANCE_CONFIDENCE_NOT_HIGH,,e1962266a20c67182dc11859d0b68f1b166dd3beddb591727f4a92ce5cf917e0,7187f9f614f6068c8712059b604b834a9443a1b9c5c8d2ac37cdbcb7e99271d7
DYNDW:SAME_PROCESS_WICK_V1:BTCUSDT:5m:HIGH:1784789400000:1784790899999,DYNDPROC:BTCUSDT:5m:HIGH:1784789400000:1784790899999,BTCUSDT,HIGH,65793.7,65773.3,2026-07-23T06:50:00.000Z,2026-07-23T07:14:59.999Z,1784790899999,5858,55.568119,0.000845,0.002829,0.003,0.093579,1,0.046789,2,6.296776,8.638047,1,1.259355,5,0,1,true,LOCAL_SWING,828,790,1,0,0,1,BEARISH,BEARISH,true,2026-07-03T00:09:59.999Z,false,bdafe3c994e6006e877b1e1d248f3472407d2e4afe31ba2af71eaf172d91afe0,HISTORICAL_TURNING_POINT_SIGNIFICANCE_V1,WEAK,MEDIUM,LOCAL_REVERSAL_WITH_LIMITED_SIGNIFICANCE,false,TURNING_SIGNIFICANCE_WEAK,,e1962266a20c67182dc11859d0b68f1b166dd3beddb591727f4a92ce5cf917e0,ba84a8d88cd70354e6c52675bf8926d3b82dc9d675564f19295f77fea5700aaa
DYNDW:SAME_PROCESS_WICK_V1:BTCUSDT:5m:LOW:1784790600000:1784795399999,DYNDPROC:BTCUSDT:5m:LOW:1784792400000:1784795399999,BTCUSDT,LOW,65313.7,65364.8,2026-07-23T07:10:00.000Z,2026-07-23T08:29:59.999Z,1784795399999,5873,69.492164,0.001063,0.0029,0.003,0.843261,0.779255,0.120466,7,2.867949,5.045173,0.704489,0.286795,10,0,2,true,LOCAL_SWING,829,790,0,2,0,2,BEARISH,BEARISH,true,2026-07-03T01:19:59.999Z,false,0d3d02d41fc0e0cfe7187941d0f4b2b0efdb4fb38ab2051f71173248397684cd,HISTORICAL_TURNING_POINT_SIGNIFICANCE_V1,VALID,MEDIUM,VALID_LOCAL_TURN_WITH_CLEAR_REVERSAL,false,TURNING_SIGNIFICANCE_CONFIDENCE_NOT_HIGH,,e1962266a20c67182dc11859d0b68f1b166dd3beddb591727f4a92ce5cf917e0,1f8a69fc29e94e8b45bb631806b4ca8bfe1a1c3d40d64408cd084d6ddcdca794
DYNDW:SAME_PROCESS_WICK_V1:BTCUSDT:5m:HIGH:1784803500000:1784806799999,DYNDPROC:BTCUSDT:5m:HIGH:1784803500000:1784806799999,BTCUSDT,HIGH,65756.6,65753.7,2026-07-23T10:45:00.000Z,2026-07-23T11:39:59.999Z,1784806799999,5911,46.207156,0.000703,0.002827,0.003,4.103261,0.285887,0.141492,29,4.341319,4.406244,0.616472,0.394665,11,0,2,true,LOCAL_SWING,834,796,2,1,1,2,BEARISH,BEARISH,true,2026-07-03T00:09:59.999Z,false,d97ba6bc1aeaa74c5de038129cb7d629b9d46f60fe5b7bd5b71d9f249e8dc3dc,HISTORICAL_TURNING_POINT_SIGNIFICANCE_V1,VALID,MEDIUM,STRONG_REVERSAL_WITH_STRUCTURAL_CHANGE,false,TURNING_SIGNIFICANCE_CONFIDENCE_NOT_HIGH,,e1962266a20c67182dc11859d0b68f1b166dd3beddb591727f4a92ce5cf917e0,21ec6e8a0d062e824a5f69668b40e403e890928c5067c3a7499f5786b131a1d0
DYNDW:SAME_PROCESS_WICK_V1:BTCUSDT:5m:LOW:1784815500000:1784816399999,DYNDPROC:BTCUSDT:5m:LOW:1784814900000:1784816399999,BTCUSDT,LOW,64801,64858.6,2026-07-23T14:05:00.000Z,2026-07-23T14:19:59.999Z,1784816399999,5943,144.547345,0.002229,0.002985,0.003,4.804654,0.379446,0.165678,29,1.441742,1.840228,0.681491,0.288348,5,0,1,true,LOCAL_SWING,840,801,0,1,0,1,BEARISH,BEARISH,true,2026-07-03T01:19:59.999Z,false,538fc87ec0380a47280e019b6f587f79aec87ad2da44d4622165cc2e21e6f2b2,HISTORICAL_TURNING_POINT_SIGNIFICANCE_V1,WEAK,MEDIUM,LOCAL_REVERSAL_WITH_LIMITED_SIGNIFICANCE,false,TURNING_SIGNIFICANCE_WEAK,,e1962266a20c67182dc11859d0b68f1b166dd3beddb591727f4a92ce5cf917e0,d777a4494aa714836d242adef1a9027caab0334dfca7b902dd988cba94ac64e2
DYNDW:SAME_PROCESS_WICK_V1:BTCUSDT:5m:HIGH:1784816400000:1784818199999,DYNDPROC:BTCUSDT:5m:HIGH:1784817300000:1784818199999,BTCUSDT,HIGH,65197,65149.4,2026-07-23T14:20:00.000Z,2026-07-23T14:49:59.999Z,1784818199999,5949,136.530411,0.002096,0.002975,0.003,0.603529,0.344194,0.120706,5,1.75492,2.17534,1,0.584973,3,0,1,true,LOCAL_SWING,840,802,2,0,0,2,BEARISH,BEARISH,true,2026-07-03T00:09:59.999Z,false,4a495f7219d52b37ab7373d9caee9aa58507f53d5435b45769587a6dc81ac832,HISTORICAL_TURNING_POINT_SIGNIFICANCE_V1,WEAK,MEDIUM,LOCAL_REVERSAL_WITH_LIMITED_SIGNIFICANCE,false,TURNING_SIGNIFICANCE_WEAK,,e1962266a20c67182dc11859d0b68f1b166dd3beddb591727f4a92ce5cf917e0,dbb2778a7dc5180feba1e9ddbcd143f1b5366fd4581db0e7e544684421b93850
DYNDW:SAME_PROCESS_WICK_V1:BTCUSDT:5m:LOW:1784819400000:1784821799999,DYNDPROC:BTCUSDT:5m:LOW:1784819400000:1784821799999,BTCUSDT,LOW,64696.2,64745.9,2026-07-23T15:10:00.000Z,2026-07-23T15:49:59.999Z,1784821799999,5961,122.996227,0.0019,0.003005,0.003005,1.332561,0.638986,0.222094,6,1.656148,2.144781,0.445246,0.207019,8,0,1,true,LOCAL_SWING,842,802,1,2,1,2,BEARISH,BEARISH,true,2026-07-03T01:19:59.999Z,false,b2987c15ad1cf0a8530254f9f16decb572248ca185f5c0e4fa144b345c6e9d37,HISTORICAL_TURNING_POINT_SIGNIFICANCE_V1,VALID,MEDIUM,VALID_LOCAL_TURN_WITH_CLEAR_REVERSAL,false,TURNING_SIGNIFICANCE_CONFIDENCE_NOT_HIGH,,e1962266a20c67182dc11859d0b68f1b166dd3beddb591727f4a92ce5cf917e0,018a3b82af1f07b54cf45cb5b19123fae40052010a5ea230f3ba81adf577b33f
DYNDW:SAME_PROCESS_WICK_V1:BTCUSDT:5m:HIGH:1784821800000:1784823599999,DYNDPROC:BTCUSDT:5m:HIGH:1784821500000:1784823599999,BTCUSDT,HIGH,65003.6,64949.6,2026-07-23T15:50:00.000Z,2026-07-23T16:19:59.999Z,1784823599999,5967,116.719059,0.001797,0.003035,0.003035,0,,0,1,1.739219,2.380074,0.714286,0.24846,7,0,1,true,LOCAL_SWING,843,805,1,0,0,1,BEARISH,BEARISH,true,2026-07-03T00:09:59.999Z,false,7b97d6ad10ad0e597233ae500c999e5418dac60b8aa412dd68e0a0fd9b7f407e,HISTORICAL_TURNING_POINT_SIGNIFICANCE_V1,WEAK,MEDIUM,LOCAL_REVERSAL_WITH_LIMITED_SIGNIFICANCE,false,TURNING_SIGNIFICANCE_WEAK,,e1962266a20c67182dc11859d0b68f1b166dd3beddb591727f4a92ce5cf917e0,33135faf984f55369d98380a7af4c06adaddfd0d3df2781ab80d6044d974ec4c
DYNDW:SAME_PROCESS_WICK_V1:BTCUSDT:5m:LOW:1784829300000:1784832599999,DYNDPROC:BTCUSDT:5m:LOW:1784829300000:1784832599999,BTCUSDT,LOW,64636,64654.4,2026-07-23T17:55:00.000Z,2026-07-23T18:49:59.999Z,1784832599999,5997,82.715099,0.001279,0.002905,0.003,1.11467,0.12575,0.05308,21,2.457834,3.034512,0.516383,0.223439,11,0,2,true,LOCAL_SWING,846,809,1,2,1,2,BEARISH,BEARISH,true,2026-07-03T01:19:59.999Z,false,5de530f1dc5a79e10d37dc2a57b902b60dd58cc0330c9f97a60386ad6a59baa0,HISTORICAL_TURNING_POINT_SIGNIFICANCE_V1,VALID,MEDIUM,VALID_LOCAL_TURN_WITH_CLEAR_REVERSAL,false,TURNING_SIGNIFICANCE_CONFIDENCE_NOT_HIGH,,e1962266a20c67182dc11859d0b68f1b166dd3beddb591727f4a92ce5cf917e0,3da84c424be9bf1c1e618f4ea64c04dc08d93e4d6d22001fe78a74f9143569b7
DYNDW:SAME_PROCESS_WICK_V1:BTCUSDT:5m:HIGH:1784846400000:1784851799999,DYNDPROC:BTCUSDT:5m:HIGH:1784846100000:1784851799999,BTCUSDT,HIGH,65193.5,65181.3,2026-07-23T22:40:00.000Z,2026-07-24T00:09:59.999Z,1784851799999,6061,60.314874,0.000925,0.002932,0.003,5.365177,0.193494,0.114153,47,4.307395,4.836286,0.527834,0.226705,19,0,2,true,LOCAL_SWING,853,818,4,3,3,4,BEARISH,BEARISH,true,2026-07-03T00:09:59.999Z,false,dd92a9593e62f9c933f07f2334894be328a28d7ba13b3374b0b0522c46ea8ac2,HISTORICAL_TURNING_POINT_SIGNIFICANCE_V1,VALID,MEDIUM,VALID_LOCAL_TURN_WITH_CLEAR_REVERSAL,false,TURNING_SIGNIFICANCE_CONFIDENCE_NOT_HIGH,,e1962266a20c67182dc11859d0b68f1b166dd3beddb591727f4a92ce5cf917e0,30eae0acd1cc71a8f49ebc2414931d0246e70cc94db12ecb74e487b4d9f7c472
DYNDW:SAME_PROCESS_WICK_V1:BTCUSDT:5m:LOW:1784853600000:1784855099999,DYNDPROC:BTCUSDT:5m:LOW:1784853300000:1784855099999,BTCUSDT,LOW,64733.2,64765.1,2026-07-24T00:40:00.000Z,2026-07-24T01:04:59.999Z,1784855099999,6072,71.854582,0.001109,0.002868,0.003,2.176618,0.661591,0.310945,7,4.049846,4.731779,0.900371,0.674974,6,0,1,true,LOCAL_SWING,858,822,0,1,0,1,BEARISH,BEARISH,true,2026-07-03T01:19:59.999Z,false,fc418360f4cfeb6f13fb4fd271d1a4e349f33639f18bb36f2a99df5c9cbb8d7d,HISTORICAL_TURNING_POINT_SIGNIFICANCE_V1,VALID,MEDIUM,EFFICIENT_REVERSAL_FROM_EXTREME,false,TURNING_SIGNIFICANCE_CONFIDENCE_NOT_HIGH,,e1962266a20c67182dc11859d0b68f1b166dd3beddb591727f4a92ce5cf917e0,e07d764b647756207fe6a83146339ac47a20b94b80e6e1c9a2788ccb662ceede
DYNDW:SAME_PROCESS_WICK_V1:BTCUSDT:5m:HIGH:1784859000000:1784860499999,DYNDPROC:BTCUSDT:5m:HIGH:1784859000000:1784860499999,BTCUSDT,HIGH,65164.8,65140.8,2026-07-24T02:10:00.000Z,2026-07-24T02:34:59.999Z,1784860499999,6090,68.957414,0.001059,0.002824,0.003,1.228294,0.284133,0.081886,15,3.254182,3.66168,0.831727,0.650836,5,0,1,true,LOCAL_SWING,860,825,1,0,0,1,BEARISH,BEARISH,true,2026-07-03T00:09:59.999Z,false,794dc917cd010223e944dcaefcb6065f1c00c353cde3653488cff8dd7ee001dd,HISTORICAL_TURNING_POINT_SIGNIFICANCE_V1,VALID,MEDIUM,STRONG_REVERSAL_WITH_STRUCTURAL_CHANGE,false,TURNING_SIGNIFICANCE_CONFIDENCE_NOT_HIGH,,e1962266a20c67182dc11859d0b68f1b166dd3beddb591727f4a92ce5cf917e0,d73c492ab39bdffd60bbd590310225c864dc54d976b700270d108ca2a21dd676
DYNDW:SAME_PROCESS_WICK_V1:BTCUSDT:5m:LOW:1784860500000:1784862299999,DYNDPROC:BTCUSDT:5m:LOW:1784860200000:1784862299999,BTCUSDT,LOW,64890.5,64916.4,2026-07-24T02:35:00.000Z,2026-07-24T03:04:59.999Z,1784862299999,6096,77.599797,0.001195,0.002886,0.003,0,,0,1,2.907224,3.240988,0.589342,0.415318,7,0,2,true,LOCAL_SWING,862,825,0,1,0,1,BEARISH,BEARISH,true,2026-07-03T01:19:59.999Z,false,6a475508dfe30a831e433fda4f7f9b2aee122c9a4aa090ae085893943b039b57,HISTORICAL_TURNING_POINT_SIGNIFICANCE_V1,WEAK,MEDIUM,LOCAL_REVERSAL_WITH_LIMITED_SIGNIFICANCE,false,TURNING_SIGNIFICANCE_WEAK,,e1962266a20c67182dc11859d0b68f1b166dd3beddb591727f4a92ce5cf917e0,47bbe932deaf6177397724600576b49a909a06dca2489c1b42e0b14ff669f783
DYNDW:SAME_PROCESS_WICK_V1:BTCUSDT:5m:HIGH:1784877300000:1784878499999,DYNDPROC:BTCUSDT:5m:HIGH:1784877000000:1784878499999,BTCUSDT,HIGH,65780,65740,2026-07-24T07:15:00.000Z,2026-07-24T07:34:59.999Z,1784878499999,6150,68.367065,0.00104,0.002884,0.003,8.746902,0.366736,0.171508,51,3.004371,3.776672,0.997087,0.600874,5,0,1,true,LOCAL_SWING,870,834,1,0,0,1,BEARISH,BEARISH,true,2026-07-03T00:09:59.999Z,false,0cb863ae83d5ee0a62f82844bb6484d06a5bdd8f98e6bde7bbe5074fdf74f373,HISTORICAL_TURNING_POINT_SIGNIFICANCE_V1,VALID,MEDIUM,EFFICIENT_REVERSAL_FROM_EXTREME,false,TURNING_SIGNIFICANCE_CONFIDENCE_NOT_HIGH,,e1962266a20c67182dc11859d0b68f1b166dd3beddb591727f4a92ce5cf917e0,ff9aa5224af564cf711d4b5385430e419053ca4afc9188db5c9c71c3f897ac52
DYNDW:SAME_PROCESS_WICK_V1:BTCUSDT:5m:LOW:1784893500000:1784895899999,DYNDPROC:BTCUSDT:5m:LOW:1784890200000:1784895899999,BTCUSDT,LOW,64821.9,64890,2026-07-24T11:45:00.000Z,2026-07-24T12:24:59.999Z,1784895899999,6208,62.313438,0.00096,0.003009,0.003009,10.344478,0.400224,0.252304,41,3.190323,4.286395,0.25953,0.167912,19,1,5,true,LOCAL_SWING,876,839,1,2,1,2,BEARISH,BEARISH,true,2026-07-03T01:19:59.999Z,false,4d50d83b7f9413e21f23027392c73942c7576c0da2d57f0c2b0fbec7579e1ba7,HISTORICAL_TURNING_POINT_SIGNIFICANCE_V1,WEAK,MEDIUM,LOCAL_REVERSAL_WITH_LIMITED_SIGNIFICANCE,false,TURNING_SIGNIFICANCE_WEAK,,e1962266a20c67182dc11859d0b68f1b166dd3beddb591727f4a92ce5cf917e0,de21d9d7ccfd19d0aac97d230cdb00c88a42e2962459b1797cac2a4267e725aa
DYNDW:SAME_PROCESS_WICK_V1:BTCUSDT:5m:HIGH:1784895900000:1784897399999,DYNDPROC:BTCUSDT:5m:HIGH:1784895600000:1784897399999,BTCUSDT,HIGH,65110.1,65088.8,2026-07-24T12:25:00.000Z,2026-07-24T12:49:59.999Z,1784897399999,6213,72.885371,0.00112,0.003062,0.003062,0,,0,1,3.709935,4.389084,0.84978,0.618323,6,0,1,true,LOCAL_SWING,877,841,1,0,0,1,BEARISH,BEARISH,true,2026-07-03T00:09:59.999Z,false,213481bb5163526c8fa84aeddbd2817f91aed208961288c0df6778325070ece8,HISTORICAL_TURNING_POINT_SIGNIFICANCE_V1,WEAK,MEDIUM,LOCAL_REVERSAL_WITH_LIMITED_SIGNIFICANCE,false,TURNING_SIGNIFICANCE_WEAK,,e1962266a20c67182dc11859d0b68f1b166dd3beddb591727f4a92ce5cf917e0,1855b56a2c987b5d4f62cf98fcea6f401503cf5da10f4689eb79de086b6c3062
DYNDW:SAME_PROCESS_WICK_V1:BTCUSDT:5m:LOW:1784902800000:1784905199999,DYNDPROC:BTCUSDT:5m:LOW:1784902800000:1784905199999,BTCUSDT,LOW,63666,63777.7,2026-07-24T14:20:00.000Z,2026-07-24T14:59:59.999Z,1784905199999,6239,164.536254,0.00258,0.003349,0.003349,6.32505,0.467835,0.316252,20,1.541909,2.251783,0.709254,0.192739,8,0,1,true,INTERNAL,880,843,0,2,0,2,BEARISH,BEARISH,true,2026-07-03T01:19:59.999Z,false,1b3365c71a24ddf51dafdf8badcc8e0df2472d53ab1dce4f56b05b586d272297,HISTORICAL_TURNING_POINT_SIGNIFICANCE_V1,VALID,MEDIUM,VALID_LOCAL_TURN_WITH_CLEAR_REVERSAL,false,TURNING_SIGNIFICANCE_CONFIDENCE_NOT_HIGH,,e1962266a20c67182dc11859d0b68f1b166dd3beddb591727f4a92ce5cf917e0,4029c4761a5cfcdb06ef80e7a8930b967d718f3cb8e9e10a6cc1275153a116b5
DYNDW:SAME_PROCESS_WICK_V1:BTCUSDT:5m:HIGH:1784907600000:1784910899999,DYNDPROC:BTCUSDT:5m:HIGH:1784907300000:1784910899999,BTCUSDT,HIGH,64305.8,64266,2026-07-24T15:40:00.000Z,2026-07-24T16:34:59.999Z,1784910899999,6258,146.955992,0.002287,0.003463,0.003463,1.596396,0.276912,0.177377,9,1.737255,2.340837,0.614145,0.144771,12,0,1,true,LOCAL_SWING,882,846,2,2,2,2,UNKNOWN,BEARISH,true,2026-07-03T00:09:59.999Z,false,2bfb865df4b9c6a358e880b262e1ae41a904fc1835bb7e45512f06f471729072,HISTORICAL_TURNING_POINT_SIGNIFICANCE_V1,VALID,MEDIUM,VALID_LOCAL_TURN_WITH_CLEAR_REVERSAL,false,TURNING_SIGNIFICANCE_CONFIDENCE_NOT_HIGH,,e1962266a20c67182dc11859d0b68f1b166dd3beddb591727f4a92ce5cf917e0,87424f6425af569bb21f66a475b892154aeaed25fbfc412f4f238ac4f8e3fe36
DYNDW:SAME_PROCESS_WICK_V1:BTCUSDT:5m:LOW:1784911500000:1784914499999,DYNDPROC:BTCUSDT:5m:LOW:1784911500000:1784914499999,BTCUSDT,LOW,63854.3,63897.7,2026-07-24T16:45:00.000Z,2026-07-24T17:34:59.999Z,1784914499999,6270,111.860921,0.001751,0.003443,0.003443,1.010183,1,0.252546,4,2.402984,2.790966,0.710359,0.240298,10,0,1,true,INTERNAL,884,848,0,2,0,2,BEARISH,BEARISH,true,2026-07-03T01:19:59.999Z,false,93f85b9640259f854720d3df3e5647f2748610bd7d9b1f62f3ea33aecc5072cb,HISTORICAL_TURNING_POINT_SIGNIFICANCE_V1,VALID,MEDIUM,VALID_LOCAL_TURN_WITH_CLEAR_REVERSAL,false,TURNING_SIGNIFICANCE_CONFIDENCE_NOT_HIGH,,e1962266a20c67182dc11859d0b68f1b166dd3beddb591727f4a92ce5cf917e0,2c84db84047568a47ea5f69ff9735410bfb2989dd517e98c4e4d7dcb3a3d0aa1
DYNDW:SAME_PROCESS_WICK_V1:BTCUSDT:5m:HIGH:1784919600000:1784942099999,DYNDPROC:BTCUSDT:5m:HIGH:1784919000000:1784942099999,BTCUSDT,HIGH,64266.9,64249.7,2026-07-24T19:00:00.000Z,2026-07-25T01:14:59.999Z,1784942099999,6362,63.284634,0.000985,0.003418,0.003418,1.314695,0.222698,0.077335,17,4.08946,4.580891,0.208878,0.05311,77,4,6,true,INTERNAL,887,853,12,13,13,12,BULLISH,BULLISH,true,2026-07-03T00:09:59.999Z,false,1c64031ec857021eeb082626ed5a5517cf510b017246607af7a379b4160ad469,HISTORICAL_TURNING_POINT_SIGNIFICANCE_V1,WEAK,MEDIUM,LOCAL_REVERSAL_WITH_LIMITED_SIGNIFICANCE,false,TURNING_SIGNIFICANCE_WEAK,,e1962266a20c67182dc11859d0b68f1b166dd3beddb591727f4a92ce5cf917e0,50769f302d0245c2cadeae04a725745a65698217b34dacdff985bfba8188fa2d
DYNDW:SAME_PROCESS_WICK_V1:BTCUSDT:5m:LOW:1784969400000:1784973599999,DYNDPROC:BTCUSDT:5m:LOW:1784969400000:1784973599999,BTCUSDT,LOW,63760.5,63777.7,2026-07-25T08:50:00.000Z,2026-07-25T09:59:59.999Z,1784973599999,6467,35.785308,0.000561,0.002901,0.003,5.957752,0.127041,0.064062,93,5.482697,6.692691,0.6841,0.391621,14,0,3,true,LOCAL_SWING,913,882,1,2,1,2,BULLISH,BULLISH,true,2026-07-03T01:19:59.999Z,false,bc11a0c504a46bb65bd7f9e27b381c47f69bf57ec58c36ffd3539c79fc6e01d9,HISTORICAL_TURNING_POINT_SIGNIFICANCE_V1,VALID,MEDIUM,VALID_LOCAL_TURN_WITH_CLEAR_REVERSAL,false,TURNING_SIGNIFICANCE_CONFIDENCE_NOT_HIGH,,e1962266a20c67182dc11859d0b68f1b166dd3beddb591727f4a92ce5cf917e0,0043b2acd39a6ad8bbf802114d06f1750fa855dcac326df911a981e93e599f67
DYNDW:SAME_PROCESS_WICK_V1:BTCUSDT:5m:HIGH:1785041100000:1785046199999,DYNDPROC:BTCUSDT:5m:HIGH:1785035400000:1785046199999,BTCUSDT,HIGH,64566,64550,2026-07-26T04:45:00.000Z,2026-07-26T06:09:59.999Z,1785046199999,6709,34.865965,0.00054,0.001324,0.003,16.523277,0.158465,0.079439,208,5.638737,6.622504,0.358236,0.156632,36,2,6,true,INTERNAL,947,916,2,2,2,2,BULLISH,BEARISH,true,2026-07-03T00:09:59.999Z,false,506dbf7b58625d9a2f0edaa6414ae5e38460694f842b363eab1e56063838eb3b,HISTORICAL_TURNING_POINT_SIGNIFICANCE_V1,VALID,MEDIUM,STRONG_REVERSAL_WITH_STRUCTURAL_CHANGE,false,TURNING_SIGNIFICANCE_CONFIDENCE_NOT_HIGH,,e1962266a20c67182dc11859d0b68f1b166dd3beddb591727f4a92ce5cf917e0,bac38498bc03810d37f2597581fbe950c105dbd8e93ed3d7ee52d1c249a2e429
DYNDW:SAME_PROCESS_WICK_V1:BTCUSDT:5m:LOW:1785046800000:1785056099999,DYNDPROC:BTCUSDT:5m:LOW:1785046800000:1785056099999,BTCUSDT,LOW,64256.4,64264.9,2026-07-26T06:20:00.000Z,2026-07-26T08:54:59.999Z,1785056099999,6742,30.186559,0.00047,0.001296,0.003,2.931768,1,0.732942,4,6.638716,6.993179,0.407317,0.214152,31,1,5,true,INTERNAL,949,918,4,4,4,4,BEARISH,BEARISH,true,2026-07-03T01:19:59.999Z,false,ca7caf8fc7891db641c0412829f68814fc6072c99099d3ba9f9b6ade3c3afad1,HISTORICAL_TURNING_POINT_SIGNIFICANCE_V1,VALID,MEDIUM,STRONG_REVERSAL_WITH_STRUCTURAL_CHANGE,false,TURNING_SIGNIFICANCE_CONFIDENCE_NOT_HIGH,,e1962266a20c67182dc11859d0b68f1b166dd3beddb591727f4a92ce5cf917e0,003741ac22f53c41f2cfcd7cd2c92cd4080e8677b1183c1849ce0357497a2ffc
DYNDW:SAME_PROCESS_WICK_V1:BTCUSDT:5m:HIGH:1785083400000:1785097199999,DYNDPROC:BTCUSDT:5m:HIGH:1785083400000:1785097199999,BTCUSDT,HIGH,64909,64827,2026-07-26T16:30:00.000Z,2026-07-26T20:19:59.999Z,1785097199999,6879,57.195253,0.000882,0.001353,0.003,6.323951,0.186896,0.067999,93,3.612188,5.129796,0.24113,0.078526,46,3,6,true,LOCAL_SWING,969,934,9,6,6,9,BEARISH,BEARISH,true,2026-07-03T00:09:59.999Z,false,4e10a03eb2234bc2eb499b1f5856302d33b83505c45166b89124f0fcd7774e6b,HISTORICAL_TURNING_POINT_SIGNIFICANCE_V1,WEAK,MEDIUM,LOCAL_REVERSAL_WITH_LIMITED_SIGNIFICANCE,false,TURNING_SIGNIFICANCE_WEAK,,e1962266a20c67182dc11859d0b68f1b166dd3beddb591727f4a92ce5cf917e0,1a01a3dac6254500fa61c50a59e08b3eceb8548dcab477e22a4e302adca127c3
DYNDW:SAME_PROCESS_WICK_V1:BTCUSDT:5m:LOW:1785097200000:1785102599999,DYNDPROC:BTCUSDT:5m:LOW:1785096900000:1785102599999,BTCUSDT,LOW,64606.3,64620.4,2026-07-26T20:20:00.000Z,2026-07-26T21:49:59.999Z,1785102599999,6897,28.265834,0.000437,0.001351,0.003,0,,0,1,8.122881,10.288039,0.597294,0.42752,19,1,3,true,LOCAL_SWING,978,940,2,2,2,2,BEARISH,BEARISH,true,2026-07-03T01:19:59.999Z,false,314b6418c094ffcc64fb56a8775c734d9e660df1972c96c704897dbb494af78b,HISTORICAL_TURNING_POINT_SIGNIFICANCE_V1,VALID,MEDIUM,VALID_LOCAL_TURN_WITH_CLEAR_REVERSAL,false,TURNING_SIGNIFICANCE_CONFIDENCE_NOT_HIGH,,e1962266a20c67182dc11859d0b68f1b166dd3beddb591727f4a92ce5cf917e0,3b7f33b1518b7087a27449aff63ec1327a7140a587b997a42d7d5347ff8ef802
DYNDW:SAME_PROCESS_WICK_V1:BTCUSDT:5m:HIGH:1785107100000:1785108599999,DYNDPROC:BTCUSDT:5m:HIGH:1785107100000:1785108599999,BTCUSDT,HIGH,65555,65508.7,2026-07-26T23:05:00.000Z,2026-07-26T23:29:59.999Z,1785108599999,6917,87.982422,0.001343,0.001801,0.003,7.486723,0.756344,0.440395,17,2.305006,3.117668,1,0.461001,5,0,1,true,LOCAL_SWING,983,945,1,0,0,1,BEARISH,BEARISH,true,2026-07-03T00:09:59.999Z,false,089443e6d6966a3805a58b10d8e553cbdafd931da4b3c6ea6d9663395bc9697b,HISTORICAL_TURNING_POINT_SIGNIFICANCE_V1,VALID,MEDIUM,VALID_LOCAL_TURN_WITH_CLEAR_REVERSAL,false,TURNING_SIGNIFICANCE_CONFIDENCE_NOT_HIGH,,e1962266a20c67182dc11859d0b68f1b166dd3beddb591727f4a92ce5cf917e0,4889b2302a4e9b503f0f829b46c75f8d4b1ca21d7a865ab1a48d60ff568fa795
DYNDW:SAME_PROCESS_WICK_V1:BTCUSDT:5m:LOW:1785116100000:1785118799999,DYNDPROC:BTCUSDT:5m:LOW:1785115500000:1785118799999,BTCUSDT,LOW,64872,64993.3,2026-07-27T01:35:00.000Z,2026-07-27T02:19:59.999Z,1785118799999,6951,84.201058,0.001296,0.002005,0.003,3.712542,0.315566,0.148502,25,2.393082,3.856246,0.579856,0.217553,11,0,1,true,LOCAL_SWING,987,950,1,1,1,1,BEARISH,BEARISH,true,2026-07-03T01:19:59.999Z,false,c560f7c7437f7068862978c489bab0e6a6c7807039c8fd29cb892d8853ab1200,HISTORICAL_TURNING_POINT_SIGNIFICANCE_V1,VALID,MEDIUM,VALID_LOCAL_TURN_WITH_CLEAR_REVERSAL,false,TURNING_SIGNIFICANCE_CONFIDENCE_NOT_HIGH,,e1962266a20c67182dc11859d0b68f1b166dd3beddb591727f4a92ce5cf917e0,3665695012d6ba256f229e0d81474743bb6593093c0359574ff1a95e65a4957f
DYNDW:SAME_PROCESS_WICK_V1:BTCUSDT:5m:HIGH:1785132300000:1785137699999,DYNDPROC:BTCUSDT:5m:HIGH:1785132600000:1785137699999,BTCUSDT,HIGH,65722.5,65570.9,2026-07-27T06:05:00.000Z,2026-07-27T07:34:59.999Z,1785137699999,7014,81.462327,0.001242,0.002145,0.003,4.616858,0.24732,0.096185,48,3.276361,5.678699,0.555001,0.192727,17,0,3,true,LOCAL_SWING,996,960,2,2,2,2,BEARISH,BEARISH,true,2026-07-03T00:09:59.999Z,false,83577ac439d702d6908e7d76229a4739caa0ec996846f9bf82b9981698d81394,HISTORICAL_TURNING_POINT_SIGNIFICANCE_V1,VALID,MEDIUM,STRONG_REVERSAL_WITH_STRUCTURAL_CHANGE,false,TURNING_SIGNIFICANCE_CONFIDENCE_NOT_HIGH,,e1962266a20c67182dc11859d0b68f1b166dd3beddb591727f4a92ce5cf917e0,8882ec28158b72f6ee38196d22b549a2fdabb02d79e186feb9fad685a8c74c3d
DYNDW:SAME_PROCESS_WICK_V1:BTCUSDT:5m:LOW:1785142800000:1785145199999,DYNDPROC:BTCUSDT:5m:LOW:1785143100000:1785145199999,BTCUSDT,LOW,65066.3,65086.7,2026-07-27T09:00:00.000Z,2026-07-27T09:39:59.999Z,1785145199999,7039,62.537403,0.000961,0.002233,0.003,3.474721,0.383583,0.173736,20,3.405962,3.988013,1,0.486566,7,0,1,true,LOCAL_SWING,1001,964,0,1,0,1,BEARISH,BEARISH,true,2026-07-03T01:19:59.999Z,false,71663e27e940a7bcda198b6c4d756af13a71178654dec57308c87bee1b5a01a2,HISTORICAL_TURNING_POINT_SIGNIFICANCE_V1,VALID,MEDIUM,EFFICIENT_REVERSAL_FROM_EXTREME,false,TURNING_SIGNIFICANCE_CONFIDENCE_NOT_HIGH,,e1962266a20c67182dc11859d0b68f1b166dd3beddb591727f4a92ce5cf917e0,c3f7f7044d6db90541cf8d34a00664939a460701b70812c8853fc3c026083ceb
DYNDW:SAME_PROCESS_WICK_V1:BTCUSDT:5m:HIGH:1785149100000:1785151499999,DYNDPROC:BTCUSDT:5m:HIGH:1785148800000:1785151499999,BTCUSDT,HIGH,65412.8,65381.2,2026-07-27T10:45:00.000Z,2026-07-27T11:24:59.999Z,1785151499999,7060,51.063109,0.000781,0.002286,0.003,1.596064,0.235617,0.114005,14,4.414146,5.032988,0.828676,0.490461,9,0,2,true,LOCAL_SWING,1003,966,1,0,0,1,BEARISH,BEARISH,true,2026-07-03T00:09:59.999Z,false,13e353c4242567d10d6d191ca25e91fbc7b114a361d636de2616d61e3a822e88,HISTORICAL_TURNING_POINT_SIGNIFICANCE_V1,VALID,MEDIUM,STRONG_REVERSAL_WITH_STRUCTURAL_CHANGE,false,TURNING_SIGNIFICANCE_CONFIDENCE_NOT_HIGH,,e1962266a20c67182dc11859d0b68f1b166dd3beddb591727f4a92ce5cf917e0,3278c6b17b02e876851b3b7f538993cd453392a3172d36117ff6b3056ab1abcc
DYNDW:SAME_PROCESS_WICK_V1:BTCUSDT:5m:LOW:1785155400000:1785156599999,DYNDPROC:BTCUSDT:5m:LOW:1785155400000:1785156599999,BTCUSDT,LOW,64811,64850.1,2026-07-27T12:30:00.000Z,2026-07-27T12:49:59.999Z,1785156599999,7077,75.254571,0.00116,0.002422,0.003,4.062212,0.434542,0.270814,15,2.726745,3.986469,1,0.681686,4,0,1,true,LOCAL_SWING,1006,968,0,1,0,1,BEARISH,BEARISH,true,2026-07-03T01:19:59.999Z,false,087a89165e3d736b64132e70f788fb22722a0957d594ecf25e8974992aef9c08,HISTORICAL_TURNING_POINT_SIGNIFICANCE_V1,VALID,MEDIUM,VALID_LOCAL_TURN_WITH_CLEAR_REVERSAL,false,TURNING_SIGNIFICANCE_CONFIDENCE_NOT_HIGH,,e1962266a20c67182dc11859d0b68f1b166dd3beddb591727f4a92ce5cf917e0,5bf982a820a6b853564b0ed345f6112d2bad850ed13659f189680792a44c1061
DYNDW:SAME_PROCESS_WICK_V1:BTCUSDT:5m:HIGH:1785159900000:1785160499999,DYNDPROC:BTCUSDT:5m:HIGH:1785159600000:1785160499999,BTCUSDT,HIGH,65689.6,65637.7,2026-07-27T13:45:00.000Z,2026-07-27T13:54:59.999Z,1785160499999,7090,124.090424,0.001891,0.002804,0.003,4.693352,0.594407,0.391113,12,1.912315,2.864846,1,0.637438,3,0,1,false,,1008,970,0,0,0,0,BEARISH,BEARISH,true,2026-07-03T00:09:59.999Z,false,f1d1a5796ae61ad5ef02be64a205449eb686503150db7cff1063216d0f78c7fd,HISTORICAL_TURNING_POINT_SIGNIFICANCE_V1,WEAK,MEDIUM,LOCAL_REVERSAL_WITH_LIMITED_SIGNIFICANCE,false,TURNING_SIGNIFICANCE_WEAK,,e1962266a20c67182dc11859d0b68f1b166dd3beddb591727f4a92ce5cf917e0,d54946a4518b759edd3cfe530884467a87907dcbdc31b264c3bd6f2dcdec4e78
DYNDW:SAME_PROCESS_WICK_V1:BTCUSDT:5m:LOW:1785163200000:1785164399999,DYNDPROC:BTCUSDT:5m:LOW:1785163200000:1785164399999,BTCUSDT,LOW,64418.9,64445.2,2026-07-27T14:40:00.000Z,2026-07-27T14:59:59.999Z,1785164399999,7103,196.964438,0.003056,0.003208,0.003208,4.849606,0.726498,0.440873,11,1.107814,1.333743,0.805761,0.276954,4,0,1,true,LOCAL_SWING,1009,971,0,1,0,1,BEARISH,BEARISH,true,2026-07-03T01:19:59.999Z,false,f1812a25cd7b584c53e2f8ad2001be9f9cdd6771bb4d98f29f2a9f33571481e3,HISTORICAL_TURNING_POINT_SIGNIFICANCE_V1,VALID,MEDIUM,VALID_LOCAL_TURN_WITH_CLEAR_REVERSAL,false,TURNING_SIGNIFICANCE_CONFIDENCE_NOT_HIGH,,e1962266a20c67182dc11859d0b68f1b166dd3beddb591727f4a92ce5cf917e0,f927e4f6d2d34369111d465a2383356865981ee8c126437de40fe11b0a74a821
DYNDW:SAME_PROCESS_WICK_V1:BTCUSDT:5m:HIGH:1785173700000:1785177299999,DYNDPROC:BTCUSDT:5m:HIGH:1785173400000:1785177299999,BTCUSDT,HIGH,65069.4,65049.7,2026-07-27T17:35:00.000Z,2026-07-27T18:34:59.999Z,1785177299999,7146,108.778377,0.001672,0.003399,0.003399,3.551257,0.248026,0.110977,32,2.398455,2.62736,0.54095,0.184497,13,0,3,true,LOCAL_SWING,1014,977,2,2,2,2,BEARISH,BEARISH,true,2026-07-03T00:09:59.999Z,false,baf9052fea7c8d063cabf6ac6c0992f096de4d56e644716a9b6c9bea76d903e4,HISTORICAL_TURNING_POINT_SIGNIFICANCE_V1,VALID,MEDIUM,VALID_LOCAL_TURN_WITH_CLEAR_REVERSAL,false,TURNING_SIGNIFICANCE_CONFIDENCE_NOT_HIGH,,e1962266a20c67182dc11859d0b68f1b166dd3beddb591727f4a92ce5cf917e0,4720a35bd407321bea7620e37650e6ba31df72f0f01fc98fda9979009b0b7702
DYNDW:SAME_PROCESS_WICK_V1:BTCUSDT:5m:LOW:1785177600000:1785180899999,DYNDPROC:BTCUSDT:5m:LOW:1785177900000:1785180899999,BTCUSDT,LOW,64727.3,64752,2026-07-27T18:40:00.000Z,2026-07-27T19:34:59.999Z,1785180899999,7158,84.384464,0.001303,0.003443,0.003443,0.436099,0.269006,0.109025,4,3.031364,3.63811,0.687634,0.303136,10,0,2,true,LOCAL_SWING,1017,979,0,2,0,2,BEARISH,BEARISH,true,2026-07-03T01:19:59.999Z,false,f812286490314051d16d36faa3c5f156044ec23a78915ce2a4efa46f8d18b2dc,HISTORICAL_TURNING_POINT_SIGNIFICANCE_V1,VALID,MEDIUM,VALID_LOCAL_TURN_WITH_CLEAR_REVERSAL,false,TURNING_SIGNIFICANCE_CONFIDENCE_NOT_HIGH,,e1962266a20c67182dc11859d0b68f1b166dd3beddb591727f4a92ce5cf917e0,95c614cb94d1d15dcb1d6aecd99dbeab5be5786c84cec4241838ca0dd13fcd89
DYNDW:SAME_PROCESS_WICK_V1:BTCUSDT:5m:HIGH:1785180900000:1785189899999,DYNDPROC:BTCUSDT:5m:HIGH:1785180600000:1785189899999,BTCUSDT,HIGH,65056.8,65007.8,2026-07-27T19:35:00.000Z,2026-07-27T22:04:59.999Z,1785189899999,7188,83.761223,0.001288,0.003469,0.003469,0,,0,1,3.823965,4.996345,0.358237,0.123354,31,1,4,true,LOCAL_SWING,1017,982,6,4,4,6,BEARISH,BEARISH,true,2026-07-03T00:09:59.999Z,false,25fa927923f6dca29a44232512bb025185bb751f698e9682025bbfd2b92c1324,HISTORICAL_TURNING_POINT_SIGNIFICANCE_V1,WEAK,MEDIUM,LOCAL_REVERSAL_WITH_LIMITED_SIGNIFICANCE,false,TURNING_SIGNIFICANCE_WEAK,,e1962266a20c67182dc11859d0b68f1b166dd3beddb591727f4a92ce5cf917e0,c64d06cb329a14e12b73cf2df00a377f343304d2297444aa5d22d46f22cd92e5
DYNDW:SAME_PROCESS_WICK_V1:BTCUSDT:5m:LOW:1785193200000:1785194399999,DYNDPROC:BTCUSDT:5m:LOW:1785193500000:1785194399999,BTCUSDT,LOW,63567,63624.3,2026-07-27T23:00:00.000Z,2026-07-27T23:19:59.999Z,1785194399999,7203,125.152756,0.001967,0.003552,0.003552,8.495218,0.940219,0.606801,14,1.987971,2.464988,1,0.662657,3,0,1,true,CONTROLLING_SWING,1024,987,0,1,0,1,BEARISH,BEARISH,true,2026-07-03T01:19:59.999Z,false,55c6e617d9a0b0225128873d5b58c938e6f05b7a9eb126b498cd7042d6ea69ae,HISTORICAL_TURNING_POINT_SIGNIFICANCE_V1,VALID,MEDIUM,EFFICIENT_REVERSAL_FROM_EXTREME,false,TURNING_SIGNIFICANCE_CONFIDENCE_NOT_HIGH,,e1962266a20c67182dc11859d0b68f1b166dd3beddb591727f4a92ce5cf917e0,c9db4909c1b98c754ca5f1eb1d6510c82b1788815f919fea86ffbef5672e50be
DYNDW:SAME_PROCESS_WICK_V1:BTCUSDT:5m:HIGH:1785194700000:1785197399999,DYNDPROC:BTCUSDT:5m:HIGH:1785194100000:1785197399999,BTCUSDT,HIGH,63903.6,63873.1,2026-07-27T23:25:00.000Z,2026-07-28T00:09:59.999Z,1785197399999,7213,135.915897,0.002128,0.003579,0.003579,0,,0,1,1.767269,2.28818,0.532358,0.160661,11,0,1,true,INTERNAL,1024,988,1,1,1,1,BEARISH,BEARISH,true,2026-07-03T00:09:59.999Z,false,fcc3658fe62198570906e3be1fcda6db84cd4e913088d797b99a47dac5110cac,HISTORICAL_TURNING_POINT_SIGNIFICANCE_V1,WEAK,MEDIUM,LOCAL_REVERSAL_WITH_LIMITED_SIGNIFICANCE,false,TURNING_SIGNIFICANCE_WEAK,,e1962266a20c67182dc11859d0b68f1b166dd3beddb591727f4a92ce5cf917e0,8cbb373ca3d433f4940b29c3845607d5ec7e0caa5084d032c996804bdbcdf441
DYNDW:SAME_PROCESS_WICK_V1:BTCUSDT:5m:LOW:1785200700000:1785212399999,DYNDPROC:BTCUSDT:5m:LOW:1785206700000:1785212399999,BTCUSDT,LOW,63021,63093.6,2026-07-28T01:05:00.000Z,2026-07-28T04:19:59.999Z,1785212399999,7263,86.957021,0.001378,0.003712,0.003712,6.201914,0.31789,0.187937,33,2.753084,4.612624,0.621818,0.144899,19,0,1,true,INTERNAL,1028,991,4,7,4,7,BEARISH,BULLISH,true,2026-07-03T01:19:59.999Z,false,495fda5eba0fd18f7b250a03a8090e47ff18129c22e81ddeba5967ddec99cb3b,HISTORICAL_TURNING_POINT_SIGNIFICANCE_V1,VALID,MEDIUM,STRONG_REVERSAL_WITH_STRUCTURAL_CHANGE,false,TURNING_SIGNIFICANCE_CONFIDENCE_NOT_HIGH,,e1962266a20c67182dc11859d0b68f1b166dd3beddb591727f4a92ce5cf917e0,7e24a15f7a308d851130d22529bd4ff0453be30c30cdeff8fb361f7ac97b0a62
DYNDW:SAME_PROCESS_WICK_V1:BTCUSDT:5m:HIGH:1785221700000:1785232799999,DYNDPROC:BTCUSDT:5m:HIGH:1785221400000:1785232799999,BTCUSDT,HIGH,63642.2,63610.4,2026-07-28T06:55:00.000Z,2026-07-28T09:59:59.999Z,1785232799999,7331,57.340935,0.000901,0.003747,0.003747,4.837731,0.230705,0.151179,32,4.230834,5.310342,0.249435,0.111338,38,3,6,true,INTERNAL,1035,1003,5,5,5,5,BULLISH,BULLISH,true,2026-07-03T00:09:59.999Z,false,075719ff42b776b893c6b2cf71a4ec11611aa1bde322642d4415b5b61f11cca5,HISTORICAL_TURNING_POINT_SIGNIFICANCE_V1,VALID,MEDIUM,VALID_LOCAL_TURN_WITH_CLEAR_REVERSAL,false,TURNING_SIGNIFICANCE_CONFIDENCE_NOT_HIGH,,e1962266a20c67182dc11859d0b68f1b166dd3beddb591727f4a92ce5cf917e0,67135cdf9998fe2a833f730c6db04928047356ac93c7754f4b71d2c9d8cc249e
DYNDW:SAME_PROCESS_WICK_V1:BTCUSDT:5m:LOW:1785234300000:1785237599999,DYNDPROC:BTCUSDT:5m:LOW:1785233100000:1785237599999,BTCUSDT,LOW,63263.5,63310,2026-07-28T10:25:00.000Z,2026-07-28T11:19:59.999Z,1785237599999,7347,55.764449,0.000881,0.003741,0.003741,1.036503,1,0.345501,3,4.300231,5.137682,0.367566,0.286682,15,2,3,true,CONTROLLING_SWING,1041,1009,1,1,1,1,BEARISH,BEARISH,true,2026-07-03T01:19:59.999Z,false,30ddca3435938e44ce18efba1ffd0018261ee6812c9ca391eb4cf1badd210ad0,HISTORICAL_TURNING_POINT_SIGNIFICANCE_V1,VALID,MEDIUM,VALID_LOCAL_TURN_WITH_CLEAR_REVERSAL,false,TURNING_SIGNIFICANCE_CONFIDENCE_NOT_HIGH,,e1962266a20c67182dc11859d0b68f1b166dd3beddb591727f4a92ce5cf917e0,c854f4d0bab7dffda8a9844cf4af021956a9fb969270d78f6446c0d35408f875
DYNDW:SAME_PROCESS_WICK_V1:BTCUSDT:5m:HIGH:1785237600000:1785245399999,DYNDPROC:BTCUSDT:5m:HIGH:1785237300000:1785245399999,BTCUSDT,HIGH,63569,63549.8,2026-07-28T11:20:00.000Z,2026-07-28T13:29:59.999Z,1785245399999,7373,72.079958,0.001134,0.003802,0.003802,0,,0,1,3.706994,4.051057,0.247499,0.137296,27,3,4,true,LOCAL_SWING,1042,1011,5,3,3,5,BEARISH,BEARISH,true,2026-07-03T00:09:59.999Z,false,9b211996eeea39182032f19d2d539437233517c48c658a96e3f430872262a33e,HISTORICAL_TURNING_POINT_SIGNIFICANCE_V1,WEAK,MEDIUM,LOCAL_REVERSAL_WITH_LIMITED_SIGNIFICANCE,false,TURNING_SIGNIFICANCE_WEAK,,e1962266a20c67182dc11859d0b68f1b166dd3beddb591727f4a92ce5cf917e0,f47ebbf640b89d72698ca30207d9c0de104968912a1eb7d007365834ce6a677b
DYNDW:SAME_PROCESS_WICK_V1:BTCUSDT:5m:LOW:1785246300000:1785247499999,DYNDPROC:BTCUSDT:5m:LOW:1785246300000:1785247499999,BTCUSDT,LOW,62660.1,62899.3,2026-07-28T13:45:00.000Z,2026-07-28T14:04:59.999Z,1785247499999,7380,135.666005,0.002157,0.003618,0.003618,2.825321,0.893265,0.565064,5,1.923842,4.017956,1,0.480961,4,0,1,true,CONTROLLING_SWING,1047,1014,0,1,0,1,BEARISH,BEARISH,true,2026-07-03T01:19:59.999Z,false,310b9fc001d5a23183a3fdb19203cec2ef84229fb2f93ed914aa84fa08229539,HISTORICAL_TURNING_POINT_SIGNIFICANCE_V1,VALID,MEDIUM,EFFICIENT_REVERSAL_FROM_EXTREME,false,TURNING_SIGNIFICANCE_CONFIDENCE_NOT_HIGH,,e1962266a20c67182dc11859d0b68f1b166dd3beddb591727f4a92ce5cf917e0,e9abca6ec3f60ea6febc104f5f4293248f67d1959c4516b16155198e8f500074
DYNDW:SAME_PROCESS_WICK_V1:BTCUSDT:5m:HIGH:1785257400000:1785258899999,DYNDPROC:BTCUSDT:5m:HIGH:1785257400000:1785258899999,BTCUSDT,HIGH,64084.5,64039.7,2026-07-28T16:50:00.000Z,2026-07-28T17:14:59.999Z,1785258899999,7418,128.79882,0.002011,0.003797,0.003797,6.827702,0.332804,0.195077,35,1.993807,2.446451,1,0.398761,5,0,1,true,CONTROLLING_SWING,1053,1020,1,0,0,1,BULLISH,BULLISH,true,2026-07-03T00:09:59.999Z,true,ac0a0b90a3816868af49a370a34ab577f77cfac90b8f3a0718644155ecaa70b2,HISTORICAL_TURNING_POINT_SIGNIFICANCE_V1,VALID,MEDIUM,STRONG_REVERSAL_WITH_STRUCTURAL_CHANGE,false,TURNING_SIGNIFICANCE_CONFIDENCE_NOT_HIGH,,e1962266a20c67182dc11859d0b68f1b166dd3beddb591727f4a92ce5cf917e0,c950959f6295d73559c4e657e34e5998fd083826c116e8931aee8f14bee0de81
DYNDW:SAME_PROCESS_WICK_V1:BTCUSDT:5m:LOW:1785260100000:1785265499999,DYNDPROC:BTCUSDT:5m:LOW:1785260100000:1785265499999,BTCUSDT,LOW,63477.2,63532.2,2026-07-28T17:35:00.000Z,2026-07-28T19:04:59.999Z,1785265499999,7440,119.369664,0.001879,0.00381,0.00381,2.100199,0.879958,0.350033,6,2.236749,2.910287,0.326805,0.124264,18,0,2,true,CONTROLLING_SWING,1054,1020,3,3,3,3,BEARISH,BEARISH,true,2026-07-03T01:19:59.999Z,false,6a6d9fab0b98ddf5d2754d3ac63e44220a13df85644241278cfafcacbbf50de8,HISTORICAL_TURNING_POINT_SIGNIFICANCE_V1,VALID,MEDIUM,VALID_LOCAL_TURN_WITH_CLEAR_REVERSAL,false,TURNING_SIGNIFICANCE_CONFIDENCE_NOT_HIGH,,e1962266a20c67182dc11859d0b68f1b166dd3beddb591727f4a92ce5cf917e0,68be616e50264f47db0724b7676247f12ce0c30a0b2357151e04b2ad3c353531
DYNDW:SAME_PROCESS_WICK_V1:BTCUSDT:5m:HIGH:1785275100000:1785279599999,DYNDPROC:BTCUSDT:5m:HIGH:1785274800000:1785279599999,BTCUSDT,HIGH,64047.9,64009.9,2026-07-28T21:45:00.000Z,2026-07-28T22:59:59.999Z,1785279599999,7487,60.552798,0.000946,0.003859,0.003859,3.479608,0.194068,0.105443,33,4.216155,5.088122,0.686106,0.26351,16,0,2,true,LOCAL_SWING,1062,1028,2,2,2,2,BEARISH,BEARISH,true,2026-07-03T00:09:59.999Z,false,b385a511fab37bd249f412d454c17e31ade161b815a50f2cd5b647f4443f2579,HISTORICAL_TURNING_POINT_SIGNIFICANCE_V1,VALID,MEDIUM,STRONG_REVERSAL_WITH_STRUCTURAL_CHANGE,false,TURNING_SIGNIFICANCE_CONFIDENCE_NOT_HIGH,,e1962266a20c67182dc11859d0b68f1b166dd3beddb591727f4a92ce5cf917e0,8625097207e9d7f0b48cf06eeb5d9a1b970e5a533305e3ff03c5c6e24e8fe4b3
DYNDW:SAME_PROCESS_WICK_V1:BTCUSDT:5m:LOW:1785281100000:1785282299999,DYNDPROC:BTCUSDT:5m:LOW:1785280800000:1785282299999,BTCUSDT,LOW,63526,63565.2,2026-07-28T23:25:00.000Z,2026-07-28T23:44:59.999Z,1785282299999,7496,64.748766,0.001019,0.003568,0.003568,2.925152,0.947948,0.487525,6,3.850266,4.639471,1,0.770053,5,0,1,true,CONTROLLING_SWING,1064,1030,0,1,0,1,BEARISH,BEARISH,true,2026-07-03T01:19:59.999Z,false,5a3ad9ad652086f977fc7aab8a6a995aced8ec577b5f9e311be9bfb385ea7ccb,HISTORICAL_TURNING_POINT_SIGNIFICANCE_V1,VALID,MEDIUM,EFFICIENT_REVERSAL_FROM_EXTREME,false,TURNING_SIGNIFICANCE_CONFIDENCE_NOT_HIGH,,e1962266a20c67182dc11859d0b68f1b166dd3beddb591727f4a92ce5cf917e0,318e58d9414ded5cacec41c1568e7b874a71e7c626fa301fe19f26d7a2649cb2
DYNDW:SAME_PROCESS_WICK_V1:BTCUSDT:5m:HIGH:1785283500000:1785287699999,DYNDPROC:BTCUSDT:5m:HIGH:1785286200000:1785287699999,BTCUSDT,HIGH,64175,64070,2026-07-29T00:05:00.000Z,2026-07-29T01:14:59.999Z,1785287699999,7514,102.278059,0.001596,0.003618,0.003618,2.498092,0.320376,0.166539,15,2.686793,3.953927,0.797909,0.537359,5,0,1,true,LOCAL_SWING,1064,1031,2,1,1,2,BEARISH,BEARISH,true,2026-07-03T00:09:59.999Z,false,0c24cdbeb7960773ea464533778ba81093a34e8dc8e7ebe59325f48123aeb640,HISTORICAL_TURNING_POINT_SIGNIFICANCE_V1,VALID,MEDIUM,EFFICIENT_REVERSAL_FROM_EXTREME,false,TURNING_SIGNIFICANCE_CONFIDENCE_NOT_HIGH,,e1962266a20c67182dc11859d0b68f1b166dd3beddb591727f4a92ce5cf917e0,4657e781397fefbb8a91be3ad0ccdcefafe4610bc3b9b0597ef0ba4e5d13032d
DYNDW:SAME_PROCESS_WICK_V1:BTCUSDT:5m:LOW:1785290400000:1785292199999,DYNDPROC:BTCUSDT:5m:LOW:1785290100000:1785292199999,BTCUSDT,LOW,63630,63682.5,2026-07-29T02:00:00.000Z,2026-07-29T02:29:59.999Z,1785292199999,7529,99.333682,0.00156,0.003527,0.003527,1.13456,0.324503,0.113456,10,3.217438,3.74596,0.651447,0.459634,7,0,2,true,LOCAL_SWING,1067,1033,0,2,0,2,BEARISH,BEARISH,true,2026-07-03T01:19:59.999Z,false,91c9a7ea1e8f1ea3e872b9b63c273e50ecb33bfc8bececcab092db496992acba,HISTORICAL_TURNING_POINT_SIGNIFICANCE_V1,VALID,MEDIUM,VALID_LOCAL_TURN_WITH_CLEAR_REVERSAL,false,TURNING_SIGNIFICANCE_CONFIDENCE_NOT_HIGH,,e1962266a20c67182dc11859d0b68f1b166dd3beddb591727f4a92ce5cf917e0,54df28746f5fa84021ce0523b82b7bc2b3286001aef364ffdb872f8d06075bd0
DYNDW:SAME_PROCESS_WICK_V1:BTCUSDT:5m:HIGH:1785292800000:1785295799999,DYNDPROC:BTCUSDT:5m:HIGH:1785292500000:1785295799999,BTCUSDT,HIGH,64110.5,64077.9,2026-07-29T02:40:00.000Z,2026-07-29T03:29:59.999Z,1785295799999,7541,115.862488,0.001808,0.003629,0.003629,0.654224,0.351577,0.218075,3,2.627252,3.032906,0.490809,0.238841,11,0,2,true,LOCAL_SWING,1067,1035,2,2,2,2,BEARISH,BEARISH,true,2026-07-03T00:09:59.999Z,false,51ecd60675d616fbe580d32ca7215d990c292005d4f8e6863299e9f462abab10,HISTORICAL_TURNING_POINT_SIGNIFICANCE_V1,WEAK,MEDIUM,LOCAL_REVERSAL_WITH_LIMITED_SIGNIFICANCE,false,TURNING_SIGNIFICANCE_WEAK,,e1962266a20c67182dc11859d0b68f1b166dd3beddb591727f4a92ce5cf917e0,fe462ad690239b9a60c4a6b531ce8fd0133797cce59b05e98f7dd939ad94640e
DYNDW:SAME_PROCESS_WICK_V1:BTCUSDT:5m:LOW:1785297900000:1785299999999,DYNDPROC:BTCUSDT:5m:LOW:1785297600000:1785299999999,BTCUSDT,LOW,63569.5,63629,2026-07-29T04:05:00.000Z,2026-07-29T04:39:59.999Z,1785299999999,7555,95.694514,0.001504,0.003701,0.003701,1.510013,0.479588,0.188752,8,2.752509,3.822581,0.611705,0.344064,8,0,2,true,CONTROLLING_SWING,1069,1038,1,1,1,1,BEARISH,BEARISH,true,2026-07-03T01:19:59.999Z,false,f8d1ea55f1068f12ec944be238e4a1109cecc054c5117bc7ccf235635cf9b3b3,HISTORICAL_TURNING_POINT_SIGNIFICANCE_V1,VALID,MEDIUM,STRONG_REVERSAL_WITH_STRUCTURAL_CHANGE,false,TURNING_SIGNIFICANCE_CONFIDENCE_NOT_HIGH,,e1962266a20c67182dc11859d0b68f1b166dd3beddb591727f4a92ce5cf917e0,6905cfa1d003ffb2955d1c54e2d58b22786e9b149285a865fc012a5036f44cb9
DYNDW:SAME_PROCESS_WICK_V1:BTCUSDT:5m:HIGH:1785312000000:1785313799999,DYNDPROC:BTCUSDT:5m:HIGH:1785311700000:1785313799999,BTCUSDT,HIGH,64556.6,64539,2026-07-29T08:00:00.000Z,2026-07-29T08:29:59.999Z,1785313799999,7601,64.771154,0.001004,0.003785,0.003785,9.982839,0.430607,0.243484,41,4.066625,4.605445,0.839923,0.580946,7,0,1,true,LOCAL_SWING,1074,1044,1,0,0,1,BEARISH,BEARISH,true,2026-07-03T00:09:59.999Z,false,e35cedc6ba2b57877e68b12d110d1e3283aa058635f03e6f80d8d810d9815c6b,HISTORICAL_TURNING_POINT_SIGNIFICANCE_V1,VALID,MEDIUM,EFFICIENT_REVERSAL_FROM_EXTREME,false,TURNING_SIGNIFICANCE_CONFIDENCE_NOT_HIGH,,e1962266a20c67182dc11859d0b68f1b166dd3beddb591727f4a92ce5cf917e0,23fda767eb20781daedafeb4233b0f532d30766dd437e38c59d60a74d92d33fc
DYNDW:SAME_PROCESS_WICK_V1:BTCUSDT:5m:LOW:1785313800000:1785317999999,DYNDPROC:BTCUSDT:5m:LOW:1785313800000:1785317999999,BTCUSDT,LOW,64251,64274.8,2026-07-29T08:30:00.000Z,2026-07-29T09:39:59.999Z,1785317999999,7615,65.118263,0.001013,0.003799,0.003799,0.012285,1,0.006143,2,4.413508,5.170592,0.705103,0.315251,14,0,2,true,LOCAL_SWING,1075,1044,1,2,1,2,BEARISH,BEARISH,true,2026-07-03T01:19:59.999Z,false,ca26a16bd54215e3dbc257938fc995d3bc9aab8395406f24c57206457fbfb45b,HISTORICAL_TURNING_POINT_SIGNIFICANCE_V1,VALID,MEDIUM,VALID_LOCAL_TURN_WITH_CLEAR_REVERSAL,false,TURNING_SIGNIFICANCE_CONFIDENCE_NOT_HIGH,,e1962266a20c67182dc11859d0b68f1b166dd3beddb591727f4a92ce5cf917e0,84615bd849e49f71aada4e2f7bf6b87ef640e6f98ea525cc6ce2e0f2db483e7c
DYNDW:SAME_PROCESS_WICK_V1:BTCUSDT:5m:HIGH:1785318900000:1785322499999,DYNDPROC:BTCUSDT:5m:HIGH:1785318900000:1785322499999,BTCUSDT,HIGH,64715.9,64660.7,2026-07-29T09:55:00.000Z,2026-07-29T10:54:59.999Z,1785322499999,7630,73.105157,0.001131,0.003815,0.003815,1.347374,0.523658,0.269475,5,3.40742,4.507206,0.505992,0.283952,12,1,2,true,LOCAL_SWING,1077,1046,3,2,2,3,BEARISH,BEARISH,true,2026-07-03T00:09:59.999Z,false,06f79ec574bb27ada09feaa8b90734693bc14f2a5f5b3a9f2c2e6b3ba70d7aae,HISTORICAL_TURNING_POINT_SIGNIFICANCE_V1,VALID,MEDIUM,VALID_LOCAL_TURN_WITH_CLEAR_REVERSAL,false,TURNING_SIGNIFICANCE_CONFIDENCE_NOT_HIGH,,e1962266a20c67182dc11859d0b68f1b166dd3beddb591727f4a92ce5cf917e0,d0efede18e401dd2018c5f42f815c14510227ec887c73beb1998c1949e93ad61
DYNDW:SAME_PROCESS_WICK_V1:BTCUSDT:5m:LOW:1785331200000:1785332699999,DYNDPROC:BTCUSDT:5m:LOW:1785331500000:1785332699999,BTCUSDT,LOW,64113.6,64177.7,2026-07-29T13:20:00.000Z,2026-07-29T13:44:59.999Z,1785332699999,7664,76.398551,0.00119,0.003757,0.003757,3.061576,0.234392,0.095674,32,3.490904,4.636214,1,0.872726,4,0,1,true,LOCAL_SWING,1085,1053,0,1,0,1,BEARISH,BEARISH,true,2026-07-03T01:19:59.999Z,false,efba25d95b9238ad18aa5ab6d50f1523633cc45753440230a479959c332b5335,HISTORICAL_TURNING_POINT_SIGNIFICANCE_V1,VALID,MEDIUM,EFFICIENT_REVERSAL_FROM_EXTREME,false,TURNING_SIGNIFICANCE_CONFIDENCE_NOT_HIGH,,e1962266a20c67182dc11859d0b68f1b166dd3beddb591727f4a92ce5cf917e0,fe29a2d0fec3314efac372ea4ab35ce189d1d8aa95d72e40160bb09a958577e5
DYNDW:SAME_PROCESS_WICK_V1:BTCUSDT:5m:HIGH:1785333600000:1785334499999,DYNDPROC:BTCUSDT:5m:HIGH:1785333300000:1785334499999,BTCUSDT,HIGH,64688,64634.6,2026-07-29T14:00:00.000Z,2026-07-29T14:14:59.999Z,1785334499999,7670,140.246785,0.00217,0.003768,0.003768,1.356181,0.377231,0.339045,4,2.839281,3.45819,1,0.70982,4,0,1,true,LOCAL_SWING,1085,1056,1,0,0,1,BEARISH,BEARISH,true,2026-07-03T00:09:59.999Z,false,cc93480d2af704c9d91b034af4aa2b4ea2aaefefa169dc83b4dc43db3a815c9d,HISTORICAL_TURNING_POINT_SIGNIFICANCE_V1,VALID,MEDIUM,STRONG_REVERSAL_WITH_STRUCTURAL_CHANGE,false,TURNING_SIGNIFICANCE_CONFIDENCE_NOT_HIGH,,e1962266a20c67182dc11859d0b68f1b166dd3beddb591727f4a92ce5cf917e0,cde313efe7c56d1e8cf0e02d1fbc92c61aeb57ea1a72a2116ca0b96466a6b23a
DYNDW:SAME_PROCESS_WICK_V1:BTCUSDT:5m:LOW:1785343200000:1785347099999,DYNDPROC:BTCUSDT:5m:LOW:1785343500000:1785347099999,BTCUSDT,LOW,63600,63666,2026-07-29T16:40:00.000Z,2026-07-29T17:44:59.999Z,1785347099999,7712,139.327546,0.002188,0.003485,0.003485,4.09395,0.302953,0.127936,32,1.983097,2.568049,0.390199,0.165258,12,0,1,true,CONTROLLING_SWING,1091,1061,1,3,1,3,BEARISH,BEARISH,true,2026-07-03T01:19:59.999Z,false,83eddbca70b01f0a4a16bfd4a5881ae96eff14a1b602731a43109943283a29f2,HISTORICAL_TURNING_POINT_SIGNIFICANCE_V1,VALID,MEDIUM,VALID_LOCAL_TURN_WITH_CLEAR_REVERSAL,false,TURNING_SIGNIFICANCE_CONFIDENCE_NOT_HIGH,,e1962266a20c67182dc11859d0b68f1b166dd3beddb591727f4a92ce5cf917e0,8f4085d43f236bcb346da078bcac6076912bd1401d14dfe677da3ed66bffdad2
DYNDW:SAME_PROCESS_WICK_V1:BTCUSDT:5m:HIGH:1785348000000:1785349499999,DYNDPROC:BTCUSDT:5m:HIGH:1785348300000:1785349499999,BTCUSDT,HIGH,64703.9,64411.6,2026-07-29T18:00:00.000Z,2026-07-29T18:24:59.999Z,1785349499999,7720,153.531018,0.002384,0.003528,0.003528,3.056711,1,0.509452,6,2.131165,4.048693,1,0.532791,4,0,1,true,LOCAL_SWING,1092,1064,1,0,0,1,BEARISH,BEARISH,true,2026-07-03T00:09:59.999Z,false,01ba0db21890a3b2075a1d04645ebb2c3aec3db6c4309ea7b65a5b6222ab1e94,HISTORICAL_TURNING_POINT_SIGNIFICANCE_V1,VALID,MEDIUM,VALID_LOCAL_TURN_WITH_CLEAR_REVERSAL,false,TURNING_SIGNIFICANCE_CONFIDENCE_NOT_HIGH,,e1962266a20c67182dc11859d0b68f1b166dd3beddb591727f4a92ce5cf917e0,af5b2d7d378e2c16bbfa6e99d7d08cc150a06a7e0ee3f510d1d069cb9de36f2d
DYNDW:SAME_PROCESS_WICK_V1:BTCUSDT:5m:LOW:1785349800000:1785350699999,DYNDPROC:BTCUSDT:5m:LOW:1785349800000:1785350699999,BTCUSDT,LOW,63742.9,63937.5,2026-07-29T18:30:00.000Z,2026-07-29T18:44:59.999Z,1785350699999,7724,176.995023,0.002768,0.003601,0.003601,0.829967,1,0.276656,3,2.50572,3.90124,1,0.83524,3,0,1,true,LOCAL_SWING,1093,1064,0,1,0,1,BEARISH,BEARISH,true,2026-07-03T01:19:59.999Z,false,527a458567108fee29c5324bacc3c86dee94f3204a7fdd5979d341dc77570e3b,HISTORICAL_TURNING_POINT_SIGNIFICANCE_V1,VALID,MEDIUM,VALID_LOCAL_TURN_WITH_CLEAR_REVERSAL,false,TURNING_SIGNIFICANCE_CONFIDENCE_NOT_HIGH,,e1962266a20c67182dc11859d0b68f1b166dd3beddb591727f4a92ce5cf917e0,ea6d9592b473711f39a44dbde8947b1aeaba5d45fc6d78ad4bdb24a85307211f
DYNDW:SAME_PROCESS_WICK_V1:BTCUSDT:5m:HIGH:1785351000000:1785352199999,DYNDPROC:BTCUSDT:5m:HIGH:1785351000000:1785352199999,BTCUSDT,HIGH,64620,64575.8,2026-07-29T18:50:00.000Z,2026-07-29T19:09:59.999Z,1785352199999,7729,201.185968,0.003116,0.003748,0.003748,0.968258,1,0.322753,3,1.879853,2.09955,1,0.469963,4,0,1,true,LOCAL_SWING,1093,1065,1,0,0,1,BEARISH,BEARISH,true,2026-07-03T00:09:59.999Z,false,22cba7789e3ae7fbc008b36f46fd4e5c52249b7a02419197021f97eef31c958f,HISTORICAL_TURNING_POINT_SIGNIFICANCE_V1,VALID,MEDIUM,VALID_LOCAL_TURN_WITH_CLEAR_REVERSAL,false,TURNING_SIGNIFICANCE_CONFIDENCE_NOT_HIGH,,e1962266a20c67182dc11859d0b68f1b166dd3beddb591727f4a92ce5cf917e0,dab31e916ea039aaf5079c25d785f86bffa714c7594140f53428fcdbb65a0f38
DYNDW:SAME_PROCESS_WICK_V1:BTCUSDT:5m:LOW:1785355500000:1785356399999,DYNDPROC:BTCUSDT:5m:LOW:1785355500000:1785356399999,BTCUSDT,LOW,63336,63350.8,2026-07-29T20:05:00.000Z,2026-07-29T20:19:59.999Z,1785356399999,7743,203.806398,0.003217,0.003913,0.003913,4.154924,0.87335,0.31961,13,1.31252,1.792387,1,0.437507,3,0,1,true,CONTROLLING_SWING,1094,1066,0,1,0,1,BEARISH,BEARISH,true,2026-07-03T01:19:59.999Z,false,2a8aedce8f632acd93e8ab9a5dbb471fbacbc206d53d2d56ebbc7c1e2681715b,HISTORICAL_TURNING_POINT_SIGNIFICANCE_V1,VALID,MEDIUM,VALID_LOCAL_TURN_WITH_CLEAR_REVERSAL,false,TURNING_SIGNIFICANCE_CONFIDENCE_NOT_HIGH,,e1962266a20c67182dc11859d0b68f1b166dd3beddb591727f4a92ce5cf917e0,8e5f408b260893efb3d142aff5fb51633cebc0b2acbc2d36bc713ddd985ecf9c
DYNDW:SAME_PROCESS_WICK_V1:BTCUSDT:5m:HIGH:1785357600000:1785359099999,DYNDPROC:BTCUSDT:5m:HIGH:1785357300000:1785359099999,BTCUSDT,HIGH,63721,63667.2,2026-07-29T20:40:00.000Z,2026-07-29T21:04:59.999Z,1785359099999,7752,186.516151,0.00293,0.004011,0.004011,0.262176,0.171278,0.052435,5,1.976236,2.474317,0.827942,0.329373,6,0,1,true,ACTIVE_PROTECTED,1095,1068,1,0,0,1,BEARISH,BEARISH,true,2026-07-03T00:09:59.999Z,false,4d6ae15e5b5fecae474d8eb16859c941992b10b8e40b2fe11cb157c6a5b5727c,HISTORICAL_TURNING_POINT_SIGNIFICANCE_V1,VALID,MEDIUM,STRONG_REVERSAL_WITH_STRUCTURAL_CHANGE,false,TURNING_SIGNIFICANCE_CONFIDENCE_NOT_HIGH,,e1962266a20c67182dc11859d0b68f1b166dd3beddb591727f4a92ce5cf917e0,9283bf1374126bc8f18adf9e03d031caf92004e1eab5f1cd6634a348c27976e7
DYNDW:SAME_PROCESS_WICK_V1:BTCUSDT:5m:LOW:1785359100000:1785361199999,DYNDPROC:BTCUSDT:5m:LOW:1785358800000:1785361199999,BTCUSDT,LOW,63234,63298.6,2026-07-29T21:05:00.000Z,2026-07-29T21:39:59.999Z,1785361199999,7759,171.895344,0.002716,0.004072,0.004072,0,,0,1,1.651586,2.172252,0.791028,0.206448,8,0,1,true,CONTROLLING_SWING,1096,1068,0,1,0,1,BEARISH,BEARISH,true,2026-07-03T01:19:59.999Z,true,c9754511f660c525515518ae9c3243b3135dea2976c1370466a291e490391997,HISTORICAL_TURNING_POINT_SIGNIFICANCE_V1,VALID,MEDIUM,VALID_LOCAL_TURN_WITH_CLEAR_REVERSAL,false,TURNING_SIGNIFICANCE_CONFIDENCE_NOT_HIGH,,e1962266a20c67182dc11859d0b68f1b166dd3beddb591727f4a92ce5cf917e0,9879a26976d90b23317d2dfbf8853f33bbd233947c8b26d093efa975c49c4222
DYNDW:SAME_PROCESS_WICK_V1:BTCUSDT:5m:HIGH:1785363300000:1785371999999,DYNDPROC:BTCUSDT:5m:HIGH:1785363300000:1785371999999,BTCUSDT,HIGH,64108.4,64080,2026-07-29T22:15:00.000Z,2026-07-30T00:39:59.999Z,1785371999999,7795,150.105424,0.002342,0.004159,0.004159,3.314337,0.829028,0.36826,9,2.008588,2.241758,0.246263,0.069262,29,1,1,true,INTERNAL,1096,1070,4,4,4,4,BULLISH,BULLISH,true,2026-07-03T00:09:59.999Z,false,fca84fbbef49dbde6591f3142caa0d715e9034282bee94cae6acb109933a876c,HISTORICAL_TURNING_POINT_SIGNIFICANCE_V1,WEAK,MEDIUM,LOCAL_REVERSAL_WITH_LIMITED_SIGNIFICANCE,false,TURNING_SIGNIFICANCE_WEAK,,e1962266a20c67182dc11859d0b68f1b166dd3beddb591727f4a92ce5cf917e0,ede574940763530878ff3acc8dbf1e65ff4eb0dfa22d3a1c2ed81e61c1ff3337
DYNDW:SAME_PROCESS_WICK_V1:BTCUSDT:5m:LOW:1785372900000:1785375299999,DYNDPROC:BTCUSDT:5m:LOW:1785372600000:1785375299999,BTCUSDT,LOW,63576.4,63591,2026-07-30T00:55:00.000Z,2026-07-30T01:34:59.999Z,1785375299999,7806,92.192658,0.00145,0.004158,0.004158,2.033785,0.636672,0.508446,4,3.892935,4.051299,0.584813,0.432548,9,1,2,true,INTERNAL,1100,1074,1,2,1,2,BULLISH,BULLISH,true,2026-07-03T01:19:59.999Z,false,3bfd3061b49da795fe01d7ba8af19c1c3b0deb9019df833225c39f3a4234dffb,HISTORICAL_TURNING_POINT_SIGNIFICANCE_V1,VALID,MEDIUM,VALID_LOCAL_TURN_WITH_CLEAR_REVERSAL,false,TURNING_SIGNIFICANCE_CONFIDENCE_NOT_HIGH,,e1962266a20c67182dc11859d0b68f1b166dd3beddb591727f4a92ce5cf917e0,18f868d90394638faef7a0317a7b56fbab58ea0c6b81307d79b0f1de251a2355
DYNDW:SAME_PROCESS_WICK_V1:BTCUSDT:5m:HIGH:1785378000000:1785387599999,DYNDPROC:BTCUSDT:5m:HIGH:1785378300000:1785387599999,BTCUSDT,HIGH,64393,64327.2,2026-07-30T02:20:00.000Z,2026-07-30T04:59:59.999Z,1785387599999,7847,104.495182,0.001624,0.004158,0.004158,3.610693,0.801913,0.300891,12,3.1456,3.952335,0.362284,0.101471,31,0,3,true,INTERNAL,1101,1076,4,5,5,4,BULLISH,BULLISH,true,2026-07-03T00:09:59.999Z,false,8e6baaa80b38cd8c6e96bf94101ffd32355fc76aeb64a0ed5829f5e78fb4b978,HISTORICAL_TURNING_POINT_SIGNIFICANCE_V1,VALID,MEDIUM,STRONG_REVERSAL_WITH_STRUCTURAL_CHANGE,false,TURNING_SIGNIFICANCE_CONFIDENCE_NOT_HIGH,,e1962266a20c67182dc11859d0b68f1b166dd3beddb591727f4a92ce5cf917e0,e0397f90b3520e4ea111f1640e35e937de4cca30382e466ad95eb9a11b8e9e81
DYNDW:SAME_PROCESS_WICK_V1:BTCUSDT:5m:LOW:1785388800000:1785399899999,DYNDPROC:BTCUSDT:5m:LOW:1785388800000:1785399899999,BTCUSDT,LOW,63881,63895.6,2026-07-30T05:20:00.000Z,2026-07-30T08:24:59.999Z,1785399899999,7888,68.51871,0.001072,0.004041,0.004041,1.50178,0.93291,0.250297,6,4.105448,4.495123,0.201173,0.110958,37,4,4,true,INTERNAL,1105,1082,6,7,6,7,BULLISH,BULLISH,true,2026-07-03T01:19:59.999Z,false,49aaf3bbc0e28611cd108ffcdf804bd06bfed10cba1d70ed029ef7a904ce4562,HISTORICAL_TURNING_POINT_SIGNIFICANCE_V1,VALID,MEDIUM,VALID_LOCAL_TURN_WITH_CLEAR_REVERSAL,false,TURNING_SIGNIFICANCE_CONFIDENCE_NOT_HIGH,,e1962266a20c67182dc11859d0b68f1b166dd3beddb591727f4a92ce5cf917e0,d07dd96f55b6406841ac38ccbbd4742f12b486c4f9e3e807d7cf2e93f240864a
DYNDW:SAME_PROCESS_WICK_V1:BTCUSDT:5m:HIGH:1785419100000:1785420599999,DYNDPROC:BTCUSDT:5m:HIGH:1785419100000:1785420599999,BTCUSDT,HIGH,65157,65109.9,2026-07-30T13:45:00.000Z,2026-07-30T14:09:59.999Z,1785420599999,7957,99.008579,0.001521,0.004068,0.004068,9.423426,0.360901,0.142779,66,3.697659,4.404669,0.905068,0.739532,5,0,1,true,LOCAL_SWING,1122,1100,1,0,0,1,BULLISH,BULLISH,true,2026-07-03T00:09:59.999Z,true,356c859de6da737dabb7e7906daf1edb8a252a350425fb034e8f97ce71c69c08,HISTORICAL_TURNING_POINT_SIGNIFICANCE_V1,VALID,MEDIUM,EFFICIENT_REVERSAL_FROM_EXTREME,false,TURNING_SIGNIFICANCE_CONFIDENCE_NOT_HIGH,,e1962266a20c67182dc11859d0b68f1b166dd3beddb591727f4a92ce5cf917e0,a5e87f85045a1325155f0e38e8031dce751c33f1229f17f663874b54f2ee9fbe
DYNDW:SAME_PROCESS_WICK_V1:BTCUSDT:5m:LOW:1785423600000:1785428099999,DYNDPROC:BTCUSDT:5m:LOW:1785420900000:1785428099999,BTCUSDT,LOW,64571.4,64624.6,2026-07-30T15:00:00.000Z,2026-07-30T16:14:59.999Z,1785428099999,7982,108.954323,0.001686,0.003986,0.003986,1.094036,1,0.364679,3,2.523076,3.318822,0.254938,0.105128,24,2,3,true,SUPERSEDED_PROTECTED,1125,1102,2,3,2,3,UNKNOWN,BULLISH,true,2026-07-03T01:19:59.999Z,false,61b1fa6f98c5073e6ea020e4d2cb9dddd21b575a5f8de46feec020105a65181a,HISTORICAL_TURNING_POINT_SIGNIFICANCE_V1,VALID,MEDIUM,VALID_LOCAL_TURN_WITH_CLEAR_REVERSAL,false,TURNING_SIGNIFICANCE_CONFIDENCE_NOT_HIGH,,e1962266a20c67182dc11859d0b68f1b166dd3beddb591727f4a92ce5cf917e0,baff37dad2ae4e8871f2e7c43367d4a1ad414646c0060ec1f7edefa6b8d11fad
DYNDW:SAME_PROCESS_WICK_V1:BTCUSDT:5m:HIGH:1785433200000:1785437699999,DYNDPROC:BTCUSDT:5m:HIGH:1785433200000:1785437699999,BTCUSDT,HIGH,64957.2,64919.6,2026-07-30T17:40:00.000Z,2026-07-30T18:54:59.999Z,1785437699999,8014,81.835937,0.001261,0.003826,0.003826,0.245613,0.029425,0.012927,19,3.158759,3.619437,0.750363,0.210584,15,0,3,true,INTERNAL,1130,1108,3,1,1,3,BULLISH,BEARISH,true,2026-07-03T00:09:59.999Z,false,ee4420ec66bd4b75c424a660fa7bf3aba388782b22e4a00e6ae499c4c7f71a4a,HISTORICAL_TURNING_POINT_SIGNIFICANCE_V1,VALID,MEDIUM,STRONG_REVERSAL_WITH_STRUCTURAL_CHANGE,false,TURNING_SIGNIFICANCE_CONFIDENCE_NOT_HIGH,,e1962266a20c67182dc11859d0b68f1b166dd3beddb591727f4a92ce5cf917e0,ec518a4d0cf435e9d56454294d8a54161551eca43b74f0e65c0c38a13559d932
DYNDW:SAME_PROCESS_WICK_V1:BTCUSDT:5m:LOW:1785448800000:1785449399999,DYNDPROC:BTCUSDT:5m:LOW:1785437400000:1785449399999,BTCUSDT,LOW,64636.3,64661.1,2026-07-30T22:00:00.000Z,2026-07-30T22:09:59.999Z,1785449399999,8053,56.061128,0.000867,0.003515,0.003515,0,,0,1,4.63066,5.42622,0.200991,0.115766,40,5,5,false,,1139,1115,0,0,0,0,BEARISH,BEARISH,true,2026-07-03T01:19:59.999Z,false,294c1544a8757004f5e961c998db40e2f12da9b6943985836690e3c6f5bb7734,HISTORICAL_TURNING_POINT_SIGNIFICANCE_V1,WEAK,MEDIUM,LOCAL_REVERSAL_WITH_LIMITED_SIGNIFICANCE,false,TURNING_SIGNIFICANCE_WEAK,,e1962266a20c67182dc11859d0b68f1b166dd3beddb591727f4a92ce5cf917e0,5dced93fc476f8407737cfa4556cb5bd4e5b178cd99e82c40efd1468bb8e8922
DYNDW:SAME_PROCESS_WICK_V1:BTCUSDT:5m:HIGH:1785454500000:1785455099999,DYNDPROC:BTCUSDT:5m:HIGH:1785454500000:1785455099999,BTCUSDT,HIGH,65062.9,65055.3,2026-07-30T23:35:00.000Z,2026-07-30T23:44:59.999Z,1785455099999,8072,59.274817,0.000911,0.002991,0.003,2.270779,0.241132,0.119515,19,4.496007,5.280489,1,2.248004,2,0,1,false,,1142,1118,0,0,0,0,BEARISH,BEARISH,true,2026-07-03T00:09:59.999Z,false,3ef6562309352a0993f74ec900698e55778840252fa6a934746503dc8cbf03a2,HISTORICAL_TURNING_POINT_SIGNIFICANCE_V1,VALID,MEDIUM,STRONG_REVERSAL_WITH_STRUCTURAL_CHANGE,false,TURNING_SIGNIFICANCE_CONFIDENCE_NOT_HIGH,,e1962266a20c67182dc11859d0b68f1b166dd3beddb591727f4a92ce5cf917e0,a5998ecb2c36f1e08cf13d0944c86fbd4d2dddd20c9ae92772082888a1c29833
DYNDW:SAME_PROCESS_WICK_V1:BTCUSDT:5m:LOW:1785459300000:1785459899999,DYNDPROC:BTCUSDT:5m:LOW:1785459000000:1785459899999,BTCUSDT,LOW,64663.7,64666.1,2026-07-31T00:55:00.000Z,2026-07-31T01:04:59.999Z,1785459899999,8088,74.115919,0.001146,0.003067,0.003067,1.655515,0.197744,0.110368,15,3.551194,3.584925,1,1.183731,3,0,1,false,,1145,1120,0,0,0,0,BEARISH,BEARISH,true,2026-07-03T01:19:59.999Z,false,775563d7f5898ab310b82e5b794f3e4e4df46d8b584a23312a96ef30a4e6845f,HISTORICAL_TURNING_POINT_SIGNIFICANCE_V1,VALID,MEDIUM,EFFICIENT_REVERSAL_FROM_EXTREME,false,TURNING_SIGNIFICANCE_CONFIDENCE_NOT_HIGH,,e1962266a20c67182dc11859d0b68f1b166dd3beddb591727f4a92ce5cf917e0,b24b243a1e6568e6ef589bc5d5c85db50a67aaf56dc676acfe8ae1590128fd03
DYNDW:SAME_PROCESS_WICK_V1:BTCUSDT:5m:HIGH:1785460200000:1785460799999,DYNDPROC:BTCUSDT:5m:HIGH:1785459900000:1785460799999,BTCUSDT,HIGH,65391.3,65315.7,2026-07-31T01:10:00.000Z,2026-07-31T01:19:59.999Z,1785460799999,8091,105.732024,0.001619,0.003336,0.003336,3.654522,1,1.827261,2,2.404191,3.152309,1,0.801397,3,0,1,false,,1145,1121,0,0,0,0,BEARISH,BEARISH,true,2026-07-03T00:09:59.999Z,false,3bdf8085994939be6238b1f9b54b182ad315fa35a6c818424c158edc50a23f8d,HISTORICAL_TURNING_POINT_SIGNIFICANCE_V1,WEAK,MEDIUM,LOCAL_REVERSAL_WITH_LIMITED_SIGNIFICANCE,false,TURNING_SIGNIFICANCE_WEAK,,e1962266a20c67182dc11859d0b68f1b166dd3beddb591727f4a92ce5cf917e0,5a85694ec69fcb6a959c5141d0e7737d520af1deb36514cb85ccb699c317f36f
DYNDW:SAME_PROCESS_WICK_V1:BTCUSDT:5m:LOW:1785467400000:1785479399999,DYNDPROC:BTCUSDT:5m:LOW:1785465600000:1785479399999,BTCUSDT,LOW,64138,64200.8,2026-07-31T03:10:00.000Z,2026-07-31T06:29:59.999Z,1785479399999,8153,117.523672,0.001831,0.003444,0.003444,7.323631,0.694505,0.406868,18,1.970667,2.505027,0.142541,0.042841,46,2,4,true,INTERNAL,1147,1124,6,5,6,5,BEARISH,UNKNOWN,true,2026-07-03T01:19:59.999Z,true,3667c32f27d3e774f5be3e526ccb718fc257b4ac8be76ec1cf6cf17516128786,HISTORICAL_TURNING_POINT_SIGNIFICANCE_V1,WEAK,MEDIUM,LOCAL_REVERSAL_WITH_LIMITED_SIGNIFICANCE,false,TURNING_SIGNIFICANCE_WEAK,,e1962266a20c67182dc11859d0b68f1b166dd3beddb591727f4a92ce5cf917e0,7ce79a5f690a3a88d4369d1cddea6bbba74c1d564489bb55362f0ce231017442
DYNDW:SAME_PROCESS_WICK_V1:BTCUSDT:5m:HIGH:1785479400000:1785481199999,DYNDPROC:BTCUSDT:5m:HIGH:1785479400000:1785481199999,BTCUSDT,HIGH,64476.8,64434,2026-07-31T06:30:00.000Z,2026-07-31T06:59:59.999Z,1785481199999,8159,56.494249,0.000877,0.003461,0.003461,0.028321,1,0.014161,2,3.991557,5.255402,1,0.665259,6,0,1,true,CONTROLLING_SWING,1153,1129,1,1,1,1,UNKNOWN,BULLISH,true,2026-07-03T00:09:59.999Z,false,606b96a83451aa0e0e35228f5dfa8c3901e3d602ac4d9d29d1a67fdb64fa734f,HISTORICAL_TURNING_POINT_SIGNIFICANCE_V1,VALID,MEDIUM,STRONG_REVERSAL_WITH_STRUCTURAL_CHANGE,false,TURNING_SIGNIFICANCE_CONFIDENCE_NOT_HIGH,,e1962266a20c67182dc11859d0b68f1b166dd3beddb591727f4a92ce5cf917e0,15d9663cbb98a5d279faec693af9bc7f33db788c8e0cb8ba1a0c1d04cf77ab14
DYNDW:SAME_PROCESS_WICK_V1:BTCUSDT:5m:LOW:1785492300000:1785494699999,DYNDPROC:BTCUSDT:5m:LOW:1785492000000:1785494699999,BTCUSDT,LOW,63577,63628,2026-07-31T10:05:00.000Z,2026-07-31T10:44:59.999Z,1785494699999,8204,60.875815,0.000957,0.003456,0.003456,9.535807,0.42209,0.250942,38,3.978592,4.905068,1,0.442066,9,0,2,true,LOCAL_SWING,1159,1135,0,1,0,1,BULLISH,BULLISH,true,2026-07-03T01:19:59.999Z,false,1c05904bac9f11a06ef9f8e646f0df942a92c94a8b7c4c34f01e50b9e73f4a79,HISTORICAL_TURNING_POINT_SIGNIFICANCE_V1,VALID,MEDIUM,VALID_LOCAL_TURN_WITH_CLEAR_REVERSAL,false,TURNING_SIGNIFICANCE_CONFIDENCE_NOT_HIGH,,e1962266a20c67182dc11859d0b68f1b166dd3beddb591727f4a92ce5cf917e0,7630ebda829b96f961965f388652324628f38b03198c5c4385f811fa8e3e0cd7
DYNDW:SAME_PROCESS_WICK_V1:BTCUSDT:5m:HIGH:1785495900000:1785499499999,DYNDPROC:BTCUSDT:5m:HIGH:1785495600000:1785499499999,BTCUSDT,HIGH,63982.2,63967.6,2026-07-31T11:05:00.000Z,2026-07-31T12:04:59.999Z,1785499499999,8220,56.992022,0.000891,0.003479,0.003479,1.709011,0.500514,0.341802,5,4.084782,4.467292,0.570868,0.314214,13,0,3,true,LOCAL_SWING,1159,1136,2,1,1,2,BULLISH,BULLISH,true,2026-07-03T00:09:59.999Z,false,2eb6f37855a8220cd5b8d09a4caadd7b639fd97f6fc9a774c0b5fec8e7d4fefd,HISTORICAL_TURNING_POINT_SIGNIFICANCE_V1,VALID,MEDIUM,STRONG_REVERSAL_WITH_STRUCTURAL_CHANGE,false,TURNING_SIGNIFICANCE_CONFIDENCE_NOT_HIGH,,e1962266a20c67182dc11859d0b68f1b166dd3beddb591727f4a92ce5cf917e0,07cb39d8a48682ab24111de148692575d998084b240953bec72bbb3682d27137
DYNDW:SAME_PROCESS_WICK_V1:BTCUSDT:5m:LOW:1785507000000:1785512699999,DYNDPROC:BTCUSDT:5m:LOW:1785511200000:1785512699999,BTCUSDT,LOW,62410.5,62490.1,2026-07-31T14:10:00.000Z,2026-07-31T15:44:59.999Z,1785512699999,8264,148.464285,0.002376,0.00363,0.00363,8.383835,0.505257,0.204484,41,1.645514,3.069425,1,0.329103,5,0,1,true,LOCAL_SWING,1163,1140,2,3,2,3,BULLISH,BULLISH,true,2026-07-03T01:19:59.999Z,false,b8272931dfa1ce24bf94503c086580231df8319b9ddd22ffe9cc569dc848d009,HISTORICAL_TURNING_POINT_SIGNIFICANCE_V1,VALID,MEDIUM,VALID_LOCAL_TURN_WITH_CLEAR_REVERSAL,false,TURNING_SIGNIFICANCE_CONFIDENCE_NOT_HIGH,,e1962266a20c67182dc11859d0b68f1b166dd3beddb591727f4a92ce5cf917e0,a1f6d895b3fb1267d7a8bf7ea41642cd2ba434ba86e82a9ee82f80b179edfbe4
DYNDW:SAME_PROCESS_WICK_V1:BTCUSDT:5m:HIGH:1785520800000:1785523199999,DYNDPROC:BTCUSDT:5m:HIGH:1785520800000:1785523199999,BTCUSDT,HIGH,63275.7,63225.8,2026-07-31T18:00:00.000Z,2026-07-31T18:39:59.999Z,1785523199999,8299,86.533565,0.001369,0.003656,0.003656,5.678721,0.466224,0.195818,29,3.187203,3.845907,0.79942,0.3984,8,0,2,true,LOCAL_SWING,1168,1145,1,0,0,1,BULLISH,BULLISH,true,2026-07-03T00:09:59.999Z,false,24b525b5192218a136d2e17065dc492ca9509b5e928dc389c13fb1bac2268d84,HISTORICAL_TURNING_POINT_SIGNIFICANCE_V1,VALID,MEDIUM,VALID_LOCAL_TURN_WITH_CLEAR_REVERSAL,false,TURNING_SIGNIFICANCE_CONFIDENCE_NOT_HIGH,,e1962266a20c67182dc11859d0b68f1b166dd3beddb591727f4a92ce5cf917e0,0f18da91a213d5441d1f834d0fb42c3bacc358c49bbc71fabd6328c043380e9e
DYNDW:SAME_PROCESS_WICK_V1:BTCUSDT:5m:LOW:1785531600000:1785559799999,DYNDPROC:BTCUSDT:5m:LOW:1785541800000:1785559799999,BTCUSDT,LOW,62814.1,62840.2,2026-07-31T21:00:00.000Z,2026-08-01T04:49:59.999Z,1785559799999,8421,38.545396,0.000613,0.00347,0.00347,2.848589,0.076367,0.044509,64,5.832084,7.017699,0.25,0.097201,60,3,7,true,LOCAL_SWING,1173,1149,11,13,11,13,BULLISH,BULLISH,true,2026-07-03T01:19:59.999Z,false,7f1db7e82a50b44b8f66f7b549022684b28dfefd3f1f54e7d4c7f4f68c204a36,HISTORICAL_TURNING_POINT_SIGNIFICANCE_V1,WEAK,MEDIUM,LOCAL_REVERSAL_WITH_LIMITED_SIGNIFICANCE,false,TURNING_SIGNIFICANCE_WEAK,,e1962266a20c67182dc11859d0b68f1b166dd3beddb591727f4a92ce5cf917e0,293a00cd340d6f7ccc0f4aa4c3af63f52f3e1c4b0e6b00b655b3de2c4192e390
DYNDW:SAME_PROCESS_WICK_V1:BTCUSDT:5m:HIGH:1785574500000:1785600899999,DYNDPROC:BTCUSDT:5m:HIGH:1785574200000:1785600899999,BTCUSDT,HIGH,63126.6,63112.7,2026-08-01T08:55:00.000Z,2026-08-01T16:14:59.999Z,1785600899999,8558,15.663091,0.000248,0.002581,0.003,3.045376,0.0777,0.060908,50,12.200657,14.409672,0.195459,0.137086,89,9,12,true,LOCAL_SWING,1189,1170,13,10,10,13,BULLISH,BULLISH,true,2026-07-03T00:09:59.999Z,false,75415ec38d80a9f061f373f131b818f2de35ad800a9b29a53aecd3625975e1b1,HISTORICAL_TURNING_POINT_SIGNIFICANCE_V1,VALID,MEDIUM,STRONG_REVERSAL_WITH_STRUCTURAL_CHANGE,false,TURNING_SIGNIFICANCE_CONFIDENCE_NOT_HIGH,,e1962266a20c67182dc11859d0b68f1b166dd3beddb591727f4a92ce5cf917e0,7ed7d404a32eb4f29d93a88ef508c8be5bc1d53e82c988f4ef4b076f6eb382cb
DYNDW:SAME_PROCESS_WICK_V1:BTCUSDT:5m:LOW:1785609000000:1785610799999,DYNDPROC:BTCUSDT:5m:LOW:1785609900000:1785610799999,BTCUSDT,LOW,62228.8,62338,2026-08-01T18:30:00.000Z,2026-08-01T18:59:59.999Z,1785610799999,8591,88.497801,0.00142,0.001449,0.003,6.594514,0.512199,0.206079,32,2.423789,3.708567,1,0.80793,3,0,1,true,LOCAL_SWING,1205,1184,0,2,0,2,BULLISH,BULLISH,true,2026-07-03T01:19:59.999Z,false,9ca8c491c17efd3cab4e98378582d6c7897dbaf3361cd64a89a2e72486953633,HISTORICAL_TURNING_POINT_SIGNIFICANCE_V1,VALID,MEDIUM,VALID_LOCAL_TURN_WITH_CLEAR_REVERSAL,false,TURNING_SIGNIFICANCE_CONFIDENCE_NOT_HIGH,,e1962266a20c67182dc11859d0b68f1b166dd3beddb591727f4a92ce5cf917e0,21df2f15e30c1b993786283784fc0b6717d117352cdff45f860f7d6691279226
DYNDW:SAME_PROCESS_WICK_V1:BTCUSDT:5m:HIGH:1785646800000:1785659399999,DYNDPROC:BTCUSDT:5m:HIGH:1785646500000:1785659399999,BTCUSDT,HIGH,63620,63557.1,2026-08-02T05:00:00.000Z,2026-08-02T08:29:59.999Z,1785659399999,8753,45.953718,0.000723,0.002194,0.003,21.861126,0.308387,0.18067,121,4.262985,5.712269,0.287961,0.099139,43,4,5,true,LOCAL_SWING,1224,1202,8,7,7,8,BULLISH,BULLISH,true,2026-07-03T00:09:59.999Z,false,4d68ae10bab2f084a926cdbb0ed7beca3fb05a860813d9276aeb452fe34821ba,HISTORICAL_TURNING_POINT_SIGNIFICANCE_V1,WEAK,MEDIUM,LOCAL_REVERSAL_WITH_LIMITED_SIGNIFICANCE,false,TURNING_SIGNIFICANCE_WEAK,,e1962266a20c67182dc11859d0b68f1b166dd3beddb591727f4a92ce5cf917e0,02808e7647343cde4680c9dd199286f89927d4883641b8bf6a2f7c0de1f70cac
DYNDW:SAME_PROCESS_WICK_V1:BTCUSDT:5m:LOW:1785661500000:1785662699999,DYNDPROC:BTCUSDT:5m:LOW:1785661200000:1785662699999,BTCUSDT,LOW,63065.3,63074.4,2026-08-02T09:05:00.000Z,2026-08-02T09:24:59.999Z,1785662699999,8764,43.696622,0.000693,0.00227,0.003,6.563436,1,0.82043,8,4.341297,4.554128,1,0.868259,5,0,1,true,LOCAL_SWING,1232,1209,1,1,1,1,BULLISH,BULLISH,true,2026-07-03T01:19:59.999Z,false,98dbec272e0436163536e04f1e91c1c0e80db78582e4fbe193abaeb9c2b37cc7,HISTORICAL_TURNING_POINT_SIGNIFICANCE_V1,VALID,MEDIUM,VALID_LOCAL_TURN_WITH_CLEAR_REVERSAL,false,TURNING_SIGNIFICANCE_CONFIDENCE_NOT_HIGH,,e1962266a20c67182dc11859d0b68f1b166dd3beddb591727f4a92ce5cf917e0,06fd939a64a092441ae5bef863e24a5f9cd0a7f373ec7f5e8926bd25ef2377bb
DYNDW:SAME_PROCESS_WICK_V1:BTCUSDT:5m:HIGH:1785663300000:1785671099999,DYNDPROC:BTCUSDT:5m:HIGH:1785663000000:1785671099999,BTCUSDT,HIGH,63301.6,63285.9,2026-08-02T09:35:00.000Z,2026-08-02T11:44:59.999Z,1785671099999,8792,53.787024,0.00085,0.002345,0.003,0.405302,0.158661,0.135101,3,3.55662,4.279843,0.336974,0.131727,27,2,3,true,LOCAL_SWING,1233,1211,4,2,2,4,BULLISH,BULLISH,true,2026-07-03T00:09:59.999Z,false,1348b561df2f47739384d698d41477e53a00f183e2e2808a7c9357a3a657d083,HISTORICAL_TURNING_POINT_SIGNIFICANCE_V1,WEAK,MEDIUM,LOCAL_REVERSAL_WITH_LIMITED_SIGNIFICANCE,false,TURNING_SIGNIFICANCE_WEAK,,e1962266a20c67182dc11859d0b68f1b166dd3beddb591727f4a92ce5cf917e0,848a8d0480203e72bd819e8437d04c2d0d6caae562d78db4c4d854470d2cd990
DYNDW:SAME_PROCESS_WICK_V1:BTCUSDT:5m:LOW:1785671700000:1785688799999,DYNDPROC:BTCUSDT:5m:LOW:1785677700000:1785688799999,BTCUSDT,LOW,62961.1,62984.9,2026-08-02T11:55:00.000Z,2026-08-02T16:39:59.999Z,1785688799999,8851,47.41667,0.000753,0.002434,0.003,2.313532,0.200073,0.096397,24,4.203163,5.356766,0.207151,0.113599,37,4,5,true,LOCAL_SWING,1238,1213,8,9,8,9,BULLISH,BULLISH,true,2026-07-03T01:19:59.999Z,false,ea643087eaf8ee677e3b20d6a7d7326ee4cbfd3d1a7d3f207723cb96c9986a70,HISTORICAL_TURNING_POINT_SIGNIFICANCE_V1,WEAK,MEDIUM,LOCAL_REVERSAL_WITH_LIMITED_SIGNIFICANCE,false,TURNING_SIGNIFICANCE_WEAK,,e1962266a20c67182dc11859d0b68f1b166dd3beddb591727f4a92ce5cf917e0,a6dba61cb8781b2e150b6eab2abd1fd9aadf471c7d83fe2a99576e74402de9f6
DYNDW:SAME_PROCESS_WICK_V1:BTCUSDT:5m:HIGH:1785708600000:1785710099999,DYNDPROC:BTCUSDT:5m:HIGH:1785708300000:1785710099999,BTCUSDT,HIGH,63779,63689.3,2026-08-02T22:10:00.000Z,2026-08-02T22:34:59.999Z,1785710099999,8922,76.808852,0.001206,0.002475,0.003,6.576065,0.241225,0.09815,67,3.403254,4.667431,1,0.567209,6,0,1,true,LOCAL_SWING,1257,1233,1,0,0,1,BULLISH,BULLISH,true,2026-07-03T00:09:59.999Z,false,17994ae3e5a36201317c246773733416e4dd3646a3fa2b0751c3e5d4ffc33566,HISTORICAL_TURNING_POINT_SIGNIFICANCE_V1,WEAK,MEDIUM,LOCAL_REVERSAL_WITH_LIMITED_SIGNIFICANCE,false,TURNING_SIGNIFICANCE_WEAK,,e1962266a20c67182dc11859d0b68f1b166dd3beddb591727f4a92ce5cf917e0,655a97c5271c1fafd5054010cc3c1f79e35e8fe170149718dc9f018cb3fcbbff
DYNDW:SAME_PROCESS_WICK_V1:BTCUSDT:5m:LOW:1785712200000:1785713699999,DYNDPROC:BTCUSDT:5m:LOW:1785712200000:1785713699999,BTCUSDT,LOW,63306.2,63339.1,2026-08-02T23:10:00.000Z,2026-08-02T23:34:59.999Z,1785713699999,8934,79.651997,0.001258,0.002569,0.003,1.11485,0.286267,0.123872,9,2.69422,3.401045,0.704531,0.538844,5,0,1,true,LOCAL_SWING,1259,1234,0,1,0,1,BULLISH,BULLISH,true,2026-07-03T01:19:59.999Z,false,c8489e81729d5b50287284adb0eaff2f4507d45adb4359571fe249661a36bc1f,HISTORICAL_TURNING_POINT_SIGNIFICANCE_V1,VALID,MEDIUM,VALID_LOCAL_TURN_WITH_CLEAR_REVERSAL,false,TURNING_SIGNIFICANCE_CONFIDENCE_NOT_HIGH,,e1962266a20c67182dc11859d0b68f1b166dd3beddb591727f4a92ce5cf917e0,d92a58c5d7f3ae33776314428a4712c97b5778e40766081c4cc0c877ec866127
DYNDW:SAME_PROCESS_WICK_V1:BTCUSDT:5m:HIGH:1785713400000:1785716699999,DYNDPROC:BTCUSDT:5m:HIGH:1785713400000:1785716699999,BTCUSDT,HIGH,63577.1,63553.7,2026-08-02T23:30:00.000Z,2026-08-03T00:24:59.999Z,1785716699999,8944,84.102681,0.001323,0.002632,0.003,0,,0,1,2.315027,2.772801,0.58276,0.210457,11,0,1,true,LOCAL_SWING,1259,1235,2,1,1,2,BULLISH,BULLISH,true,2026-07-03T00:09:59.999Z,false,6dfd746ba7d52ab2516da02e279ad7c9b4603575ef729f0810d1dc972746e9cc,HISTORICAL_TURNING_POINT_SIGNIFICANCE_V1,WEAK,MEDIUM,LOCAL_REVERSAL_WITH_LIMITED_SIGNIFICANCE,false,TURNING_SIGNIFICANCE_WEAK,,e1962266a20c67182dc11859d0b68f1b166dd3beddb591727f4a92ce5cf917e0,81986f85cf14aef6dd9315d790a64ab0f080ab587479456b0bf5daefe031cdf7
DYNDW:SAME_PROCESS_WICK_V1:BTCUSDT:5m:LOW:1785745800000:1785747599999,DYNDPROC:BTCUSDT:5m:LOW:1785745800000:1785747599999,BTCUSDT,LOW,62268.2,62289.8,2026-08-03T08:30:00.000Z,2026-08-03T08:59:59.999Z,1785747599999,9047,71.621466,0.00115,0.002438,0.003,14.928485,0.342319,0.150793,99,3.108007,3.483592,1,0.518001,6,0,1,true,LOCAL_SWING,1277,1251,0,1,0,1,BULLISH,BULLISH,true,2026-07-03T01:19:59.999Z,false,ea45c870abff385b0535610c0b8c5cc7c4cf3b024004917940954dbd5ca30f0d,HISTORICAL_TURNING_POINT_SIGNIFICANCE_V1,VALID,MEDIUM,VALID_LOCAL_TURN_WITH_CLEAR_REVERSAL,false,TURNING_SIGNIFICANCE_CONFIDENCE_NOT_HIGH,,e1962266a20c67182dc11859d0b68f1b166dd3beddb591727f4a92ce5cf917e0,64c72619901e326ead4a46694b9f24daa93b431e5eaaf10c36f016c4add79701
DYNDW:SAME_PROCESS_WICK_V1:BTCUSDT:5m:HIGH:1785750900000:1785754199999,DYNDPROC:BTCUSDT:5m:HIGH:1785750900000:1785754199999,BTCUSDT,HIGH,62846.3,62806,2026-08-03T09:55:00.000Z,2026-08-03T10:49:59.999Z,1785754199999,9069,62.295819,0.000992,0.002369,0.003,4.712997,0.993907,0.362538,13,3.118989,3.77714,0.65267,0.283544,11,0,2,true,LOCAL_SWING,1278,1252,2,1,1,2,BULLISH,BULLISH,true,2026-07-03T00:09:59.999Z,false,9487a5049fd76d6a6ad823c34d40715b1d55c021e0e7b9d142a3f48f2aded705,HISTORICAL_TURNING_POINT_SIGNIFICANCE_V1,VALID,MEDIUM,VALID_LOCAL_TURN_WITH_CLEAR_REVERSAL,false,TURNING_SIGNIFICANCE_CONFIDENCE_NOT_HIGH,,e1962266a20c67182dc11859d0b68f1b166dd3beddb591727f4a92ce5cf917e0,ceff9272a133c533234a96df6eaea3cc71d942dd931767d628289adb4447ba80
DYNDW:SAME_PROCESS_WICK_V1:BTCUSDT:5m:LOW:1785758700000:1785761099999,DYNDPROC:BTCUSDT:5m:LOW:1785758700000:1785761099999,BTCUSDT,LOW,62400,62457.6,2026-08-03T12:05:00.000Z,2026-08-03T12:44:59.999Z,1785761099999,9092,71.932025,0.001152,0.002407,0.003,2.1423,0.201464,0.126018,17,3.830005,4.630761,0.847953,0.478751,8,0,2,true,LOCAL_SWING,1283,1255,1,1,1,1,BULLISH,BULLISH,true,2026-07-03T01:19:59.999Z,false,b966d64e417d822f53514d7fd55eba0211715fcb574bc05af12369bbec5b94b5,HISTORICAL_TURNING_POINT_SIGNIFICANCE_V1,VALID,MEDIUM,EFFICIENT_REVERSAL_FROM_EXTREME,false,TURNING_SIGNIFICANCE_CONFIDENCE_NOT_HIGH,,e1962266a20c67182dc11859d0b68f1b166dd3beddb591727f4a92ce5cf917e0,e6d7909033f786ed234a0c09c38684126092ffcc322600c00c0a4106f87121c1
DYNDW:SAME_PROCESS_WICK_V1:BTCUSDT:5m:HIGH:1785763200000:1785764099999,DYNDPROC:BTCUSDT:5m:HIGH:1785762900000:1785764099999,BTCUSDT,HIGH,62979.5,62923.4,2026-08-03T13:20:00.000Z,2026-08-03T13:34:59.999Z,1785764099999,9102,75.47619,0.001199,0.002542,0.003,2.521325,0.600884,0.315166,8,3.356025,5.911798,1,0.839006,4,0,1,true,LOCAL_SWING,1285,1258,1,0,0,1,BULLISH,BULLISH,true,2026-07-03T00:09:59.999Z,false,6682600010b6ff20928e122f9897a7f6a341caa3732232b0a31d90c89ed40d2d,HISTORICAL_TURNING_POINT_SIGNIFICANCE_V1,VALID,MEDIUM,STRONG_REVERSAL_WITH_STRUCTURAL_CHANGE,false,TURNING_SIGNIFICANCE_CONFIDENCE_NOT_HIGH,,e1962266a20c67182dc11859d0b68f1b166dd3beddb591727f4a92ce5cf917e0,b0ed5153d9372ff233ed49f0246afca66741564619f86d51c7e1504830752fa1
DYNDW:SAME_PROCESS_WICK_V1:BTCUSDT:5m:LOW:1785763800000:1785764699999,DYNDPROC:BTCUSDT:5m:LOW:1785763800000:1785764699999,BTCUSDT,LOW,62533.3,62670.1,2026-08-03T13:30:00.000Z,2026-08-03T13:44:59.999Z,1785764699999,9104,95.320878,0.001521,0.002592,0.003,0,,0,1,2.42759,4.013811,1,0.809197,3,0,1,true,LOCAL_SWING,1286,1258,0,1,0,1,BULLISH,BULLISH,true,2026-07-03T01:19:59.999Z,false,b845080ec4d0b723d3627378e2537ba0484abe2366d112c07acd00313f9b23f0,HISTORICAL_TURNING_POINT_SIGNIFICANCE_V1,WEAK,MEDIUM,LOCAL_REVERSAL_WITH_LIMITED_SIGNIFICANCE,false,TURNING_SIGNIFICANCE_WEAK,,e1962266a20c67182dc11859d0b68f1b166dd3beddb591727f4a92ce5cf917e0,13190456722ee07272cb1db976f5616c0e743e938ed0064429cba1430720a7ac
DYNDW:SAME_PROCESS_WICK_V1:BTCUSDT:5m:HIGH:1785769200000:1785770999999,DYNDPROC:BTCUSDT:5m:HIGH:1785768900000:1785770999999,BTCUSDT,HIGH,63960,63927.9,2026-08-03T15:00:00.000Z,2026-08-03T15:29:59.999Z,1785770999999,9125,170.305134,0.002664,0.003056,0.003056,6.026829,0.712085,0.376677,16,1.46443,1.86665,1,0.209204,7,0,0,true,LOCAL_SWING,1288,1260,1,0,0,1,BULLISH,BULLISH,true,2026-07-03T00:09:59.999Z,false,581e98483ee8805c85e0716616e4fdb4a5368a7c5eba8451e76b8e91ec7e8830,HISTORICAL_TURNING_POINT_SIGNIFICANCE_V1,WEAK,MEDIUM,LOCAL_REVERSAL_WITH_LIMITED_SIGNIFICANCE,false,TURNING_SIGNIFICANCE_WEAK,,e1962266a20c67182dc11859d0b68f1b166dd3beddb591727f4a92ce5cf917e0,2820f40abb14384266c031949d91295544a553ebfb4dcef5c0c354f64eb2369b
DYNDW:SAME_PROCESS_WICK_V1:BTCUSDT:5m:LOW:1785772500000:1785774299999,DYNDPROC:BTCUSDT:5m:LOW:1785772500000:1785774299999,BTCUSDT,LOW,63610.2,63659.5,2026-08-03T15:55:00.000Z,2026-08-03T16:24:59.999Z,1785774299999,9136,141.846344,0.002228,0.003141,0.003141,0.133948,0.052984,0.019135,7,1.543219,2.043056,0.57956,0.257203,6,0,1,true,LOCAL_SWING,1290,1261,1,1,1,1,BULLISH,BULLISH,true,2026-07-03T01:19:59.999Z,false,522be835d3cb305a901fed5a33b7ea02659197bd6f9e1c27d03cd43384e3603c,HISTORICAL_TURNING_POINT_SIGNIFICANCE_V1,WEAK,MEDIUM,LOCAL_REVERSAL_WITH_LIMITED_SIGNIFICANCE,false,TURNING_SIGNIFICANCE_WEAK,,e1962266a20c67182dc11859d0b68f1b166dd3beddb591727f4a92ce5cf917e0,cf0ccdc07bd295c89a2f97863650c8ce791d47e42a92d2ac5ed8b98ad3819c09
DYNDW:SAME_PROCESS_WICK_V1:BTCUSDT:5m:HIGH:1785785400000:1785787499999,DYNDPROC:BTCUSDT:5m:HIGH:1785785400000:1785787499999,BTCUSDT,HIGH,64058.8,64039.8,2026-08-03T19:30:00.000Z,2026-08-03T20:04:59.999Z,1785787499999,9180,80.252524,0.001253,0.003281,0.003281,2.011152,0.096129,0.051568,39,2.863461,3.459081,0.594413,0.409066,7,0,2,true,LOCAL_SWING,1297,1269,2,1,1,2,BULLISH,BULLISH,true,2026-07-03T00:09:59.999Z,false,886e43e474f9b42d774c0589001337efd756580f56644bc4cfe5a810b7f456d0,HISTORICAL_TURNING_POINT_SIGNIFICANCE_V1,VALID,MEDIUM,STRONG_REVERSAL_WITH_STRUCTURAL_CHANGE,false,TURNING_SIGNIFICANCE_CONFIDENCE_NOT_HIGH,,e1962266a20c67182dc11859d0b68f1b166dd3beddb591727f4a92ce5cf917e0,217634844d3fc333b4f325ea5cc33d1c3531316b1ed5846061f95665950a644e
DYNDW:SAME_PROCESS_WICK_V1:BTCUSDT:5m:LOW:1785804900000:1785807299999,DYNDPROC:BTCUSDT:5m:LOW:1785804900000:1785807299999,BTCUSDT,LOW,63290.2,63337.6,2026-08-04T00:55:00.000Z,2026-08-04T01:34:59.999Z,1785807299999,9246,68.81618,0.001086,0.003182,0.003182,6.864665,0.263088,0.114411,60,4.670413,5.744289,0.992588,0.583802,8,0,1,true,LOCAL_SWING,1306,1278,0,2,0,2,BULLISH,BULLISH,true,2026-07-03T01:19:59.999Z,false,20015312c51d2ce71a392f129f0a07f5b548739ae7991818cf89fca94d3145fa,HISTORICAL_TURNING_POINT_SIGNIFICANCE_V1,VALID,MEDIUM,EFFICIENT_REVERSAL_FROM_EXTREME,false,TURNING_SIGNIFICANCE_CONFIDENCE_NOT_HIGH,,e1962266a20c67182dc11859d0b68f1b166dd3beddb591727f4a92ce5cf917e0,7f232a80a32a51a9a39f4a10ac6b716e792e3f3b7d38ac0a2fe23121521df695
DYNDW:SAME_PROCESS_WICK_V1:BTCUSDT:5m:HIGH:1785810900000:1785813299999,DYNDPROC:BTCUSDT:5m:HIGH:1785811200000:1785813299999,BTCUSDT,HIGH,63958.6,63870.8,2026-08-04T02:35:00.000Z,2026-08-04T03:14:59.999Z,1785813299999,9266,91.130588,0.001427,0.003243,0.003243,2.324137,0.381484,0.154942,15,2.347181,3.310634,0.861458,0.335312,7,0,1,true,LOCAL_SWING,1307,1282,1,0,0,1,BULLISH,BULLISH,true,2026-07-03T00:09:59.999Z,false,9291fa9895dc6f84c633209b0cdb17e73d8ae0c284078bd70f2ae45556e13507,HISTORICAL_TURNING_POINT_SIGNIFICANCE_V1,VALID,MEDIUM,STRONG_REVERSAL_WITH_STRUCTURAL_CHANGE,false,TURNING_SIGNIFICANCE_CONFIDENCE_NOT_HIGH,,e1962266a20c67182dc11859d0b68f1b166dd3beddb591727f4a92ce5cf917e0,cae629dfdd90b95670e9b7ef78dc520958d3fe85188aa79c97adb710a4e741c9
DYNDW:SAME_PROCESS_WICK_V1:BTCUSDT:5m:LOW:1785813300000:1785818099999,DYNDPROC:BTCUSDT:5m:LOW:1785813300000:1785818099999,BTCUSDT,LOW,63624.1,63646.9,2026-08-04T03:15:00.000Z,2026-08-04T04:34:59.999Z,1785818099999,9282,80.242164,0.001261,0.003262,0.003262,0.124623,1,0.062311,2,2.69559,2.97973,0.578188,0.168474,16,0,2,true,LOCAL_SWING,1308,1282,1,2,1,2,BULLISH,BULLISH,true,2026-07-03T01:19:59.999Z,false,bfb07c97bdfe7b4e8fd1c33f4a7a5e80ca767bd63efca794708a206722e0d2b5,HISTORICAL_TURNING_POINT_SIGNIFICANCE_V1,WEAK,MEDIUM,LOCAL_REVERSAL_WITH_LIMITED_SIGNIFICANCE,false,TURNING_SIGNIFICANCE_WEAK,,e1962266a20c67182dc11859d0b68f1b166dd3beddb591727f4a92ce5cf917e0,e0b3764e1a8ff2b6105cb40c17d97fb1c0df3f3c271552a8e58f702342cf07b8
DYNDW:SAME_PROCESS_WICK_V1:BTCUSDT:5m:HIGH:1785818700000:1785820199999,DYNDPROC:BTCUSDT:5m:HIGH:1785818700000:1785820199999,BTCUSDT,HIGH,64239.8,64135.7,2026-08-04T04:45:00.000Z,2026-08-04T05:09:59.999Z,1785820199999,9289,73.351057,0.001144,0.003261,0.003261,3.715011,1,0.928753,4,3.340102,4.760668,1,0.66802,5,0,1,true,LOCAL_SWING,1309,1284,1,0,0,1,BULLISH,BULLISH,true,2026-07-03T00:09:59.999Z,false,3831ccb3dec70516e0892d65f800a52d186114c7c1c91fbf027f79834cc26951,HISTORICAL_TURNING_POINT_SIGNIFICANCE_V1,VALID,MEDIUM,STRONG_REVERSAL_WITH_STRUCTURAL_CHANGE,false,TURNING_SIGNIFICANCE_CONFIDENCE_NOT_HIGH,,e1962266a20c67182dc11859d0b68f1b166dd3beddb591727f4a92ce5cf917e0,579c92b45b6d27f7df74c70ab357ab13e80241596ff4a7235a2476f9298c471f
DYNDW:SAME_PROCESS_WICK_V1:BTCUSDT:5m:LOW:1785838500000:1785840599999,DYNDPROC:BTCUSDT:5m:LOW:1785839100000:1785840599999,BTCUSDT,LOW,63428.8,63445.1,2026-08-04T10:15:00.000Z,2026-08-04T10:49:59.999Z,1785840599999,9357,47.740449,0.000752,0.003266,0.003266,9.333804,0.251979,0.143597,65,6.168773,8.167079,1,1.233755,5,0,1,true,LOCAL_SWING,1318,1290,1,2,1,2,BULLISH,BULLISH,true,2026-07-03T01:19:59.999Z,false,6d1aade79ee65ac679b620c68b7fa37b58a4a9ca41c601452ad5488c8195bace,HISTORICAL_TURNING_POINT_SIGNIFICANCE_V1,VALID,MEDIUM,EFFICIENT_REVERSAL_FROM_EXTREME,false,TURNING_SIGNIFICANCE_CONFIDENCE_NOT_HIGH,,e1962266a20c67182dc11859d0b68f1b166dd3beddb591727f4a92ce5cf917e0,356e4fa1425b43b2d622e1e4d59fc2b576ee39f5031eb595b8c5ebe99eac2801
DYNDW:SAME_PROCESS_WICK_V1:BTCUSDT:5m:HIGH:1785850800000:1785851699999,DYNDPROC:BTCUSDT:5m:HIGH:1785850500000:1785851699999,BTCUSDT,HIGH,64080,64010.1,2026-08-04T13:40:00.000Z,2026-08-04T13:54:59.999Z,1785851699999,9394,94.07076,0.00147,0.00314,0.00314,2.875495,0.211081,0.082157,35,2.456661,3.59304,1,0.614165,4,0,1,true,LOCAL_SWING,1324,1298,1,0,0,1,BULLISH,BULLISH,true,2026-07-03T00:09:59.999Z,false,a302af295f18a43eddde3e742455d5f29f26a1b7ddfbc7ff624ea0a0b4e9e887,HISTORICAL_TURNING_POINT_SIGNIFICANCE_V1,VALID,MEDIUM,VALID_LOCAL_TURN_WITH_CLEAR_REVERSAL,false,TURNING_SIGNIFICANCE_CONFIDENCE_NOT_HIGH,,e1962266a20c67182dc11859d0b68f1b166dd3beddb591727f4a92ce5cf917e0,6143b03b64ea4384c9e8169d9109c0e82d41dfaec74ebaaeb423ad8d5d2a6dcd
DYNDW:SAME_PROCESS_WICK_V1:BTCUSDT:5m:LOW:1785852000000:1785853799999,DYNDPROC:BTCUSDT:5m:LOW:1785852900000:1785853799999,BTCUSDT,LOW,63582.1,63638,2026-08-04T14:00:00.000Z,2026-08-04T14:29:59.999Z,1785853799999,9401,132.127203,0.002076,0.003136,0.003136,1.067153,0.283246,0.177859,6,1.717285,2.394662,1,0.572428,3,0,1,true,LOCAL_SWING,1325,1298,1,1,1,1,BULLISH,BULLISH,true,2026-07-03T01:19:59.999Z,false,4a3b66cdc0cbdd01dc3247aaff741178db3afeca617376025aea63f3492c45de,HISTORICAL_TURNING_POINT_SIGNIFICANCE_V1,VALID,MEDIUM,VALID_LOCAL_TURN_WITH_CLEAR_REVERSAL,false,TURNING_SIGNIFICANCE_CONFIDENCE_NOT_HIGH,,e1962266a20c67182dc11859d0b68f1b166dd3beddb591727f4a92ce5cf917e0,87977625f4e8568a6aa473fffe83ba0846004523a046a62a6c109a23c296519e
DYNDW:SAME_PROCESS_WICK_V1:BTCUSDT:5m:HIGH:1785855600000:1785857399999,DYNDPROC:BTCUSDT:5m:HIGH:1785855600000:1785857399999,BTCUSDT,HIGH,64197.7,64151.1,2026-08-04T15:00:00.000Z,2026-08-04T15:29:59.999Z,1785857399999,9413,133.495457,0.002081,0.002955,0.003,2.143893,0.746868,0.267987,8,1.704178,2.227042,1,0.28403,6,0,1,true,LOCAL_SWING,1327,1300,1,1,1,1,BULLISH,BULLISH,true,2026-07-03T00:09:59.999Z,false,3f8a1f64cdcc46ce8bba3e1613c09fb9e5a1d8ec54870cbdae8676d384c34912,HISTORICAL_TURNING_POINT_SIGNIFICANCE_V1,VALID,MEDIUM,VALID_LOCAL_TURN_WITH_CLEAR_REVERSAL,false,TURNING_SIGNIFICANCE_CONFIDENCE_NOT_HIGH,,e1962266a20c67182dc11859d0b68f1b166dd3beddb591727f4a92ce5cf917e0,f434390070c5b54c89ffdd868715f644ea75605ea38089fafa2d0a87138498e7
DYNDW:SAME_PROCESS_WICK_V1:BTCUSDT:5m:LOW:1785857400000:1785858299999,DYNDPROC:BTCUSDT:5m:LOW:1785857400000:1785858299999,BTCUSDT,LOW,63782.7,63823.3,2026-08-04T15:30:00.000Z,2026-08-04T15:44:59.999Z,1785858299999,9416,119.514687,0.001873,0.00299,0.003,0.839227,1,0.419614,2,2.313523,2.695066,1,0.771174,3,0,1,true,LOCAL_SWING,1328,1301,0,1,0,1,BULLISH,BULLISH,true,2026-07-03T01:19:59.999Z,false,d844fda803a69c4c91bd61d0f671cfa53e7e3aea97ece83a06302be272bb9459,HISTORICAL_TURNING_POINT_SIGNIFICANCE_V1,VALID,MEDIUM,VALID_LOCAL_TURN_WITH_CLEAR_REVERSAL,false,TURNING_SIGNIFICANCE_CONFIDENCE_NOT_HIGH,,e1962266a20c67182dc11859d0b68f1b166dd3beddb591727f4a92ce5cf917e0,8f16beae40aa4959aa10e3de5feb6b48ea0414053a6741b59ca04a2c5644b36d
DYNDW:SAME_PROCESS_WICK_V1:BTCUSDT:5m:HIGH:1785858300000:1785861899999,DYNDPROC:BTCUSDT:5m:HIGH:1785858600000:1785861899999,BTCUSDT,HIGH,64200,64132,2026-08-04T15:45:00.000Z,2026-08-04T16:44:59.999Z,1785861899999,9428,128.888262,0.00201,0.003007,0.003007,0.249829,1,0.083276,3,1.691388,2.587513,0.775249,0.153763,11,0,1,true,LOCAL_SWING,1328,1302,2,1,1,2,BULLISH,BULLISH,true,2026-07-03T00:09:59.999Z,false,1510103e8a2f5477f74ca6610863601370643201bbce5931c0dbadb2a745bde8,HISTORICAL_TURNING_POINT_SIGNIFICANCE_V1,VALID,MEDIUM,VALID_LOCAL_TURN_WITH_CLEAR_REVERSAL,false,TURNING_SIGNIFICANCE_CONFIDENCE_NOT_HIGH,,e1962266a20c67182dc11859d0b68f1b166dd3beddb591727f4a92ce5cf917e0,ac399d8ca29e9a89ae4c759e32954f801040e4f234135a5fe0b225c63a2f9f98
DYNDW:SAME_PROCESS_WICK_V1:BTCUSDT:5m:LOW:1785861600000:1785863399999,DYNDPROC:BTCUSDT:5m:LOW:1785862200000:1785863399999,BTCUSDT,LOW,63866.5,63884.2,2026-08-04T16:40:00.000Z,2026-08-04T17:09:59.999Z,1785863399999,9433,102.905547,0.001611,0.002941,0.003,0.289586,0.192506,0.096529,3,2.110673,2.846299,1,0.527668,4,0,1,true,LOCAL_SWING,1330,1303,0,1,0,1,BULLISH,BULLISH,true,2026-07-03T01:19:59.999Z,false,204f6d34c6a06fd25fb2143ee781135f8b2b8211cea9f1b3dc988e8bc96e5af3,HISTORICAL_TURNING_POINT_SIGNIFICANCE_V1,VALID,MEDIUM,VALID_LOCAL_TURN_WITH_CLEAR_REVERSAL,false,TURNING_SIGNIFICANCE_CONFIDENCE_NOT_HIGH,,e1962266a20c67182dc11859d0b68f1b166dd3beddb591727f4a92ce5cf917e0,5907fe7874e5b9abbfb0651d600f625aec2ca095060bb9e37f07795da5a0e72f
DYNDW:SAME_PROCESS_WICK_V1:BTCUSDT:5m:HIGH:1785863100000:1785866099999,DYNDPROC:BTCUSDT:5m:HIGH:1785864600000:1785866099999,BTCUSDT,HIGH,64159.4,64133.9,2026-08-04T17:05:00.000Z,2026-08-04T17:54:59.999Z,1785866099999,9442,100.167017,0.001562,0.002901,0.003,0.324458,0.145284,0.054076,6,1.934769,3.024948,1,0.386954,5,0,1,true,LOCAL_SWING,1330,1304,2,1,1,2,BULLISH,BULLISH,true,2026-07-03T00:09:59.999Z,false,48d9aeb1d74b568eb5a17877fbe3f6b7ae6c4f63f8e376fa6a282d33c590c902,HISTORICAL_TURNING_POINT_SIGNIFICANCE_V1,WEAK,MEDIUM,LOCAL_REVERSAL_WITH_LIMITED_SIGNIFICANCE,false,TURNING_SIGNIFICANCE_WEAK,,e1962266a20c67182dc11859d0b68f1b166dd3beddb591727f4a92ce5cf917e0,011868a9d20cb8310bf7d511216a1985d8a3c54344a6027f20d1363742b3866c
DYNDW:SAME_PROCESS_WICK_V1:BTCUSDT:5m:LOW:1785865800000:1785867299999,DYNDPROC:BTCUSDT:5m:LOW:1785866100000:1785867299999,BTCUSDT,LOW,63856.4,63936.1,2026-08-04T17:50:00.000Z,2026-08-04T18:14:59.999Z,1785867299999,9446,97.181052,0.00152,0.002909,0.003,0.04116,1,0.02058,2,2.622939,3.484218,1,0.655735,4,0,1,true,LOCAL_SWING,1332,1305,0,1,0,1,BULLISH,BULLISH,true,2026-07-03T01:19:59.999Z,false,0403a929436a7df1b0e811d4388083a73db34eb561bd615376e18e6b3d131205,HISTORICAL_TURNING_POINT_SIGNIFICANCE_V1,WEAK,MEDIUM,LOCAL_REVERSAL_WITH_LIMITED_SIGNIFICANCE,false,TURNING_SIGNIFICANCE_WEAK,,e1962266a20c67182dc11859d0b68f1b166dd3beddb591727f4a92ce5cf917e0,7159a53a3aec20539d26543c971b19e41e463c30d2563b230edb2a41fb03353e
DYNDW:SAME_PROCESS_WICK_V1:BTCUSDT:5m:HIGH:1785872400000:1785873899999,DYNDPROC:BTCUSDT:5m:HIGH:1785872400000:1785873899999,BTCUSDT,HIGH,64388,64351.1,2026-08-04T19:40:00.000Z,2026-08-04T20:04:59.999Z,1785873899999,9468,82.406571,0.001281,0.002868,0.003,1.942806,0.280042,0.102253,19,2.911176,3.747274,1,0.582235,5,0,1,true,LOCAL_SWING,1334,1309,1,0,0,1,BULLISH,BULLISH,true,2026-07-03T00:09:59.999Z,false,c69b334ab16ba9bfeb542e03b16c19e5989823c492a6914e10902cd5a88c4692,HISTORICAL_TURNING_POINT_SIGNIFICANCE_V1,VALID,MEDIUM,EFFICIENT_REVERSAL_FROM_EXTREME,false,TURNING_SIGNIFICANCE_CONFIDENCE_NOT_HIGH,,e1962266a20c67182dc11859d0b68f1b166dd3beddb591727f4a92ce5cf917e0,a161cb57e64d70f1344544cda9f774c99d65647eb3ed576ea1702b4c2c3b187f
DYNDW:SAME_PROCESS_WICK_V1:BTCUSDT:5m:LOW:1785874500000:1785875999999,DYNDPROC:BTCUSDT:5m:LOW:1785874500000:1785875999999,BTCUSDT,LOW,63918.2,63982,2026-08-04T20:15:00.000Z,2026-08-04T20:39:59.999Z,1785875999999,9475,90.578146,0.001416,0.00292,0.003,1.426393,0.633333,0.356598,4,2.659582,3.36505,1,0.531916,5,0,1,true,LOCAL_SWING,1335,1310,0,1,0,1,BULLISH,BULLISH,true,2026-07-03T01:19:59.999Z,false,908c2317cd574b5ef967a9fa45f3acafac9b36b7652e704a60ff3f7df1b8a0e3,HISTORICAL_TURNING_POINT_SIGNIFICANCE_V1,VALID,MEDIUM,VALID_LOCAL_TURN_WITH_CLEAR_REVERSAL,false,TURNING_SIGNIFICANCE_CONFIDENCE_NOT_HIGH,,e1962266a20c67182dc11859d0b68f1b166dd3beddb591727f4a92ce5cf917e0,11ea63cdaa6e3d54d68cac1eefa93d5a4e0cf554ba9677ba28d87851d6cc0be4
DYNDW:SAME_PROCESS_WICK_V1:BTCUSDT:5m:HIGH:1785876000000:1785880499999,DYNDPROC:BTCUSDT:5m:HIGH:1785876000000:1785880499999,BTCUSDT,HIGH,64397.6,64358.6,2026-08-04T20:40:00.000Z,2026-08-04T21:54:59.999Z,1785880499999,9490,92.502619,0.001437,0.002981,0.003,1.466985,1,0.733493,2,2.255071,2.676681,0.4172,0.150338,15,1,2,true,LOCAL_SWING,1335,1311,3,2,2,3,BULLISH,BULLISH,true,2026-07-03T00:09:59.999Z,false,9e634cfb8797feab67eb96f4fc93b617c8dcac2c64ccb94fb24f9be71da7e7a8,HISTORICAL_TURNING_POINT_SIGNIFICANCE_V1,WEAK,MEDIUM,LOCAL_REVERSAL_WITH_LIMITED_SIGNIFICANCE,false,TURNING_SIGNIFICANCE_WEAK,,e1962266a20c67182dc11859d0b68f1b166dd3beddb591727f4a92ce5cf917e0,b02971cd230816966db14665c210364b0fc58b6d5b8c951cae64654cf1f81a3e
DYNDW:SAME_PROCESS_WICK_V1:BTCUSDT:5m:LOW:1785880800000:1785884999999,DYNDPROC:BTCUSDT:5m:LOW:1785880200000:1785884999999,BTCUSDT,LOW,64107.5,64150,2026-08-04T22:00:00.000Z,2026-08-04T23:09:59.999Z,1785884999999,9505,68.125016,0.001062,0.002987,0.003,0,,0,1,3.172109,5.093577,0.487921,0.198257,16,1,1,true,LOCAL_SWING,1338,1313,1,3,1,3,BULLISH,BULLISH,true,2026-07-03T01:19:59.999Z,false,a728a687d1bfb3f9c91ed45747b78b7541b6363e16dc6706929717a3eba8d4de,HISTORICAL_TURNING_POINT_SIGNIFICANCE_V1,WEAK,MEDIUM,LOCAL_REVERSAL_WITH_LIMITED_SIGNIFICANCE,false,TURNING_SIGNIFICANCE_WEAK,,e1962266a20c67182dc11859d0b68f1b166dd3beddb591727f4a92ce5cf917e0,e40c728649bd912ffa87237364a95e7c6ef67e78f541ffdb80731043c8ada0c1
DYNDW:SAME_PROCESS_WICK_V1:BTCUSDT:5m:HIGH:1785885300000:1785886199999,DYNDPROC:BTCUSDT:5m:HIGH:1785885300000:1785886199999,BTCUSDT,HIGH,64512.9,64465.2,2026-08-04T23:15:00.000Z,2026-08-04T23:29:59.999Z,1785886199999,9509,71.140932,0.001104,0.002976,0.003,1.39301,1,0.464337,3,4.499519,5.170019,1,1.49984,3,0,1,true,CONTROLLING_SWING,1339,1316,1,0,0,1,BULLISH,BULLISH,true,2026-07-03T00:09:59.999Z,false,b8bdf1de98a34e5ecd6463d09517ca738c1d9ba845d93bb6f8a627f6fe1f51a3,HISTORICAL_TURNING_POINT_SIGNIFICANCE_V1,VALID,MEDIUM,STRONG_REVERSAL_WITH_STRUCTURAL_CHANGE,false,TURNING_SIGNIFICANCE_CONFIDENCE_NOT_HIGH,,e1962266a20c67182dc11859d0b68f1b166dd3beddb591727f4a92ce5cf917e0,46ab23d6e060b88dad78afeb7e98ac3734d4b6bbc5b8ad42a05dca232e1db6e3
DYNDW:SAME_PROCESS_WICK_V1:BTCUSDT:5m:LOW:1785891600000:1785893999999,DYNDPROC:BTCUSDT:5m:LOW:1785891600000:1785893999999,BTCUSDT,LOW,63917.1,63955,2026-08-05T01:00:00.000Z,2026-08-05T01:39:59.999Z,1785893999999,9535,68.86668,0.001077,0.003044,0.003044,2.760406,0.383034,0.13802,20,4.132623,4.682961,0.908685,0.516578,8,0,1,true,LOCAL_SWING,1342,1318,0,2,0,2,BULLISH,BULLISH,true,2026-07-03T01:19:59.999Z,false,6a68ea40f237a9ade06edd9c5175c037143f59f3cf5c183cb22aee9f13f89dd9,HISTORICAL_TURNING_POINT_SIGNIFICANCE_V1,VALID,MEDIUM,EFFICIENT_REVERSAL_FROM_EXTREME,false,TURNING_SIGNIFICANCE_CONFIDENCE_NOT_HIGH,,e1962266a20c67182dc11859d0b68f1b166dd3beddb591727f4a92ce5cf917e0,2b09836f60a1031e67ff35c192fb8759f72b931fa05b1a51e3f0b1d81cd99198
DYNDW:SAME_PROCESS_WICK_V1:BTCUSDT:5m:HIGH:1785895800000:1785899999999,DYNDPROC:BTCUSDT:5m:HIGH:1785897000000:1785899999999,BTCUSDT,HIGH,64480,64459,2026-08-05T02:10:00.000Z,2026-08-05T03:19:59.999Z,1785899999999,9555,87.033549,0.00135,0.00307,0.00307,2.520867,0.344752,0.210072,12,4.175401,4.521245,0.830818,0.41754,10,0,1,true,INTERNAL,1342,1320,4,2,2,4,BULLISH,BULLISH,true,2026-07-03T00:09:59.999Z,false,441ae8f707200eae4fa8b8b4abbb0f22c61fa864c155a6f1c02fac98794a8769,HISTORICAL_TURNING_POINT_SIGNIFICANCE_V1,VALID,MEDIUM,STRONG_REVERSAL_WITH_STRUCTURAL_CHANGE,false,TURNING_SIGNIFICANCE_CONFIDENCE_NOT_HIGH,,e1962266a20c67182dc11859d0b68f1b166dd3beddb591727f4a92ce5cf917e0,d16a51e56afa42d49d0d40b2de44188704c483c628bd3de72eefdbbff145ff66
DYNDW:SAME_PROCESS_WICK_V1:BTCUSDT:5m:LOW:1785900600000:1785906299999,DYNDPROC:BTCUSDT:5m:LOW:1785900300000:1785906299999,BTCUSDT,LOW,64010.1,64029.3,2026-08-05T03:30:00.000Z,2026-08-05T05:04:59.999Z,1785906299999,9576,87.295511,0.001363,0.003131,0.003131,0.759489,1,0.253163,3,2.708043,2.927986,0.4925,0.135402,20,0,2,true,LOCAL_SWING,1346,1322,2,3,2,3,BULLISH,BULLISH,true,2026-07-03T01:19:59.999Z,false,c429e06879465d22b2884f9bffe395f02332a65f2893bf29aff04fb3f7277b56,HISTORICAL_TURNING_POINT_SIGNIFICANCE_V1,VALID,MEDIUM,VALID_LOCAL_TURN_WITH_CLEAR_REVERSAL,false,TURNING_SIGNIFICANCE_CONFIDENCE_NOT_HIGH,,e1962266a20c67182dc11859d0b68f1b166dd3beddb591727f4a92ce5cf917e0,24f98a5b33ba1ba19d9d3009dc6db0619514c6f7888ef73d1db991072f782ff1
DYNDW:SAME_PROCESS_WICK_V1:BTCUSDT:5m:HIGH:1785907500000:1785913499999,DYNDPROC:BTCUSDT:5m:HIGH:1785907500000:1785913499999,BTCUSDT,HIGH,64500,64408.2,2026-08-05T05:25:00.000Z,2026-08-05T07:04:59.999Z,1785913499999,9600,62.551934,0.000971,0.003069,0.003069,2.278107,1,0.379685,6,3.457927,5.305991,0.541427,0.172896,20,0,2,true,CONTROLLING_SWING,1348,1325,3,2,2,3,BULLISH,BULLISH,true,2026-07-03T00:09:59.999Z,false,ccded7c5513a81bd97256f17bcd3be882c8af1b63eba9d2692c256813985d052,HISTORICAL_TURNING_POINT_SIGNIFICANCE_V1,VALID,MEDIUM,STRONG_REVERSAL_WITH_STRUCTURAL_CHANGE,false,TURNING_SIGNIFICANCE_CONFIDENCE_NOT_HIGH,,e1962266a20c67182dc11859d0b68f1b166dd3beddb591727f4a92ce5cf917e0,d395993570e82a6b791323dd114e6bb43ba297120ae557af8d6df6dd8f4c01cc
DYNDW:SAME_PROCESS_WICK_V1:BTCUSDT:5m:LOW:1785915600000:1785917099999,DYNDPROC:BTCUSDT:5m:LOW:1785915600000:1785917099999,BTCUSDT,LOW,63962.4,63976.6,2026-08-05T07:40:00.000Z,2026-08-05T08:04:59.999Z,1785917099999,9612,51.902348,0.000811,0.003053,0.003053,4.148175,0.817078,0.460908,9,4.009453,4.539294,0.909131,0.801891,5,0,1,true,LOCAL_SWING,1351,1328,0,1,0,1,BULLISH,BULLISH,true,2026-07-03T01:19:59.999Z,false,9339fd447ab3952414882f3e7c7c686b318102d73758b32a349e33662a07306d,HISTORICAL_TURNING_POINT_SIGNIFICANCE_V1,VALID,MEDIUM,EFFICIENT_REVERSAL_FROM_EXTREME,false,TURNING_SIGNIFICANCE_CONFIDENCE_NOT_HIGH,,e1962266a20c67182dc11859d0b68f1b166dd3beddb591727f4a92ce5cf917e0,329869a420ea77ee32f8b4081a8cdddc5210bcc708dc09323026b80a9c9ef54f
DYNDW:SAME_PROCESS_WICK_V1:BTCUSDT:5m:HIGH:1785918600000:1785926999999,DYNDPROC:BTCUSDT:5m:HIGH:1785918300000:1785926999999,BTCUSDT,HIGH,64257.1,64248.2,2026-08-05T08:30:00.000Z,2026-08-05T10:49:59.999Z,1785926999999,9645,60.464939,0.000941,0.003066,0.003066,1.050195,0.456506,0.175033,6,3.719511,4.225589,0.320416,0.128259,29,2,2,true,LOCAL_SWING,1352,1329,5,4,4,5,BULLISH,BULLISH,true,2026-07-03T00:09:59.999Z,false,b273dacdf51d354df14d6cbd971fec9024701a6ada1c72637c762eca5016de94,HISTORICAL_TURNING_POINT_SIGNIFICANCE_V1,WEAK,MEDIUM,LOCAL_REVERSAL_WITH_LIMITED_SIGNIFICANCE,false,TURNING_SIGNIFICANCE_WEAK,,e1962266a20c67182dc11859d0b68f1b166dd3beddb591727f4a92ce5cf917e0,f43f7eac594690c3bb4aed5c6fa2238387a2b0263a090d9596042c0c7b4b7392
DYNDW:SAME_PROCESS_WICK_V1:BTCUSDT:5m:LOW:1785927000000:1785932399999,DYNDPROC:BTCUSDT:5m:LOW:1785927000000:1785932399999,BTCUSDT,LOW,63982.2,64018.3,2026-08-05T10:50:00.000Z,2026-08-05T12:19:59.999Z,1785932399999,9663,56.361347,0.00088,0.003038,0.003038,0.088713,1,0.044357,2,7.267392,7.987744,0.590372,0.403744,18,1,3,true,LOCAL_SWING,1358,1333,2,5,2,5,BULLISH,BULLISH,true,2026-07-03T01:19:59.999Z,false,af06910dd82f6eae8d95baff33432216a5a824fb6403f00cf507e3de53ee6675,HISTORICAL_TURNING_POINT_SIGNIFICANCE_V1,VALID,MEDIUM,VALID_LOCAL_TURN_WITH_CLEAR_REVERSAL,false,TURNING_SIGNIFICANCE_CONFIDENCE_NOT_HIGH,,e1962266a20c67182dc11859d0b68f1b166dd3beddb591727f4a92ce5cf917e0,2be0e6f42cf9f662c8757d339b5d03c504332cdca96b9717125dc6af6ebc5db0
DYNDW:SAME_PROCESS_WICK_V1:BTCUSDT:5m:HIGH:1785932400000:1785935099999,DYNDPROC:BTCUSDT:5m:HIGH:1785932700000:1785935099999,BTCUSDT,HIGH,64575.2,64496.1,2026-08-05T12:20:00.000Z,2026-08-05T13:04:59.999Z,1785935099999,9672,79.137347,0.001227,0.003127,0.003127,0.861793,1,0.287264,3,3.127474,4.149747,0.742574,0.390934,8,0,2,true,CONTROLLING_SWING,1360,1338,1,1,1,1,BULLISH,BULLISH,true,2026-07-03T00:09:59.999Z,false,5d718a4a49788b9f576e5fa7c8b9d6ef13ed247b1e19cdb76568840863243a2d,HISTORICAL_TURNING_POINT_SIGNIFICANCE_V1,VALID,MEDIUM,STRONG_REVERSAL_WITH_STRUCTURAL_CHANGE,false,TURNING_SIGNIFICANCE_CONFIDENCE_NOT_HIGH,,e1962266a20c67182dc11859d0b68f1b166dd3beddb591727f4a92ce5cf917e0,3713a661954c81659d915aaff794e90fd6f85aba616ab46a85c990013b4b16fe
DYNDW:SAME_PROCESS_WICK_V1:BTCUSDT:5m:LOW:1785936900000:1785937199999,DYNDPROC:BTCUSDT:5m:LOW:1785936600000:1785937199999,BTCUSDT,LOW,63847,63897.3,2026-08-05T13:35:00.000Z,2026-08-05T13:39:59.999Z,1785937199999,9679,91.119482,0.001426,0.003204,0.003204,3.855377,0.732638,0.550768,7,3.384567,4.247171,1,1.692284,2,0,1,false,,1361,1340,0,0,0,0,BULLISH,BULLISH,true,2026-07-03T01:19:59.999Z,false,7532539fff1ee0cf55fd582a6d46de900d088b06fb112b30e1fb3139c5ddd9ff,HISTORICAL_TURNING_POINT_SIGNIFICANCE_V1,VALID,MEDIUM,EFFICIENT_REVERSAL_FROM_EXTREME,false,TURNING_SIGNIFICANCE_CONFIDENCE_NOT_HIGH,,e1962266a20c67182dc11859d0b68f1b166dd3beddb591727f4a92ce5cf917e0,9a2e7b096d0919f0084766092ddd2896a9e75c0ce5cbf90f70eaa504992632fd
DYNDW:SAME_PROCESS_WICK_V1:BTCUSDT:5m:HIGH:1785939300000:1785940799999,DYNDPROC:BTCUSDT:5m:HIGH:1785939300000:1785940799999,BTCUSDT,HIGH,64548.6,64520,2026-08-05T14:15:00.000Z,2026-08-05T14:39:59.999Z,1785940799999,9691,126.525103,0.001961,0.003274,0.003274,2.484092,0.639731,0.27601,9,1.847064,2.163997,0.953488,0.369413,5,0,1,true,CONTROLLING_SWING,1361,1341,1,0,0,1,BULLISH,BULLISH,true,2026-07-03T00:09:59.999Z,false,953159b2c6670780ff7b52e4f9b89e2521c74001c79a330072eb48c96b81c745,HISTORICAL_TURNING_POINT_SIGNIFICANCE_V1,VALID,MEDIUM,EFFICIENT_REVERSAL_FROM_EXTREME,false,TURNING_SIGNIFICANCE_CONFIDENCE_NOT_HIGH,,e1962266a20c67182dc11859d0b68f1b166dd3beddb591727f4a92ce5cf917e0,1ccde8361f917e3bcfc36fe0652240ceb1e153ccd787849715b68460483fae61
DYNDW:SAME_PROCESS_WICK_V1:BTCUSDT:5m:LOW:1785940800000:1785942299999,DYNDPROC:BTCUSDT:5m:LOW:1785940500000:1785942299999,BTCUSDT,LOW,64265.4,64286.3,2026-08-05T14:40:00.000Z,2026-08-05T15:04:59.999Z,1785942299999,9696,132.007053,0.002053,0.003275,0.003275,0,,0,1,1.836266,2.230941,0.688636,0.306044,6,0,2,true,LOCAL_SWING,1362,1341,0,1,0,1,BULLISH,BULLISH,true,2026-07-03T01:19:59.999Z,false,ddeb56eb24aa46e964130e7530c4b227231d60a2ed6c2a917f4f3fb4887ad1f6,HISTORICAL_TURNING_POINT_SIGNIFICANCE_V1,WEAK,MEDIUM,LOCAL_REVERSAL_WITH_LIMITED_SIGNIFICANCE,false,TURNING_SIGNIFICANCE_WEAK,,e1962266a20c67182dc11859d0b68f1b166dd3beddb591727f4a92ce5cf917e0,0f88caaed2ea4c419dcf004f280459020819f0a49f8d43f726a515f9603ba8ac
DYNDW:SAME_PROCESS_WICK_V1:BTCUSDT:5m:HIGH:1785942600000:1785945299999,DYNDPROC:BTCUSDT:5m:HIGH:1785942300000:1785945299999,BTCUSDT,HIGH,64728.5,64668.3,2026-08-05T15:10:00.000Z,2026-08-05T15:54:59.999Z,1785945299999,9706,139.930136,0.002164,0.00329,0.00329,0.997641,1,0.49882,2,1.872363,2.382618,0.425601,0.187236,10,1,2,true,INTERNAL,1362,1342,2,1,1,2,BULLISH,BULLISH,true,2026-07-03T00:09:59.999Z,true,80dc5e459284c8248864446fc5bbc7774a1f45ba7668b3627582578c60601dc8,HISTORICAL_TURNING_POINT_SIGNIFICANCE_V1,WEAK,MEDIUM,LOCAL_REVERSAL_WITH_LIMITED_SIGNIFICANCE,false,TURNING_SIGNIFICANCE_WEAK,,e1962266a20c67182dc11859d0b68f1b166dd3beddb591727f4a92ce5cf917e0,2b8f1eb7cbc32ad78b8b5cbd624badc170c71bef6d265aecf842a87aa2b216cf
DYNDW:SAME_PROCESS_WICK_V1:BTCUSDT:5m:LOW:1785945300000:1785946499999,DYNDPROC:BTCUSDT:5m:LOW:1785945300000:1785946499999,BTCUSDT,LOW,64348.7,64353.6,2026-08-05T15:55:00.000Z,2026-08-05T16:14:59.999Z,1785946499999,9710,127.268489,0.001978,0.003268,0.003268,0.414085,1,0.207043,2,1.833132,1.87242,1,0.458283,4,0,1,true,INTERNAL,1364,1343,0,1,0,1,BULLISH,BULLISH,true,2026-07-03T01:19:59.999Z,false,d2add1c497b87be67db44f7053a16c0222b69ef0f0007c0041065d78e2497623,HISTORICAL_TURNING_POINT_SIGNIFICANCE_V1,WEAK,MEDIUM,LOCAL_REVERSAL_WITH_LIMITED_SIGNIFICANCE,false,TURNING_SIGNIFICANCE_WEAK,,e1962266a20c67182dc11859d0b68f1b166dd3beddb591727f4a92ce5cf917e0,3047bfa6d170a4d5a7f7eb5e3242e8777674b48351d2aa0246a01fba7f45a7c8
DYNDW:SAME_PROCESS_WICK_V1:BTCUSDT:5m:HIGH:1785961200000:1785964199999,DYNDPROC:BTCUSDT:5m:HIGH:1785961200000:1785964199999,BTCUSDT,HIGH,65022,64964.3,2026-08-05T20:20:00.000Z,2026-08-05T21:09:59.999Z,1785964199999,9769,68.529265,0.001055,0.003205,0.003205,5.507136,0.203538,0.107983,51,3.47005,4.946792,0.773082,0.347005,10,1,1,true,INTERNAL,1373,1348,2,0,0,2,BULLISH,BEARISH,true,2026-07-03T00:09:59.999Z,true,1636ce486b2d5ca47eee3d49582831ca9d79a929d7793cfccfc7864930d6d92d,HISTORICAL_TURNING_POINT_SIGNIFICANCE_V1,VALID,MEDIUM,STRONG_REVERSAL_WITH_STRUCTURAL_CHANGE,false,TURNING_SIGNIFICANCE_CONFIDENCE_NOT_HIGH,,e1962266a20c67182dc11859d0b68f1b166dd3beddb591727f4a92ce5cf917e0,f6228b10ea61611f16ddf13d5b17fd892c670546d03067688548612f03c8adaf
DYNDW:SAME_PROCESS_WICK_V1:BTCUSDT:5m:LOW:1785982800000:1785990599999,DYNDPROC:BTCUSDT:5m:LOW:1785988800000:1785990599999,BTCUSDT,LOW,64386.3,64462.4,2026-08-06T02:20:00.000Z,2026-08-06T04:29:59.999Z,1785990599999,9857,47.114261,0.000731,0.002839,0.003,5.605521,0.131034,0.066732,84,4.340512,5.996061,1,0.723419,6,0,1,true,LOCAL_SWING,1385,1358,2,6,2,6,BEARISH,BULLISH,true,2026-07-03T01:19:59.999Z,false,13ce2ace481277b7e284f27754d03d099283a53a9b5dfa347ed0b68352f1d002,HISTORICAL_TURNING_POINT_SIGNIFICANCE_V1,VALID,MEDIUM,EFFICIENT_REVERSAL_FROM_EXTREME,false,TURNING_SIGNIFICANCE_CONFIDENCE_NOT_HIGH,,e1962266a20c67182dc11859d0b68f1b166dd3beddb591727f4a92ce5cf917e0,d73d46406b5387609ae47043de1010aff4f24c716efb004bdb7abd72267f060b
DYNDW:SAME_PROCESS_WICK_V1:BTCUSDT:5m:HIGH:1785992700000:1785997199999,DYNDPROC:BTCUSDT:5m:HIGH:1785993600000:1785997199999,BTCUSDT,HIGH,64971.7,64950,2026-08-06T05:05:00.000Z,2026-08-06T06:19:59.999Z,1785997199999,9879,61.643239,0.000949,0.002889,0.003,4.592556,0.611315,0.382713,12,3.633813,4.203218,0.565657,0.302818,12,0,2,true,INTERNAL,1388,1365,2,1,1,2,BULLISH,BULLISH,true,2026-07-03T00:09:59.999Z,false,4bc553cf7b7760bb15553b65b68f445bc58dfb60e4919af92320a01fbea9ca17,HISTORICAL_TURNING_POINT_SIGNIFICANCE_V1,VALID,MEDIUM,VALID_LOCAL_TURN_WITH_CLEAR_REVERSAL,false,TURNING_SIGNIFICANCE_CONFIDENCE_NOT_HIGH,,e1962266a20c67182dc11859d0b68f1b166dd3beddb591727f4a92ce5cf917e0,f91c0783311cf2c1a79fedde76a6e2f61f4b3f33603f279ac30dabb5d4c24ab7
DYNDW:SAME_PROCESS_WICK_V1:BTCUSDT:5m:LOW:1785996900000:1786006499999,DYNDPROC:BTCUSDT:5m:LOW:1785996900000:1786006499999,BTCUSDT,LOW,64712.6,64726,2026-08-06T06:15:00.000Z,2026-08-06T08:54:59.999Z,1786006499999,9910,57.416606,0.000887,0.002906,0.003,0,,0,1,3.734111,4.50044,0.254209,0.116691,32,2,4,true,INTERNAL,1390,1366,4,5,4,5,BULLISH,BEARISH,true,2026-07-03T01:19:59.999Z,false,fc144e3cb838ec9eeeb3d529b4f897ef0f116a9d78bbdf04b27fbd49f3b8cc13,HISTORICAL_TURNING_POINT_SIGNIFICANCE_V1,WEAK,MEDIUM,LOCAL_REVERSAL_WITH_LIMITED_SIGNIFICANCE,false,TURNING_SIGNIFICANCE_WEAK,,e1962266a20c67182dc11859d0b68f1b166dd3beddb591727f4a92ce5cf917e0,94265ce35293f2164623ef0018b2775ccca510d281d6f0302a3449d83a1cf2fb
DYNDW:SAME_PROCESS_WICK_V1:BTCUSDT:5m:HIGH:1786006200000:1786008599999,DYNDPROC:BTCUSDT:5m:HIGH:1786006200000:1786008599999,BTCUSDT,HIGH,64971,64940.4,2026-08-06T08:50:00.000Z,2026-08-06T09:29:59.999Z,1786008599999,9917,48.676217,0.00075,0.002875,0.003,0,,0,1,4.940811,5.707099,0.751328,0.617601,8,0,2,true,LOCAL_SWING,1394,1371,1,1,1,1,BEARISH,BEARISH,true,2026-07-03T00:09:59.999Z,false,7616cc038aa40feb0765ea0d12a66d15720ec0d9c02b2d29452905b531811d9f,HISTORICAL_TURNING_POINT_SIGNIFICANCE_V1,VALID,MEDIUM,VALID_LOCAL_TURN_WITH_CLEAR_REVERSAL,false,TURNING_SIGNIFICANCE_CONFIDENCE_NOT_HIGH,,e1962266a20c67182dc11859d0b68f1b166dd3beddb591727f4a92ce5cf917e0,0eefac8e404f4586b53c362f8fb381ce2c76bdace8b81df4041381729276f3a0
DYNDW:SAME_PROCESS_WICK_V1:BTCUSDT:5m:LOW:1786022700000:1786023899999,DYNDPROC:BTCUSDT:5m:LOW:1786021500000:1786023899999,BTCUSDT,LOW,64111,64182.5,2026-08-06T13:25:00.000Z,2026-08-06T13:44:59.999Z,1786023899999,9968,63.105084,0.000983,0.00283,0.003,8.199022,0.351113,0.1822,45,3.058391,4.73179,0.680056,0.382299,8,1,1,true,CONTROLLING_SWING,1403,1379,0,1,0,1,BEARISH,BEARISH,true,2026-07-03T01:19:59.999Z,false,bc795592dc7bcb44df9d83422d4e854e2c63e644bcbbbff24504bf0e260b978a,HISTORICAL_TURNING_POINT_SIGNIFICANCE_V1,VALID,MEDIUM,VALID_LOCAL_TURN_WITH_CLEAR_REVERSAL,false,TURNING_SIGNIFICANCE_CONFIDENCE_NOT_HIGH,,e1962266a20c67182dc11859d0b68f1b166dd3beddb591727f4a92ce5cf917e0,8da7c99675afec774922cc554d5c28da74830e5497a8408303d4c0d01fdee46c
DYNDW:SAME_PROCESS_WICK_V1:BTCUSDT:5m:HIGH:1786029000000:1786031699999,DYNDPROC:BTCUSDT:5m:HIGH:1786028700000:1786031699999,BTCUSDT,HIGH,64962,64898.8,2026-08-06T15:10:00.000Z,2026-08-06T15:54:59.999Z,1786031699999,9994,112.142583,0.001728,0.002562,0.003,4.666381,0.518787,0.259243,18,2.217712,2.782172,0.385761,0.221771,10,0,2,true,INTERNAL,1406,1383,2,2,2,2,BULLISH,BULLISH,true,2026-07-03T00:09:59.999Z,false,5b1c8d8d9c24dbafae04c7f9fe5a39726985c7fc8eb1b43350214601b85c4aa3,HISTORICAL_TURNING_POINT_SIGNIFICANCE_V1,VALID,MEDIUM,VALID_LOCAL_TURN_WITH_CLEAR_REVERSAL,false,TURNING_SIGNIFICANCE_CONFIDENCE_NOT_HIGH,,e1962266a20c67182dc11859d0b68f1b166dd3beddb591727f4a92ce5cf917e0,57788298cee9af9cae8c590a2fb347f3acd3b58bcdba960eff75f467d3a74376
DYNDW:SAME_PROCESS_WICK_V1:BTCUSDT:5m:LOW:1786059900000:1786066199999,DYNDPROC:BTCUSDT:5m:LOW:1786059300000:1786066199999,BTCUSDT,LOW,64163.5,64188.1,2026-08-06T23:45:00.000Z,2026-08-07T01:29:59.999Z,1786066199999,10109,38.983376,0.000607,0.002355,0.003,11.851205,0.219665,0.126077,94,5.37152,7.067115,0.257945,0.233544,23,3,4,true,LOCAL_SWING,1422,1399,4,3,4,3,BULLISH,BULLISH,true,2026-07-03T01:19:59.999Z,false,2e07da344875cf70faa34a5fcd982487bd4672ac8a71005dbb2238f4c8568b78,HISTORICAL_TURNING_POINT_SIGNIFICANCE_V1,WEAK,MEDIUM,LOCAL_REVERSAL_WITH_LIMITED_SIGNIFICANCE,false,TURNING_SIGNIFICANCE_WEAK,,e1962266a20c67182dc11859d0b68f1b166dd3beddb591727f4a92ce5cf917e0,6e12fa8b53964e945c6c6af19af6cce237142aee0abf57398cbacc8b2ef262e3
DYNDW:SAME_PROCESS_WICK_V1:BTCUSDT:5m:HIGH:1786068900000:1786077899999,DYNDPROC:BTCUSDT:5m:HIGH:1786068900000:1786077899999,BTCUSDT,HIGH,64524.8,64432.7,2026-08-07T02:15:00.000Z,2026-08-07T04:44:59.999Z,1786077899999,10148,79.847016,0.001239,0.002453,0.003,0.440843,0.073702,0.040077,11,2.5887,3.912482,0.27002,0.08629,30,1,2,true,LOCAL_SWING,1428,1404,5,5,5,5,BULLISH,BULLISH,true,2026-07-03T00:09:59.999Z,false,dfcc3cb19ccc1bfe177f2295c78eef203f349a7b0c387d056b98ba420e0d95a8,HISTORICAL_TURNING_POINT_SIGNIFICANCE_V1,WEAK,MEDIUM,LOCAL_REVERSAL_WITH_LIMITED_SIGNIFICANCE,false,TURNING_SIGNIFICANCE_WEAK,,e1962266a20c67182dc11859d0b68f1b166dd3beddb591727f4a92ce5cf917e0,adfb06da6d6e41a354f72855c30e5f46bd47f7d19408a2c31e6a567fb7a27fe1
DYNDW:SAME_PROCESS_WICK_V1:BTCUSDT:5m:LOW:1786078200000:1786082099999,DYNDPROC:BTCUSDT:5m:LOW:1786080000000:1786082099999,BTCUSDT,LOW,64128.3,64150.9,2026-08-07T04:50:00.000Z,2026-08-07T05:54:59.999Z,1786082099999,10162,53.573245,0.000835,0.002402,0.003,1.401819,0.423576,0.155758,9,3.822804,4.513447,1,0.546115,7,0,1,true,LOCAL_SWING,1434,1409,1,3,1,3,BULLISH,BULLISH,true,2026-07-03T01:19:59.999Z,false,e0f72e6a675f1677b1833579a20a0f8f85f4ca2f5e8bc39c800fa8c41d811ed7,HISTORICAL_TURNING_POINT_SIGNIFICANCE_V1,VALID,MEDIUM,EFFICIENT_REVERSAL_FROM_EXTREME,false,TURNING_SIGNIFICANCE_CONFIDENCE_NOT_HIGH,,e1962266a20c67182dc11859d0b68f1b166dd3beddb591727f4a92ce5cf917e0,8ace3529d15d96d134c40d097aaf252985dff6bf2306bc24d24fb1838e8b966b
DYNDW:SAME_PROCESS_WICK_V1:BTCUSDT:5m:HIGH:1786105800000:1786106099999,DYNDPROC:BTCUSDT:5m:HIGH:1786104600000:1786106099999,BTCUSDT,HIGH,65300,65188.1,2026-08-07T12:30:00.000Z,2026-08-07T12:34:59.999Z,1786106099999,10242,69.104421,0.00106,0.002553,0.003,12.045539,0.324852,0.156436,77,3.103998,5.006916,0.873727,0.6208,5,0,1,false,,1443,1423,0,0,0,0,BULLISH,BULLISH,true,2026-07-03T00:09:59.999Z,true,4966ddc4a9868a0909f7337e97f37e17180c6c9f3c5419c67a1fce2b36f73c00,HISTORICAL_TURNING_POINT_SIGNIFICANCE_V1,VALID,MEDIUM,EFFICIENT_REVERSAL_FROM_EXTREME,false,TURNING_SIGNIFICANCE_CONFIDENCE_NOT_HIGH,,e1962266a20c67182dc11859d0b68f1b166dd3beddb591727f4a92ce5cf917e0,96c215411306ababe4966f0acc2c91218a374e27c560970ae25e16c1b61cc84c
DYNDW:SAME_PROCESS_WICK_V1:BTCUSDT:5m:LOW:1786105800000:1786106999999,DYNDPROC:BTCUSDT:5m:LOW:1786105800000:1786106999999,BTCUSDT,LOW,64954,64973.6,2026-08-07T12:30:00.000Z,2026-08-07T12:49:59.999Z,1786106999999,10245,90.261653,0.001389,0.00258,0.003,0,,0,1,2.672231,3.8333,1,0.668058,4,0,1,true,LOCAL_SWING,1443,1423,1,1,1,1,BULLISH,BULLISH,true,2026-07-03T01:19:59.999Z,false,bab804913a63466dd5514def757670d4c1c66c74fc5f2fbb18c748409bb53ec0,HISTORICAL_TURNING_POINT_SIGNIFICANCE_V1,WEAK,MEDIUM,LOCAL_REVERSAL_WITH_LIMITED_SIGNIFICANCE,false,TURNING_SIGNIFICANCE_WEAK,,e1962266a20c67182dc11859d0b68f1b166dd3beddb591727f4a92ce5cf917e0,99c7eea31e55aec14bda98f0a011eb01439188a37287a380cc6bf8d8d91e35fe
DYNDW:SAME_PROCESS_WICK_V1:BTCUSDT:5m:HIGH:1786107300000:1786110899999,DYNDPROC:BTCUSDT:5m:HIGH:1786107000000:1786110899999,BTCUSDT,HIGH,65358,65313.7,2026-08-07T12:55:00.000Z,2026-08-07T13:54:59.999Z,1786110899999,10258,98.150109,0.001503,0.002619,0.003,1.00764,1,0.50382,2,2.07743,2.933262,0.341827,0.159802,13,1,3,true,INTERNAL,1444,1424,2,2,2,2,BULLISH,BULLISH,true,2026-07-03T00:09:59.999Z,false,de1dd151b48b1ae93a875c069c41cdb5688d145673a53beb27a7ffd02f8a6f85,HISTORICAL_TURNING_POINT_SIGNIFICANCE_V1,WEAK,MEDIUM,LOCAL_REVERSAL_WITH_LIMITED_SIGNIFICANCE,false,TURNING_SIGNIFICANCE_WEAK,,e1962266a20c67182dc11859d0b68f1b166dd3beddb591727f4a92ce5cf917e0,503b8e48819d4264ce2a94a2bb7ff194093aa96d301d0c44c6c250f55455db4e
DYNDW:SAME_PROCESS_WICK_V1:BTCUSDT:5m:LOW:1786111800000:1786112699999,DYNDPROC:BTCUSDT:5m:LOW:1786111500000:1786112699999,BTCUSDT,LOW,64756.8,64797.6,2026-08-07T14:10:00.000Z,2026-08-07T14:24:59.999Z,1786112699999,10264,132.388991,0.002043,0.002686,0.003,2.358202,1,0.589551,4,1.901215,2.250942,1,0.475304,4,0,1,true,CONTROLLING_SWING,1447,1426,0,1,0,1,BEARISH,BEARISH,true,2026-07-03T01:19:59.999Z,false,b3f6c87815209542d82855437a0061f6ddfac798e00f650a3b904435495f76a4,HISTORICAL_TURNING_POINT_SIGNIFICANCE_V1,VALID,MEDIUM,VALID_LOCAL_TURN_WITH_CLEAR_REVERSAL,false,TURNING_SIGNIFICANCE_CONFIDENCE_NOT_HIGH,,e1962266a20c67182dc11859d0b68f1b166dd3beddb591727f4a92ce5cf917e0,d8e1c0dce8b5222e2288096ac5830e5af77267e12caee8eb1dc691f6418c7af5
DYNDW:SAME_PROCESS_WICK_V1:BTCUSDT:5m:HIGH:1786113300000:1786114499999,DYNDPROC:BTCUSDT:5m:HIGH:1786112700000:1786114499999,BTCUSDT,HIGH,65250,65165.1,2026-08-07T14:35:00.000Z,2026-08-07T14:54:59.999Z,1786114499999,10270,136.667214,0.002097,0.002752,0.003,0.847314,1,0.423657,2,1.461214,2.419746,1,0.243536,6,0,1,true,LOCAL_SWING,1447,1427,1,0,0,1,BEARISH,BEARISH,true,2026-07-03T00:09:59.999Z,false,dcbf0c6148d1e6356612c28373afbc44a07da5641f79123016a784172c6d9d1f,HISTORICAL_TURNING_POINT_SIGNIFICANCE_V1,WEAK,MEDIUM,LOCAL_REVERSAL_WITH_LIMITED_SIGNIFICANCE,false,TURNING_SIGNIFICANCE_WEAK,,e1962266a20c67182dc11859d0b68f1b166dd3beddb591727f4a92ce5cf917e0,c63d2c2e24323d323224ea651ee414ab4d644b1e1c5f287651698edb6878b5e8
DYNDW:SAME_PROCESS_WICK_V1:BTCUSDT:5m:LOW:1786123800000:1786125899999,DYNDPROC:BTCUSDT:5m:LOW:1786123800000:1786125899999,BTCUSDT,LOW,64490,64565.7,2026-08-07T17:30:00.000Z,2026-08-07T18:04:59.999Z,1786125899999,10308,86.240027,0.001336,0.002571,0.003,4.634739,0.304116,0.140447,33,3.135435,4.05844,0.84978,0.447919,7,0,1,true,CONTROLLING_SWING,1451,1430,0,1,0,1,BEARISH,BEARISH,true,2026-07-03T01:19:59.999Z,false,335a5e923ab239e4622080e38396403ca7aa74b54e91a29812028e9b685a5fcd,HISTORICAL_TURNING_POINT_SIGNIFICANCE_V1,VALID,MEDIUM,EFFICIENT_REVERSAL_FROM_EXTREME,false,TURNING_SIGNIFICANCE_CONFIDENCE_NOT_HIGH,,e1962266a20c67182dc11859d0b68f1b166dd3beddb591727f4a92ce5cf917e0,a66a431269d9f64c8aa22090cdf7425afe53772ddac3638cde4b25edf8ea839e
DYNDW:SAME_PROCESS_WICK_V1:BTCUSDT:5m:HIGH:1786138800000:1786148399999,DYNDPROC:BTCUSDT:5m:HIGH:1786138800000:1786148399999,BTCUSDT,HIGH,65078.7,64999.9,2026-08-07T21:40:00.000Z,2026-08-08T00:19:59.999Z,1786148399999,10383,39.239712,0.000604,0.002586,0.003,4.174343,0.182121,0.092763,45,5.089232,7.502603,0.456249,0.159039,32,1,3,true,INTERNAL,1458,1435,6,4,4,6,BULLISH,BEARISH,true,2026-07-03T00:09:59.999Z,true,c58b63c112317aa0948090e32089e5f6246acd57464adb43139c58c3267c5ff4,HISTORICAL_TURNING_POINT_SIGNIFICANCE_V1,VALID,MEDIUM,STRONG_REVERSAL_WITH_STRUCTURAL_CHANGE,false,TURNING_SIGNIFICANCE_CONFIDENCE_NOT_HIGH,,e1962266a20c67182dc11859d0b68f1b166dd3beddb591727f4a92ce5cf917e0,4a2089a593f7429d49b073887d5a19ac294153b8b702233cb050aed3d51a9d63
DYNDW:SAME_PROCESS_WICK_V1:BTCUSDT:5m:LOW:1786148100000:1786160099999,DYNDPROC:BTCUSDT:5m:LOW:1786148100000:1786160099999,BTCUSDT,LOW,64784.3,64800.2,2026-08-08T00:15:00.000Z,2026-08-08T03:34:59.999Z,1786160099999,10422,23.06446,0.000356,0.002555,0.003,0,,0,1,9.976388,10.66576,0.495798,0.24941,40,2,6,true,INTERNAL,1464,1439,4,6,4,6,BEARISH,BULLISH,true,2026-07-03T01:19:59.999Z,true,73a04d4441bd14efce410eba8d85064e01b46bda830ce73926dbe2598c8116ff,HISTORICAL_TURNING_POINT_SIGNIFICANCE_V1,VALID,MEDIUM,VALID_LOCAL_TURN_WITH_CLEAR_REVERSAL,false,TURNING_SIGNIFICANCE_CONFIDENCE_NOT_HIGH,,e1962266a20c67182dc11859d0b68f1b166dd3beddb591727f4a92ce5cf917e0,8d9ee04e68d43fe255930d5acf542875eca0335b8b76fefef9d749a516a88d29
DYNDW:SAME_PROCESS_WICK_V1:BTCUSDT:5m:HIGH:1786199400000:1786229699999,DYNDPROC:BTCUSDT:5m:HIGH:1786199400000:1786229699999,BTCUSDT,HIGH,65163,65134.7,2026-08-08T14:30:00.000Z,2026-08-08T22:54:59.999Z,1786229699999,10654,25.137795,0.000386,0.001459,0.003,4.153109,0.07077,0.031226,133,8.143117,9.356429,0.210013,0.080625,101,9,13,true,INTERNAL,1489,1465,10,14,14,10,BULLISH,BEARISH,true,2026-07-03T00:09:59.999Z,false,79c5de78c5eeadc1d3ee31e64714d5f38d9855ddad85866bf37b5cebf942fc65,HISTORICAL_TURNING_POINT_SIGNIFICANCE_V1,VALID,MEDIUM,STRONG_REVERSAL_WITH_STRUCTURAL_CHANGE,false,TURNING_SIGNIFICANCE_CONFIDENCE_NOT_HIGH,,e1962266a20c67182dc11859d0b68f1b166dd3beddb591727f4a92ce5cf917e0,b1505ef09886d823370888ebdb757cb87e32cfc180fd2775634f969b1cf99b69
DYNDW:SAME_PROCESS_WICK_V1:BTCUSDT:5m:LOW:1786245300000:1786270499999,DYNDPROC:BTCUSDT:5m:LOW:1786245000000:1786270499999,BTCUSDT,LOW,64700,64711,2026-08-09T03:15:00.000Z,2026-08-09T10:14:59.999Z,1786270499999,10790,23.67058,0.000366,0.000923,0.003,9.251991,0.313036,0.174566,53,9.006962,9.564616,0.241614,0.105964,85,7,9,true,INTERNAL,1505,1486,8,12,8,12,BEARISH,BULLISH,true,2026-07-03T01:19:59.999Z,true,00d097a68f4d21e90b7bffba2819dc20e8388b5c41d29138ee75fdf9e259dc4d,HISTORICAL_TURNING_POINT_SIGNIFICANCE_V1,VALID,MEDIUM,STRONG_REVERSAL_WITH_STRUCTURAL_CHANGE,false,TURNING_SIGNIFICANCE_CONFIDENCE_NOT_HIGH,,e1962266a20c67182dc11859d0b68f1b166dd3beddb591727f4a92ce5cf917e0,0cb6c66466ab82f53d16f36e5b3a280443b162b0c64e0613e55fa44bd59c6789
DYNDW:SAME_PROCESS_WICK_V1:BTCUSDT:5m:HIGH:1786313400000:1786314299999,DYNDPROC:BTCUSDT:5m:HIGH:1786313400000:1786314299999,BTCUSDT,HIGH,65482.7,65387.1,2026-08-09T22:10:00.000Z,2026-08-09T22:24:59.999Z,1786314299999,10936,45.717871,0.000699,0.001136,0.003,10.125143,0.22892,0.069829,145,4.440277,6.570735,1,1.480092,3,0,1,true,LOCAL_SWING,1530,1522,1,0,0,1,BEARISH,BEARISH,true,2026-07-03T00:09:59.999Z,false,39c62e5f453d69a5e585e0d2d180f2ef00b177342b078aff076692755955a380,HISTORICAL_TURNING_POINT_SIGNIFICANCE_V1,WEAK,MEDIUM,LOCAL_REVERSAL_WITH_LIMITED_SIGNIFICANCE,false,TURNING_SIGNIFICANCE_WEAK,,e1962266a20c67182dc11859d0b68f1b166dd3beddb591727f4a92ce5cf917e0,7e990f6f499ed4652861a6ffee8838b2934d9308fe50b3812101bd91afccc6dc
DYNDW:SAME_PROCESS_WICK_V1:BTCUSDT:5m:LOW:1786319700000:1786320899999,DYNDPROC:BTCUSDT:5m:LOW:1786318500000:1786320899999,BTCUSDT,LOW,64805.1,64840.1,2026-08-09T23:55:00.000Z,2026-08-10T00:14:59.999Z,1786320899999,10958,74.184261,0.001144,0.001407,0.003,4.637102,0.512973,0.289819,16,3.775734,6.671226,0.760109,0.471967,8,0,1,true,CONTROLLING_SWING,1532,1525,0,1,0,1,BEARISH,UNKNOWN,true,2026-07-03T01:19:59.999Z,false,cbaa2d7d4ed1028ab7905ed4f3bac18511cd7c80a71231de225e04acee9eddcf,HISTORICAL_TURNING_POINT_SIGNIFICANCE_V1,VALID,MEDIUM,EFFICIENT_REVERSAL_FROM_EXTREME,false,TURNING_SIGNIFICANCE_CONFIDENCE_NOT_HIGH,,e1962266a20c67182dc11859d0b68f1b166dd3beddb591727f4a92ce5cf917e0,d760d1b73fb5b1af38f61c6fb98114951a657effbd67af86ade5b454af621742
DYNDW:SAME_PROCESS_WICK_V1:BTCUSDT:5m:HIGH:1786320600000:1786322399999,DYNDPROC:BTCUSDT:5m:HIGH:1786320600000:1786322399999,BTCUSDT,HIGH,65300,65120.2,2026-08-10T00:10:00.000Z,2026-08-10T00:39:59.999Z,1786322399999,10963,91.362364,0.001403,0.001529,0.003,0,,0,1,2.903822,4.872904,0.808595,0.48397,6,0,1,true,LOCAL_SWING,1532,1526,1,1,1,1,BEARISH,BEARISH,true,2026-07-03T00:09:59.999Z,false,7bf53fe4d04abe49cb451deff3a370f8ed75d24b5d30c479316474775846ac3f,HISTORICAL_TURNING_POINT_SIGNIFICANCE_V1,VALID,MEDIUM,VALID_LOCAL_TURN_WITH_CLEAR_REVERSAL,false,TURNING_SIGNIFICANCE_CONFIDENCE_NOT_HIGH,,e1962266a20c67182dc11859d0b68f1b166dd3beddb591727f4a92ce5cf917e0,f7d39e2663a814195f652a43541a64c8c6dc4e788a873d3ba647430e7b4af34b
DYNDW:SAME_PROCESS_WICK_V1:BTCUSDT:5m:LOW:1786322400000:1786325099999,DYNDPROC:BTCUSDT:5m:LOW:1786322400000:1786325099999,BTCUSDT,LOW,64794.4,64819,2026-08-10T00:40:00.000Z,2026-08-10T01:24:59.999Z,1786325099999,10972,95.783016,0.001478,0.001637,0.003,0.374805,1,0.187403,2,2.04838,2.503575,0.786058,0.227598,9,0,1,true,INTERNAL,1533,1527,1,2,1,2,BEARISH,BEARISH,true,2026-07-03T01:19:59.999Z,false,674220548df385c8b707244a669908e78bbab1801398489055e3e8ef18cc5842,HISTORICAL_TURNING_POINT_SIGNIFICANCE_V1,VALID,MEDIUM,VALID_LOCAL_TURN_WITH_CLEAR_REVERSAL,false,TURNING_SIGNIFICANCE_CONFIDENCE_NOT_HIGH,,e1962266a20c67182dc11859d0b68f1b166dd3beddb591727f4a92ce5cf917e0,9ca462d2320f615443e5860cd6ef6adc3b7fc6f78b95e43302d651b36ccdf1cb
DYNDW:SAME_PROCESS_WICK_V1:BTCUSDT:5m:HIGH:1786326600000:1786328399999,DYNDPROC:BTCUSDT:5m:HIGH:1786326300000:1786328399999,BTCUSDT,HIGH,65373.6,65221.1,2026-08-10T01:50:00.000Z,2026-08-10T02:19:59.999Z,1786328399999,10983,95.502885,0.001464,0.001872,0.003,2.155956,0.536897,0.359326,6,3.361155,4.959012,1,0.480165,7,0,1,true,ACTIVE_PROTECTED,1535,1530,1,0,0,1,UNKNOWN,BEARISH,true,2026-07-03T00:09:59.999Z,false,45cb294fe4ecf6caf2e87c61294872f5e9471b81626b803001e5b50283d2c48a,HISTORICAL_TURNING_POINT_SIGNIFICANCE_V1,VALID,MEDIUM,STRONG_REVERSAL_WITH_STRUCTURAL_CHANGE,false,TURNING_SIGNIFICANCE_CONFIDENCE_NOT_HIGH,,e1962266a20c67182dc11859d0b68f1b166dd3beddb591727f4a92ce5cf917e0,1d7ecc00fee57e2fd194d255d01e835b4b37819842d53d3a3ab868c0377e6dd3
DYNDW:SAME_PROCESS_WICK_V1:BTCUSDT:5m:LOW:1786328700000:1786329899999,DYNDPROC:BTCUSDT:5m:LOW:1786328100000:1786329899999,BTCUSDT,LOW,64871,64900.1,2026-08-10T02:25:00.000Z,2026-08-10T02:44:59.999Z,1786329899999,10988,99.303036,0.00153,0.001964,0.003,0,,0,1,2.738083,3.245621,1,0.456347,6,0,1,true,CONTROLLING_SWING,1536,1530,0,1,0,1,BEARISH,BEARISH,true,2026-07-03T01:19:59.999Z,false,9a046b9dcded9e2949b9dffb4a999a3082764b1150cecf8f692a43737b66fdb5,HISTORICAL_TURNING_POINT_SIGNIFICANCE_V1,VALID,MEDIUM,VALID_LOCAL_TURN_WITH_CLEAR_REVERSAL,false,TURNING_SIGNIFICANCE_CONFIDENCE_NOT_HIGH,,e1962266a20c67182dc11859d0b68f1b166dd3beddb591727f4a92ce5cf917e0,54d999b424c663daea1085e282e9cb02ab1036e866819f69d63cdd1551100254
DYNDW:SAME_PROCESS_WICK_V1:BTCUSDT:5m:HIGH:1786329600000:1786331699999,DYNDPROC:BTCUSDT:5m:HIGH:1786329600000:1786331699999,BTCUSDT,HIGH,65193.3,65172,2026-08-10T02:40:00.000Z,2026-08-10T03:14:59.999Z,1786331699999,10994,95.723643,0.001469,0.002046,0.003,0,,0,1,2.51453,2.745403,0.889834,0.359219,7,0,1,true,INTERNAL,1536,1531,1,0,0,1,BEARISH,BEARISH,true,2026-07-03T00:09:59.999Z,false,7e5514e523a24932a82db5f33ed311fbe73240117c5bf28f8e73cc5926d5ec3c,HISTORICAL_TURNING_POINT_SIGNIFICANCE_V1,VALID,MEDIUM,VALID_LOCAL_TURN_WITH_CLEAR_REVERSAL,false,TURNING_SIGNIFICANCE_CONFIDENCE_NOT_HIGH,,e1962266a20c67182dc11859d0b68f1b166dd3beddb591727f4a92ce5cf917e0,fff5af7b03f24db71317f5799779cf5dd90bfb77101550a49c1be29e53f1d9d8
DYNDW:SAME_PROCESS_WICK_V1:BTCUSDT:5m:LOW:1786331700000:1786341899999,DYNDPROC:BTCUSDT:5m:LOW:1786331400000:1786341899999,BTCUSDT,LOW,64875,64931.3,2026-08-10T03:15:00.000Z,2026-08-10T06:04:59.999Z,1786341899999,11028,86.339192,0.00133,0.002093,0.003,0,,0,1,2.641906,3.647243,0.210172,0.075483,35,3,4,true,INTERNAL,1537,1531,5,7,5,7,BEARISH,BEARISH,true,2026-07-03T01:19:59.999Z,false,e9eb1e7e5525bc639a4263604eddeb2c3ebfad726deebd76f45965de98363d0d,HISTORICAL_TURNING_POINT_SIGNIFICANCE_V1,WEAK,MEDIUM,LOCAL_REVERSAL_WITH_LIMITED_SIGNIFICANCE,false,TURNING_SIGNIFICANCE_WEAK,,e1962266a20c67182dc11859d0b68f1b166dd3beddb591727f4a92ce5cf917e0,17382c0aed28ed9692c098b3fb14ad336a1a8d45478e04c2755bc4dc6f3c5c15
DYNDW:SAME_PROCESS_WICK_V1:BTCUSDT:5m:HIGH:1786347300000:1786354499999,DYNDPROC:BTCUSDT:5m:HIGH:1786347000000:1786354499999,BTCUSDT,HIGH,65348.4,65315.4,2026-08-10T07:35:00.000Z,2026-08-10T09:34:59.999Z,1786354499999,11070,46.866851,0.000718,0.002249,0.003,3.328579,0.429043,0.175188,19,4.495715,6.04265,0.399734,0.179829,25,1,3,true,INTERNAL,1544,1540,4,4,4,4,BEARISH,BEARISH,true,2026-07-03T00:09:59.999Z,false,a44a208c35bb8a0aeb980e823d93a95c10f7717f8a02f0c5ea6b05d445344ce4,HISTORICAL_TURNING_POINT_SIGNIFICANCE_V1,VALID,MEDIUM,STRONG_REVERSAL_WITH_STRUCTURAL_CHANGE,false,TURNING_SIGNIFICANCE_CONFIDENCE_NOT_HIGH,,e1962266a20c67182dc11859d0b68f1b166dd3beddb591727f4a92ce5cf917e0,b44d641226a419d4fb8e655430f114d43a04cd308ff441ae26d7bd8dd59d6728
DYNDW:SAME_PROCESS_WICK_V1:BTCUSDT:5m:LOW:1786355400000:1786363499999,DYNDPROC:BTCUSDT:5m:LOW:1786355400000:1786363499999,BTCUSDT,LOW,64928,64935.1,2026-08-10T09:50:00.000Z,2026-08-10T12:04:59.999Z,1786363499999,11100,47.879588,0.000737,0.002277,0.003,3.542219,1,0.708444,5,4.74106,6.123695,0.37397,0.175595,27,3,4,true,INTERNAL,1548,1544,4,5,4,5,BEARISH,BULLISH,true,2026-07-03T01:19:59.999Z,true,f8fe2ed1df5708b34997ff608116651c5471aabb7754a7348bc307649872d47c,HISTORICAL_TURNING_POINT_SIGNIFICANCE_V1,VALID,MEDIUM,STRONG_REVERSAL_WITH_STRUCTURAL_CHANGE,false,TURNING_SIGNIFICANCE_CONFIDENCE_NOT_HIGH,,e1962266a20c67182dc11859d0b68f1b166dd3beddb591727f4a92ce5cf917e0,5cf4854b84aeeed48f344086a2b97b06c2332b45f654696f4287f2d7c154e2f0
DYNDW:SAME_PROCESS_WICK_V1:BTCUSDT:5m:HIGH:1786363200000:1786365299999,DYNDPROC:BTCUSDT:5m:HIGH:1786363200000:1786365299999,BTCUSDT,HIGH,65221.2,65162.1,2026-08-10T12:00:00.000Z,2026-08-10T12:34:59.999Z,1786365299999,11106,46.508317,0.000714,0.002311,0.003,0,,0,1,4.388462,5.659203,1,0.626923,7,0,1,true,INTERNAL,1552,1549,1,0,0,1,BULLISH,BEARISH,true,2026-07-03T00:09:59.999Z,false,e5dbac5bcefa8fe15163eae967841af19e3e4faf8a7d1e725a0b5d88851ee7e1,HISTORICAL_TURNING_POINT_SIGNIFICANCE_V1,VALID,MEDIUM,STRONG_REVERSAL_WITH_STRUCTURAL_CHANGE,false,TURNING_SIGNIFICANCE_CONFIDENCE_NOT_HIGH,,e1962266a20c67182dc11859d0b68f1b166dd3beddb591727f4a92ce5cf917e0,c75e178e111fc6924e2b970623d5041f091531b83718d371edc40cd9c6b657c6
DYNDW:SAME_PROCESS_WICK_V1:BTCUSDT:5m:LOW:1786369800000:1786371299999,DYNDPROC:BTCUSDT:5m:LOW:1786369800000:1786371299999,BTCUSDT,LOW,64482.1,64517.9,2026-08-10T13:50:00.000Z,2026-08-10T14:14:59.999Z,1786371299999,11126,91.825322,0.001423,0.002504,0.003,4.792796,0.543535,0.281929,17,2.224876,2.690979,0.730948,0.444975,5,1,1,true,CONTROLLING_SWING,1554,1550,0,1,0,1,BEARISH,BEARISH,true,2026-07-03T01:19:59.999Z,false,8872f91d3d1808f3a6326480f4a175ec5d0abdce3207aebf8f91ec146a27b5ee,HISTORICAL_TURNING_POINT_SIGNIFICANCE_V1,VALID,MEDIUM,VALID_LOCAL_TURN_WITH_CLEAR_REVERSAL,false,TURNING_SIGNIFICANCE_CONFIDENCE_NOT_HIGH,,e1962266a20c67182dc11859d0b68f1b166dd3beddb591727f4a92ce5cf917e0,ebb0358f265103419572f8db32d8af69b1f08100a75a18283f5b9c2f09139acd
DYNDW:SAME_PROCESS_WICK_V1:BTCUSDT:5m:HIGH:1786372800000:1786373999999,DYNDPROC:BTCUSDT:5m:HIGH:1786372800000:1786373999999,BTCUSDT,HIGH,64856.7,64795,2026-08-10T14:40:00.000Z,2026-08-10T14:59:59.999Z,1786373999999,11135,96.199904,0.001485,0.002569,0.003,0.756758,0.320988,0.108108,7,2.084202,2.948028,1,0.52105,4,0,1,true,ACTIVE_PROTECTED,1554,1552,1,0,0,1,BEARISH,BEARISH,true,2026-07-03T00:09:59.999Z,false,3de274fa8b696f0504cc03c595cbf0869dae46759a93f02fe8d75a3fc4dc57c5,HISTORICAL_TURNING_POINT_SIGNIFICANCE_V1,VALID,MEDIUM,STRONG_REVERSAL_WITH_STRUCTURAL_CHANGE,false,TURNING_SIGNIFICANCE_CONFIDENCE_NOT_HIGH,,e1962266a20c67182dc11859d0b68f1b166dd3beddb591727f4a92ce5cf917e0,cb26444dc73373ff70c79dabb28c39a57ee5f1caa4b9e0dc4152c6b2f4a62412
DYNDW:SAME_PROCESS_WICK_V1:BTCUSDT:5m:LOW:1786386900000:1786390199999,DYNDPROC:BTCUSDT:5m:LOW:1786386900000:1786390199999,BTCUSDT,LOW,63788,63800,2026-08-10T18:35:00.000Z,2026-08-10T19:29:59.999Z,1786390199999,11189,85.170708,0.001335,0.002928,0.003,9.328324,0.333838,0.207296,45,2.314176,2.455069,0.761886,0.21038,11,0,2,true,INTERNAL,1563,1558,1,3,1,3,BEARISH,UNKNOWN,true,2026-07-03T01:19:59.999Z,true,dbb4c27d4e44b653a460b64c3008f1c02181b425677000b089c352596b893475,HISTORICAL_TURNING_POINT_SIGNIFICANCE_V1,VALID,MEDIUM,VALID_LOCAL_TURN_WITH_CLEAR_REVERSAL,false,TURNING_SIGNIFICANCE_CONFIDENCE_NOT_HIGH,,e1962266a20c67182dc11859d0b68f1b166dd3beddb591727f4a92ce5cf917e0,601ce705f821f70996f19058f240377b293ac5cbcd142bb5138ee9144f6573a5
DYNDW:SAME_PROCESS_WICK_V1:BTCUSDT:5m:HIGH:1786394400000:1786399199999,DYNDPROC:BTCUSDT:5m:HIGH:1786394400000:1786399199999,BTCUSDT,HIGH,64189.3,64143,2026-08-10T20:40:00.000Z,2026-08-10T21:59:59.999Z,1786399199999,11219,58.968316,0.000919,0.002984,0.003,2.47421,0.324872,0.154638,16,3.289902,4.112378,0.545864,0.205619,16,0,1,true,INTERNAL,1565,1562,2,3,3,2,BULLISH,BULLISH,true,2026-07-03T00:09:59.999Z,false,2457d053ae336a230606799e56ea4189cbb94bd25560dbe65e672b3ac2c08dd9,HISTORICAL_TURNING_POINT_SIGNIFICANCE_V1,VALID,MEDIUM,STRONG_REVERSAL_WITH_STRUCTURAL_CHANGE,false,TURNING_SIGNIFICANCE_CONFIDENCE_NOT_HIGH,,e1962266a20c67182dc11859d0b68f1b166dd3beddb591727f4a92ce5cf917e0,fca3a7aef3fa6621ca06d5299c86e9f42c83ee1dc2469ed744e546bcf97dc9a7
DYNDW:SAME_PROCESS_WICK_V1:BTCUSDT:5m:LOW:1786406700000:1786418399999,DYNDPROC:BTCUSDT:5m:LOW:1786404900000:1786418399999,BTCUSDT,LOW,63863.9,63897.5,2026-08-11T00:05:00.000Z,2026-08-11T03:19:59.999Z,1786418399999,11283,35.065262,0.000549,0.002852,0.003,1.46869,0.124186,0.069938,21,5.849094,7.323487,0.204629,0.12998,45,2,8,true,LOCAL_SWING,1571,1570,6,6,6,6,UNKNOWN,BULLISH,true,2026-07-03T01:19:59.999Z,false,99ca876519fd63b919a27af483d4832f816745d035c2456c6b1da2370710903b,HISTORICAL_TURNING_POINT_SIGNIFICANCE_V1,VALID,MEDIUM,VALID_LOCAL_TURN_WITH_CLEAR_REVERSAL,false,TURNING_SIGNIFICANCE_CONFIDENCE_NOT_HIGH,,e1962266a20c67182dc11859d0b68f1b166dd3beddb591727f4a92ce5cf917e0,40a016c3004fc1de2f1984e8179beab23705911b10b726f355200487791ef399
DYNDW:SAME_PROCESS_WICK_V1:BTCUSDT:5m:HIGH:1786418700000:1786429799999,DYNDPROC:BTCUSDT:5m:HIGH:1786418400000:1786429799999,BTCUSDT,HIGH,64148,64119.6,2026-08-11T03:25:00.000Z,2026-08-11T06:29:59.999Z,1786429799999,11321,30.987912,0.000483,0.002401,0.003,0.548601,1,0.274301,2,7.086634,8.003121,0.404569,0.18649,38,3,4,true,INTERNAL,1577,1576,8,4,4,8,BULLISH,BEARISH,true,2026-07-03T00:09:59.999Z,false,e2df22455a92642b4c550b42724c9cbe53de35a6792d37e3714f19ce284798ac,HISTORICAL_TURNING_POINT_SIGNIFICANCE_V1,VALID,MEDIUM,STRONG_REVERSAL_WITH_STRUCTURAL_CHANGE,false,TURNING_SIGNIFICANCE_CONFIDENCE_NOT_HIGH,,e1962266a20c67182dc11859d0b68f1b166dd3beddb591727f4a92ce5cf917e0,a50009321df00ad7bb0d14128327d8a0ea93c28b6c457beeeaf3cc9e1a76332b
DYNDW:SAME_PROCESS_WICK_V1:BTCUSDT:5m:LOW:1786431000000:1786433999999,DYNDPROC:BTCUSDT:5m:LOW:1786431000000:1786433999999,BTCUSDT,LOW,63820,63839.9,2026-08-11T06:50:00.000Z,2026-08-11T07:39:59.999Z,1786433999999,11335,33.629964,0.000527,0.002333,0.003,1.787097,0.315155,0.297849,6,6.4615,7.136493,0.562516,0.64615,10,1,2,true,INTERNAL,1585,1581,1,2,1,2,BEARISH,UNKNOWN,true,2026-07-03T01:19:59.999Z,false,b2c23efadc101b2d69366791004bbc421ed8b800216d115fe48201b9dfada2da,HISTORICAL_TURNING_POINT_SIGNIFICANCE_V1,VALID,MEDIUM,STRONG_REVERSAL_WITH_STRUCTURAL_CHANGE,false,TURNING_SIGNIFICANCE_CONFIDENCE_NOT_HIGH,,e1962266a20c67182dc11859d0b68f1b166dd3beddb591727f4a92ce5cf917e0,286fc034197eb8a10748157189fa7554094446c397937a3e0094c9f7f4949e49
DYNDW:SAME_PROCESS_WICK_V1:BTCUSDT:5m:HIGH:1786450200000:1786454399999,DYNDPROC:BTCUSDT:5m:HIGH:1786450200000:1786454399999,BTCUSDT,HIGH,64470,64445,2026-08-11T12:10:00.000Z,2026-08-11T13:19:59.999Z,1786454399999,11403,40.546206,0.000629,0.002401,0.003,9.564397,0.314263,0.170793,56,5.006634,6.044955,0.448916,0.357617,14,2,3,true,INTERNAL,1593,1589,3,2,2,3,BULLISH,BULLISH,true,2026-07-03T00:09:59.999Z,false,9e1e9bf0352b439e98c1f0f1684a7431d3b322149424cc9658686776a73a95b5,HISTORICAL_TURNING_POINT_SIGNIFICANCE_V1,VALID,MEDIUM,VALID_LOCAL_TURN_WITH_CLEAR_REVERSAL,false,TURNING_SIGNIFICANCE_CONFIDENCE_NOT_HIGH,,e1962266a20c67182dc11859d0b68f1b166dd3beddb591727f4a92ce5cf917e0,017b7e71f13ccd86b54ac66bafb01203b24dce3d88b3a226d801685e07e4f916
DYNDW:SAME_PROCESS_WICK_V1:BTCUSDT:5m:LOW:1786475400000:1786477499999,DYNDPROC:BTCUSDT:5m:LOW:1786475400000:1786477499999,BTCUSDT,LOW,63211.6,63224.6,2026-08-11T19:10:00.000Z,2026-08-11T19:44:59.999Z,1786477499999,11480,73.120155,0.001157,0.00225,0.003,13.914084,0.336664,0.193251,72,2.822751,3.068921,1,0.40325,7,0,1,true,CONTROLLING_SWING,1605,1602,0,1,0,1,BEARISH,BEARISH,true,2026-07-03T01:19:59.999Z,false,b5884f003adb503b051264818a3cae3b3025bda854a3bdae509473f5f9a0f592,HISTORICAL_TURNING_POINT_SIGNIFICANCE_V1,VALID,MEDIUM,VALID_LOCAL_TURN_WITH_CLEAR_REVERSAL,false,TURNING_SIGNIFICANCE_CONFIDENCE_NOT_HIGH,,e1962266a20c67182dc11859d0b68f1b166dd3beddb591727f4a92ce5cf917e0,5c3bd673ed03cf65b011be7de0aa040017f009365c40760e3b8eb55c6ad4191f
DYNDW:SAME_PROCESS_WICK_V1:BTCUSDT:5m:HIGH:1786501800000:1786515899999,DYNDPROC:BTCUSDT:5m:HIGH:1786501500000:1786515899999,BTCUSDT,HIGH,63886,63868,2026-08-12T02:30:00.000Z,2026-08-12T06:24:59.999Z,1786515899999,11608,45.402031,0.000711,0.002281,0.003,9.62512,0.217933,0.11738,82,5.534995,6.1451,0.18865,0.115312,48,6,8,true,INTERNAL,1617,1613,7,6,6,7,BULLISH,UNKNOWN,true,2026-07-03T00:09:59.999Z,true,34c794c13edcaaaac5a6636b2225e3f10c6d2310aa54591783286c7817e0fd96,HISTORICAL_TURNING_POINT_SIGNIFICANCE_V1,VALID,MEDIUM,VALID_LOCAL_TURN_WITH_CLEAR_REVERSAL,false,TURNING_SIGNIFICANCE_CONFIDENCE_NOT_HIGH,,e1962266a20c67182dc11859d0b68f1b166dd3beddb591727f4a92ce5cf917e0,0c64f7a28d024ccf956f36f04d3891b12f4853cd66d70553ee1c4ecdb116cd8e
DYNDW:SAME_PROCESS_WICK_V1:BTCUSDT:5m:LOW:1786516200000:1786521599999,DYNDPROC:BTCUSDT:5m:LOW:1786517400000:1786521599999,BTCUSDT,LOW,63574.6,63609.5,2026-08-12T06:30:00.000Z,2026-08-12T07:59:59.999Z,1786521599999,11627,43.247833,0.00068,0.002349,0.003,0.166482,0.086124,0.023783,7,4.515833,5.500854,0.422819,0.32256,14,2,2,true,LOCAL_SWING,1624,1619,3,4,3,4,BULLISH,BEARISH,true,2026-07-03T01:19:59.999Z,false,00f8add3a927ff5863f6dfa86a8dcc39d5167a9acbd2bc73d471451b6c0874e7,HISTORICAL_TURNING_POINT_SIGNIFICANCE_V1,VALID,MEDIUM,VALID_LOCAL_TURN_WITH_CLEAR_REVERSAL,false,TURNING_SIGNIFICANCE_CONFIDENCE_NOT_HIGH,,e1962266a20c67182dc11859d0b68f1b166dd3beddb591727f4a92ce5cf917e0,00a3410436b7e93c9ea636d8509e0d493905e94fa9fa9155bb4189fc4451043b
DYNDW:SAME_PROCESS_WICK_V1:BTCUSDT:5m:HIGH:1786537800000:1786538399999,DYNDPROC:BTCUSDT:5m:HIGH:1786537500000:1786538399999,BTCUSDT,HIGH,64450,64385.8,2026-08-12T12:30:00.000Z,2026-08-12T12:39:59.999Z,1786538399999,11683,63.305142,0.000983,0.002348,0.003,9.177769,0.3961,0.166869,55,5.471909,7.50334,1,1.82397,3,0,1,false,,1635,1631,0,0,0,0,BEARISH,BEARISH,true,2026-07-03T00:09:59.999Z,false,f3f540c89df92de436d71c34d1ca4c0ab963701b9912cea7cbef7022febcea07,HISTORICAL_TURNING_POINT_SIGNIFICANCE_V1,VALID,MEDIUM,EFFICIENT_REVERSAL_FROM_EXTREME,false,TURNING_SIGNIFICANCE_CONFIDENCE_NOT_HIGH,,e1962266a20c67182dc11859d0b68f1b166dd3beddb591727f4a92ce5cf917e0,f431248a85c262dfe9009c9f52b29aecf9af29e5102c0e1808baf5e0fa92702c
DYNDW:SAME_PROCESS_WICK_V1:BTCUSDT:5m:LOW:1786546800000:1786552199999,DYNDPROC:BTCUSDT:5m:LOW:1786546500000:1786552199999,BTCUSDT,LOW,63291.1,63344.4,2026-08-12T15:00:00.000Z,2026-08-12T16:29:59.999Z,1786552199999,11729,122.03143,0.001926,0.00254,0.003,5.695254,0.417217,0.196388,29,1.61188,2.137154,0.294241,0.084836,19,0,2,true,INTERNAL,1639,1635,2,3,2,3,BEARISH,BEARISH,true,2026-07-03T01:19:59.999Z,false,3293e6f819042ef5943ee889ecd0c77f534ae4ac1e577d79a806c61d9d46c165,HISTORICAL_TURNING_POINT_SIGNIFICANCE_V1,WEAK,MEDIUM,LOCAL_REVERSAL_WITH_LIMITED_SIGNIFICANCE,false,TURNING_SIGNIFICANCE_WEAK,,e1962266a20c67182dc11859d0b68f1b166dd3beddb591727f4a92ce5cf917e0,91b14c70b9e352f4d17f640cac3aae2bec7d3463f4ebc0b07e7b7fccc11ab3e1
DYNDW:SAME_PROCESS_WICK_V1:BTCUSDT:5m:HIGH:1786552200000:1786562699999,DYNDPROC:BTCUSDT:5m:HIGH:1786551900000:1786562699999,BTCUSDT,HIGH,63557.5,63541.1,2026-08-12T16:30:00.000Z,2026-08-12T19:24:59.999Z,1786562699999,11764,95.07708,0.001496,0.002422,0.003,0,,0,1,2.008896,2.18244,0.213886,0.055803,36,1,4,true,INTERNAL,1641,1638,6,6,6,6,BEARISH,BEARISH,true,2026-07-03T00:09:59.999Z,false,efcf9887987340e3ab49911ed63ef066bd4890f1de4d09933dce8824c7858ae8,HISTORICAL_TURNING_POINT_SIGNIFICANCE_V1,WEAK,MEDIUM,LOCAL_REVERSAL_WITH_LIMITED_SIGNIFICANCE,false,TURNING_SIGNIFICANCE_WEAK,,e1962266a20c67182dc11859d0b68f1b166dd3beddb591727f4a92ce5cf917e0,611b7485e3c4f5ed48cd5ef5d053110de1192bbc2d9eaf147abe49337243deb9
DYNDW:SAME_PROCESS_WICK_V1:BTCUSDT:5m:LOW:1786562700000:1786566899999,DYNDPROC:BTCUSDT:5m:LOW:1786563600000:1786566899999,BTCUSDT,LOW,63283,63313.9,2026-08-12T19:25:00.000Z,2026-08-12T20:34:59.999Z,1786566899999,11778,54.935466,0.000868,0.002367,0.003,0.658955,0.613559,0.131791,5,3.626073,4.3542,0.59321,0.329643,11,1,2,true,INTERNAL,1648,1644,2,3,2,3,BEARISH,UNKNOWN,true,2026-07-03T01:19:59.999Z,false,82de97d768ad792ecb651a932625bd4842d8973525916fc05e6830fb13389a6c,HISTORICAL_TURNING_POINT_SIGNIFICANCE_V1,VALID,MEDIUM,STRONG_REVERSAL_WITH_STRUCTURAL_CHANGE,false,TURNING_SIGNIFICANCE_CONFIDENCE_NOT_HIGH,,e1962266a20c67182dc11859d0b68f1b166dd3beddb591727f4a92ce5cf917e0,1980ce8d2c4e02667fd2ffabb03e971dcc543ed067d9b9a30168bc18806ec7f0
DYNDW:SAME_PROCESS_WICK_V1:BTCUSDT:5m:HIGH:1786568400000:1786574399999,DYNDPROC:BTCUSDT:5m:HIGH:1786568100000:1786574399999,BTCUSDT,HIGH,63629.8,63573.5,2026-08-12T21:00:00.000Z,2026-08-12T22:39:59.999Z,1786574399999,11803,51.281523,0.000807,0.002354,0.003,1.177812,0.429587,0.196302,6,4.364145,5.469806,0.424507,0.207816,21,0,3,true,CONTROLLING_SWING,1651,1648,3,2,2,3,BULLISH,UNKNOWN,true,2026-07-03T00:09:59.999Z,true,ce491615c33ed3d105d57cd18945e73f026dc7d886f81bf4f0eb89147c0bf3be,HISTORICAL_TURNING_POINT_SIGNIFICANCE_V1,VALID,MEDIUM,STRONG_REVERSAL_WITH_STRUCTURAL_CHANGE,false,TURNING_SIGNIFICANCE_CONFIDENCE_NOT_HIGH,,e1962266a20c67182dc11859d0b68f1b166dd3beddb591727f4a92ce5cf917e0,6501462c48aef972efa548d817f8a6056e63011952f3a237e12d3bcb141b99ba
DYNDW:SAME_PROCESS_WICK_V1:BTCUSDT:5m:LOW:1786574400000:1786579799999,DYNDPROC:BTCUSDT:5m:LOW:1786574100000:1786579799999,BTCUSDT,LOW,63337.5,63349.7,2026-08-12T22:40:00.000Z,2026-08-13T00:09:59.999Z,1786579799999,11821,59.112155,0.000933,0.002371,0.003,0,,0,1,3.735272,4.000869,0.412556,0.196593,19,1,3,true,INTERNAL,1654,1650,2,4,2,4,UNKNOWN,BULLISH,true,2026-07-03T01:19:59.999Z,false,1c84cdecd6b011dcb6e0877a10eb0fd0ea4231ce9c13306b4bdc378cd4e78e7d,HISTORICAL_TURNING_POINT_SIGNIFICANCE_V1,VALID,MEDIUM,VALID_LOCAL_TURN_WITH_CLEAR_REVERSAL,false,TURNING_SIGNIFICANCE_CONFIDENCE_NOT_HIGH,,e1962266a20c67182dc11859d0b68f1b166dd3beddb591727f4a92ce5cf917e0,c890ffc0cb369306ca76a671cea657380cc80db2d01d6ea969704810264fa281
DYNDW:SAME_PROCESS_WICK_V1:BTCUSDT:5m:HIGH:1786580100000:1786584299999,DYNDPROC:BTCUSDT:5m:HIGH:1786580100000:1786584299999,BTCUSDT,HIGH,63694.9,63624.9,2026-08-13T00:15:00.000Z,2026-08-13T01:24:59.999Z,1786584299999,11836,55.962591,0.00088,0.00241,0.003,0.972078,1,0.324026,3,3.732851,5.001555,0.407133,0.266632,14,2,2,true,INTERNAL,1656,1654,2,2,2,2,BULLISH,UNKNOWN,true,2026-07-03T00:09:59.999Z,true,0d190e2fa605df67d2fcc90ba904dd9b5c3cba2e1e754a104325b1c2bf962f5a,HISTORICAL_TURNING_POINT_SIGNIFICANCE_V1,VALID,MEDIUM,STRONG_REVERSAL_WITH_STRUCTURAL_CHANGE,false,TURNING_SIGNIFICANCE_CONFIDENCE_NOT_HIGH,,e1962266a20c67182dc11859d0b68f1b166dd3beddb591727f4a92ce5cf917e0,d4b59a2b979687f7217fb36dbb738fed54ca276646008d512920c0b10de13eb4
DYNDW:SAME_PROCESS_WICK_V1:BTCUSDT:5m:LOW:1786588200000:1786591499999,DYNDPROC:BTCUSDT:5m:LOW:1786585200000:1786591499999,BTCUSDT,LOW,63343.8,63390,2026-08-13T02:30:00.000Z,2026-08-13T03:24:59.999Z,1786591499999,11860,65.846201,0.001039,0.002496,0.003,0.39486,0.094821,0.078972,5,3.190769,4.039717,0.356404,0.151941,21,0,3,true,CONTROLLING_SWING,1663,1659,1,2,1,2,BEARISH,BEARISH,true,2026-07-03T01:19:59.999Z,false,98628590339f63f1e8b8ccf4d65c4278e6e139a3c4cee73cc4ca4f45b1148766,HISTORICAL_TURNING_POINT_SIGNIFICANCE_V1,VALID,MEDIUM,VALID_LOCAL_TURN_WITH_CLEAR_REVERSAL,false,TURNING_SIGNIFICANCE_CONFIDENCE_NOT_HIGH,,e1962266a20c67182dc11859d0b68f1b166dd3beddb591727f4a92ce5cf917e0,f116c9515ac4d9fb03c7d61b1550000262a3ab30ba00ec5cecd1644ad761953d
DYNDW:SAME_PROCESS_WICK_V1:BTCUSDT:5m:HIGH:1786598100000:1786603499999,DYNDPROC:BTCUSDT:5m:HIGH:1786598400000:1786603499999,BTCUSDT,HIGH,63990.7,63929.2,2026-08-13T05:15:00.000Z,2026-08-13T06:44:59.999Z,1786603499999,11900,65.268785,0.001021,0.002508,0.003,5.042227,0.413702,0.201689,25,3.048931,3.99272,0.772516,0.179349,17,0,2,true,LOCAL_SWING,1668,1663,2,1,1,2,BEARISH,BEARISH,true,2026-07-03T00:09:59.999Z,false,5926996da2fd7a8fa7e98c9d78232469a696f1363ed0bedd52f9c6c58ed074d3,HISTORICAL_TURNING_POINT_SIGNIFICANCE_V1,VALID,MEDIUM,VALID_LOCAL_TURN_WITH_CLEAR_REVERSAL,false,TURNING_SIGNIFICANCE_CONFIDENCE_NOT_HIGH,,e1962266a20c67182dc11859d0b68f1b166dd3beddb591727f4a92ce5cf917e0,627737db5ef95b4562d081be938a550dcc903a8008003c66750b9c8ada6eb9be
DYNDW:SAME_PROCESS_WICK_V1:BTCUSDT:5m:LOW:1786620900000:1786624499999,DYNDPROC:BTCUSDT:5m:LOW:1786620600000:1786624499999,BTCUSDT,LOW,63318.1,63378.2,2026-08-13T11:35:00.000Z,2026-08-13T12:34:59.999Z,1786624499999,11970,47.901656,0.000756,0.002542,0.003,7.348389,0.195382,0.124549,59,4.617794,7.237746,0.727632,0.355215,13,0,3,true,CONTROLLING_SWING,1677,1672,1,2,1,2,BEARISH,BEARISH,true,2026-07-03T01:19:59.999Z,false,bfe03471a393d999e0c7a7901ea40c2f47ae298ebc76caa1aa2348ae4875695a,HISTORICAL_TURNING_POINT_SIGNIFICANCE_V1,VALID,MEDIUM,STRONG_REVERSAL_WITH_STRUCTURAL_CHANGE,false,TURNING_SIGNIFICANCE_CONFIDENCE_NOT_HIGH,,e1962266a20c67182dc11859d0b68f1b166dd3beddb591727f4a92ce5cf917e0,5f3e5c0e39f2b6087b58a4805893a5fb18888301635f5f9f3cedbd7fc6e84021
DYNDW:SAME_PROCESS_WICK_V1:BTCUSDT:5m:HIGH:1786631700000:1786634999999,DYNDPROC:BTCUSDT:5m:HIGH:1786632000000:1786634999999,BTCUSDT,HIGH,63980.6,63933.1,2026-08-13T14:35:00.000Z,2026-08-13T15:29:59.999Z,1786634999999,12005,88.944682,0.001391,0.002278,0.003,3.75177,0.293879,0.138954,27,3.676442,4.705172,0.67201,0.367644,10,0,2,true,LOCAL_SWING,1681,1679,2,0,0,2,BEARISH,BEARISH,true,2026-07-03T00:09:59.999Z,false,b1bb74d52707f7460287b0380fd718af34e76a431d2187033efa60992ae47055,HISTORICAL_TURNING_POINT_SIGNIFICANCE_V1,VALID,MEDIUM,VALID_LOCAL_TURN_WITH_CLEAR_REVERSAL,false,TURNING_SIGNIFICANCE_CONFIDENCE_NOT_HIGH,,e1962266a20c67182dc11859d0b68f1b166dd3beddb591727f4a92ce5cf917e0,c5d95519fe7441c0a944db46d9da6535c3528ccaede31349b422d7794374f44d
DYNDW:SAME_PROCESS_WICK_V1:BTCUSDT:5m:LOW:1786639200000:1786639799999,DYNDPROC:BTCUSDT:5m:LOW:1786639200000:1786639799999,BTCUSDT,LOW,62800,62961.8,2026-08-13T16:40:00.000Z,2026-08-13T16:49:59.999Z,1786639799999,12021,135.53538,0.002153,0.002694,0.003,4.75374,0.528071,0.297109,16,1.404799,2.605962,1,0.7024,2,0,1,false,,1686,1681,0,0,0,0,BEARISH,BEARISH,true,2026-07-03T01:19:59.999Z,false,1733ce2be1d388ce3330c617dd9ab406a2c13d964b6cd04806f1753f4e336fff,HISTORICAL_TURNING_POINT_SIGNIFICANCE_V1,WEAK,MEDIUM,LOCAL_REVERSAL_WITH_LIMITED_SIGNIFICANCE,false,TURNING_SIGNIFICANCE_WEAK,,e1962266a20c67182dc11859d0b68f1b166dd3beddb591727f4a92ce5cf917e0,bce226932b688a4d5fa27d9ea0f1ad41d781437196b84d05c3beb90c85aaca35
DYNDW:SAME_PROCESS_WICK_V1:BTCUSDT:5m:HIGH:1786659600000:1786664999999,DYNDPROC:BTCUSDT:5m:HIGH:1786659900000:1786664999999,BTCUSDT,HIGH,63613.6,63595.5,2026-08-13T22:20:00.000Z,2026-08-13T23:49:59.999Z,1786664999999,12105,51.173526,0.000805,0.002923,0.003,8.662682,0.195519,0.125546,69,4.004023,4.357722,0.701953,0.235531,17,0,2,true,LOCAL_SWING,1698,1690,2,2,2,2,BEARISH,UNKNOWN,true,2026-07-03T00:09:59.999Z,false,8ee139ffb74427761ea1507315d66e79199e64361eba7ce322c68157b6185f43,HISTORICAL_TURNING_POINT_SIGNIFICANCE_V1,VALID,MEDIUM,VALID_LOCAL_TURN_WITH_CLEAR_REVERSAL,false,TURNING_SIGNIFICANCE_CONFIDENCE_NOT_HIGH,,e1962266a20c67182dc11859d0b68f1b166dd3beddb591727f4a92ce5cf917e0,18dc8df13dcfecb0031632afb2e30dd4e4dd0abbe02ef428c416a691f630420c
DYNDW:SAME_PROCESS_WICK_V1:BTCUSDT:5m:LOW:1786665300000:1786673399999,DYNDPROC:BTCUSDT:5m:LOW:1786665000000:1786673399999,BTCUSDT,LOW,63366.6,63372.8,2026-08-13T23:55:00.000Z,2026-08-14T02:09:59.999Z,1786673399999,12133,36.404217,0.000574,0.002913,0.003,0.488954,1,0.244477,2,5.80702,6.276745,0.217534,0.207394,28,3,6,true,CONTROLLING_SWING,1700,1692,4,3,4,3,BEARISH,UNKNOWN,true,2026-07-03T01:19:59.999Z,false,df82480e546d9db72ba03589b94dd4650b0b04de1d4f0419d17a2eaee80e6e05,HISTORICAL_TURNING_POINT_SIGNIFICANCE_V1,VALID,MEDIUM,STRONG_REVERSAL_WITH_STRUCTURAL_CHANGE,false,TURNING_SIGNIFICANCE_CONFIDENCE_NOT_HIGH,,e1962266a20c67182dc11859d0b68f1b166dd3beddb591727f4a92ce5cf917e0,67d63f2b6b9be4c4668e83c00e382c291c99567d70a45ec438a3a6f722188cbd
DYNDW:SAME_PROCESS_WICK_V1:BTCUSDT:5m:HIGH:1786673100000:1786678799999,DYNDPROC:BTCUSDT:5m:HIGH:1786673100000:1786678799999,BTCUSDT,HIGH,63595.1,63584.2,2026-08-14T02:05:00.000Z,2026-08-14T03:39:59.999Z,1786678799999,12151,52.264181,0.000822,0.00285,0.003,0,,0,1,4.538481,5.118228,0.345169,0.238867,19,2,3,true,LOCAL_SWING,1704,1695,4,2,2,4,BEARISH,BEARISH,true,2026-07-03T00:09:59.999Z,false,22f47ca317b38206304e799b83ac26fbff366c87937f3b81e850b1dc1efaf8d9,HISTORICAL_TURNING_POINT_SIGNIFICANCE_V1,WEAK,MEDIUM,LOCAL_REVERSAL_WITH_LIMITED_SIGNIFICANCE,false,TURNING_SIGNIFICANCE_WEAK,,e1962266a20c67182dc11859d0b68f1b166dd3beddb591727f4a92ce5cf917e0,2b05cdcc07befa23cace613e04873310142cc9bdef34604b72b59d402d01c5fd
DYNDW:SAME_PROCESS_WICK_V1:BTCUSDT:5m:LOW:1786716900000:1786718399999,DYNDPROC:BTCUSDT:5m:LOW:1786716900000:1786718399999,BTCUSDT,LOW,62536.9,62564,2026-08-14T14:15:00.000Z,2026-08-14T14:39:59.999Z,1786718399999,12283,96.831242,0.001548,0.002831,0.003,8.086233,0.203821,0.062684,129,1.938424,2.457884,1,0.387685,5,0,1,true,CONTROLLING_SWING,1727,1714,0,1,0,1,BEARISH,BEARISH,true,2026-07-03T01:19:59.999Z,false,df1ff82ede695faa077617d94eaf5151f1babed4863c39f86e7aa40df0a1a93d,HISTORICAL_TURNING_POINT_SIGNIFICANCE_V1,VALID,MEDIUM,VALID_LOCAL_TURN_WITH_CLEAR_REVERSAL,false,TURNING_SIGNIFICANCE_CONFIDENCE_NOT_HIGH,,e1962266a20c67182dc11859d0b68f1b166dd3beddb591727f4a92ce5cf917e0,06f8d0eb6ced7233ca32ffba614f164aefd0689cfeedb77b09c2cfcaa962411c
DYNDW:SAME_PROCESS_WICK_V1:BTCUSDT:5m:HIGH:1786728000000:1786730399999,DYNDPROC:BTCUSDT:5m:HIGH:1786728000000:1786730399999,BTCUSDT,HIGH,63215.3,63194.5,2026-08-14T17:20:00.000Z,2026-08-14T17:59:59.999Z,1786730399999,12323,66.361,0.00105,0.002254,0.003,6.672594,0.392762,0.196253,34,3.10574,3.771794,0.801634,0.388217,8,0,1,true,INTERNAL,1730,1719,1,0,0,1,BULLISH,BEARISH,true,2026-07-03T00:09:59.999Z,true,abdf9059a6d7f430d508e50178cecca13264aea409c32376d4ee610822e9ef5a,HISTORICAL_TURNING_POINT_SIGNIFICANCE_V1,VALID,MEDIUM,STRONG_REVERSAL_WITH_STRUCTURAL_CHANGE,false,TURNING_SIGNIFICANCE_CONFIDENCE_NOT_HIGH,,e1962266a20c67182dc11859d0b68f1b166dd3beddb591727f4a92ce5cf917e0,85559d9e15d4b59a39cfa3947301ecf1c90d2ad9d207a8ec4997aeff0319943a
DYNDW:SAME_PROCESS_WICK_V1:BTCUSDT:5m:LOW:1786734900000:1786738199999,DYNDPROC:BTCUSDT:5m:LOW:1786734900000:1786738199999,BTCUSDT,LOW,62781.4,62804.9,2026-08-14T19:15:00.000Z,2026-08-14T20:09:59.999Z,1786738199999,12349,58.222935,0.000927,0.002105,0.003,3.151679,0.370034,0.185393,17,3.266754,3.670375,0.621163,0.296978,11,0,2,true,INTERNAL,1733,1722,1,2,1,2,BEARISH,BEARISH,true,2026-07-03T01:19:59.999Z,false,9ab2632a8b9a8897a931e867316a41aee2dc6d17106b5314fdfd0d2da1e69176,HISTORICAL_TURNING_POINT_SIGNIFICANCE_V1,VALID,MEDIUM,VALID_LOCAL_TURN_WITH_CLEAR_REVERSAL,false,TURNING_SIGNIFICANCE_CONFIDENCE_NOT_HIGH,,e1962266a20c67182dc11859d0b68f1b166dd3beddb591727f4a92ce5cf917e0,b6a85969aa5371ece8da0780f587b69ae3184e3d63a8656ec5afa00ca171937f
DYNDW:SAME_PROCESS_WICK_V1:BTCUSDT:5m:HIGH:1786737900000:1786746599999,DYNDPROC:BTCUSDT:5m:HIGH:1786737900000:1786746599999,BTCUSDT,HIGH,62995.1,62995.1,2026-08-14T20:05:00.000Z,2026-08-14T22:29:59.999Z,1786746599999,12377,51.628621,0.00082,0.002127,0.003,0,,0,1,3.891253,4.342553,0.321904,0.134181,29,1,5,true,INTERNAL,1734,1724,4,4,4,4,BEARISH,BEARISH,true,2026-07-03T00:09:59.999Z,false,64a94b55ed800786d9da757004c4be0563555254050b57851b3f3d0b044005d7,HISTORICAL_TURNING_POINT_SIGNIFICANCE_V1,WEAK,MEDIUM,LOCAL_REVERSAL_WITH_LIMITED_SIGNIFICANCE,false,TURNING_SIGNIFICANCE_WEAK,,e1962266a20c67182dc11859d0b68f1b166dd3beddb591727f4a92ce5cf917e0,26b55f8568555002efba01a760fc5bede7b3a3095282a0f07246784bdc3d0178
DYNDW:SAME_PROCESS_WICK_V1:BTCUSDT:5m:LOW:1786746300000:1786751399999,DYNDPROC:BTCUSDT:5m:LOW:1786746300000:1786751399999,BTCUSDT,LOW,62794.1,62794.2,2026-08-14T22:25:00.000Z,2026-08-14T23:49:59.999Z,1786751399999,12393,38.749116,0.000617,0.002124,0.003,0,,0,1,5.912393,6.087881,0.647358,0.347788,17,1,4,false,,1738,1728,1,3,1,3,BEARISH,BULLISH,true,2026-07-03T01:19:59.999Z,false,99cecb1b2695cb14fe28b6e841f835159083c7bd012adf2ea0f50f6ca9e338d1,HISTORICAL_TURNING_POINT_SIGNIFICANCE_V1,VALID,MEDIUM,VALID_LOCAL_TURN_WITH_CLEAR_REVERSAL,false,TURNING_SIGNIFICANCE_CONFIDENCE_NOT_HIGH,,e1962266a20c67182dc11859d0b68f1b166dd3beddb591727f4a92ce5cf917e0,644b4aed9023d86e6086ac117c01e6189c15bdcd2c5c4f962d09c5d080d7b28d
DYNDW:SAME_PROCESS_WICK_V1:BTCUSDT:5m:HIGH:1786763700000:1786784099999,DYNDPROC:BTCUSDT:5m:HIGH:1786763400000:1786784099999,BTCUSDT,HIGH,63170,63132.4,2026-08-15T03:15:00.000Z,2026-08-15T08:54:59.999Z,1786784099999,12502,23.14374,0.000367,0.001978,0.003,4.714018,0.236198,0.112239,42,8.360792,10.339729,0.184585,0.121171,69,5,8,true,INTERNAL,1744,1738,10,10,10,10,BULLISH,UNKNOWN,true,2026-07-03T00:09:59.999Z,false,918d608be5ccfa24fd057fbf7001ccd640f7d4db0a912ed79ab0c7387a78f0df,HISTORICAL_TURNING_POINT_SIGNIFICANCE_V1,VALID,MEDIUM,STRONG_REVERSAL_WITH_STRUCTURAL_CHANGE,false,TURNING_SIGNIFICANCE_CONFIDENCE_NOT_HIGH,,e1962266a20c67182dc11859d0b68f1b166dd3beddb591727f4a92ce5cf917e0,9d071072e304bff1b0efbc19e10cce3c22ed4ac850def38224138a81b48e0ded
DYNDW:SAME_PROCESS_WICK_V1:BTCUSDT:5m:LOW:1786784400000:1786808399999,DYNDPROC:BTCUSDT:5m:LOW:1786784400000:1786808399999,BTCUSDT,LOW,62890.2,62894.2,2026-08-15T09:00:00.000Z,2026-08-15T15:39:59.999Z,1786808399999,12583,26.477428,0.000421,0.001754,0.003,1.68823,1,0.562743,3,7.444076,7.799096,0.189283,0.093051,80,8,11,true,CONTROLLING_SWING,1755,1748,11,12,11,12,BEARISH,BEARISH,true,2026-07-03T01:19:59.999Z,false,ad69b688e957244c20692d22658a2c7aae8b869672367f30060a88ac0e34ed63,HISTORICAL_TURNING_POINT_SIGNIFICANCE_V1,VALID,MEDIUM,VALID_LOCAL_TURN_WITH_CLEAR_REVERSAL,false,TURNING_SIGNIFICANCE_CONFIDENCE_NOT_HIGH,,e1962266a20c67182dc11859d0b68f1b166dd3beddb591727f4a92ce5cf917e0,e4a28a8b3e902ae63dbed9f9ad66d5aadc1ea7d30af796decc9b4c8544b9e355
DYNDW:SAME_PROCESS_WICK_V1:BTCUSDT:5m:HIGH:1786833900000:1786874699999,DYNDPROC:BTCUSDT:5m:HIGH:1786833900000:1786874699999,BTCUSDT,HIGH,63141.6,63139.5,2026-08-15T22:45:00.000Z,2026-08-16T10:04:59.999Z,1786874699999,12804,9.773016,0.000155,0.000999,0.003,4.931948,0.065543,0.056689,87,19.932435,21.804938,0.162442,0.146562,136,15,18,true,LOCAL_SWING,1776,1767,17,19,19,17,BEARISH,BEARISH,true,2026-07-03T00:09:59.999Z,false,e13164b14ef491ffda06bb6578521ad4c91ab073d673315054c5aed1a485501e,HISTORICAL_TURNING_POINT_SIGNIFICANCE_V1,VALID,MEDIUM,STRONG_REVERSAL_WITH_STRUCTURAL_CHANGE,false,TURNING_SIGNIFICANCE_CONFIDENCE_NOT_HIGH,,e1962266a20c67182dc11859d0b68f1b166dd3beddb591727f4a92ce5cf917e0,f1ef74f1517b634ebba58bfd714535702cec8fac345302c3d0ad48bffb5921f8
DYNDW:SAME_PROCESS_WICK_V1:BTCUSDT:5m:LOW:1786874400000:1786896899999,DYNDPROC:BTCUSDT:5m:LOW:1786874400000:1786896899999,BTCUSDT,LOW,62928.5,62944.7,2026-08-16T10:00:00.000Z,2026-08-16T16:14:59.999Z,1786896899999,12878,13.038763,0.000207,0.000861,0.003,0,,0,1,18.19191,20.017237,0.412235,0.242559,75,6,11,true,LOCAL_SWING,1793,1786,9,7,9,7,BEARISH,BEARISH,true,2026-07-03T01:19:59.999Z,false,76757b9381804176e6ca7aad14d5a6bf21d9f664d6e4a338eb2bb8dd60e6875a,HISTORICAL_TURNING_POINT_SIGNIFICANCE_V1,VALID,MEDIUM,VALID_LOCAL_TURN_WITH_CLEAR_REVERSAL,false,TURNING_SIGNIFICANCE_CONFIDENCE_NOT_HIGH,,e1962266a20c67182dc11859d0b68f1b166dd3beddb591727f4a92ce5cf917e0,3784ea184cf158cfff761b7a41de32421f69f4bd03d2f2015cf84f075def8d18
DYNDW:SAME_PROCESS_WICK_V1:BTCUSDT:5m:HIGH:1786897800000:1786901699999,DYNDPROC:BTCUSDT:5m:HIGH:1786897800000:1786901699999,BTCUSDT,HIGH,63370,63337,2026-08-16T16:30:00.000Z,2026-08-16T17:34:59.999Z,1786901699999,12894,30.76379,0.000486,0.00087,0.003,5.041641,0.896014,1.008328,5,7.258533,8.331223,0.799499,0.558349,13,0,2,true,LOCAL_SWING,1802,1793,2,1,1,2,BEARISH,BEARISH,true,2026-07-03T00:09:59.999Z,false,5f9651805c9e0343f4b5c0af2db33a674472ef07cb28f8b9b484d89b371e6840,HISTORICAL_TURNING_POINT_SIGNIFICANCE_V1,VALID,MEDIUM,STRONG_REVERSAL_WITH_STRUCTURAL_CHANGE,false,TURNING_SIGNIFICANCE_CONFIDENCE_NOT_HIGH,,e1962266a20c67182dc11859d0b68f1b166dd3beddb591727f4a92ce5cf917e0,8894a7ac51745125d8ee9580ca37025326ceb94dc44ff2c57300edb71118a4d2
DYNDW:SAME_PROCESS_WICK_V1:BTCUSDT:5m:LOW:1786920000000:1786921499999,DYNDPROC:BTCUSDT:5m:LOW:1786919700000:1786921499999,BTCUSDT,LOW,62681.1,62710,2026-08-16T22:40:00.000Z,2026-08-16T23:04:59.999Z,1786921499999,12960,57.623008,0.000919,0.001098,0.003,7.005882,0.331799,0.112998,62,3.337209,4.96156,1,0.556201,6,0,1,true,CONTROLLING_SWING,1811,1802,0,1,0,1,BEARISH,BEARISH,true,2026-07-03T01:19:59.999Z,true,082efd6e883fc2c63af3a7e7f4c8b9699e59465c33a921cb7c55696497caccff,HISTORICAL_TURNING_POINT_SIGNIFICANCE_V1,VALID,MEDIUM,VALID_LOCAL_TURN_WITH_CLEAR_REVERSAL,false,TURNING_SIGNIFICANCE_CONFIDENCE_NOT_HIGH,,e1962266a20c67182dc11859d0b68f1b166dd3beddb591727f4a92ce5cf917e0,91ff9e48fe255ca83dfafcd15b2e483b4153baa0cf398debeb1187afec7a93f1
DYNDW:SAME_PROCESS_WICK_V1:BTCUSDT:5m:HIGH:1786949100000:1786953899999,DYNDPROC:BTCUSDT:5m:HIGH:1786949100000:1786953899999,BTCUSDT,HIGH,63693.2,63660,2026-08-17T06:45:00.000Z,2026-08-17T08:04:59.999Z,1786953899999,13068,44.338355,0.000696,0.001922,0.003,17.089042,0.226849,0.181798,94,4.479192,5.324961,0.530732,0.279949,16,0,3,true,INTERNAL,1825,1815,1,2,2,1,BULLISH,BEARISH,true,2026-07-03T00:09:59.999Z,true,b0e460f38b2886be0fd67efedad1046fce28ea3370065ed9c0c7cca43b3bcecc,HISTORICAL_TURNING_POINT_SIGNIFICANCE_V1,VALID,MEDIUM,STRONG_REVERSAL_WITH_STRUCTURAL_CHANGE,false,TURNING_SIGNIFICANCE_CONFIDENCE_NOT_HIGH,,e1962266a20c67182dc11859d0b68f1b166dd3beddb591727f4a92ce5cf917e0,a7bea450306fe74d6f0728416924d1f7861bf6ef02540be355db8f4df4429d6e
DYNDW:SAME_PROCESS_WICK_V1:BTCUSDT:5m:LOW:1786959900000:1786963199999,DYNDPROC:BTCUSDT:5m:LOW:1786961100000:1786963199999,BTCUSDT,LOW,63255,63266.6,2026-08-17T09:45:00.000Z,2026-08-17T10:39:59.999Z,1786963199999,13099,30.402807,0.000481,0.001986,0.003,6.407303,0.405327,0.246435,26,7.594693,9.420183,0.787786,1.084956,7,1,1,true,INTERNAL,1829,1819,1,2,1,2,BEARISH,BEARISH,true,2026-07-03T01:19:59.999Z,false,d636bbfe3067bd380d9afaaa3dfcaa17b57b91b7475ef69fc82d2d0b4bc7a5cd,HISTORICAL_TURNING_POINT_SIGNIFICANCE_V1,VALID,MEDIUM,STRONG_REVERSAL_WITH_STRUCTURAL_CHANGE,false,TURNING_SIGNIFICANCE_CONFIDENCE_NOT_HIGH,,e1962266a20c67182dc11859d0b68f1b166dd3beddb591727f4a92ce5cf917e0,55be5bb78690eba9d2e4fd0b73aa9e663fee907a7909c31477aff29531e711d2
DYNDW:SAME_PROCESS_WICK_V1:BTCUSDT:5m:HIGH:1786967100000:1786971899999,DYNDPROC:BTCUSDT:5m:HIGH:1786967100000:1786971899999,BTCUSDT,HIGH,63753,63701.1,2026-08-17T11:45:00.000Z,2026-08-17T13:04:59.999Z,1786971899999,13128,45.73137,0.000718,0.002085,0.003,4.452086,0.596019,0.296806,15,4.52862,5.971831,0.416449,0.283039,16,1,4,true,LOCAL_SWING,1832,1822,4,3,3,4,BEARISH,BEARISH,true,2026-07-03T00:09:59.999Z,false,6968f1734d1eb8bea7803b96ff6a2ec4cee0edcf3dc4bf898c5e3ab07855dd99,HISTORICAL_TURNING_POINT_SIGNIFICANCE_V1,VALID,MEDIUM,STRONG_REVERSAL_WITH_STRUCTURAL_CHANGE,false,TURNING_SIGNIFICANCE_CONFIDENCE_NOT_HIGH,,e1962266a20c67182dc11859d0b68f1b166dd3beddb591727f4a92ce5cf917e0,b3ec4c41a137a11209e47e3546d32bda9917edb8978019815aa4616e6a78e35b
DYNDW:SAME_PROCESS_WICK_V1:BTCUSDT:5m:LOW:1786973100000:1786973699999,DYNDPROC:BTCUSDT:5m:LOW:1786972800000:1786973699999,BTCUSDT,LOW,63412.5,63436.1,2026-08-17T13:25:00.000Z,2026-08-17T13:34:59.999Z,1786973699999,13134,52.284157,0.000824,0.002156,0.003,1.10741,0.410347,0.221482,5,4.511883,6.072585,1,1.503961,3,0,1,false,,1837,1826,0,0,0,0,BEARISH,UNKNOWN,true,2026-07-03T01:19:59.999Z,true,d3d90ca37b5997f4b8dec76f8d79850d7fe9edd5e3c10d64ffdc434435f2eace,HISTORICAL_TURNING_POINT_SIGNIFICANCE_V1,VALID,MEDIUM,STRONG_REVERSAL_WITH_STRUCTURAL_CHANGE,false,TURNING_SIGNIFICANCE_CONFIDENCE_NOT_HIGH,,e1962266a20c67182dc11859d0b68f1b166dd3beddb591727f4a92ce5cf917e0,ea4b67d98ab59af06fec87b8412e1f5fcb133421c0e792d80c8aa978f85ecfc1
DYNDW:SAME_PROCESS_WICK_V1:BTCUSDT:5m:HIGH:1786981800000:1786986899999,DYNDPROC:BTCUSDT:5m:HIGH:1786981800000:1786986899999,BTCUSDT,HIGH,64199.9,64182.4,2026-08-17T15:50:00.000Z,2026-08-17T17:14:59.999Z,1786986899999,13178,99.871024,0.001556,0.002521,0.003,5.110591,0.333944,0.176227,29,2.332008,2.508235,0.380867,0.137177,17,0,2,true,INTERNAL,1841,1831,3,2,2,3,BULLISH,BULLISH,true,2026-07-03T00:09:59.999Z,false,f97fac4d766b3c1805f7fe9698e9e0b095384e558f6c42d7694c45f597a4bc93,HISTORICAL_TURNING_POINT_SIGNIFICANCE_V1,WEAK,MEDIUM,LOCAL_REVERSAL_WITH_LIMITED_SIGNIFICANCE,false,TURNING_SIGNIFICANCE_WEAK,,e1962266a20c67182dc11859d0b68f1b166dd3beddb591727f4a92ce5cf917e0,612dd8f8bc0dc4f7d006ceca594acfd728b69402bf1ed7fa63b31135d0b1ebbb
DYNDW:SAME_PROCESS_WICK_V1:BTCUSDT:5m:LOW:1786986900000:1786987199999,DYNDPROC:BTCUSDT:5m:LOW:1786986600000:1786987199999,BTCUSDT,LOW,63944.3,63949.5,2026-08-17T17:15:00.000Z,2026-08-17T17:19:59.999Z,1786987199999,13179,73.916661,0.001156,0.002541,0.003,0,,0,1,3.762345,4.441489,1,1.881173,2,0,1,false,,1844,1833,0,0,0,0,BULLISH,BULLISH,true,2026-07-03T01:19:59.999Z,false,5c619a3723cd076de72de62f99c3eab71b873a2bf0615b634fe2c133d4361e17,HISTORICAL_TURNING_POINT_SIGNIFICANCE_V1,WEAK,MEDIUM,LOCAL_REVERSAL_WITH_LIMITED_SIGNIFICANCE,false,TURNING_SIGNIFICANCE_WEAK,,e1962266a20c67182dc11859d0b68f1b166dd3beddb591727f4a92ce5cf917e0,924319995b74857085910e26b48d2f9ac78f819e995ff34d86c0e8ccb1bd474d
DYNDW:SAME_PROCESS_WICK_V1:BTCUSDT:5m:HIGH:1786990800000:1786993499999,DYNDPROC:BTCUSDT:5m:HIGH:1786990800000:1786993499999,BTCUSDT,HIGH,64600.8,64513.4,2026-08-17T18:20:00.000Z,2026-08-17T19:04:59.999Z,1786993499999,13200,103.009363,0.001597,0.002771,0.003,2.774505,0.410396,0.198179,14,1.975549,3.025939,0.668748,0.219505,9,0,2,true,INTERNAL,1845,1836,2,1,1,2,BULLISH,BULLISH,true,2026-07-03T00:09:59.999Z,true,868c73fe3c991dc200a3869599d9b936cc204a521b1399e8a66a025b2467c44c,HISTORICAL_TURNING_POINT_SIGNIFICANCE_V1,VALID,MEDIUM,VALID_LOCAL_TURN_WITH_CLEAR_REVERSAL,false,TURNING_SIGNIFICANCE_CONFIDENCE_NOT_HIGH,,e1962266a20c67182dc11859d0b68f1b166dd3beddb591727f4a92ce5cf917e0,56128bc4cd65cbf97eeea7416d4ed17e73b1c96426be38d068917b28cf01c35d
DYNDW:SAME_PROCESS_WICK_V1:BTCUSDT:5m:LOW:1786997100000:1787009399999,DYNDPROC:BTCUSDT:5m:LOW:1787005800000:1787009399999,BTCUSDT,LOW,64231.3,64249.9,2026-08-17T20:05:00.000Z,2026-08-17T23:29:59.999Z,1787009399999,13253,42.465541,0.000661,0.002829,0.003,1.41291,0.055117,0.032858,43,4.947541,5.385543,0.792531,0.412295,12,0,1,true,LOCAL_SWING,1849,1839,5,5,5,5,BULLISH,BULLISH,true,2026-07-03T01:19:59.999Z,false,1c01a8ddb81b2cfe7e32b76b23b801326add4d23514e4471d61aa29025ae4fb8,HISTORICAL_TURNING_POINT_SIGNIFICANCE_V1,VALID,MEDIUM,EFFICIENT_REVERSAL_FROM_EXTREME,false,TURNING_SIGNIFICANCE_CONFIDENCE_NOT_HIGH,,e1962266a20c67182dc11859d0b68f1b166dd3beddb591727f4a92ce5cf917e0,d410f04e9edaf0ca53266ef38c84af5a81f53c4ce569995214079e88a6c9c8b8
DYNDW:SAME_PROCESS_WICK_V1:BTCUSDT:5m:HIGH:1787010900000:1787014499999,DYNDPROC:BTCUSDT:5m:HIGH:1787009400000:1787014499999,BTCUSDT,HIGH,64555.4,64531.1,2026-08-17T23:55:00.000Z,2026-08-18T00:54:59.999Z,1787014499999,13270,43.818413,0.000679,0.002793,0.003,1.622606,1,0.811303,2,4.532341,5.086903,0.478785,0.266608,17,1,3,true,INTERNAL,1855,1844,2,1,1,2,BULLISH,BULLISH,true,2026-07-03T00:09:59.999Z,false,085f78693d6295bb67d5a47ec630f8d039476b1c62fc35cb6959accc2dbdeca7,HISTORICAL_TURNING_POINT_SIGNIFICANCE_V1,VALID,MEDIUM,STRONG_REVERSAL_WITH_STRUCTURAL_CHANGE,false,TURNING_SIGNIFICANCE_CONFIDENCE_NOT_HIGH,,e1962266a20c67182dc11859d0b68f1b166dd3beddb591727f4a92ce5cf917e0,e4309e8e102fa5fc92c7628b111543a058d07d968a38a43cad45fbb2b29a0cb4
DYNDW:SAME_PROCESS_WICK_V1:BTCUSDT:5m:LOW:1787021100000:1787029799999,DYNDPROC:BTCUSDT:5m:LOW:1787023800000:1787029799999,BTCUSDT,LOW,64000,64033.8,2026-08-18T02:45:00.000Z,2026-08-18T05:09:59.999Z,1787029799999,13321,48.702949,0.000761,0.002552,0.003,6.133099,0.316386,0.185851,33,4.346759,5.042816,0.382752,0.217338,20,1,3,true,INTERNAL,1861,1847,4,5,4,5,BEARISH,BULLISH,true,2026-07-03T01:19:59.999Z,true,411ebebacb591b86e73ba2667a6dbe4ea1e05e0fa7cd770bf9db189a3c305e82,HISTORICAL_TURNING_POINT_SIGNIFICANCE_V1,VALID,MEDIUM,STRONG_REVERSAL_WITH_STRUCTURAL_CHANGE,false,TURNING_SIGNIFICANCE_CONFIDENCE_NOT_HIGH,,e1962266a20c67182dc11859d0b68f1b166dd3beddb591727f4a92ce5cf917e0,b3d8dee588b7d747319c9f02cbe05f3c9c0608aeefc19f6cece4dc33bb360ed0
DYNDW:SAME_PROCESS_WICK_V1:BTCUSDT:5m:HIGH:1787035200000:1787038499999,DYNDPROC:BTCUSDT:5m:HIGH:1787035200000:1787038499999,BTCUSDT,HIGH,64425,64408.9,2026-08-18T06:40:00.000Z,2026-08-18T07:34:59.999Z,1787038499999,13350,50.386398,0.000782,0.002559,0.003,3.242939,0.274992,0.162147,20,3.919709,4.267025,0.552448,0.356337,11,0,2,true,INTERNAL,1868,1855,2,1,1,2,BULLISH,BULLISH,true,2026-07-03T00:09:59.999Z,false,6e3987cc1173e90c7604d51ac634afbe9cd4557cae7cedeb304f2a528b2daaae,HISTORICAL_TURNING_POINT_SIGNIFICANCE_V1,VALID,MEDIUM,STRONG_REVERSAL_WITH_STRUCTURAL_CHANGE,false,TURNING_SIGNIFICANCE_CONFIDENCE_NOT_HIGH,,e1962266a20c67182dc11859d0b68f1b166dd3beddb591727f4a92ce5cf917e0,4bb6823316118abdc6bcf5f50e7bfad66d92e3cf072a537bae27956474ce395b
DYNDW:SAME_PROCESS_WICK_V1:BTCUSDT:5m:LOW:1787040300000:1787042399999,DYNDPROC:BTCUSDT:5m:LOW:1787040300000:1787042399999,BTCUSDT,LOW,64056.4,64107.6,2026-08-18T08:05:00.000Z,2026-08-18T08:39:59.999Z,1787042399999,13363,47.897064,0.000747,0.002563,0.003,2.167147,0.556867,0.270893,8,4.042001,5.294688,0.77751,0.577429,7,0,1,true,ACTIVE_PROTECTED,1871,1857,0,1,0,1,BULLISH,BULLISH,true,2026-07-03T01:19:59.999Z,false,a095da444638fd491d18b7dd0f5cf6c7daefd3da7e039274643c6447008ffc23,HISTORICAL_TURNING_POINT_SIGNIFICANCE_V1,VALID,MEDIUM,STRONG_REVERSAL_WITH_STRUCTURAL_CHANGE,false,TURNING_SIGNIFICANCE_CONFIDENCE_NOT_HIGH,,e1962266a20c67182dc11859d0b68f1b166dd3beddb591727f4a92ce5cf917e0,cbcd032f2432347039b3d060630dce3e7cf9f7de645a75a8af9c896e0a969326
DYNDW:SAME_PROCESS_WICK_V1:BTCUSDT:5m:HIGH:1787053500000:1787058299999,DYNDPROC:BTCUSDT:5m:HIGH:1787053200000:1787058299999,BTCUSDT,HIGH,64380,64358.6,2026-08-18T11:45:00.000Z,2026-08-18T13:04:59.999Z,1787058299999,13416,35.162792,0.000546,0.002548,0.003,1.632407,0.077192,0.042958,38,5.901124,7.018783,0.934264,0.347125,17,0,2,true,INTERNAL,1878,1864,3,1,1,3,BULLISH,BULLISH,true,2026-07-03T00:09:59.999Z,false,0900361b04c4a1a941b3207908faebdf286dcc842dd37f61b7729e41fb8ab5db,HISTORICAL_TURNING_POINT_SIGNIFICANCE_V1,VALID,MEDIUM,STRONG_REVERSAL_WITH_STRUCTURAL_CHANGE,false,TURNING_SIGNIFICANCE_CONFIDENCE_NOT_HIGH,,e1962266a20c67182dc11859d0b68f1b166dd3beddb591727f4a92ce5cf917e0,58d714962739a01f4a1eda2131cda104a7415c9eeed99d7de6cdf2aaa797b597
DYNDW:SAME_PROCESS_WICK_V1:BTCUSDT:5m:LOW:1787060100000:1787061899999,DYNDPROC:BTCUSDT:5m:LOW:1787059500000:1787061899999,BTCUSDT,LOW,63979.2,64042.4,2026-08-18T13:35:00.000Z,2026-08-18T14:04:59.999Z,1787061899999,13428,38.645337,0.000603,0.002506,0.003,2.812758,0.70265,0.468793,6,7.781016,9.465566,0.503432,0.972627,8,1,2,true,LOCAL_SWING,1881,1865,0,1,0,1,BULLISH,BEARISH,true,2026-07-03T01:19:59.999Z,false,73da1215da8316832e22f1636964f85728d614f690ce04a8cf975f70a295b21b,HISTORICAL_TURNING_POINT_SIGNIFICANCE_V1,VALID,MEDIUM,VALID_LOCAL_TURN_WITH_CLEAR_REVERSAL,false,TURNING_SIGNIFICANCE_CONFIDENCE_NOT_HIGH,,e1962266a20c67182dc11859d0b68f1b166dd3beddb591727f4a92ce5cf917e0,3520bbc83a47a79ef4b3f187c3741cb0170f7618107a866cd6592dafebe25e17
DYNDW:SAME_PROCESS_WICK_V1:BTCUSDT:5m:HIGH:1787063400000:1787063999999,DYNDPROC:BTCUSDT:5m:HIGH:1787063100000:1787063999999,BTCUSDT,HIGH,65057.9,64962,2026-08-18T14:30:00.000Z,2026-08-18T14:39:59.999Z,1787063999999,13435,118.103682,0.001818,0.00285,0.003,5.240311,0.733381,0.873385,6,1.844142,2.658681,1,0.614714,3,0,1,false,,1881,1867,0,0,0,0,BEARISH,BEARISH,true,2026-07-03T00:09:59.999Z,false,04d639b6034ffc697564eef6a8d399589d4e2c7c9616bce72be27198a8c69ee0,HISTORICAL_TURNING_POINT_SIGNIFICANCE_V1,VALID,MEDIUM,VALID_LOCAL_TURN_WITH_CLEAR_REVERSAL,false,TURNING_SIGNIFICANCE_CONFIDENCE_NOT_HIGH,,e1962266a20c67182dc11859d0b68f1b166dd3beddb591727f4a92ce5cf917e0,b52093b81c6d7a1fac6e5f345a9bd347f10ae8079e7ae0eefca5e4e215a24914
DYNDW:SAME_PROCESS_WICK_V1:BTCUSDT:5m:LOW:1787091900000:1787096699999,DYNDPROC:BTCUSDT:5m:LOW:1787091000000:1787096699999,BTCUSDT,LOW,64528.4,64542,2026-08-18T22:25:00.000Z,2026-08-18T23:44:59.999Z,1787096699999,13544,30.928383,0.000479,0.002424,0.003,6.537684,0.093369,0.071062,92,6.460085,7.16494,0.578125,0.340004,19,1,3,true,LOCAL_SWING,1896,1880,2,2,2,2,BEARISH,BEARISH,true,2026-07-03T01:19:59.999Z,false,28d86c4aae17805e743f58411005b4b4a009681eef29d94f689883f23eec265f,HISTORICAL_TURNING_POINT_SIGNIFICANCE_V1,VALID,MEDIUM,VALID_LOCAL_TURN_WITH_CLEAR_REVERSAL,false,TURNING_SIGNIFICANCE_CONFIDENCE_NOT_HIGH,,e1962266a20c67182dc11859d0b68f1b166dd3beddb591727f4a92ce5cf917e0,1c81569734c26864d5e17989a31b2c80a14701a977dda8f23a91609d60d23cdf
DYNDW:SAME_PROCESS_WICK_V1:BTCUSDT:5m:HIGH:1787096700000:1787100299999,DYNDPROC:BTCUSDT:5m:HIGH:1787096400000:1787100299999,BTCUSDT,HIGH,64755.5,64741.8,2026-08-18T23:45:00.000Z,2026-08-19T00:44:59.999Z,1787100299999,13556,29.620911,0.000458,0.002393,0.003,0,,0,1,7.244882,8.213792,0.599441,0.557299,13,1,2,true,LOCAL_SWING,1898,1882,2,1,1,2,BEARISH,BEARISH,true,2026-07-03T00:09:59.999Z,false,43a65ab2d364b99f45950ac5821a9bd5ac2d5024f6b08769d518b7bd72963f8f,HISTORICAL_TURNING_POINT_SIGNIFICANCE_V1,WEAK,MEDIUM,LOCAL_REVERSAL_WITH_LIMITED_SIGNIFICANCE,false,TURNING_SIGNIFICANCE_WEAK,,e1962266a20c67182dc11859d0b68f1b166dd3beddb591727f4a92ce5cf917e0,ddb3649387cb5a08d848aafa7edd4d8fff10429c00406ef1bb544894ecb06db7
DYNDW:SAME_PROCESS_WICK_V1:BTCUSDT:5m:LOW:1787119800000:1787123699999,DYNDPROC:BTCUSDT:5m:LOW:1787119800000:1787123699999,BTCUSDT,LOW,64131.3,64150,2026-08-19T06:10:00.000Z,2026-08-19T07:14:59.999Z,1787123699999,13634,34.674451,0.000541,0.002363,0.003,10.878326,0.241981,0.162363,67,5.646809,6.307237,0.478027,0.43437,13,1,3,true,CONTROLLING_SWING,1910,1893,1,2,1,2,BEARISH,BEARISH,true,2026-07-03T01:19:59.999Z,false,3b8eff5311168dcb7d8cf220d5838a046e3ee952d6c22676315911e852e0c35d,HISTORICAL_TURNING_POINT_SIGNIFICANCE_V1,VALID,MEDIUM,VALID_LOCAL_TURN_WITH_CLEAR_REVERSAL,false,TURNING_SIGNIFICANCE_CONFIDENCE_NOT_HIGH,,e1962266a20c67182dc11859d0b68f1b166dd3beddb591727f4a92ce5cf917e0,56a1368751a8837e11f81fc6b38e1759b816177f6c3a4d070c6af41bcc1a701c
DYNDW:SAME_PROCESS_WICK_V1:BTCUSDT:5m:HIGH:1787146200000:1787146799999,DYNDPROC:BTCUSDT:5m:HIGH:1787146200000:1787146799999,BTCUSDT,HIGH,65190,65028.7,2026-08-19T13:30:00.000Z,2026-08-19T13:39:59.999Z,1787146799999,13711,94.438326,0.001452,0.002562,0.003,7.231174,0.28767,0.093911,77,2.421686,4.256746,1,1.210843,2,0,1,false,,1924,1906,0,0,0,0,BEARISH,BEARISH,true,2026-07-03T00:09:59.999Z,false,d30a91800bafbaa9b917741ee0a59e123ea6a09ea0813b0d1e00cc71b3e49c6f,HISTORICAL_TURNING_POINT_SIGNIFICANCE_V1,VALID,MEDIUM,EFFICIENT_REVERSAL_FROM_EXTREME,false,TURNING_SIGNIFICANCE_CONFIDENCE_NOT_HIGH,,e1962266a20c67182dc11859d0b68f1b166dd3beddb591727f4a92ce5cf917e0,46253d29ca73f0a1c7b2f40a2a464c9ec68c4a76319c9d140922f70fa5070481
DYNDW:SAME_PROCESS_WICK_V1:BTCUSDT:5m:LOW:1787146800000:1787147099999,DYNDPROC:BTCUSDT:5m:LOW:1787146500000:1787147099999,BTCUSDT,LOW,64780,64800,2026-08-19T13:40:00.000Z,2026-08-19T13:44:59.999Z,1787147099999,13712,107.257017,0.001655,0.002633,0.003,0,,0,1,2.030636,2.758794,1,1.015318,2,0,1,false,,1925,1906,0,0,0,0,BEARISH,BEARISH,true,2026-07-03T01:19:59.999Z,false,db63384c99a1f356c73323075ef8fe17ddf8721f5b455c4acfdf392a19d26da3,HISTORICAL_TURNING_POINT_SIGNIFICANCE_V1,WEAK,MEDIUM,LOCAL_REVERSAL_WITH_LIMITED_SIGNIFICANCE,false,TURNING_SIGNIFICANCE_WEAK,,e1962266a20c67182dc11859d0b68f1b166dd3beddb591727f4a92ce5cf917e0,853b837d850eaf1b5f1c080056af1f54b0e7fd809eb1e2afebfd84c8cb1de7a0
DYNDW:SAME_PROCESS_WICK_V1:BTCUSDT:5m:HIGH:1787153100000:1787154899999,DYNDPROC:BTCUSDT:5m:HIGH:1787154000000:1787154899999,BTCUSDT,HIGH,70450,68649.6,2026-08-19T15:25:00.000Z,2026-08-19T15:54:59.999Z,1787154899999,13738,468.468052,0.006824,0.004753,0.004753,7.752503,0.91726,0.3101,25,0.945849,7.235926,1,0.315283,3,0,0,true,LOCAL_SWING,1927,1907,2,0,0,2,BEARISH,BEARISH,true,2026-07-03T00:09:59.999Z,false,d29182f0eb3103f0d3f38b74434cbda6f82e74e44516a80b077ffebcc8942be7,HISTORICAL_TURNING_POINT_SIGNIFICANCE_V1,VALID,MEDIUM,EFFICIENT_REVERSAL_FROM_EXTREME,false,TURNING_SIGNIFICANCE_CONFIDENCE_NOT_HIGH,,e1962266a20c67182dc11859d0b68f1b166dd3beddb591727f4a92ce5cf917e0,28fe430e0053711c0987c5315cdaffa71738b94e35d82b3a20198bf886a1df7e
DYNDW:SAME_PROCESS_WICK_V1:BTCUSDT:5m:LOW:1787154900000:1787155499999,DYNDPROC:BTCUSDT:5m:LOW:1787154600000:1787155499999,BTCUSDT,LOW,68203.9,68206.5,2026-08-19T15:55:00.000Z,2026-08-19T16:04:59.999Z,1787155499999,13740,454.7648,0.006667,0.004857,0.004857,0,,0,1,1.075721,1.176432,1,0.358574,3,0,1,false,,1929,1907,0,0,0,0,BEARISH,BEARISH,true,2026-07-03T01:19:59.999Z,false,6beff5933e2be967bedddfcb850836e7a07fc17e22dbf859e14c39fb878b45af,HISTORICAL_TURNING_POINT_SIGNIFICANCE_V1,WEAK,MEDIUM,LOCAL_REVERSAL_WITH_LIMITED_SIGNIFICANCE,false,TURNING_SIGNIFICANCE_WEAK,,e1962266a20c67182dc11859d0b68f1b166dd3beddb591727f4a92ce5cf917e0,ce3cdb95c7204c412a750b003bbca0c64200e4317b9db6a2ebdb673a8a91b696
DYNDW:SAME_PROCESS_WICK_V1:BTCUSDT:5m:HIGH:1787155500000:1787158799999,DYNDPROC:BTCUSDT:5m:HIGH:1787156700000:1787158799999,BTCUSDT,HIGH,68998,68872.8,2026-08-19T16:05:00.000Z,2026-08-19T16:59:59.999Z,1787158799999,13751,365.272163,0.005304,0.00502,0.00502,0.484844,0.312953,0.080807,6,1.21033,1.711053,0.719915,0.172904,7,0,0,true,LOCAL_SWING,1929,1908,2,1,1,2,BEARISH,BEARISH,true,2026-07-03T00:09:59.999Z,false,c0b49290ac08004aa7d6f8f82e3b53cd72dac76b3478deaeeccffe6d30a8d596,HISTORICAL_TURNING_POINT_SIGNIFICANCE_V1,VALID,MEDIUM,VALID_LOCAL_TURN_WITH_CLEAR_REVERSAL,false,TURNING_SIGNIFICANCE_CONFIDENCE_NOT_HIGH,,e1962266a20c67182dc11859d0b68f1b166dd3beddb591727f4a92ce5cf917e0,153f282a6a795b7778314b4574c373d325326bde3e39ae53d82b26f1c497787c
DYNDW:SAME_PROCESS_WICK_V1:BTCUSDT:5m:LOW:1787160600000:1787163599999,DYNDPROC:BTCUSDT:5m:LOW:1787160600000:1787163599999,BTCUSDT,LOW,67803.6,67924.4,2026-08-19T17:30:00.000Z,2026-08-19T18:19:59.999Z,1787163599999,13767,256.644798,0.003778,0.005153,0.005153,1.972765,0.851354,0.246596,8,1.367259,1.846911,0.604479,0.136726,10,0,1,true,LOCAL_SWING,1931,1909,1,1,1,1,BEARISH,BEARISH,true,2026-07-03T01:19:59.999Z,false,f4c3061201c7c1693c76a9fa62a9885b4c6ec52a348e80b6157bfa0909a8b9c5,HISTORICAL_TURNING_POINT_SIGNIFICANCE_V1,VALID,MEDIUM,VALID_LOCAL_TURN_WITH_CLEAR_REVERSAL,false,TURNING_SIGNIFICANCE_CONFIDENCE_NOT_HIGH,,e1962266a20c67182dc11859d0b68f1b166dd3beddb591727f4a92ce5cf917e0,e6af66600cb7f8bb8951f406f09b48c317d22415fff18079a2e2db6c60cfc321
DYNDW:SAME_PROCESS_WICK_V1:BTCUSDT:5m:HIGH:1787175900000:1787177399999,DYNDPROC:BTCUSDT:5m:HIGH:1787175900000:1787177399999,BTCUSDT,HIGH,70048.2,69802.1,2026-08-19T21:45:00.000Z,2026-08-19T22:09:59.999Z,1787177399999,13813,299.15745,0.004286,0.005801,0.005801,5.103667,0.354114,0.11869,43,1.377535,2.440187,1,0.275507,5,0,1,true,LOCAL_SWING,1939,1917,1,0,0,1,BEARISH,BEARISH,true,2026-07-03T00:09:59.999Z,false,fb7f5790a0494be3088d97decaa531289269759b30113a0e44951f53666fd6cf,HISTORICAL_TURNING_POINT_SIGNIFICANCE_V1,VALID,MEDIUM,VALID_LOCAL_TURN_WITH_CLEAR_REVERSAL,false,TURNING_SIGNIFICANCE_CONFIDENCE_NOT_HIGH,,e1962266a20c67182dc11859d0b68f1b166dd3beddb591727f4a92ce5cf917e0,9f775e683f3901d242aa63869b30aa86487c6e2813ad79a1cbe23d50a7dda490
DYNDW:SAME_PROCESS_WICK_V1:BTCUSDT:5m:LOW:1787178600000:1787184299999,DYNDPROC:BTCUSDT:5m:LOW:1787178600000:1787184299999,BTCUSDT,LOW,68950.3,69025.9,2026-08-19T22:30:00.000Z,2026-08-20T00:04:59.999Z,1787184299999,13836,241.352475,0.003497,0.00589,0.00589,1.508582,1,0.25143,6,2.016967,2.492206,0.287571,0.106156,19,0,2,true,LOCAL_SWING,1940,1917,3,2,3,2,BEARISH,BEARISH,true,2026-07-03T01:19:59.999Z,false,99faa4a23727324ec63db306a2aeab466ec623c04c02b0139c70a1f2d2663bbd,HISTORICAL_TURNING_POINT_SIGNIFICANCE_V1,VALID,MEDIUM,VALID_LOCAL_TURN_WITH_CLEAR_REVERSAL,false,TURNING_SIGNIFICANCE_CONFIDENCE_NOT_HIGH,,e1962266a20c67182dc11859d0b68f1b166dd3beddb591727f4a92ce5cf917e0,34224ebb62d4ff5d1bf0c69cc557a8411b946d8df3c197669ea36b68be16134c
DYNDW:SAME_PROCESS_WICK_V1:BTCUSDT:5m:HIGH:1787185200000:1787188199999,DYNDPROC:BTCUSDT:5m:HIGH:1787184900000:1787188199999,BTCUSDT,HIGH,69765.5,69725.9,2026-08-20T00:20:00.000Z,2026-08-20T01:09:59.999Z,1787188199999,13849,178.999378,0.002567,0.006084,0.006084,1.191066,0.619767,0.297766,4,2.398891,2.736881,0.570404,0.218081,11,0,1,true,LOCAL_SWING,1943,1919,2,0,0,2,BEARISH,BEARISH,true,2026-07-03T00:09:59.999Z,false,bad21f226899ac14df3b42ec4f2bf685e4b9ad20802300cd3729f25ba9ceebfd,HISTORICAL_TURNING_POINT_SIGNIFICANCE_V1,VALID,MEDIUM,VALID_LOCAL_TURN_WITH_CLEAR_REVERSAL,false,TURNING_SIGNIFICANCE_CONFIDENCE_NOT_HIGH,,e1962266a20c67182dc11859d0b68f1b166dd3beddb591727f4a92ce5cf917e0,a8f66a3ede90381192668f7260cdc4632c43a3851734febdbb6ca0c352475a2b
DYNDW:SAME_PROCESS_WICK_V1:BTCUSDT:5m:LOW:1787188500000:1787190599999,DYNDPROC:BTCUSDT:5m:LOW:1787187900000:1787190599999,BTCUSDT,LOW,69245.9,69296.5,2026-08-20T01:15:00.000Z,2026-08-20T01:49:59.999Z,1787190599999,13857,168.826889,0.002436,0.006126,0.006126,0,,0,1,2.935551,3.455018,0.722449,0.326172,9,0,1,true,LOCAL_SWING,1945,1919,0,2,0,2,BEARISH,BEARISH,true,2026-07-03T01:19:59.999Z,false,f567fcd0ba363a97a31d65f3672331008d740230c5da11e9c1ab28a5e3d605c8,HISTORICAL_TURNING_POINT_SIGNIFICANCE_V1,VALID,MEDIUM,VALID_LOCAL_TURN_WITH_CLEAR_REVERSAL,false,TURNING_SIGNIFICANCE_CONFIDENCE_NOT_HIGH,,e1962266a20c67182dc11859d0b68f1b166dd3beddb591727f4a92ce5cf917e0,c7de8abc6c1a4fa99e9d9ea04a7edfacbfc2eebf5bd06ce063539fd22a76d9b6
DYNDW:SAME_PROCESS_WICK_V1:BTCUSDT:5m:HIGH:1787190600000:1787193899999,DYNDPROC:BTCUSDT:5m:HIGH:1787190300000:1787193899999,BTCUSDT,HIGH,69867.9,69792.1,2026-08-20T01:50:00.000Z,2026-08-20T02:44:59.999Z,1787193899999,13868,157.381007,0.002255,0.006184,0.006184,0,,0,1,3.133161,3.637669,0.724401,0.261097,12,0,1,true,LOCAL_SWING,1945,1921,1,0,0,1,BEARISH,BEARISH,true,2026-07-03T00:09:59.999Z,false,2ec989bbaff6aea3bb2f6ebf9f8ad04719b52a95f892e5e9a9cdd7df5600e799,HISTORICAL_TURNING_POINT_SIGNIFICANCE_V1,WEAK,MEDIUM,LOCAL_REVERSAL_WITH_LIMITED_SIGNIFICANCE,false,TURNING_SIGNIFICANCE_WEAK,,e1962266a20c67182dc11859d0b68f1b166dd3beddb591727f4a92ce5cf917e0,5ef4fbae938a6127487714b505ca7bd1729a1e54703e3f3be2799169dc617a76
DYNDW:SAME_PROCESS_WICK_V1:BTCUSDT:5m:LOW:1787195400000:1787201699999,DYNDPROC:BTCUSDT:5m:LOW:1787196300000:1787201699999,BTCUSDT,LOW,68882.1,68963.3,2026-08-20T03:10:00.000Z,2026-08-20T04:54:59.999Z,1787201699999,13894,131.990207,0.001914,0.006276,0.006276,2.543371,0.53824,0.254337,10,4.066211,5.605719,0.529238,0.225901,18,1,3,true,LOCAL_SWING,1947,1921,4,4,4,4,BEARISH,BEARISH,true,2026-07-03T01:19:59.999Z,false,b66085bb1aac0684820df12eed62231625e130080dbf3ca4aaf6f1f99b8303b0,HISTORICAL_TURNING_POINT_SIGNIFICANCE_V1,VALID,MEDIUM,VALID_LOCAL_TURN_WITH_CLEAR_REVERSAL,false,TURNING_SIGNIFICANCE_CONFIDENCE_NOT_HIGH,,e1962266a20c67182dc11859d0b68f1b166dd3beddb591727f4a92ce5cf917e0,1089b491e341eb1e1414e0323c5ccd1b2a40be9b5608239993445cb53e2498cb
DYNDW:SAME_PROCESS_WICK_V1:BTCUSDT:5m:HIGH:1787221200000:1787222699999,DYNDPROC:BTCUSDT:5m:HIGH:1787220900000:1787222699999,BTCUSDT,HIGH,72487.5,72366.9,2026-08-20T10:20:00.000Z,2026-08-20T10:44:59.999Z,1787222699999,13964,256.237845,0.003541,0.00732,0.00732,11.188433,0.411893,0.169522,66,2.26118,2.933603,1,0.376863,6,0,1,true,LOCAL_SWING,1958,1933,1,0,0,1,BEARISH,BEARISH,true,2026-07-03T00:09:59.999Z,false,e879e786be577be7560a18315ea30a41243d575f352306e28c2ce466d750bf6a,HISTORICAL_TURNING_POINT_SIGNIFICANCE_V1,VALID,MEDIUM,VALID_LOCAL_TURN_WITH_CLEAR_REVERSAL,false,TURNING_SIGNIFICANCE_CONFIDENCE_NOT_HIGH,,e1962266a20c67182dc11859d0b68f1b166dd3beddb591727f4a92ce5cf917e0,5f950d36651dc7ed2a14a521166e79265e8bf7216cf8a8b8580e7e1882bb7c71
DYNDW:SAME_PROCESS_WICK_V1:BTCUSDT:5m:LOW:1787232900000:1787238299999,DYNDPROC:BTCUSDT:5m:LOW:1787232900000:1787238299999,BTCUSDT,LOW,71100,71344.6,2026-08-20T13:35:00.000Z,2026-08-20T15:04:59.999Z,1787238299999,14016,227.546352,0.003189,0.007639,0.007639,1.946417,0.125322,0.054067,36,4.180247,6.583274,0.435093,0.232236,18,1,2,true,LOCAL_SWING,1963,1938,3,3,3,3,BEARISH,BEARISH,true,2026-07-03T01:19:59.999Z,false,6dc85ce5009fe71f6b5fc6d83010e8b0054fa2e22b949e732e0801a4f3bd53ec,HISTORICAL_TURNING_POINT_SIGNIFICANCE_V1,VALID,MEDIUM,STRONG_REVERSAL_WITH_STRUCTURAL_CHANGE,false,TURNING_SIGNIFICANCE_CONFIDENCE_NOT_HIGH,,e1962266a20c67182dc11859d0b68f1b166dd3beddb591727f4a92ce5cf917e0,a28d2b00cc132c7b5c38c06876cd826ecbcbdb7c273a3245dae8271a450ae0f7
DYNDW:SAME_PROCESS_WICK_V1:BTCUSDT:5m:HIGH:1787248200000:1787252699999,DYNDPROC:BTCUSDT:5m:HIGH:1787248200000:1787252699999,BTCUSDT,HIGH,72945.3,72852.8,2026-08-20T17:50:00.000Z,2026-08-20T19:04:59.999Z,1787252699999,14064,190.567606,0.002616,0.006644,0.006644,2.922847,0.171385,0.08351,35,2.587533,3.490625,0.496027,0.172502,15,0,2,true,LOCAL_SWING,1971,1946,3,2,2,3,BEARISH,BEARISH,true,2026-07-03T00:09:59.999Z,false,08244482146e69fb5924c4e16ad270328576233e96fe9cde0a115c816ed79e68,HISTORICAL_TURNING_POINT_SIGNIFICANCE_V1,VALID,MEDIUM,VALID_LOCAL_TURN_WITH_CLEAR_REVERSAL,false,TURNING_SIGNIFICANCE_CONFIDENCE_NOT_HIGH,,e1962266a20c67182dc11859d0b68f1b166dd3beddb591727f4a92ce5cf917e0,79f76f7da1ff48a882cac9881324319f6c8999545b68c99cf6d5c54f81fa6336
DYNDW:SAME_PROCESS_WICK_V1:BTCUSDT:5m:LOW:1787252400000:1787267699999,DYNDPROC:BTCUSDT:5m:LOW:1787252400000:1787267699999,BTCUSDT,LOW,72280.1,72359.7,2026-08-20T19:00:00.000Z,2026-08-20T23:14:59.999Z,1787267699999,14114,169.92591,0.002348,0.006689,0.006689,0,,0,1,3.192568,4.86565,0.183135,0.062599,51,3,6,true,LOCAL_SWING,1974,1948,6,7,6,7,BEARISH,BEARISH,true,2026-07-03T01:19:59.999Z,false,574d91cc573e12683730a23d69b896a0aa00be24cdece636666951928bdcf838,HISTORICAL_TURNING_POINT_SIGNIFICANCE_V1,WEAK,MEDIUM,LOCAL_REVERSAL_WITH_LIMITED_SIGNIFICANCE,false,TURNING_SIGNIFICANCE_WEAK,,e1962266a20c67182dc11859d0b68f1b166dd3beddb591727f4a92ce5cf917e0,3c60a3b0e74b96e46b15bb15f19fc168357183d350f8a2be264a0ed736f9b735
DYNDW:SAME_PROCESS_WICK_V1:BTCUSDT:5m:HIGH:1787276700000:1787278199999,DYNDPROC:BTCUSDT:5m:HIGH:1787276700000:1787278199999,BTCUSDT,HIGH,75767.5,75552.5,2026-08-21T01:45:00.000Z,2026-08-21T02:09:59.999Z,1787278199999,14149,340.169374,0.004502,0.006783,0.006783,7.791119,0.625351,0.243472,32,1.973135,3.210753,1,0.394627,5,0,1,true,LOCAL_SWING,1985,1958,1,0,0,1,BEARISH,BEARISH,true,2026-07-03T00:09:59.999Z,false,8cb06ebb9f56cb22b8bceb2d0304bafaca4156d1b3433dfa3fdeb79b31920bde,HISTORICAL_TURNING_POINT_SIGNIFICANCE_V1,VALID,MEDIUM,STRONG_REVERSAL_WITH_STRUCTURAL_CHANGE,false,TURNING_SIGNIFICANCE_CONFIDENCE_NOT_HIGH,,e1962266a20c67182dc11859d0b68f1b166dd3beddb591727f4a92ce5cf917e0,6abd9f36db718b698f30755346295fc5ad53751e01b2b0fd717aa37c7deeba09
DYNDW:SAME_PROCESS_WICK_V1:BTCUSDT:5m:LOW:1787281500000:1787285699999,DYNDPROC:BTCUSDT:5m:LOW:1787281500000:1787285699999,BTCUSDT,LOW,74214.4,74314.9,2026-08-21T03:05:00.000Z,2026-08-21T04:14:59.999Z,1787285699999,14174,256.124301,0.003446,0.006928,0.006928,2.211426,0.465025,0.17011,13,2.030655,2.579216,0.421851,0.145047,14,1,2,true,LOCAL_SWING,1987,1959,1,3,1,3,BEARISH,BEARISH,true,2026-07-03T01:19:59.999Z,false,a6a901c28b431c5170e1a7753b724c7c33fee45f34a1421a374956b98d6ca176,HISTORICAL_TURNING_POINT_SIGNIFICANCE_V1,VALID,MEDIUM,VALID_LOCAL_TURN_WITH_CLEAR_REVERSAL,false,TURNING_SIGNIFICANCE_CONFIDENCE_NOT_HIGH,,e1962266a20c67182dc11859d0b68f1b166dd3beddb591727f4a92ce5cf917e0,e6db9c635c7f8ae5e09d6bed7acfaf2d9c79f687d24bc5caeb8a6dc822bc013a
DYNDW:SAME_PROCESS_WICK_V1:BTCUSDT:5m:HIGH:1787302500000:1787303099999,DYNDPROC:BTCUSDT:5m:HIGH:1787302500000:1787303099999,BTCUSDT,HIGH,79555.5,79269,2026-08-21T08:55:00.000Z,2026-08-21T09:04:59.999Z,1787303099999,14232,421.172574,0.005313,0.00712,0.00712,10.527751,0.564481,0.181513,58,3.354444,4.64299,1,1.677222,2,0,1,false,,1994,1968,0,0,0,0,BEARISH,BEARISH,true,2026-07-03T00:09:59.999Z,false,cebbc6382275f34c87b416104c3960bf4d40bb896e99bbd4f2af7a2bfcad1834,HISTORICAL_TURNING_POINT_SIGNIFICANCE_V1,VALID,MEDIUM,STRONG_REVERSAL_WITH_STRUCTURAL_CHANGE,false,TURNING_SIGNIFICANCE_CONFIDENCE_NOT_HIGH,,e1962266a20c67182dc11859d0b68f1b166dd3beddb591727f4a92ce5cf917e0,96b2fccd51e5a296df2b092f6ad308aebc66a8fde5e1197e41f194986fc2a5bf
DYNDW:SAME_PROCESS_WICK_V1:BTCUSDT:5m:LOW:1787303100000:1787305799999,DYNDPROC:BTCUSDT:5m:LOW:1787303700000:1787305799999,BTCUSDT,LOW,77255,77581,2026-08-21T09:05:00.000Z,2026-08-21T09:49:59.999Z,1787305799999,14241,529.625804,0.006827,0.008055,0.008055,0.519612,0.808461,0.129903,4,1.275806,2.097896,0.952361,0.182258,7,0,0,true,LOCAL_SWING,1995,1968,0,1,0,1,BEARISH,BEARISH,true,2026-07-03T01:19:59.999Z,false,43dac0dc382174130b908fd2f22899606d20630c8173c94671af91291f1da439,HISTORICAL_TURNING_POINT_SIGNIFICANCE_V1,VALID,MEDIUM,EFFICIENT_REVERSAL_FROM_EXTREME,false,TURNING_SIGNIFICANCE_CONFIDENCE_NOT_HIGH,,e1962266a20c67182dc11859d0b68f1b166dd3beddb591727f4a92ce5cf917e0,7dbffb3db8b227cd2cde84c3976876e19e1850bd695248610ba629ff9e1c44f4
DYNDW:SAME_PROCESS_WICK_V1:BTCUSDT:5m:HIGH:1787305500000:1787310899999,DYNDPROC:BTCUSDT:5m:HIGH:1787305500000:1787310899999,BTCUSDT,HIGH,78366.1,78256.7,2026-08-21T09:45:00.000Z,2026-08-21T11:14:59.999Z,1787310899999,14258,457.616698,0.005848,0.008056,0.008056,0,,0,1,1.552828,2.290563,0.312242,0.086268,18,1,2,true,LOCAL_SWING,1995,1969,3,2,2,3,BEARISH,BEARISH,true,2026-07-03T00:09:59.999Z,false,00b2ac169d2070dbc7722ec2cfe08713f096e8e6185d7818924928a18abb4d75,HISTORICAL_TURNING_POINT_SIGNIFICANCE_V1,WEAK,MEDIUM,LOCAL_REVERSAL_WITH_LIMITED_SIGNIFICANCE,false,TURNING_SIGNIFICANCE_WEAK,,e1962266a20c67182dc11859d0b68f1b166dd3beddb591727f4a92ce5cf917e0,3e21f735f062ba67680fa9ea4445f5bfa09d3fafa30ce0394544a93b4740830d
DYNDW:SAME_PROCESS_WICK_V1:BTCUSDT:5m:LOW:1787311800000:1787315999999,DYNDPROC:BTCUSDT:5m:LOW:1787311800000:1787315999999,BTCUSDT,LOW,76393.1,76485.7,2026-08-21T11:30:00.000Z,2026-08-21T12:39:59.999Z,1787315999999,14275,369.295608,0.004828,0.008462,0.008462,2.871412,0.714652,0.574282,5,2.000024,2.850562,0.305005,0.142859,14,0,2,true,LOCAL_SWING,1998,1971,1,2,1,2,BEARISH,BEARISH,true,2026-07-03T01:19:59.999Z,false,49eb832793e0eb0ace962ed202ee7ef68d2febf9c084fd8dbceb1d489d6d88dd,HISTORICAL_TURNING_POINT_SIGNIFICANCE_V1,VALID,MEDIUM,VALID_LOCAL_TURN_WITH_CLEAR_REVERSAL,false,TURNING_SIGNIFICANCE_CONFIDENCE_NOT_HIGH,,e1962266a20c67182dc11859d0b68f1b166dd3beddb591727f4a92ce5cf917e0,045850e7d171d388836757a7e90b69ddae29fc2d356ba16b811d305c4022d95d
DYNDW:SAME_PROCESS_WICK_V1:BTCUSDT:5m:HIGH:1787316300000:1787319299999,DYNDPROC:BTCUSDT:5m:HIGH:1787316000000:1787319299999,BTCUSDT,HIGH,77487.2,77423.9,2026-08-21T12:45:00.000Z,2026-08-21T13:34:59.999Z,1787319299999,14286,322.868461,0.00417,0.008705,0.008705,0.618208,1,0.309104,2,2.520221,2.865563,0.601805,0.229111,11,0,1,true,LOCAL_SWING,1999,1974,2,1,1,2,BEARISH,BEARISH,true,2026-07-03T00:09:59.999Z,false,aed7100a1ffd337ffab46e419e5482569c370b318da698aff346c8f1ec01fde9,HISTORICAL_TURNING_POINT_SIGNIFICANCE_V1,VALID,MEDIUM,VALID_LOCAL_TURN_WITH_CLEAR_REVERSAL,false,TURNING_SIGNIFICANCE_CONFIDENCE_NOT_HIGH,,e1962266a20c67182dc11859d0b68f1b166dd3beddb591727f4a92ce5cf917e0,f2a9f25aa05a0d973b13d61e4f3a4fb5aa97a7744e5ac0a6668d3c6c60bd9808
DYNDW:SAME_PROCESS_WICK_V1:BTCUSDT:5m:LOW:1787319300000:1787319899999,DYNDPROC:BTCUSDT:5m:LOW:1787319000000:1787319899999,BTCUSDT,LOW,76237,76610.2,2026-08-21T13:35:00.000Z,2026-08-21T13:44:59.999Z,1787319899999,14288,302.680614,0.003951,0.008718,0.008718,0,,0,1,2.278639,3.620979,1,0.759546,3,0,1,false,,2002,1975,0,0,0,0,BEARISH,BEARISH,true,2026-07-03T01:19:59.999Z,false,a30e8c485329569e8ae47ec2ae1c16abdc205375d927477ad81bb0e6539abd2f,HISTORICAL_TURNING_POINT_SIGNIFICANCE_V1,VALID,MEDIUM,EFFICIENT_REVERSAL_FROM_EXTREME,false,TURNING_SIGNIFICANCE_CONFIDENCE_NOT_HIGH,,e1962266a20c67182dc11859d0b68f1b166dd3beddb591727f4a92ce5cf917e0,753e72ce622e49a66f50616ae1e8d7bc64184a307c7fcc41267aae0b5229d59a
DYNDW:SAME_PROCESS_WICK_V1:BTCUSDT:5m:HIGH:1787320200000:1787321099999,DYNDPROC:BTCUSDT:5m:HIGH:1787319900000:1787321099999,BTCUSDT,HIGH,77721.9,77457.4,2026-08-21T13:50:00.000Z,2026-08-21T14:04:59.999Z,1787321099999,14292,341.421432,0.004408,0.00876,0.00876,0.461307,1,0.230653,2,2.073976,2.894956,1,0.518494,4,0,1,true,LOCAL_SWING,2002,1976,1,0,0,1,BEARISH,BEARISH,true,2026-07-03T00:09:59.999Z,false,44f73f9b362cca765334c46b339290824b6eb42e497da67562df30476c19fd09,HISTORICAL_TURNING_POINT_SIGNIFICANCE_V1,VALID,MEDIUM,VALID_LOCAL_TURN_WITH_CLEAR_REVERSAL,false,TURNING_SIGNIFICANCE_CONFIDENCE_NOT_HIGH,,e1962266a20c67182dc11859d0b68f1b166dd3beddb591727f4a92ce5cf917e0,97eccc4a918ae79db321a61e8cb5cb0532b8bb18dd1ab425935d1067744d5c52
DYNDW:SAME_PROCESS_WICK_V1:BTCUSDT:5m:LOW:1787321700000:1787324399999,DYNDPROC:BTCUSDT:5m:LOW:1787321700000:1787324399999,BTCUSDT,LOW,76538.9,76669.9,2026-08-21T14:15:00.000Z,2026-08-21T14:59:59.999Z,1787324399999,14303,374.60514,0.004886,0.008876,0.008876,0.211957,0.148689,0.052989,4,1.916151,2.432161,0.576917,0.212906,9,0,2,true,LOCAL_SWING,2003,1976,0,2,0,2,BEARISH,BEARISH,true,2026-07-03T01:19:59.999Z,false,ea38e811d6aa9b67ea672b99a8d1bb10635cf02533433623669f655033e646d5,HISTORICAL_TURNING_POINT_SIGNIFICANCE_V1,VALID,MEDIUM,VALID_LOCAL_TURN_WITH_CLEAR_REVERSAL,false,TURNING_SIGNIFICANCE_CONFIDENCE_NOT_HIGH,,e1962266a20c67182dc11859d0b68f1b166dd3beddb591727f4a92ce5cf917e0,aee5ca99248570f622f14e7a695bdb1ba21796112e4f33836836b8ef38fe08d1
DYNDW:SAME_PROCESS_WICK_V1:BTCUSDT:5m:HIGH:1787325300000:1787328599999,DYNDPROC:BTCUSDT:5m:HIGH:1787325000000:1787328599999,BTCUSDT,HIGH,77871.6,77700.5,2026-08-21T15:15:00.000Z,2026-08-21T16:09:59.999Z,1787328599999,14317,309.337246,0.003981,0.008831,0.008831,1.011194,1,0.252799,4,2.425185,3.1144,0.884044,0.202099,12,0,1,true,LOCAL_SWING,2003,1978,1,1,1,1,BEARISH,BEARISH,true,2026-07-03T00:09:59.999Z,false,de3554eba07af9a05ef63bf45c6a26c15dcae020396c1e5d96e9295d2a042501,HISTORICAL_TURNING_POINT_SIGNIFICANCE_V1,VALID,MEDIUM,STRONG_REVERSAL_WITH_STRUCTURAL_CHANGE,false,TURNING_SIGNIFICANCE_CONFIDENCE_NOT_HIGH,,e1962266a20c67182dc11859d0b68f1b166dd3beddb591727f4a92ce5cf917e0,dc173056513066398538e9111023ca59004045cbd54fefa064d8293cc104bb5e
DYNDW:SAME_PROCESS_WICK_V1:BTCUSDT:5m:LOW:1787328900000:1787332199999,DYNDPROC:BTCUSDT:5m:LOW:1787328600000:1787332199999,BTCUSDT,LOW,76757,76846.3,2026-08-21T16:15:00.000Z,2026-08-21T17:09:59.999Z,1787332199999,14329,261.87737,0.003408,0.00874,0.00874,0.397132,1,0.198566,2,2.866227,3.643308,0.715539,0.238852,12,0,1,true,LOCAL_SWING,2004,1979,1,1,1,1,BEARISH,BEARISH,true,2026-07-03T01:19:59.999Z,false,dfd5e55df288b281f4762d19d948e075166e9cc7766f161de34927031dfa7396,HISTORICAL_TURNING_POINT_SIGNIFICANCE_V1,VALID,MEDIUM,VALID_LOCAL_TURN_WITH_CLEAR_REVERSAL,false,TURNING_SIGNIFICANCE_CONFIDENCE_NOT_HIGH,,e1962266a20c67182dc11859d0b68f1b166dd3beddb591727f4a92ce5cf917e0,24687456432bd4b8dc1d2517acd86e97ca1bf669a16c5a3e41b2a4627f9c59a8
DYNDW:SAME_PROCESS_WICK_V1:BTCUSDT:5m:HIGH:1787331900000:1787337899999,DYNDPROC:BTCUSDT:5m:HIGH:1787333400000:1787337899999,BTCUSDT,HIGH,77711.1,77629.2,2026-08-21T17:05:00.000Z,2026-08-21T18:44:59.999Z,1787337899999,14348,217.021527,0.002796,0.008815,0.008815,0.148833,0.040985,0.024806,6,3.265114,4.078858,0.622343,0.217674,15,0,2,true,LOCAL_SWING,2005,1980,4,3,3,4,BEARISH,BEARISH,true,2026-07-03T00:09:59.999Z,false,b64c5ec8e2cd229686e67f382fc4550791533e74b98228190e4265d264889871,HISTORICAL_TURNING_POINT_SIGNIFICANCE_V1,VALID,MEDIUM,STRONG_REVERSAL_WITH_STRUCTURAL_CHANGE,false,TURNING_SIGNIFICANCE_CONFIDENCE_NOT_HIGH,,e1962266a20c67182dc11859d0b68f1b166dd3beddb591727f4a92ce5cf917e0,b0740d6342fb79510f35fe60707384fa08a0dc306ff002cd6581317b1b046b0f
DYNDW:SAME_PROCESS_WICK_V1:BTCUSDT:5m:LOW:1787337900000:1787343599999,DYNDPROC:BTCUSDT:5m:LOW:1787337900000:1787343599999,BTCUSDT,LOW,76576.4,76669.2,2026-08-21T18:45:00.000Z,2026-08-21T20:19:59.999Z,1787343599999,14367,203.121732,0.002649,0.008857,0.008857,1.237681,1,0.618841,2,3.552057,4.379147,0.359761,0.18695,19,1,3,true,LOCAL_SWING,2009,1983,2,2,2,2,BEARISH,BEARISH,true,2026-07-03T01:19:59.999Z,false,2c88f4c68e23ad4dc5b89ec86e0e4f6d54038e0b3af7e62a6cc557473b7cfcf0,HISTORICAL_TURNING_POINT_SIGNIFICANCE_V1,VALID,MEDIUM,VALID_LOCAL_TURN_WITH_CLEAR_REVERSAL,false,TURNING_SIGNIFICANCE_CONFIDENCE_NOT_HIGH,,e1962266a20c67182dc11859d0b68f1b166dd3beddb591727f4a92ce5cf917e0,8e8b0f3b5841ce2185eb8da8b6d6fddcfb97681967791ec5ee39795b3b1a63be
DYNDW:SAME_PROCESS_WICK_V1:BTCUSDT:5m:HIGH:1787349900000:1787357399999,DYNDPROC:BTCUSDT:5m:HIGH:1787350200000:1787357399999,BTCUSDT,HIGH,78748.8,78740,2026-08-21T22:05:00.000Z,2026-08-22T00:09:59.999Z,1787357399999,14413,268.950818,0.003416,0.009165,0.009165,5.016902,0.416001,0.209038,24,3.261191,3.872455,0.308371,0.135883,24,2,3,true,LOCAL_SWING,2014,1989,3,2,2,3,BEARISH,BEARISH,true,2026-07-03T00:09:59.999Z,false,646b4f4add1e30cb74167b7aaef1f28e2ad18bf98c2f3978252bfb9caf1639f3,HISTORICAL_TURNING_POINT_SIGNIFICANCE_V1,VALID,MEDIUM,VALID_LOCAL_TURN_WITH_CLEAR_REVERSAL,false,TURNING_SIGNIFICANCE_CONFIDENCE_NOT_HIGH,,e1962266a20c67182dc11859d0b68f1b166dd3beddb591727f4a92ce5cf917e0,971f082b724362dadee2d13d57ef909df99b94521e7fc52696655cb073a5c0aa
DYNDW:SAME_PROCESS_WICK_V1:BTCUSDT:5m:LOW:1787359500000:1787367899999,DYNDPROC:BTCUSDT:5m:LOW:1787359500000:1787367899999,BTCUSDT,LOW,77649.7,77794.3,2026-08-22T00:45:00.000Z,2026-08-22T03:04:59.999Z,1787367899999,14448,221.819249,0.002851,0.009265,0.009265,0.309261,0.135734,0.034362,9,3.416295,4.415307,0.355441,0.122011,28,1,4,true,LOCAL_SWING,2019,1992,3,4,3,4,BEARISH,BEARISH,true,2026-07-03T01:19:59.999Z,false,3f797ebe434e0076c16973c944b65621556cfd81a959e9718d1b546cff114038,HISTORICAL_TURNING_POINT_SIGNIFICANCE_V1,VALID,MEDIUM,VALID_LOCAL_TURN_WITH_CLEAR_REVERSAL,false,TURNING_SIGNIFICANCE_CONFIDENCE_NOT_HIGH,,e1962266a20c67182dc11859d0b68f1b166dd3beddb591727f4a92ce5cf917e0,cc6f10e6183b5e1f239798ea8bc3a3c81423ddb131f7c2847920bb4f535cb19c
DYNDW:SAME_PROCESS_WICK_V1:BTCUSDT:5m:HIGH:1787369400000:1787375399999,DYNDPROC:BTCUSDT:5m:HIGH:1787369100000:1787375399999,BTCUSDT,HIGH,78831.8,78746.7,2026-08-22T03:30:00.000Z,2026-08-22T05:09:59.999Z,1787375399999,14473,187.031256,0.002375,0.008673,0.008673,1.040468,0.352026,0.173411,6,5.124812,5.615639,0.454201,0.244039,21,1,2,true,LOCAL_SWING,2023,1997,3,2,2,3,BEARISH,BEARISH,true,2026-07-03T00:09:59.999Z,false,d1cb480f76bef5d253d89cba4ce7531eab663559e0a549604f8076ab076e7ef5,HISTORICAL_TURNING_POINT_SIGNIFICANCE_V1,VALID,MEDIUM,STRONG_REVERSAL_WITH_STRUCTURAL_CHANGE,false,TURNING_SIGNIFICANCE_CONFIDENCE_NOT_HIGH,,e1962266a20c67182dc11859d0b68f1b166dd3beddb591727f4a92ce5cf917e0,136dbf5d8d83b90627e76dbade5103c99b82b966dcf99441fd20ae3b2fd1d74f
DYNDW:SAME_PROCESS_WICK_V1:BTCUSDT:5m:LOW:1787375400000:1787395499999,DYNDPROC:BTCUSDT:5m:LOW:1787394000000:1787395499999,BTCUSDT,LOW,76510,76600,2026-08-22T05:10:00.000Z,2026-08-22T10:44:59.999Z,1787395499999,14540,176.288941,0.002301,0.00738,0.00738,6.740071,0.189512,0.105314,64,3.230492,7.544432,0.966073,0.646098,5,0,1,true,LOCAL_SWING,2027,1999,9,9,9,9,BEARISH,BEARISH,true,2026-07-03T01:19:59.999Z,false,d98cb412b506e9b7903221912bbb457b72c3fa3bbd6bf514498acdd9f700a653,HISTORICAL_TURNING_POINT_SIGNIFICANCE_V1,VALID,MEDIUM,EFFICIENT_REVERSAL_FROM_EXTREME,false,TURNING_SIGNIFICANCE_CONFIDENCE_NOT_HIGH,,e1962266a20c67182dc11859d0b68f1b166dd3beddb591727f4a92ce5cf917e0,40b375bbd2951bf8e8be6ef23253fd41bf10556690f600f7fd42f2dcecbad153
DYNDW:SAME_PROCESS_WICK_V1:BTCUSDT:5m:HIGH:1787417100000:1787434799999,DYNDPROC:BTCUSDT:5m:HIGH:1787417100000:1787434799999,BTCUSDT,HIGH,77590.6,77464.3,2026-08-22T16:45:00.000Z,2026-08-22T21:39:59.999Z,1787434799999,14671,111.611141,0.001441,0.005696,0.005696,2.641313,0.084306,0.035693,74,4.159083,5.550521,0.16089,0.070493,59,5,7,true,LOCAL_SWING,2048,2018,10,8,8,10,BEARISH,BEARISH,true,2026-07-03T00:09:59.999Z,false,b340b0b39baccff9ed94168740e2c02b8fc667bbdb8d2ac99f243705e1f43935,HISTORICAL_TURNING_POINT_SIGNIFICANCE_V1,VALID,MEDIUM,VALID_LOCAL_TURN_WITH_CLEAR_REVERSAL,false,TURNING_SIGNIFICANCE_CONFIDENCE_NOT_HIGH,,e1962266a20c67182dc11859d0b68f1b166dd3beddb591727f4a92ce5cf917e0,7e70830a345de244c0dc0264a3e4c88c9e7f1999da78a64d127e24d3588305ed
DYNDW:SAME_PROCESS_WICK_V1:BTCUSDT:5m:LOW:1787436000000:1787445299999,DYNDPROC:BTCUSDT:5m:LOW:1787435700000:1787445299999,BTCUSDT,LOW,76772,76862.8,2026-08-22T22:00:00.000Z,2026-08-23T00:34:59.999Z,1787445299999,14706,101.353109,0.001319,0.004961,0.004961,1.35467,0.629528,0.270934,5,4.165634,5.208523,0.265101,0.130176,32,2,4,true,LOCAL_SWING,2058,2026,5,5,5,5,BEARISH,BEARISH,true,2026-07-03T01:19:59.999Z,false,3cbcd25e8fe3f59cc9ecbe746775e7018cb295ec722019ca5400347dbdb9842c,HISTORICAL_TURNING_POINT_SIGNIFICANCE_V1,VALID,MEDIUM,VALID_LOCAL_TURN_WITH_CLEAR_REVERSAL,false,TURNING_SIGNIFICANCE_CONFIDENCE_NOT_HIGH,,e1962266a20c67182dc11859d0b68f1b166dd3beddb591727f4a92ce5cf917e0,ca23a14f6e22e013d4ff6d85930a3ac7c82f9870fc074f60ae85d7d3f69fe7d2
DYNDW:SAME_PROCESS_WICK_V1:BTCUSDT:5m:HIGH:1787447400000:1787451299999,DYNDPROC:BTCUSDT:5m:HIGH:1787447400000:1787451299999,BTCUSDT,HIGH,77423.8,77423.8,2026-08-23T01:10:00.000Z,2026-08-23T02:14:59.999Z,1787451299999,14726,93.013616,0.001201,0.004564,0.004564,1.492255,0.309407,0.165806,9,3.870401,3.911255,0.730519,0.297723,13,0,2,true,LOCAL_SWING,2065,2032,2,1,1,2,BEARISH,BEARISH,true,2026-07-03T00:09:59.999Z,false,1aab056dd3a1ed12b044dab0f9432622c899aed0bc76b78710802590f4a5ee79,HISTORICAL_TURNING_POINT_SIGNIFICANCE_V1,VALID,MEDIUM,STRONG_REVERSAL_WITH_STRUCTURAL_CHANGE,false,TURNING_SIGNIFICANCE_CONFIDENCE_NOT_HIGH,,e1962266a20c67182dc11859d0b68f1b166dd3beddb591727f4a92ce5cf917e0,5d655ee5f89e38fc6891c889a63e8825339c8530d32b0256931e414caad1ab12
DYNDW:SAME_PROCESS_WICK_V1:BTCUSDT:5m:LOW:1787462100000:1787462699999,DYNDPROC:BTCUSDT:5m:LOW:1787461800000:1787462699999,BTCUSDT,LOW,75588,75896,2026-08-23T05:15:00.000Z,2026-08-23T05:24:59.999Z,1787462699999,14764,197.417358,0.002601,0.004029,0.004029,5.915387,0.416744,0.159875,37,2.024138,3.637471,1,0.674713,3,0,1,false,,2071,2038,0,0,0,0,BEARISH,BEARISH,true,2026-07-03T01:19:59.999Z,false,a93d2de5421b6621c6fc33bee6c189192833b2a2fcca17f31c50d57c76bf1961,HISTORICAL_TURNING_POINT_SIGNIFICANCE_V1,VALID,MEDIUM,EFFICIENT_REVERSAL_FROM_EXTREME,false,TURNING_SIGNIFICANCE_CONFIDENCE_NOT_HIGH,,e1962266a20c67182dc11859d0b68f1b166dd3beddb591727f4a92ce5cf917e0,441c9f5c4942bbc698011c2154e06f7c72879b8e7335fb10adfc357ff1d80ac6
DYNDW:SAME_PROCESS_WICK_V1:BTCUSDT:5m:HIGH:1787462700000:1787465399999,DYNDPROC:BTCUSDT:5m:HIGH:1787462400000:1787465399999,BTCUSDT,HIGH,76354.8,76295.6,2026-08-23T05:25:00.000Z,2026-08-23T06:09:59.999Z,1787465399999,14773,222.821599,0.002921,0.003987,0.003987,0,,0,1,1.65738,2.175732,0.721712,0.165738,10,0,1,true,LOCAL_SWING,2071,2039,1,0,0,1,BEARISH,BEARISH,true,2026-07-03T00:09:59.999Z,false,0d24b8e8345b28c6c22924c15e173c3b25d5c9a30a2bdf46b89924f456d298a8,HISTORICAL_TURNING_POINT_SIGNIFICANCE_V1,WEAK,MEDIUM,LOCAL_REVERSAL_WITH_LIMITED_SIGNIFICANCE,false,TURNING_SIGNIFICANCE_WEAK,,e1962266a20c67182dc11859d0b68f1b166dd3beddb591727f4a92ce5cf917e0,161cebbcfe55008a79ee43ffe1d65a569d73c0f333071545c86e7bcb00d1b43b
DYNDW:SAME_PROCESS_WICK_V1:BTCUSDT:5m:LOW:1787465100000:1787465999999,DYNDPROC:BTCUSDT:5m:LOW:1787465100000:1787465999999,BTCUSDT,LOW,75870,75926.3,2026-08-23T06:05:00.000Z,2026-08-23T06:19:59.999Z,1787465999999,14775,198.572306,0.002615,0.003893,0.003893,0,,0,1,1.881431,2.165458,1,0.627144,3,0,1,true,LOCAL_SWING,2072,2039,0,1,0,1,BEARISH,BEARISH,true,2026-07-03T01:19:59.999Z,false,8da5792c2367d1b7c3a0dc2bd9e45dfd3220d540fce390f099fd8febc194438f,HISTORICAL_TURNING_POINT_SIGNIFICANCE_V1,WEAK,MEDIUM,LOCAL_REVERSAL_WITH_LIMITED_SIGNIFICANCE,false,TURNING_SIGNIFICANCE_WEAK,,e1962266a20c67182dc11859d0b68f1b166dd3beddb591727f4a92ce5cf917e0,08bf7967a67d2ccf42e5c9ac89d0ccad53c57e0398c65831692dc543d30866b4
DYNDW:SAME_PROCESS_WICK_V1:BTCUSDT:5m:HIGH:1787466600000:1787471699999,DYNDPROC:BTCUSDT:5m:HIGH:1787466600000:1787471699999,BTCUSDT,HIGH,76380.2,76349.7,2026-08-23T06:30:00.000Z,2026-08-23T07:54:59.999Z,1787471699999,14794,188.274132,0.002466,0.003895,0.003895,0.264508,0.293632,0.066127,4,1.632726,1.938662,0.306175,0.096043,17,1,1,true,LOCAL_SWING,2072,2040,2,1,1,2,BEARISH,BEARISH,true,2026-07-03T00:09:59.999Z,false,f33e719cd9e6c9088a5bdbf1261a91df2397b03b7d275318317a1070b94abdf6,HISTORICAL_TURNING_POINT_SIGNIFICANCE_V1,WEAK,MEDIUM,LOCAL_REVERSAL_WITH_LIMITED_SIGNIFICANCE,false,TURNING_SIGNIFICANCE_WEAK,,e1962266a20c67182dc11859d0b68f1b166dd3beddb591727f4a92ce5cf917e0,1f4a77db117c84bceca00dc1417bd6f57710b83c229dc9520d0de66c8d9677d8
DYNDW:SAME_PROCESS_WICK_V1:BTCUSDT:5m:LOW:1787471700000:1787474099999,DYNDPROC:BTCUSDT:5m:LOW:1787471700000:1787474099999,BTCUSDT,LOW,75900,76020.3,2026-08-23T07:55:00.000Z,2026-08-23T08:34:59.999Z,1787474099999,14802,128.877437,0.001695,0.003671,0.003671,0.170705,1,0.085352,2,2.268822,3.328744,0.730635,0.283603,8,0,1,true,LOCAL_SWING,2075,2041,1,1,1,1,BEARISH,BEARISH,true,2026-07-03T01:19:59.999Z,false,0ee15fab1dd1a41e03724d781637bb6cef7cdf7b24a3ffcfa537c42de5dc5f23,HISTORICAL_TURNING_POINT_SIGNIFICANCE_V1,VALID,MEDIUM,VALID_LOCAL_TURN_WITH_CLEAR_REVERSAL,false,TURNING_SIGNIFICANCE_CONFIDENCE_NOT_HIGH,,e1962266a20c67182dc11859d0b68f1b166dd3beddb591727f4a92ce5cf917e0,cf7344c5312e6bcaf74d71a1f9b4c8030148cb502d00cd930c8eb67af053834f
DYNDW:SAME_PROCESS_WICK_V1:BTCUSDT:5m:HIGH:1787484900000:1787487299999,DYNDPROC:BTCUSDT:5m:HIGH:1787484900000:1787487299999,BTCUSDT,HIGH,77400,77379.1,2026-08-23T11:35:00.000Z,2026-08-23T12:14:59.999Z,1787487299999,14846,133.860267,0.00173,0.00359,0.00359,7.966516,0.423814,0.209645,38,2.265796,2.959803,0.505584,0.283224,8,0,2,true,LOCAL_SWING,2083,2046,2,1,1,2,BEARISH,BEARISH,true,2026-07-03T00:09:59.999Z,false,fbee73195bacb08799285bdd2823df80a584d19cb2896d9ce63c2ab804fb7356,HISTORICAL_TURNING_POINT_SIGNIFICANCE_V1,VALID,MEDIUM,VALID_LOCAL_TURN_WITH_CLEAR_REVERSAL,false,TURNING_SIGNIFICANCE_CONFIDENCE_NOT_HIGH,,e1962266a20c67182dc11859d0b68f1b166dd3beddb591727f4a92ce5cf917e0,9c5ee51515554cc8f8b05808ccf227ff721e66221ec58ddd088f22164edf3d03
DYNDW:SAME_PROCESS_WICK_V1:BTCUSDT:5m:LOW:1787487000000:1787490899999,DYNDPROC:BTCUSDT:5m:LOW:1787487900000:1787490899999,BTCUSDT,LOW,77003.8,77035.2,2026-08-23T12:10:00.000Z,2026-08-23T13:14:59.999Z,1787490899999,14858,119.20257,0.001547,0.00363,0.00363,0.340597,0.401186,0.085149,4,2.416894,2.803631,0.661538,0.241689,10,0,2,true,LOCAL_SWING,2085,2047,1,2,1,2,BEARISH,BEARISH,true,2026-07-03T01:19:59.999Z,false,e0c666f0dd5caae4bca720328eeaddf581514a5482a9ffc81407964c1ecd8529,HISTORICAL_TURNING_POINT_SIGNIFICANCE_V1,VALID,MEDIUM,VALID_LOCAL_TURN_WITH_CLEAR_REVERSAL,false,TURNING_SIGNIFICANCE_CONFIDENCE_NOT_HIGH,,e1962266a20c67182dc11859d0b68f1b166dd3beddb591727f4a92ce5cf917e0,c681c3617dbc22e5c7fbe45529cb9662bdb237bc800469d9f1205470b9346f5c
DYNDW:SAME_PROCESS_WICK_V1:BTCUSDT:5m:HIGH:1787490900000:1787496299999,DYNDPROC:BTCUSDT:5m:HIGH:1787490900000:1787496299999,BTCUSDT,HIGH,77771.6,77636.3,2026-08-23T13:15:00.000Z,2026-08-23T14:44:59.999Z,1787496299999,14876,119.459233,0.001539,0.003713,0.003713,2.620141,1,1.31007,2,5.2813,8.450582,0.412704,0.293406,18,1,2,true,LOCAL_SWING,2086,2049,4,3,3,4,BEARISH,BEARISH,true,2026-07-03T00:09:59.999Z,false,5944035b71cf6a2f104adc1acc223e8631610152d3a3f41faa751b7f04faf294,HISTORICAL_TURNING_POINT_SIGNIFICANCE_V1,VALID,MEDIUM,STRONG_REVERSAL_WITH_STRUCTURAL_CHANGE,false,TURNING_SIGNIFICANCE_CONFIDENCE_NOT_HIGH,,e1962266a20c67182dc11859d0b68f1b166dd3beddb591727f4a92ce5cf917e0,b7fc958f538c442c8bd24ea30e2cd27c0d1737f59a3cd4a04ef5439957048b87
DYNDW:SAME_PROCESS_WICK_V1:BTCUSDT:5m:LOW:1787496000000:1787502899999,DYNDPROC:BTCUSDT:5m:LOW:1787498100000:1787502899999,BTCUSDT,LOW,76762.1,76999.9,2026-08-23T14:40:00.000Z,2026-08-23T16:34:59.999Z,1787502899999,14898,173.641703,0.002255,0.004,0.004,0.031674,0.007818,0.003959,8,2.248884,3.961606,0.406136,0.140555,16,0,2,true,LOCAL_SWING,2090,2052,3,4,3,4,BEARISH,BEARISH,true,2026-07-03T01:19:59.999Z,false,d69a32388c0d44c8927ee1967da57f1d8ff2bbebefb5b523d2ccfe4b73bf379a,HISTORICAL_TURNING_POINT_SIGNIFICANCE_V1,VALID,MEDIUM,VALID_LOCAL_TURN_WITH_CLEAR_REVERSAL,false,TURNING_SIGNIFICANCE_CONFIDENCE_NOT_HIGH,,e1962266a20c67182dc11859d0b68f1b166dd3beddb591727f4a92ce5cf917e0,3d6da5e48e16d6dffafc0e4f6953439dbcd0b4e3e0ef411c640f0522675458df
DYNDW:SAME_PROCESS_WICK_V1:BTCUSDT:5m:HIGH:1787520300000:1787521199999,DYNDPROC:BTCUSDT:5m:HIGH:1787520300000:1787521199999,BTCUSDT,HIGH,78057.6,78000.8,2026-08-23T21:25:00.000Z,2026-08-23T21:39:59.999Z,1787521199999,14959,108.453618,0.00139,0.004079,0.004079,5.628212,0.229508,0.093804,60,3.479829,4.46827,1,1.159943,3,0,1,true,LOCAL_SWING,2102,2065,1,0,0,1,BEARISH,BEARISH,true,2026-07-03T00:09:59.999Z,false,045672a666085f4e34aeaa85cf135b393c9c8cb5a47b19dd4186f303f29b4fd4,HISTORICAL_TURNING_POINT_SIGNIFICANCE_V1,VALID,MEDIUM,EFFICIENT_REVERSAL_FROM_EXTREME,false,TURNING_SIGNIFICANCE_CONFIDENCE_NOT_HIGH,,e1962266a20c67182dc11859d0b68f1b166dd3beddb591727f4a92ce5cf917e0,6226574cac69f80f09e6cd4d6e28c7b85bdd49cf1f8220537451b4a27de59ccb
DYNDW:SAME_PROCESS_WICK_V1:BTCUSDT:5m:LOW:1787532300000:1787533199999,DYNDPROC:BTCUSDT:5m:LOW:1787532000000:1787533199999,BTCUSDT,LOW,77104.8,77214,2026-08-24T00:45:00.000Z,2026-08-24T00:59:59.999Z,1787533199999,14999,161.77315,0.002095,0.004254,0.004254,2.530704,0.159535,0.066597,38,2.844106,3.519125,1,0.711027,4,0,1,true,LOCAL_SWING,2109,2072,0,1,0,1,BEARISH,BEARISH,true,2026-07-03T01:19:59.999Z,false,509b90c5da3088e39f4198b9f3b54fafbfc637f4e52e5aa815f2f2df710a938d,HISTORICAL_TURNING_POINT_SIGNIFICANCE_V1,VALID,MEDIUM,EFFICIENT_REVERSAL_FROM_EXTREME,false,TURNING_SIGNIFICANCE_CONFIDENCE_NOT_HIGH,,e1962266a20c67182dc11859d0b68f1b166dd3beddb591727f4a92ce5cf917e0,da1519c09186923c1d1ef4519c188e0392c4a9bc214919dddd8b81699df94464
DYNDW:SAME_PROCESS_WICK_V1:BTCUSDT:5m:HIGH:1787533200000:1787534699999,DYNDPROC:BTCUSDT:5m:HIGH:1787532900000:1787534699999,BTCUSDT,HIGH,77715.9,77674.1,2026-08-24T01:00:00.000Z,2026-08-24T01:24:59.999Z,1787534699999,15004,175.882803,0.002264,0.004308,0.004308,0,,0,1,2.655177,2.893404,1,0.44253,6,0,1,true,LOCAL_SWING,2109,2073,1,0,0,1,BEARISH,BEARISH,true,2026-07-03T00:09:59.999Z,false,cdbea9bf920bfc032cb7e3191c31c1ae4d4ae3647cb1e3bdcee1fef186417b08,HISTORICAL_TURNING_POINT_SIGNIFICANCE_V1,WEAK,MEDIUM,LOCAL_REVERSAL_WITH_LIMITED_SIGNIFICANCE,false,TURNING_SIGNIFICANCE_WEAK,,e1962266a20c67182dc11859d0b68f1b166dd3beddb591727f4a92ce5cf917e0,58b0348564add4ee3430a74827f94d61b274f76efda14e2baec9b91ce3e273bf
DYNDW:SAME_PROCESS_WICK_V1:BTCUSDT:5m:LOW:1787536800000:1787537699999,DYNDPROC:BTCUSDT:5m:LOW:1787536500000:1787537699999,BTCUSDT,LOW,76857.1,76892.9,2026-08-24T02:00:00.000Z,2026-08-24T02:14:59.999Z,1787537699999,15014,173.794774,0.00226,0.004411,0.004411,1.807879,0.520026,0.225985,8,2.638744,3.210683,1,0.659686,4,0,1,true,LOCAL_SWING,2111,2073,0,1,0,1,BEARISH,BEARISH,true,2026-07-03T01:19:59.999Z,false,92a26b6cba4e2b8902cbc53a779f2559080a5a93c79ff5b5460084bc1261a22d,HISTORICAL_TURNING_POINT_SIGNIFICANCE_V1,VALID,MEDIUM,EFFICIENT_REVERSAL_FROM_EXTREME,false,TURNING_SIGNIFICANCE_CONFIDENCE_NOT_HIGH,,e1962266a20c67182dc11859d0b68f1b166dd3beddb591727f4a92ce5cf917e0,1bee32edd173d673ecad3e2da93fd848b33c9f078a0c0935ebf930ffb35bba61
DYNDW:SAME_PROCESS_WICK_V1:BTCUSDT:5m:HIGH:1787538900000:1787542199999,DYNDPROC:BTCUSDT:5m:HIGH:1787538600000:1787542199999,BTCUSDT,HIGH,77542.2,77486.1,2026-08-24T02:35:00.000Z,2026-08-24T03:29:59.999Z,1787542199999,15029,168.066131,0.002169,0.004483,0.004483,0.800875,0.588801,0.160175,5,2.26756,2.601357,0.555458,0.188963,12,0,1,true,LOCAL_SWING,2111,2074,2,1,1,2,BEARISH,BEARISH,true,2026-07-03T00:09:59.999Z,false,b9cc82bb4213c1bd420ceed0c071093b6f9de32c992e3c5f0972915596ca25dd,HISTORICAL_TURNING_POINT_SIGNIFICANCE_V1,VALID,MEDIUM,VALID_LOCAL_TURN_WITH_CLEAR_REVERSAL,false,TURNING_SIGNIFICANCE_CONFIDENCE_NOT_HIGH,,e1962266a20c67182dc11859d0b68f1b166dd3beddb591727f4a92ce5cf917e0,ea872382699ac167a8abddba00bd6c928b5a2dea655b958cd77e4011ec919b8f
DYNDW:SAME_PROCESS_WICK_V1:BTCUSDT:5m:LOW:1787547000000:1787548499999,DYNDPROC:BTCUSDT:5m:LOW:1787547000000:1787548499999,BTCUSDT,LOW,76649,76819,2026-08-24T04:50:00.000Z,2026-08-24T05:14:59.999Z,1787548499999,15050,140.934292,0.001835,0.004455,0.004455,2.029314,0.266592,0.11274,18,2.771504,4.006122,1,0.554301,5,0,1,true,LOCAL_SWING,2115,2076,0,1,0,1,BEARISH,BEARISH,true,2026-07-03T01:19:59.999Z,false,d25f6e6a4d4531e97917dbe1bd3980328c515daa33586033ce34bdca3ef0c9c4,HISTORICAL_TURNING_POINT_SIGNIFICANCE_V1,VALID,MEDIUM,EFFICIENT_REVERSAL_FROM_EXTREME,false,TURNING_SIGNIFICANCE_CONFIDENCE_NOT_HIGH,,e1962266a20c67182dc11859d0b68f1b166dd3beddb591727f4a92ce5cf917e0,f73d7d777830756ea863ecb04b046414bfbfe2e794fe6ee1630d92bbbba5e9dd
DYNDW:SAME_PROCESS_WICK_V1:BTCUSDT:5m:HIGH:1787555400000:1787557499999,DYNDPROC:BTCUSDT:5m:HIGH:1787555400000:1787557499999,BTCUSDT,HIGH,77789.7,77738.8,2026-08-24T07:10:00.000Z,2026-08-24T07:44:59.999Z,1787557499999,15080,132.173627,0.0017,0.00422,0.00422,4.003824,0.321039,0.160153,25,3.056586,3.442442,1,0.436655,7,0,1,true,LOCAL_SWING,2119,2081,1,0,0,1,BEARISH,BEARISH,true,2026-07-03T00:09:59.999Z,false,2888fbf9ca0b764c7a9f9c48ba53364b727a72b5f967f325a15c96b29c04138d,HISTORICAL_TURNING_POINT_SIGNIFICANCE_V1,VALID,MEDIUM,EFFICIENT_REVERSAL_FROM_EXTREME,false,TURNING_SIGNIFICANCE_CONFIDENCE_NOT_HIGH,,e1962266a20c67182dc11859d0b68f1b166dd3beddb591727f4a92ce5cf917e0,4d9b9002492d2030fe1b032074a209faa0d9af3cdeafb0843c91c6b652b6581f
DYNDW:SAME_PROCESS_WICK_V1:BTCUSDT:5m:LOW:1787559900000:1787562899999,DYNDPROC:BTCUSDT:5m:LOW:1787559900000:1787562899999,BTCUSDT,LOW,76802.9,76903.5,2026-08-24T08:25:00.000Z,2026-08-24T09:14:59.999Z,1787562899999,15098,137.072414,0.001782,0.004247,0.004247,3.146512,0.630832,0.314651,10,2.685442,3.694398,0.663363,0.268544,10,0,2,true,LOCAL_SWING,2121,2082,1,2,1,2,BEARISH,BEARISH,true,2026-07-03T01:19:59.999Z,false,973d5115a989bedef59f703a3ca287b485779de74dfdce293f8f823f73d19ed6,HISTORICAL_TURNING_POINT_SIGNIFICANCE_V1,VALID,MEDIUM,VALID_LOCAL_TURN_WITH_CLEAR_REVERSAL,false,TURNING_SIGNIFICANCE_CONFIDENCE_NOT_HIGH,,e1962266a20c67182dc11859d0b68f1b166dd3beddb591727f4a92ce5cf917e0,0775f966e97c98a07cf44ddd0a2a76c71c915740a9503409504e159bd9b49c39
DYNDW:SAME_PROCESS_WICK_V1:BTCUSDT:5m:HIGH:1787567400000:1787568899999,DYNDPROC:BTCUSDT:5m:HIGH:1787567400000:1787568899999,BTCUSDT,HIGH,78016.6,77958.9,2026-08-24T10:30:00.000Z,2026-08-24T10:54:59.999Z,1787568899999,15118,140.545783,0.001803,0.004248,0.004248,4.890221,0.660548,0.28766,17,2.389257,3.04954,0.676743,0.477851,5,0,2,true,LOCAL_SWING,2122,2085,1,0,0,1,BEARISH,BEARISH,true,2026-07-03T00:09:59.999Z,false,f013b5a3f7e67267c527ba60ac4a80f3510046180430ba93511877f3ed19c791,HISTORICAL_TURNING_POINT_SIGNIFICANCE_V1,VALID,MEDIUM,VALID_LOCAL_TURN_WITH_CLEAR_REVERSAL,false,TURNING_SIGNIFICANCE_CONFIDENCE_NOT_HIGH,,e1962266a20c67182dc11859d0b68f1b166dd3beddb591727f4a92ce5cf917e0,1c19d8bf2dba7d3ff4fbc709ec151bc4abbe4e30cc6afc87929158ba02d04371
DYNDW:SAME_PROCESS_WICK_V1:BTCUSDT:5m:LOW:1787569200000:1787571299999,DYNDPROC:BTCUSDT:5m:LOW:1787569200000:1787571299999,BTCUSDT,LOW,77434.8,77587.5,2026-08-24T11:00:00.000Z,2026-08-24T11:34:59.999Z,1787571299999,15126,149.438027,0.001926,0.00429,0.00429,0.238226,1,0.079409,3,3.632944,4.823404,0.896022,0.518992,7,0,1,true,LOCAL_SWING,2123,2085,0,1,0,1,BEARISH,BEARISH,true,2026-07-03T01:19:59.999Z,false,f0e56f24fd5159370aff31ad8e349667d3d194109a39711dc4ba464344e5968c,HISTORICAL_TURNING_POINT_SIGNIFICANCE_V1,VALID,MEDIUM,VALID_LOCAL_TURN_WITH_CLEAR_REVERSAL,false,TURNING_SIGNIFICANCE_CONFIDENCE_NOT_HIGH,,e1962266a20c67182dc11859d0b68f1b166dd3beddb591727f4a92ce5cf917e0,77922b6a796ca2b526ebc00a5baa948bca444953304de77ed49f7a75dd70916f
DYNDW:SAME_PROCESS_WICK_V1:BTCUSDT:5m:HIGH:1787571900000:1787572199999,DYNDPROC:BTCUSDT:5m:HIGH:1787571600000:1787572199999,BTCUSDT,HIGH,78594.2,78559.5,2026-08-24T11:45:00.000Z,2026-08-24T11:49:59.999Z,1787572199999,15129,180.494847,0.002298,0.004314,0.004314,2.377353,1,0.792451,3,2.056014,2.411149,1,1.028007,2,0,1,false,,2123,2086,0,0,0,0,BEARISH,BEARISH,true,2026-07-03T00:09:59.999Z,false,40836c1ce77f9011dc67cd57ccf74beca129fb9a920e28ddd3e93c7e540b84ca,HISTORICAL_TURNING_POINT_SIGNIFICANCE_V1,VALID,MEDIUM,EFFICIENT_REVERSAL_FROM_EXTREME,false,TURNING_SIGNIFICANCE_CONFIDENCE_NOT_HIGH,,e1962266a20c67182dc11859d0b68f1b166dd3beddb591727f4a92ce5cf917e0,25cb85ef0c803bbfce85465ecb8dadb8aca088b9fc1acf7ed8ff44ecd712796c
DYNDW:SAME_PROCESS_WICK_V1:BTCUSDT:5m:LOW:1787573700000:1787574899999,DYNDPROC:BTCUSDT:5m:LOW:1787573400000:1787574899999,BTCUSDT,LOW,77950,78127,2026-08-24T12:15:00.000Z,2026-08-24T12:34:59.999Z,1787574899999,15138,199.197537,0.00255,0.004498,0.004498,0.308237,0.095194,0.051373,6,1.969904,3.89061,1,0.393981,5,0,1,true,LOCAL_SWING,2124,2087,0,1,0,1,BEARISH,BEARISH,true,2026-07-03T01:19:59.999Z,false,4a1561087cc969f41c40181bbf07aae8df7e7a2c58b7958b2a45da1e46386bfb,HISTORICAL_TURNING_POINT_SIGNIFICANCE_V1,VALID,MEDIUM,EFFICIENT_REVERSAL_FROM_EXTREME,false,TURNING_SIGNIFICANCE_CONFIDENCE_NOT_HIGH,,e1962266a20c67182dc11859d0b68f1b166dd3beddb591727f4a92ce5cf917e0,398f456187299296d726143372a5a0d1ebb9da52d33af06907d1678cac3a6846
DYNDW:SAME_PROCESS_WICK_V1:BTCUSDT:5m:HIGH:1787577000000:1787578499999,DYNDPROC:BTCUSDT:5m:HIGH:1787576700000:1787578499999,BTCUSDT,HIGH,79440.8,79222,2026-08-24T13:10:00.000Z,2026-08-24T13:34:59.999Z,1787578499999,15150,239.074327,0.003018,0.004653,0.004653,2.938835,0.680814,0.367354,8,1.906938,3.784597,0.924184,0.317823,6,0,1,true,LOCAL_SWING,2125,2088,1,1,1,1,BEARISH,BEARISH,true,2026-07-03T00:09:59.999Z,false,a4ea6de847e9e651ea7989526c21e959194232f6297a8e29892d5a9bd9db7c09,HISTORICAL_TURNING_POINT_SIGNIFICANCE_V1,VALID,MEDIUM,EFFICIENT_REVERSAL_FROM_EXTREME,false,TURNING_SIGNIFICANCE_CONFIDENCE_NOT_HIGH,,e1962266a20c67182dc11859d0b68f1b166dd3beddb591727f4a92ce5cf917e0,e8f92e70b0528714dbb560f0c017bb82098dfb8b18511f139adc65c5f4bbb98f
DYNDW:SAME_PROCESS_WICK_V1:BTCUSDT:5m:LOW:1787579100000:1787580299999,DYNDPROC:BTCUSDT:5m:LOW:1787578800000:1787580299999,BTCUSDT,LOW,77800,78256.2,2026-08-24T13:45:00.000Z,2026-08-24T14:04:59.999Z,1787580299999,15156,279.57566,0.003573,0.00469,0.00469,1.823835,1,0.607945,3,1.561295,3.741742,1,0.312259,5,1,1,true,LOCAL_SWING,2126,2089,0,1,0,1,BEARISH,BEARISH,true,2026-07-03T01:19:59.999Z,false,31f58ce2a867d50c96e85ef96c1e62d05b9d499745e39cb05372bb89d2c18d08,HISTORICAL_TURNING_POINT_SIGNIFICANCE_V1,VALID,MEDIUM,VALID_LOCAL_TURN_WITH_CLEAR_REVERSAL,false,TURNING_SIGNIFICANCE_CONFIDENCE_NOT_HIGH,,e1962266a20c67182dc11859d0b68f1b166dd3beddb591727f4a92ce5cf917e0,2c3e81d3971fd7946c30f437c5ea53fdebeaa3d7ae2661e1cd6f535f6dd499fc
DYNDW:SAME_PROCESS_WICK_V1:BTCUSDT:5m:HIGH:1787585400000:1787586299999,DYNDPROC:BTCUSDT:5m:HIGH:1787584800000:1787586299999,BTCUSDT,HIGH,79974.8,79873.1,2026-08-24T15:30:00.000Z,2026-08-24T15:44:59.999Z,1787586299999,15176,315.340184,0.003948,0.004901,0.004901,3.743259,0.460626,0.220192,17,1.93537,3.188937,1,0.387074,5,0,1,true,LOCAL_SWING,2127,2092,1,0,0,1,BEARISH,BEARISH,true,2026-07-03T00:09:59.999Z,false,429dc6208de52626c7d4a355d653a816c419247db316dbe6ab624c5ac5b8b8b7,HISTORICAL_TURNING_POINT_SIGNIFICANCE_V1,VALID,MEDIUM,EFFICIENT_REVERSAL_FROM_EXTREME,false,TURNING_SIGNIFICANCE_CONFIDENCE_NOT_HIGH,,e1962266a20c67182dc11859d0b68f1b166dd3beddb591727f4a92ce5cf917e0,bcc3f99223dc06144dea96dcf259330aacfab11629c2782553d65acba3abb37a
DYNDW:SAME_PROCESS_WICK_V1:BTCUSDT:5m:LOW:1787586900000:1787588399999,DYNDPROC:BTCUSDT:5m:LOW:1787586900000:1787588399999,BTCUSDT,LOW,78777.8,79069.3,2026-08-24T15:55:00.000Z,2026-08-24T16:19:59.999Z,1787588399999,15183,346.041666,0.004376,0.004997,0.004997,0.559181,1,0.139795,4,2.119687,3.068995,1,0.423937,5,0,1,true,LOCAL_SWING,2128,2093,0,1,0,1,BEARISH,BEARISH,true,2026-07-03T01:19:59.999Z,false,316e393b7674736a6d8720657162505f3cced19de651b7b558652e0be4a23331,HISTORICAL_TURNING_POINT_SIGNIFICANCE_V1,VALID,MEDIUM,VALID_LOCAL_TURN_WITH_CLEAR_REVERSAL,false,TURNING_SIGNIFICANCE_CONFIDENCE_NOT_HIGH,,e1962266a20c67182dc11859d0b68f1b166dd3beddb591727f4a92ce5cf917e0,383f851ee3ac8221e3df35b3c4871350da4e424fbdd61fc7025e2f9f2d9da0ac
DYNDW:SAME_PROCESS_WICK_V1:BTCUSDT:5m:HIGH:1787588100000:1787589899999,DYNDPROC:BTCUSDT:5m:HIGH:1787588100000:1787589899999,BTCUSDT,HIGH,79839.8,79802.8,2026-08-24T16:15:00.000Z,2026-08-24T16:44:59.999Z,1787589899999,15188,331.186217,0.00415,0.005091,0.005091,0,,0,1,1.399515,1.529955,0.931284,0.233252,6,0,1,true,LOCAL_SWING,2128,2094,1,0,0,1,BEARISH,BEARISH,true,2026-07-03T00:09:59.999Z,false,ccc7280e50a70227e5629fccab55074fe16e409263687f42433bb964757f89e3,HISTORICAL_TURNING_POINT_SIGNIFICANCE_V1,WEAK,MEDIUM,LOCAL_REVERSAL_WITH_LIMITED_SIGNIFICANCE,false,TURNING_SIGNIFICANCE_WEAK,,e1962266a20c67182dc11859d0b68f1b166dd3beddb591727f4a92ce5cf917e0,9d207d6c0906b8e7cf97013daf8f3bc91e9506b8fb313698cf0d8a388f0a930c
DYNDW:SAME_PROCESS_WICK_V1:BTCUSDT:5m:LOW:1787592000000:1787595299999,DYNDPROC:BTCUSDT:5m:LOW:1787592300000:1787595299999,BTCUSDT,LOW,78410,78505,2026-08-24T17:20:00.000Z,2026-08-24T18:14:59.999Z,1787595299999,15206,316.628329,0.004033,0.005397,0.005397,2.634951,0.484242,0.263495,10,1.47839,1.852014,0.456371,0.147839,10,0,0,true,LOCAL_SWING,2131,2095,1,1,1,1,BEARISH,BEARISH,true,2026-07-03T01:19:59.999Z,false,3800849d527a54d0342930a87d3e459983fbbe1910ec48c4e96415dcde3b5941,HISTORICAL_TURNING_POINT_SIGNIFICANCE_V1,VALID,MEDIUM,VALID_LOCAL_TURN_WITH_CLEAR_REVERSAL,false,TURNING_SIGNIFICANCE_CONFIDENCE_NOT_HIGH,,e1962266a20c67182dc11859d0b68f1b166dd3beddb591727f4a92ce5cf917e0,dae1a3405011d13f08a535bae58cdb3e84d55c3bc1257f0a851803d6e64b4aa3
DYNDW:SAME_PROCESS_WICK_V1:BTCUSDT:5m:HIGH:1787598600000:1787601899999,DYNDPROC:BTCUSDT:5m:HIGH:1787597100000:1787601899999,BTCUSDT,HIGH,79089.1,79015,2026-08-24T19:10:00.000Z,2026-08-24T20:04:59.999Z,1787601899999,15228,221.660619,0.002805,0.0055,0.0055,0.189028,0.093506,0.023628,8,2.167728,2.566085,0.431677,0.135483,16,0,2,true,LOCAL_SWING,2134,2097,2,1,1,2,BEARISH,BEARISH,true,2026-07-03T00:09:59.999Z,false,ac024d4bd7a0399901b5f73b4f0b1820a1be51f1bd74a7f63e513b9f5f80c38b,HISTORICAL_TURNING_POINT_SIGNIFICANCE_V1,WEAK,MEDIUM,LOCAL_REVERSAL_WITH_LIMITED_SIGNIFICANCE,false,TURNING_SIGNIFICANCE_WEAK,,e1962266a20c67182dc11859d0b68f1b166dd3beddb591727f4a92ce5cf917e0,b7b964af8daed6371320f4a9b04a7959dfac28bd6cee321a424e3bfe8a7032cc
DYNDW:SAME_PROCESS_WICK_V1:BTCUSDT:5m:LOW:1787601600000:1787605499999,DYNDPROC:BTCUSDT:5m:LOW:1787601600000:1787605499999,BTCUSDT,LOW,78520.3,78534.5,2026-08-24T20:00:00.000Z,2026-08-24T21:04:59.999Z,1787605499999,15240,197.003846,0.002509,0.005589,0.005589,0,,0,1,2.235489,2.344117,0.464459,0.171961,13,0,1,true,LOCAL_SWING,2136,2098,1,2,1,2,BEARISH,BEARISH,true,2026-07-03T01:19:59.999Z,false,e6d6fbdeb4ede7adcddec393391a58727e9d5a4de41bbe5bda6444b9b0694e03,HISTORICAL_TURNING_POINT_SIGNIFICANCE_V1,VALID,MEDIUM,VALID_LOCAL_TURN_WITH_CLEAR_REVERSAL,false,TURNING_SIGNIFICANCE_CONFIDENCE_NOT_HIGH,,e1962266a20c67182dc11859d0b68f1b166dd3beddb591727f4a92ce5cf917e0,0658bbc2225a080b06b99e3e38fe0fb5e19a6f8d8dfdf84b48240d541a30716c
DYNDW:SAME_PROCESS_WICK_V1:BTCUSDT:5m:HIGH:1787624100000:1787629799999,DYNDPROC:BTCUSDT:5m:HIGH:1787624700000:1787629799999,BTCUSDT,HIGH,81270.5,80981.6,2026-08-25T02:15:00.000Z,2026-08-25T03:49:59.999Z,1787629799999,15321,302.188188,0.003732,0.006082,0.006082,6.640564,0.336474,0.100615,66,1.777038,4.897941,0.36186,0.104532,17,0,2,true,LOCAL_SWING,2148,2109,4,2,2,4,BEARISH,BEARISH,true,2026-07-03T00:09:59.999Z,false,9de347cce9fd12e37178c6d4977703c48270645d1d20e552b4558679c7838ea8,HISTORICAL_TURNING_POINT_SIGNIFICANCE_V1,VALID,MEDIUM,VALID_LOCAL_TURN_WITH_CLEAR_REVERSAL,false,TURNING_SIGNIFICANCE_CONFIDENCE_NOT_HIGH,,e1962266a20c67182dc11859d0b68f1b166dd3beddb591727f4a92ce5cf917e0,7c1528acb9c478c6c0ef9bf26b4813fae0f870c82be7c3f763d09c414f3e7aec
DYNDW:SAME_PROCESS_WICK_V1:BTCUSDT:5m:LOW:1787632200000:1787636099999,DYNDPROC:BTCUSDT:5m:LOW:1787632800000:1787636099999,BTCUSDT,LOW,80128,80216.9,2026-08-25T04:30:00.000Z,2026-08-25T05:34:59.999Z,1787636099999,15342,217.470793,0.002711,0.006184,0.006184,1.047037,0.22677,0.087253,12,2.634837,3.044087,0.772029,0.239531,11,0,2,true,LOCAL_SWING,2152,2112,0,2,0,2,BEARISH,BEARISH,true,2026-07-03T01:19:59.999Z,false,3d405b72a54b04d27022f1568f93b37f0c0fc83e09085d3b7b5086d91f5d31a8,HISTORICAL_TURNING_POINT_SIGNIFICANCE_V1,VALID,MEDIUM,VALID_LOCAL_TURN_WITH_CLEAR_REVERSAL,false,TURNING_SIGNIFICANCE_CONFIDENCE_NOT_HIGH,,e1962266a20c67182dc11859d0b68f1b166dd3beddb591727f4a92ce5cf917e0,bd58a974fb818e9ec9ea8d9c29f08852a34e07ebec0a54b01bf0237b6969b33a
DYNDW:SAME_PROCESS_WICK_V1:BTCUSDT:5m:HIGH:1787638800000:1787644199999,DYNDPROC:BTCUSDT:5m:HIGH:1787638200000:1787644199999,BTCUSDT,HIGH,80912,80812.8,2026-08-25T06:20:00.000Z,2026-08-25T07:49:59.999Z,1787644199999,15369,153.436875,0.001899,0.006126,0.006126,0.149247,0.053095,0.016583,9,6.193426,8.120603,0.567648,0.309671,20,1,3,true,LOCAL_SWING,2154,2115,3,1,1,3,BEARISH,BEARISH,true,2026-07-03T00:09:59.999Z,false,43720fdb7025beeccd9b3bd8096189658ea915ad0502bdab4b23e7423946e14b,HISTORICAL_TURNING_POINT_SIGNIFICANCE_V1,VALID,MEDIUM,STRONG_REVERSAL_WITH_STRUCTURAL_CHANGE,false,TURNING_SIGNIFICANCE_CONFIDENCE_NOT_HIGH,,e1962266a20c67182dc11859d0b68f1b166dd3beddb591727f4a92ce5cf917e0,007e636262163dfb7ed94f4c402a6bd5c799fe65ba6f9154adfbac35139139f9
DYNDW:SAME_PROCESS_WICK_V1:BTCUSDT:5m:LOW:1787665800000:1787666999999,DYNDPROC:BTCUSDT:5m:LOW:1787665800000:1787666999999,BTCUSDT,LOW,78100.1,78334.6,2026-08-25T13:50:00.000Z,2026-08-25T14:09:59.999Z,1787666999999,15445,245.929171,0.003139,0.006301,0.006301,6.212764,0.222911,0.083956,74,2.372634,3.442048,1,0.593159,4,0,1,true,LOCAL_SWING,2166,2126,0,1,0,1,BEARISH,BEARISH,true,2026-07-03T01:19:59.999Z,false,cb0d67985dbcb0570717b0983272a75f1e5463c15b67d071957abef4bef4e13f,HISTORICAL_TURNING_POINT_SIGNIFICANCE_V1,VALID,MEDIUM,EFFICIENT_REVERSAL_FROM_EXTREME,false,TURNING_SIGNIFICANCE_CONFIDENCE_NOT_HIGH,,e1962266a20c67182dc11859d0b68f1b166dd3beddb591727f4a92ce5cf917e0,aeb928525656bfc66286dd28a3fe04a083735f453b9cee7fa3d8434ca43f1ae4
DYNDW:SAME_PROCESS_WICK_V1:BTCUSDT:5m:HIGH:1787673600000:1787677799999,DYNDPROC:BTCUSDT:5m:HIGH:1787673300000:1787677799999,BTCUSDT,HIGH,79539.9,79463.1,2026-08-25T16:00:00.000Z,2026-08-25T17:09:59.999Z,1787677799999,15481,194.824086,0.002452,0.006003,0.006003,2.797395,0.335014,0.121626,23,2.703978,3.668438,0.431803,0.180265,15,0,2,true,LOCAL_SWING,2169,2129,3,1,1,3,BEARISH,BEARISH,true,2026-07-03T00:09:59.999Z,false,c4afac09860a658b6fd4f22ec8d93ed5b7013f5276f08c49b93fcd4299964786,HISTORICAL_TURNING_POINT_SIGNIFICANCE_V1,VALID,MEDIUM,VALID_LOCAL_TURN_WITH_CLEAR_REVERSAL,false,TURNING_SIGNIFICANCE_CONFIDENCE_NOT_HIGH,,e1962266a20c67182dc11859d0b68f1b166dd3beddb591727f4a92ce5cf917e0,baf40ac79b2375c845bc662a3786d9099eb3d189764d2e88c75fb660c2f9a67c
DYNDW:SAME_PROCESS_WICK_V1:BTCUSDT:5m:LOW:1787678700000:1787681399999,DYNDPROC:BTCUSDT:5m:LOW:1787678700000:1787681399999,BTCUSDT,LOW,78709.7,78777.4,2026-08-25T17:25:00.000Z,2026-08-25T18:09:59.999Z,1787681399999,15493,164.094258,0.002083,0.005678,0.005678,0.968346,0.886224,0.193669,5,2.7795,3.565634,0.901205,0.308833,9,0,2,true,LOCAL_SWING,2172,2131,0,1,0,1,BEARISH,BEARISH,true,2026-07-03T01:19:59.999Z,false,be0a949aad9c52b76ef3baf6e57bea97116e5d1e3df86dc1838edac851e46339,HISTORICAL_TURNING_POINT_SIGNIFICANCE_V1,VALID,MEDIUM,EFFICIENT_REVERSAL_FROM_EXTREME,false,TURNING_SIGNIFICANCE_CONFIDENCE_NOT_HIGH,,e1962266a20c67182dc11859d0b68f1b166dd3beddb591727f4a92ce5cf917e0,42a0b7e47ef8339eed05189eac1b467520378131a86524095826d828f31fb7f6
DYNDW:SAME_PROCESS_WICK_V1:BTCUSDT:5m:HIGH:1787681400000:1787687099999,DYNDPROC:BTCUSDT:5m:HIGH:1787681400000:1787687099999,BTCUSDT,HIGH,79368.4,79289.1,2026-08-25T18:10:00.000Z,2026-08-25T19:44:59.999Z,1787687099999,15512,143.592557,0.001811,0.005629,0.005629,0.387207,1,0.193603,2,4.032939,4.81362,0.470087,0.21226,19,1,4,true,LOCAL_SWING,2172,2132,3,2,2,3,BEARISH,BEARISH,true,2026-07-03T00:09:59.999Z,false,27f2da93e0ed0c4f238620eb7289da81fde02305f447fd9cad140a629e263ec9,HISTORICAL_TURNING_POINT_SIGNIFICANCE_V1,VALID,MEDIUM,STRONG_REVERSAL_WITH_STRUCTURAL_CHANGE,false,TURNING_SIGNIFICANCE_CONFIDENCE_NOT_HIGH,,e1962266a20c67182dc11859d0b68f1b166dd3beddb591727f4a92ce5cf917e0,0b818a296bb3c52a3b62c3db4ba51f3194efdefce24752c082eeba54002b86f8
DYNDW:SAME_PROCESS_WICK_V1:BTCUSDT:5m:LOW:1787691900000:1787692799999,DYNDPROC:BTCUSDT:5m:LOW:1787691900000:1787692799999,BTCUSDT,LOW,77808.1,77941.5,2026-08-25T21:05:00.000Z,2026-08-25T21:19:59.999Z,1787692799999,15531,191.653896,0.002459,0.005658,0.005658,4.009832,0.476471,0.222768,18,2.496688,3.271522,1,0.832229,3,0,1,true,LOCAL_SWING,2177,2136,0,1,0,1,BEARISH,BEARISH,true,2026-07-03T01:19:59.999Z,false,f995ea3203616e317566f01f981a62adecbe1d9396a35862f8d2061070579591,HISTORICAL_TURNING_POINT_SIGNIFICANCE_V1,VALID,MEDIUM,EFFICIENT_REVERSAL_FROM_EXTREME,false,TURNING_SIGNIFICANCE_CONFIDENCE_NOT_HIGH,,e1962266a20c67182dc11859d0b68f1b166dd3beddb591727f4a92ce5cf917e0,0648c7570adee89e1fca94a38eb09fff21a80418caf57e5f2d2b351048ab0f42
DYNDW:SAME_PROCESS_WICK_V1:BTCUSDT:5m:HIGH:1787696100000:1787701799999,DYNDPROC:BTCUSDT:5m:HIGH:1787698800000:1787701799999,BTCUSDT,HIGH,78980,78927.8,2026-08-25T22:15:00.000Z,2026-08-25T23:49:59.999Z,1787701799999,15561,149.344252,0.001892,0.005795,0.005795,3.400198,0.327655,0.154554,22,3.169858,4.081844,0.535884,0.316986,10,0,2,true,LOCAL_SWING,2178,2138,3,2,2,3,BEARISH,BEARISH,true,2026-07-03T00:09:59.999Z,false,67adc9a42e701bab84b4c7f1e322744fd71f80ae56248e2a0183dc5ceeb93268,HISTORICAL_TURNING_POINT_SIGNIFICANCE_V1,VALID,MEDIUM,STRONG_REVERSAL_WITH_STRUCTURAL_CHANGE,false,TURNING_SIGNIFICANCE_CONFIDENCE_NOT_HIGH,,e1962266a20c67182dc11859d0b68f1b166dd3beddb591727f4a92ce5cf917e0,bf0a7ab0fbbf041cf139223a646c96ea1b5cd1faa78a09f37bb3ef55722a0ad5
DYNDW:SAME_PROCESS_WICK_V1:BTCUSDT:5m:LOW:1787702700000:1787707199999,DYNDPROC:BTCUSDT:5m:LOW:1787703000000:1787707199999,BTCUSDT,LOW,78252.8,78324.1,2026-08-26T00:05:00.000Z,2026-08-26T01:19:59.999Z,1787707199999,15579,168.097732,0.002146,0.005855,0.005855,0.775144,0.35283,0.129191,6,3.003015,3.671674,0.417812,0.214501,14,1,2,true,LOCAL_SWING,2182,2141,2,2,2,2,BEARISH,BEARISH,true,2026-07-03T01:19:59.999Z,false,917fbc4d1e995af80831f3bd3dd118fa400233a8bdc7ebf54058f159786fbd84,HISTORICAL_TURNING_POINT_SIGNIFICANCE_V1,VALID,MEDIUM,VALID_LOCAL_TURN_WITH_CLEAR_REVERSAL,false,TURNING_SIGNIFICANCE_CONFIDENCE_NOT_HIGH,,e1962266a20c67182dc11859d0b68f1b166dd3beddb591727f4a92ce5cf917e0,f9ecce92ae09f061b57b4f3598f5892965929dc5965f90354bec2b32ce520b5e
DYNDW:SAME_PROCESS_WICK_V1:BTCUSDT:5m:HIGH:1787711100000:1787720699999,DYNDPROC:BTCUSDT:5m:HIGH:1787711100000:1787720699999,BTCUSDT,HIGH,79200,79185.1,2026-08-26T02:25:00.000Z,2026-08-26T05:04:59.999Z,1787720699999,15624,134.851108,0.001703,0.005089,0.005089,2.641432,0.322353,0.176095,15,3.390406,3.557257,0.27443,0.10595,32,1,2,true,LOCAL_SWING,2186,2145,4,5,5,4,BEARISH,BEARISH,true,2026-07-03T00:09:59.999Z,false,727dc5ed941f7dd0104815c2ec8ca0326bb37344f99149e891520b8da6f62647,HISTORICAL_TURNING_POINT_SIGNIFICANCE_V1,VALID,MEDIUM,VALID_LOCAL_TURN_WITH_CLEAR_REVERSAL,false,TURNING_SIGNIFICANCE_CONFIDENCE_NOT_HIGH,,e1962266a20c67182dc11859d0b68f1b166dd3beddb591727f4a92ce5cf917e0,7c4d947ed49cecb148ba8d884d4c0313bd95ee99f870aab16c691fbd11428f54
DYNDW:SAME_PROCESS_WICK_V1:BTCUSDT:5m:LOW:1787720700000:1787724599999,DYNDPROC:BTCUSDT:5m:LOW:1787721300000:1787724599999,BTCUSDT,LOW,78600,78714.9,2026-08-26T05:05:00.000Z,2026-08-26T06:09:59.999Z,1787724599999,15637,126.942762,0.001613,0.00496,0.00496,0.102408,0.045233,0.025602,4,3.331423,4.570564,0.567575,0.302857,11,1,2,true,LOCAL_SWING,2190,2150,1,2,1,2,BEARISH,BEARISH,true,2026-07-03T01:19:59.999Z,false,d3ff9f3bca5e546499d7c13d38ca4d1421ef9bdf62602a659dde2dc32b39d689,HISTORICAL_TURNING_POINT_SIGNIFICANCE_V1,VALID,MEDIUM,VALID_LOCAL_TURN_WITH_CLEAR_REVERSAL,false,TURNING_SIGNIFICANCE_CONFIDENCE_NOT_HIGH,,e1962266a20c67182dc11859d0b68f1b166dd3beddb591727f4a92ce5cf917e0,cc8aec4a7fbb890401434b1ad631f37e41f4f99c6e549ef9e0f1eec1573884c3
DYNDW:SAME_PROCESS_WICK_V1:BTCUSDT:5m:HIGH:1787724300000:1787734499999,DYNDPROC:BTCUSDT:5m:HIGH:1787724300000:1787734499999,BTCUSDT,HIGH,79180.2,79137.8,2026-08-26T06:05:00.000Z,2026-08-26T08:54:59.999Z,1787734499999,15670,129.158015,0.001632,0.005002,0.005002,0,,0,1,3.65289,3.98117,0.270156,0.107438,34,2,3,true,LOCAL_SWING,2191,2152,7,6,6,7,BEARISH,BEARISH,true,2026-07-03T00:09:59.999Z,false,b5a93015343e700ac0ee400f370e42e24b751e1d71fe198eafad01ddbc63b41c,HISTORICAL_TURNING_POINT_SIGNIFICANCE_V1,WEAK,MEDIUM,LOCAL_REVERSAL_WITH_LIMITED_SIGNIFICANCE,false,TURNING_SIGNIFICANCE_WEAK,,e1962266a20c67182dc11859d0b68f1b166dd3beddb591727f4a92ce5cf917e0,db5223cbde0f08906c80a6375f330ce263dc60f836018e9342b4ff818293f594
DYNDW:SAME_PROCESS_WICK_V1:BTCUSDT:5m:LOW:1787737500000:1787740799999,DYNDPROC:BTCUSDT:5m:LOW:1787738400000:1787740799999,BTCUSDT,LOW,78208,78287.3,2026-08-26T09:45:00.000Z,2026-08-26T10:39:59.999Z,1787740799999,15691,133.922971,0.001711,0.00454,0.00454,2.827745,0.306516,0.188516,15,3.11149,4.273352,1,0.388936,8,0,1,true,LOCAL_SWING,2200,2160,1,2,1,2,BEARISH,BEARISH,true,2026-07-03T01:19:59.999Z,false,66a786983ca541117edae1bc136406971a308e1ff6a81a72998325e21fca6ba1,HISTORICAL_TURNING_POINT_SIGNIFICANCE_V1,VALID,MEDIUM,EFFICIENT_REVERSAL_FROM_EXTREME,false,TURNING_SIGNIFICANCE_CONFIDENCE_NOT_HIGH,,e1962266a20c67182dc11859d0b68f1b166dd3beddb591727f4a92ce5cf917e0,9582bcf33b92112959eeeffbfe4b0660fc6beb024d36411a7eb559605b7cf9df
DYNDW:SAME_PROCESS_WICK_V1:BTCUSDT:5m:HIGH:1787741400000:1787744399999,DYNDPROC:BTCUSDT:5m:HIGH:1787741100000:1787744399999,BTCUSDT,HIGH,78858.1,78803.1,2026-08-26T10:50:00.000Z,2026-08-26T11:39:59.999Z,1787744399999,15703,127.690264,0.00162,0.004555,0.004555,0.776097,0.774824,0.258699,3,3.496743,4.573567,0.756908,0.317886,11,0,2,true,LOCAL_SWING,2201,2162,1,0,0,1,BEARISH,BEARISH,true,2026-07-03T00:09:59.999Z,false,c0db2d041448629e82d04fdacf93a3c3bc261a2a01b4be1ac0bc9f2e5310498c,HISTORICAL_TURNING_POINT_SIGNIFICANCE_V1,VALID,MEDIUM,STRONG_REVERSAL_WITH_STRUCTURAL_CHANGE,false,TURNING_SIGNIFICANCE_CONFIDENCE_NOT_HIGH,,e1962266a20c67182dc11859d0b68f1b166dd3beddb591727f4a92ce5cf917e0,d3aa3968dda5cbdfc654efa08d6bc2cab3f78291d60148a76599156a60bdf14d
DYNDW:SAME_PROCESS_WICK_V1:BTCUSDT:5m:LOW:1787750700000:1787751899999,DYNDPROC:BTCUSDT:5m:LOW:1787750400000:1787751899999,BTCUSDT,LOW,77850,77989.9,2026-08-26T13:25:00.000Z,2026-08-26T13:44:59.999Z,1787751899999,15728,178.789484,0.002292,0.004567,0.004567,2.051015,0.209987,0.093228,22,2.575096,3.433088,1,0.515019,5,0,1,true,LOCAL_SWING,2205,2166,0,1,0,1,BEARISH,BEARISH,true,2026-07-03T01:19:59.999Z,false,17ed47e3f51d49c6a1d4eaf50541630ff7c54dd936d810063fb230855713862f,HISTORICAL_TURNING_POINT_SIGNIFICANCE_V1,VALID,MEDIUM,EFFICIENT_REVERSAL_FROM_EXTREME,false,TURNING_SIGNIFICANCE_CONFIDENCE_NOT_HIGH,,e1962266a20c67182dc11859d0b68f1b166dd3beddb591727f4a92ce5cf917e0,81a15c67d81eeae3efecfd5048254b28b3728d9f249d6201f43e4327ea53af27
DYNDW:SAME_PROCESS_WICK_V1:BTCUSDT:5m:HIGH:1787753100000:1787754899999,DYNDPROC:BTCUSDT:5m:HIGH:1787753100000:1787754899999,BTCUSDT,HIGH,78560,78506.1,2026-08-26T14:05:00.000Z,2026-08-26T14:34:59.999Z,1787754899999,15738,203.522859,0.002592,0.004339,0.004339,0.274171,0.095222,0.045695,6,1.833209,2.18059,0.755722,0.305535,6,0,1,true,LOCAL_SWING,2206,2168,1,0,0,1,BEARISH,BEARISH,true,2026-07-03T00:09:59.999Z,false,6aeca356eb61297c9d47924d27754fd851b540e138b012befa5c94d942573693,HISTORICAL_TURNING_POINT_SIGNIFICANCE_V1,VALID,MEDIUM,STRONG_REVERSAL_WITH_STRUCTURAL_CHANGE,false,TURNING_SIGNIFICANCE_CONFIDENCE_NOT_HIGH,,e1962266a20c67182dc11859d0b68f1b166dd3beddb591727f4a92ce5cf917e0,ece3dda50dec084dca3f31ae042e4e2d7abcb2e2c6a35b4e32b060336ef33af9
DYNDW:SAME_PROCESS_WICK_V1:BTCUSDT:5m:LOW:1787756400000:1787758199999,DYNDPROC:BTCUSDT:5m:LOW:1787756400000:1787758199999,BTCUSDT,LOW,77600,77625.8,2026-08-26T15:00:00.000Z,2026-08-26T15:29:59.999Z,1787758199999,15749,195.238708,0.002515,0.004389,0.004389,2.597846,0.955899,0.371121,7,2.57787,2.752016,0.655253,0.429645,6,0,2,true,LOCAL_SWING,2207,2168,1,1,1,1,BEARISH,BEARISH,true,2026-07-03T01:19:59.999Z,false,4edeb48d3d2dd7bcf1ee3720f0d51ed133827647feb0e92f0b384f592010c56a,HISTORICAL_TURNING_POINT_SIGNIFICANCE_V1,VALID,MEDIUM,VALID_LOCAL_TURN_WITH_CLEAR_REVERSAL,false,TURNING_SIGNIFICANCE_CONFIDENCE_NOT_HIGH,,e1962266a20c67182dc11859d0b68f1b166dd3beddb591727f4a92ce5cf917e0,24cf65732ca78e9fb5d722bbae4cba7a4c84c58d01d02715f0c748d94b0ef60f
DYNDW:SAME_PROCESS_WICK_V1:BTCUSDT:5m:HIGH:1787787900000:1787792099999,DYNDPROC:BTCUSDT:5m:HIGH:1787788200000:1787792099999,BTCUSDT,HIGH,79138.7,79034.5,2026-08-26T23:45:00.000Z,2026-08-27T00:54:59.999Z,1787792099999,15862,116.631554,0.001476,0.004073,0.004073,7.762908,0.15087,0.076107,102,3.00519,3.932041,0.364686,0.231168,13,1,3,true,LOCAL_SWING,2221,2184,1,1,1,1,BEARISH,BEARISH,true,2026-07-03T00:09:59.999Z,false,cf16a93dd767607f31e03bff968342b61d27dffddb670a63be11b993b6b19e88,HISTORICAL_TURNING_POINT_SIGNIFICANCE_V1,VALID,MEDIUM,VALID_LOCAL_TURN_WITH_CLEAR_REVERSAL,false,TURNING_SIGNIFICANCE_CONFIDENCE_NOT_HIGH,,e1962266a20c67182dc11859d0b68f1b166dd3beddb591727f4a92ce5cf917e0,9693a3cfb20dc44885cbbc995c2f870a1f020bfb641e5ee7bffa9f9e21654198
DYNDW:SAME_PROCESS_WICK_V1:BTCUSDT:5m:LOW:1787793300000:1787817299999,DYNDPROC:BTCUSDT:5m:LOW:1787808600000:1787817299999,BTCUSDT,LOW,78522.1,78614.9,2026-08-27T01:15:00.000Z,2026-08-27T07:54:59.999Z,1787817299999,15946,81.065939,0.001031,0.003842,0.003842,0.852393,0.025618,0.014954,57,4.775125,6.314613,0.298988,0.164659,29,1,3,true,LOCAL_SWING,2223,2185,16,13,16,13,BEARISH,BEARISH,true,2026-07-03T01:19:59.999Z,false,c97264982f897e295eee4f8d445710a908161de251ffb69057a8dbe02ec5278c,HISTORICAL_TURNING_POINT_SIGNIFICANCE_V1,VALID,MEDIUM,VALID_LOCAL_TURN_WITH_CLEAR_REVERSAL,false,TURNING_SIGNIFICANCE_CONFIDENCE_NOT_HIGH,,e1962266a20c67182dc11859d0b68f1b166dd3beddb591727f4a92ce5cf917e0,4834693f2c8dc685aafb108dae64a55ce42de5acf64361498afd38928fbe564d
DYNDW:SAME_PROCESS_WICK_V1:BTCUSDT:5m:HIGH:1787823000000:1787824499999,DYNDPROC:BTCUSDT:5m:HIGH:1787822700000:1787824499999,BTCUSDT,HIGH,80499.9,80463.3,2026-08-27T09:30:00.000Z,2026-08-27T09:54:59.999Z,1787824499999,15970,173.130484,0.002152,0.004074,0.004074,8.440455,0.607432,0.422023,20,2.491185,2.825614,0.748655,0.415197,6,0,1,true,LOCAL_SWING,2241,2200,1,0,0,1,BEARISH,BEARISH,true,2026-07-03T00:09:59.999Z,false,5900cd137a334da4bdf582df358f47344d5edcd2a0ad47a84804346d2d83b69a,HISTORICAL_TURNING_POINT_SIGNIFICANCE_V1,VALID,MEDIUM,VALID_LOCAL_TURN_WITH_CLEAR_REVERSAL,false,TURNING_SIGNIFICANCE_CONFIDENCE_NOT_HIGH,,e1962266a20c67182dc11859d0b68f1b166dd3beddb591727f4a92ce5cf917e0,1d86c2aa494b7dbef7f23fba599dc888eef6a0118087d64e9e4c3bcd62308648
DYNDW:SAME_PROCESS_WICK_V1:BTCUSDT:5m:LOW:1787838300000:1787839199999,DYNDPROC:BTCUSDT:5m:LOW:1787838300000:1787839199999,BTCUSDT,LOW,78864,79016,2026-08-27T13:45:00.000Z,2026-08-27T13:59:59.999Z,1787839199999,16019,160.291909,0.002029,0.004093,0.004093,6.338436,0.274862,0.132051,48,2.975197,4.216058,1,0.991732,3,0,1,true,LOCAL_SWING,2247,2207,0,1,0,1,BEARISH,BEARISH,true,2026-07-03T01:19:59.999Z,false,fb9d8737108ea5b0b88d2b909d1fd2e1d6f45d28c21135b0ff775b092b9f3be7,HISTORICAL_TURNING_POINT_SIGNIFICANCE_V1,VALID,MEDIUM,VALID_LOCAL_TURN_WITH_CLEAR_REVERSAL,false,TURNING_SIGNIFICANCE_CONFIDENCE_NOT_HIGH,,e1962266a20c67182dc11859d0b68f1b166dd3beddb591727f4a92ce5cf917e0,475241be49d9365cefa05a222a9ac259d7d6a89ae9ab06023d8b6de960aa792d
DYNDW:SAME_PROCESS_WICK_V1:BTCUSDT:5m:HIGH:1787843400000:1787846399999,DYNDPROC:BTCUSDT:5m:HIGH:1787843400000:1787846399999,BTCUSDT,HIGH,80766.8,80638.1,2026-08-27T15:10:00.000Z,2026-08-27T15:59:59.999Z,1787846399999,16043,245.597043,0.003046,0.004289,0.004289,4.662923,0.512256,0.291433,16,1.484138,2.186101,0.537849,0.148414,10,0,0,true,LOCAL_SWING,2249,2209,1,0,0,1,BEARISH,BEARISH,true,2026-07-03T00:09:59.999Z,false,b9cc1f67df0ef4da4d9c635a70c129c14c8b3d443e15366dd6bf3c6828d63725,HISTORICAL_TURNING_POINT_SIGNIFICANCE_V1,WEAK,MEDIUM,LOCAL_REVERSAL_WITH_LIMITED_SIGNIFICANCE,false,TURNING_SIGNIFICANCE_WEAK,,e1962266a20c67182dc11859d0b68f1b166dd3beddb591727f4a92ce5cf917e0,fadcabeeed1e1819ad44a19fa184652dd9c1e2c89dfa29e8e4cddfcdfa5ba866
DYNDW:SAME_PROCESS_WICK_V1:BTCUSDT:5m:LOW:1787846700000:1787849099999,DYNDPROC:BTCUSDT:5m:LOW:1787846700000:1787849099999,BTCUSDT,LOW,80163,80182.9,2026-08-27T16:05:00.000Z,2026-08-27T16:44:59.999Z,1787849099999,16052,218.565522,0.002726,0.004279,0.004279,0.414979,0.302434,0.138326,3,1.599063,2.0328,0.524538,0.199883,8,0,2,true,LOCAL_SWING,2250,2210,2,1,2,1,BEARISH,BEARISH,true,2026-07-03T01:19:59.999Z,false,bc50863d6439dc038ceecd484320c3a00920e4af271d0206a8807f319703ed21,HISTORICAL_TURNING_POINT_SIGNIFICANCE_V1,VALID,MEDIUM,VALID_LOCAL_TURN_WITH_CLEAR_REVERSAL,false,TURNING_SIGNIFICANCE_CONFIDENCE_NOT_HIGH,,e1962266a20c67182dc11859d0b68f1b166dd3beddb591727f4a92ce5cf917e0,488a5471c1476ad8b665794de6731fb1dbc39f9cd19676fe18f36e13f8ff6458
DYNDW:SAME_PROCESS_WICK_V1:BTCUSDT:5m:HIGH:1787850900000:1787853599999,DYNDPROC:BTCUSDT:5m:HIGH:1787850900000:1787853599999,BTCUSDT,HIGH,80845.1,80776.8,2026-08-27T17:15:00.000Z,2026-08-27T17:59:59.999Z,1787853599999,16067,195.938837,0.002426,0.004324,0.004324,1.247328,0.348347,0.155916,8,1.845984,2.271627,0.85367,0.205109,9,0,1,true,LOCAL_SWING,2253,2213,1,1,1,1,BEARISH,BEARISH,true,2026-07-03T00:09:59.999Z,false,58ffa0e7e2f333801c66367e9a0fdb8b29cc6263f62c790c729de27d5219451e,HISTORICAL_TURNING_POINT_SIGNIFICANCE_V1,VALID,MEDIUM,STRONG_REVERSAL_WITH_STRUCTURAL_CHANGE,false,TURNING_SIGNIFICANCE_CONFIDENCE_NOT_HIGH,,e1962266a20c67182dc11859d0b68f1b166dd3beddb591727f4a92ce5cf917e0,a4213bd2cf2c5698c8e149e705fdb58b33af74290660bbfbc8718dcf58231a1d
DYNDW:SAME_PROCESS_WICK_V1:BTCUSDT:5m:LOW:1787854800000:1787857799999,DYNDPROC:BTCUSDT:5m:LOW:1787855400000:1787857799999,BTCUSDT,LOW,79707,79830.4,2026-08-27T18:20:00.000Z,2026-08-27T19:09:59.999Z,1787857799999,16081,184.418833,0.00231,0.00441,0.00441,3.1705,0.888467,0.396313,8,1.929304,2.95523,0.810109,0.241163,8,0,1,true,LOCAL_SWING,2254,2214,0,1,0,1,BEARISH,BEARISH,true,2026-07-03T01:19:59.999Z,false,9c2f34923f012b2237d2fbcec87096ec65e47eb250a67b9cb413620a05d54160,HISTORICAL_TURNING_POINT_SIGNIFICANCE_V1,VALID,MEDIUM,VALID_LOCAL_TURN_WITH_CLEAR_REVERSAL,false,TURNING_SIGNIFICANCE_CONFIDENCE_NOT_HIGH,,e1962266a20c67182dc11859d0b68f1b166dd3beddb591727f4a92ce5cf917e0,aae57087fd812975b9594ef8c153fddfdfa7bfc5273467b9891909c9133a6497
DYNDW:SAME_PROCESS_WICK_V1:BTCUSDT:5m:HIGH:1787880600000:1787881799999,DYNDPROC:BTCUSDT:5m:HIGH:1787880600000:1787881799999,BTCUSDT,HIGH,81500,81116.7,2026-08-28T01:30:00.000Z,2026-08-28T01:49:59.999Z,1787881799999,16161,176.420647,0.002175,0.004344,0.004344,5.274326,0.227534,0.06762,78,2.475901,4.761347,1,0.618975,4,0,1,true,LOCAL_SWING,2267,2226,1,0,0,1,BEARISH,BEARISH,true,2026-07-03T00:09:59.999Z,false,ff41b707c04002eeec3d1f8ecc843f8d124319ffc4069a069ce18f3be9ff0bf6,HISTORICAL_TURNING_POINT_SIGNIFICANCE_V1,VALID,MEDIUM,EFFICIENT_REVERSAL_FROM_EXTREME,false,TURNING_SIGNIFICANCE_CONFIDENCE_NOT_HIGH,,e1962266a20c67182dc11859d0b68f1b166dd3beddb591727f4a92ce5cf917e0,f9caf7f62e49180797bc429bc426a5e8d4729080b9a93f59063a16c0b077c922
DYNDW:SAME_PROCESS_WICK_V1:BTCUSDT:5m:LOW:1787893500000:1787899799999,DYNDPROC:BTCUSDT:5m:LOW:1787893500000:1787899799999,BTCUSDT,LOW,79522.3,79545.6,2026-08-28T05:05:00.000Z,2026-08-28T06:49:59.999Z,1787899799999,16221,130.264532,0.001638,0.004504,0.004504,8.707666,0.394251,0.212382,41,2.95706,3.135927,0.416073,0.140812,21,1,3,true,LOCAL_SWING,2273,2232,2,3,2,3,BEARISH,BEARISH,true,2026-07-03T01:19:59.999Z,false,c9f5b6933684b8c0cc624ad56834c97a7d29d2347a1e028a53576b085158317b,HISTORICAL_TURNING_POINT_SIGNIFICANCE_V1,VALID,MEDIUM,VALID_LOCAL_TURN_WITH_CLEAR_REVERSAL,false,TURNING_SIGNIFICANCE_CONFIDENCE_NOT_HIGH,,e1962266a20c67182dc11859d0b68f1b166dd3beddb591727f4a92ce5cf917e0,07daf1999675407e3077bfbf236ef6c4d6314ce76a1e125a6a72196338c5ce71
DYNDW:SAME_PROCESS_WICK_V1:BTCUSDT:5m:HIGH:1787899800000:1787903099999,DYNDPROC:BTCUSDT:5m:HIGH:1787899500000:1787903099999,BTCUSDT,HIGH,79971,79930.8,2026-08-28T06:50:00.000Z,2026-08-28T07:44:59.999Z,1787903099999,16232,90.816926,0.001136,0.004493,0.004493,0,,0,1,4.07413,4.757924,0.593329,0.339511,12,1,2,true,LOCAL_SWING,2275,2236,2,2,2,2,BEARISH,BEARISH,true,2026-07-03T00:09:59.999Z,false,ec0fbea4eacd0a655b17ccaaad99ad217f0a31949b268ef64b99bddaae8771f9,HISTORICAL_TURNING_POINT_SIGNIFICANCE_V1,WEAK,MEDIUM,LOCAL_REVERSAL_WITH_LIMITED_SIGNIFICANCE,false,TURNING_SIGNIFICANCE_WEAK,,e1962266a20c67182dc11859d0b68f1b166dd3beddb591727f4a92ce5cf917e0,84cd70bc567eda0a0c1f5bc512ab534af0c9c64dfdaeae1bdfb1cb64661ce12c
DYNDW:SAME_PROCESS_WICK_V1:BTCUSDT:5m:LOW:1787911500000:1787914199999,DYNDPROC:BTCUSDT:5m:LOW:1787911500000:1787914199999,BTCUSDT,LOW,78961.5,79004.4,2026-08-28T10:05:00.000Z,2026-08-28T10:49:59.999Z,1787914199999,16269,114.359301,0.001448,0.004169,0.004169,4.865367,0.281237,0.162179,30,3.07452,3.556335,0.711165,0.341613,9,0,2,true,LOCAL_SWING,2281,2241,1,1,1,1,BEARISH,BEARISH,true,2026-07-03T01:19:59.999Z,false,04d3ec49f4ee3a216c4dfd0fa922f2303c4fb217126515be1db6f9910ce1f9a6,HISTORICAL_TURNING_POINT_SIGNIFICANCE_V1,VALID,MEDIUM,VALID_LOCAL_TURN_WITH_CLEAR_REVERSAL,false,TURNING_SIGNIFICANCE_CONFIDENCE_NOT_HIGH,,e1962266a20c67182dc11859d0b68f1b166dd3beddb591727f4a92ce5cf917e0,56b0a8ff8bff6cc0baaf438335814f9e143a5fd1e5f46058715610e3bc6f1b91
DYNDW:SAME_PROCESS_WICK_V1:BTCUSDT:5m:HIGH:1787916000000:1787920799999,DYNDPROC:BTCUSDT:5m:HIGH:1787916000000:1787920799999,BTCUSDT,HIGH,79733.7,79733.6,2026-08-28T11:20:00.000Z,2026-08-28T12:39:59.999Z,1787920799999,16291,104.23765,0.001307,0.004108,0.004108,3.622491,0.866453,0.452811,8,3.726101,3.832588,0.56767,0.232881,16,0,2,true,LOCAL_SWING,2283,2242,2,3,3,2,BEARISH,BEARISH,true,2026-07-03T00:09:59.999Z,false,19a513d3a0117396d817de8f0795639180bfaad408b8beeb332774a8c768fbbf,HISTORICAL_TURNING_POINT_SIGNIFICANCE_V1,VALID,MEDIUM,STRONG_REVERSAL_WITH_STRUCTURAL_CHANGE,false,TURNING_SIGNIFICANCE_CONFIDENCE_NOT_HIGH,,e1962266a20c67182dc11859d0b68f1b166dd3beddb591727f4a92ce5cf917e0,d77689360099ad8adb121b6124b8457cff11e6c552a17ed7df72b4b425b9a732
DYNDW:SAME_PROCESS_WICK_V1:BTCUSDT:5m:LOW:1787923500000:1787925299999,DYNDPROC:BTCUSDT:5m:LOW:1787924400000:1787925299999,BTCUSDT,LOW,78972.8,79052.2,2026-08-28T13:25:00.000Z,2026-08-28T13:54:59.999Z,1787925299999,16306,123.613651,0.001564,0.004042,0.004042,2.370288,0.34269,0.169306,14,2.633204,3.616105,1,0.877735,3,0,1,true,LOCAL_SWING,2286,2247,1,2,1,2,BEARISH,BEARISH,true,2026-07-03T01:19:59.999Z,false,f66c31d6b7a92f30392e681c64dbe8ef4fc6d3756892b26f8136bc70a3f58f2f,HISTORICAL_TURNING_POINT_SIGNIFICANCE_V1,VALID,MEDIUM,EFFICIENT_REVERSAL_FROM_EXTREME,false,TURNING_SIGNIFICANCE_CONFIDENCE_NOT_HIGH,,e1962266a20c67182dc11859d0b68f1b166dd3beddb591727f4a92ce5cf917e0,bb4017c3e1a934703bac09dad5c4262726130969e56d2ed33d07b0b1ec6c9cbc
DYNDW:SAME_PROCESS_WICK_V1:BTCUSDT:5m:HIGH:1787925600000:1787925899999,DYNDPROC:BTCUSDT:5m:HIGH:1787925000000:1787925899999,BTCUSDT,HIGH,79683.2,79377.7,2026-08-28T14:00:00.000Z,2026-08-28T14:04:59.999Z,1787925899999,16308,144.309729,0.001818,0.004008,0.004008,0,,0,1,4.254737,6.797878,1,1.418246,3,0,1,false,,2287,2249,0,0,0,0,BEARISH,BEARISH,true,2026-07-03T00:09:59.999Z,false,641fd21afc304496ab9cc18db0e074b0af04b6f5c378821cb83ac20534ecb812,HISTORICAL_TURNING_POINT_SIGNIFICANCE_V1,VALID,MEDIUM,STRONG_REVERSAL_WITH_STRUCTURAL_CHANGE,false,TURNING_SIGNIFICANCE_CONFIDENCE_NOT_HIGH,,e1962266a20c67182dc11859d0b68f1b166dd3beddb591727f4a92ce5cf917e0,2ba1fdb28dd772737ae4a2117de4de491420157dc130ce92f9dc7a446d267952
DYNDW:SAME_PROCESS_WICK_V1:BTCUSDT:5m:LOW:1787926200000:1787927699999,DYNDPROC:BTCUSDT:5m:LOW:1787926200000:1787927699999,BTCUSDT,LOW,78400,78601.7,2026-08-28T14:10:00.000Z,2026-08-28T14:34:59.999Z,1787927699999,16314,240.89225,0.003065,0.004174,0.004174,0.6725,0.651125,0.224167,3,2.628561,3.485376,0.809098,0.525712,5,0,1,true,LOCAL_SWING,2288,2249,0,1,0,1,BEARISH,BEARISH,true,2026-07-03T01:19:59.999Z,false,1204a332c4e15aa215e310e2d274b4c497656f7d0b67a6d7f793215837231158,HISTORICAL_TURNING_POINT_SIGNIFICANCE_V1,VALID,MEDIUM,VALID_LOCAL_TURN_WITH_CLEAR_REVERSAL,false,TURNING_SIGNIFICANCE_CONFIDENCE_NOT_HIGH,,e1962266a20c67182dc11859d0b68f1b166dd3beddb591727f4a92ce5cf917e0,7cc7f9e7c876fa18dfd1e605b553cce7f2defb07c4b71313288f4eeef2679f84
DYNDW:SAME_PROCESS_WICK_V1:BTCUSDT:5m:HIGH:1787929200000:1787931299999,DYNDPROC:BTCUSDT:5m:HIGH:1787928900000:1787931299999,BTCUSDT,HIGH,79840,79512.3,2026-08-28T15:00:00.000Z,2026-08-28T15:34:59.999Z,1787931299999,16326,290.373727,0.003652,0.004282,0.004282,0.955321,0.322558,0.15922,6,1.262167,2.575991,0.535271,0.157771,8,0,1,true,LOCAL_SWING,2289,2251,2,1,1,2,BEARISH,BEARISH,true,2026-07-03T00:09:59.999Z,false,0559fadb34dd72443bcfa91a9f9f2dc49e2dae352221c744fb5b725ffe8f0661,HISTORICAL_TURNING_POINT_SIGNIFICANCE_V1,WEAK,MEDIUM,LOCAL_REVERSAL_WITH_LIMITED_SIGNIFICANCE,false,TURNING_SIGNIFICANCE_WEAK,,e1962266a20c67182dc11859d0b68f1b166dd3beddb591727f4a92ce5cf917e0,856be8223ad857d1fb42ee2799a07224e7c8ab358b0c3d44a89de5d1e1e1dead
DYNDW:SAME_PROCESS_WICK_V1:BTCUSDT:5m:LOW:1787934300000:1787934599999,DYNDPROC:BTCUSDT:5m:LOW:1787934000000:1787934599999,BTCUSDT,LOW,76853.1,77100.8,2026-08-28T16:25:00.000Z,2026-08-28T16:29:59.999Z,1787934599999,16337,319.412127,0.004143,0.004595,0.004595,6.402387,0.966537,0.582035,11,1.27265,2.354325,1,0.636325,2,0,0,false,,2291,2252,0,0,0,0,BEARISH,BEARISH,true,2026-07-03T01:19:59.999Z,false,c7a94822b40e8514424577c2cbee55fe54871566f21c60b7be5c3596a7bc93a9,HISTORICAL_TURNING_POINT_SIGNIFICANCE_V1,VALID,MEDIUM,EFFICIENT_REVERSAL_FROM_EXTREME,false,TURNING_SIGNIFICANCE_CONFIDENCE_NOT_HIGH,,e1962266a20c67182dc11859d0b68f1b166dd3beddb591727f4a92ce5cf917e0,9d30ff3930a2dcad6bc2503e5eafb8ca3ffc27c995cfa53d07db7394e944367c
DYNDW:SAME_PROCESS_WICK_V1:BTCUSDT:5m:HIGH:1787937300000:1787941199999,DYNDPROC:BTCUSDT:5m:HIGH:1787937300000:1787941199999,BTCUSDT,HIGH,78099,78044.1,2026-08-28T17:15:00.000Z,2026-08-28T18:19:59.999Z,1787941199999,16359,285.519463,0.003658,0.004757,0.004757,1.880082,0.462201,0.170917,11,1.380291,1.573623,0.449732,0.106176,13,0,2,true,LOCAL_SWING,2292,2254,2,1,1,2,BEARISH,BEARISH,true,2026-07-03T00:09:59.999Z,false,eb4f43cc64f78a0f9be0a83cd096f01410e885e55cbc54fbbcde53fd40052c3b,HISTORICAL_TURNING_POINT_SIGNIFICANCE_V1,WEAK,MEDIUM,LOCAL_REVERSAL_WITH_LIMITED_SIGNIFICANCE,false,TURNING_SIGNIFICANCE_WEAK,,e1962266a20c67182dc11859d0b68f1b166dd3beddb591727f4a92ce5cf917e0,ad1fb4d92d15a479ad75b24f8dde512aab9b7c082fb1750f1b90a81cc497a5b3
DYNDW:SAME_PROCESS_WICK_V1:BTCUSDT:5m:LOW:1787942700000:1787944199999,DYNDPROC:BTCUSDT:5m:LOW:1787942700000:1787944199999,BTCUSDT,LOW,77242.8,77274,2026-08-28T18:45:00.000Z,2026-08-28T19:09:59.999Z,1787944199999,16369,186.154012,0.002409,0.004739,0.004739,2.019833,0.760518,0.288548,7,2.095577,2.336238,0.955425,0.419115,5,0,1,true,LOCAL_SWING,2294,2255,0,1,0,1,BEARISH,BEARISH,true,2026-07-03T01:19:59.999Z,false,1b6ad4d0024746d50c8d7f77962163c30da0e2a5e480a65a97cb7606ebd88b90,HISTORICAL_TURNING_POINT_SIGNIFICANCE_V1,VALID,MEDIUM,EFFICIENT_REVERSAL_FROM_EXTREME,false,TURNING_SIGNIFICANCE_CONFIDENCE_NOT_HIGH,,e1962266a20c67182dc11859d0b68f1b166dd3beddb591727f4a92ce5cf917e0,32e89ee4ea76e978789f4dfbe49f6f3507d50208fda41ed78c2f808901c38227
DYNDW:SAME_PROCESS_WICK_V1:BTCUSDT:5m:HIGH:1787944800000:1787949299999,DYNDPROC:BTCUSDT:5m:HIGH:1787944800000:1787949299999,BTCUSDT,HIGH,77807.7,77698.4,2026-08-28T19:20:00.000Z,2026-08-28T20:34:59.999Z,1787949299999,16386,165.77199,0.002134,0.00477,0.00477,0.206911,0.425031,0.051728,4,2.344184,3.183288,0.399877,0.156279,15,1,2,true,LOCAL_SWING,2294,2256,2,2,2,2,BEARISH,BEARISH,true,2026-07-03T00:09:59.999Z,false,ee810b0cb900ab82f3078e7110a7da85a836e403c7c8d01649b8906b4c542fb1,HISTORICAL_TURNING_POINT_SIGNIFICANCE_V1,VALID,MEDIUM,VALID_LOCAL_TURN_WITH_CLEAR_REVERSAL,false,TURNING_SIGNIFICANCE_CONFIDENCE_NOT_HIGH,,e1962266a20c67182dc11859d0b68f1b166dd3beddb591727f4a92ce5cf917e0,3e6c2eb68a11cbca3ed340e314af9f240b0697b577870a83c89b69e1c422c619
DYNDW:SAME_PROCESS_WICK_V1:BTCUSDT:5m:LOW:1787954100000:1787957099999,DYNDPROC:BTCUSDT:5m:LOW:1787949000000:1787957099999,BTCUSDT,LOW,77210.8,77309.8,2026-08-28T21:55:00.000Z,2026-08-28T22:44:59.999Z,1787957099999,16412,141.186861,0.001826,0.004802,0.004802,0,,0,1,2.828167,3.606568,0.400221,0.104747,27,1,2,true,LOCAL_SWING,2299,2261,0,1,0,1,BEARISH,BEARISH,true,2026-07-03T01:19:59.999Z,false,05c28d6fe427554739e054f463225977887987c9917414b80b183a71855a01a0,HISTORICAL_TURNING_POINT_SIGNIFICANCE_V1,WEAK,MEDIUM,LOCAL_REVERSAL_WITH_LIMITED_SIGNIFICANCE,false,TURNING_SIGNIFICANCE_WEAK,,e1962266a20c67182dc11859d0b68f1b166dd3beddb591727f4a92ce5cf917e0,718911ecdc00076acacc63666496cc9bdd36da0d93ce83bea29db066b3a72f50
DYNDW:SAME_PROCESS_WICK_V1:BTCUSDT:5m:HIGH:1787963100000:1787975999999,DYNDPROC:BTCUSDT:5m:HIGH:1787963100000:1787975999999,BTCUSDT,HIGH,77920,77868.2,2026-08-29T00:25:00.000Z,2026-08-29T03:59:59.999Z,1787975999999,16475,74.178825,0.000953,0.004777,0.004777,2.144817,0.195239,0.097492,22,5.203641,6.058333,0.260003,0.121015,43,3,4,true,LOCAL_SWING,2302,2265,7,4,4,7,BEARISH,BEARISH,true,2026-07-03T00:09:59.999Z,false,54987847830e221731fce7cdf755b6f59535ef30c32a53c0bd3c40130937cba2,HISTORICAL_TURNING_POINT_SIGNIFICANCE_V1,VALID,MEDIUM,STRONG_REVERSAL_WITH_STRUCTURAL_CHANGE,false,TURNING_SIGNIFICANCE_CONFIDENCE_NOT_HIGH,,e1962266a20c67182dc11859d0b68f1b166dd3beddb591727f4a92ce5cf917e0,ae3ccc5ccc81806e2cea372a0a985776f77fccb5abd99c4452acdcccecff21ae
DYNDW:SAME_PROCESS_WICK_V1:BTCUSDT:5m:LOW:1787984700000:1788014699999,DYNDPROC:BTCUSDT:5m:LOW:1787984700000:1788014699999,BTCUSDT,LOW,77353,77387.4,2026-08-29T06:25:00.000Z,2026-08-29T14:44:59.999Z,1788014699999,16604,52.006937,0.000672,0.004435,0.004435,1.822834,0.134202,0.058801,31,9.744854,12.344507,0.16461,0.097449,100,8,13,true,LOCAL_SWING,2311,2273,14,11,14,11,BEARISH,BEARISH,true,2026-07-03T01:19:59.999Z,false,191e76be3eaccd7e3670c320aca7dc6eda56bcbf8950c3fef55d5eca42600357,HISTORICAL_TURNING_POINT_SIGNIFICANCE_V1,VALID,MEDIUM,VALID_LOCAL_TURN_WITH_CLEAR_REVERSAL,false,TURNING_SIGNIFICANCE_CONFIDENCE_NOT_HIGH,,e1962266a20c67182dc11859d0b68f1b166dd3beddb591727f4a92ce5cf917e0,b6b996e1d792b7411223a1962a2fda6d750755158f0373eefd7454b6dd3a1e7f
DYNDW:SAME_PROCESS_WICK_V1:BTCUSDT:5m:HIGH:1788030900000:1788037499999,DYNDPROC:BTCUSDT:5m:HIGH:1788030600000:1788037499999,BTCUSDT,HIGH,78314.9,78274.9,2026-08-29T19:15:00.000Z,2026-08-29T21:04:59.999Z,1788037499999,16680,72.046808,0.00092,0.002129,0.003,5.284065,0.170191,0.096074,55,3.403343,4.148692,0.41503,0.147971,23,0,4,true,LOCAL_SWING,2334,2295,4,4,4,4,BEARISH,BEARISH,true,2026-07-03T00:09:59.999Z,false,d1eaed8c95b2577adbb2883a752fab16f0afeec799706f3c81bfc0db55af3f83,HISTORICAL_TURNING_POINT_SIGNIFICANCE_V1,WEAK,MEDIUM,LOCAL_REVERSAL_WITH_LIMITED_SIGNIFICANCE,false,TURNING_SIGNIFICANCE_WEAK,,e1962266a20c67182dc11859d0b68f1b166dd3beddb591727f4a92ce5cf917e0,86fdf57ff77095452f1d0bde849b0156a61f2f50c1906abb96373f67befb167a
DYNDW:SAME_PROCESS_WICK_V1:BTCUSDT:5m:LOW:1788065100000:1788071999999,DYNDPROC:BTCUSDT:5m:LOW:1788053400000:1788071999999,BTCUSDT,LOW,77944.9,77977.5,2026-08-30T04:45:00.000Z,2026-08-30T06:39:59.999Z,1788071999999,16795,54.327348,0.000697,0.001839,0.003,0.960842,0.032601,0.01747,55,4.327471,5.568098,0.155028,0.069798,62,6,7,true,LOCAL_SWING,2349,2314,2,4,2,4,BEARISH,BEARISH,true,2026-07-03T01:19:59.999Z,false,589e8a4a1963d2d5d333403956256a7c5e7fc1c106d8b234c2425e551cda2e3f,HISTORICAL_TURNING_POINT_SIGNIFICANCE_V1,VALID,MEDIUM,VALID_LOCAL_TURN_WITH_CLEAR_REVERSAL,false,TURNING_SIGNIFICANCE_CONFIDENCE_NOT_HIGH,,e1962266a20c67182dc11859d0b68f1b166dd3beddb591727f4a92ce5cf917e0,cfb6f9b568b0ac829ee1e2eb31db6ea7b23bae346a9ffd799c3bbeb00902f3dc
DYNDW:SAME_PROCESS_WICK_V1:BTCUSDT:5m:HIGH:1788072300000:1788079199999,DYNDPROC:BTCUSDT:5m:HIGH:1788072300000:1788079199999,BTCUSDT,HIGH,78289.2,78257.3,2026-08-30T06:45:00.000Z,2026-08-30T08:39:59.999Z,1788079199999,16819,40.460701,0.000517,0.001811,0.003,1.104776,1,0.368259,3,5.956397,7.147676,0.409585,0.258974,23,2,3,true,LOCAL_SWING,2351,2318,4,1,1,4,BEARISH,BEARISH,true,2026-07-03T00:09:59.999Z,false,98cee57ecae7e01b0e692379de4cb7d4e25048528ef096058d9c57f77b12d534,HISTORICAL_TURNING_POINT_SIGNIFICANCE_V1,VALID,MEDIUM,VALID_LOCAL_TURN_WITH_CLEAR_REVERSAL,false,TURNING_SIGNIFICANCE_CONFIDENCE_NOT_HIGH,,e1962266a20c67182dc11859d0b68f1b166dd3beddb591727f4a92ce5cf917e0,e8ca8669677d539b36544bf78ab912af2757eac7f7535ac6ffbe1a3a99af0309
DYNDW:SAME_PROCESS_WICK_V1:BTCUSDT:5m:LOW:1788084000000:1788088199999,DYNDPROC:BTCUSDT:5m:LOW:1788084000000:1788088199999,BTCUSDT,LOW,77933.4,77935.8,2026-08-30T10:00:00.000Z,2026-08-30T11:09:59.999Z,1788088199999,16849,39.945546,0.000513,0.001747,0.003,2.015243,0.255474,0.111958,18,5.885512,6.015689,0.666194,0.420394,14,0,3,true,LOCAL_SWING,2358,2321,2,1,2,1,BEARISH,BEARISH,true,2026-07-03T01:19:59.999Z,false,ef21c10b2664dfae0b37306bbb327c792f719162877503a5937095faabd8ddbb,HISTORICAL_TURNING_POINT_SIGNIFICANCE_V1,VALID,MEDIUM,STRONG_REVERSAL_WITH_STRUCTURAL_CHANGE,false,TURNING_SIGNIFICANCE_CONFIDENCE_NOT_HIGH,,e1962266a20c67182dc11859d0b68f1b166dd3beddb591727f4a92ce5cf917e0,46657a802f97f2ed93434429e2530750ad7f6cae9553084885501fb83e19b87a
DYNDW:SAME_PROCESS_WICK_V1:BTCUSDT:5m:HIGH:1788097800000:1788102299999,DYNDPROC:BTCUSDT:5m:HIGH:1788097500000:1788102299999,BTCUSDT,HIGH,78939.9,78914.5,2026-08-30T13:50:00.000Z,2026-08-30T15:04:59.999Z,1788102299999,16896,98.345203,0.001246,0.002048,0.003,7.561121,0.408257,0.229125,33,2.720011,2.979301,0.395184,0.170001,16,0,4,true,LOCAL_SWING,2365,2328,2,3,3,2,BEARISH,BEARISH,true,2026-07-03T00:09:59.999Z,false,8397ffa6e78b5763f955aa8e8e465e48b17c85ce6f1b626b1c9a29a016c6b7c9,HISTORICAL_TURNING_POINT_SIGNIFICANCE_V1,VALID,MEDIUM,VALID_LOCAL_TURN_WITH_CLEAR_REVERSAL,false,TURNING_SIGNIFICANCE_CONFIDENCE_NOT_HIGH,,e1962266a20c67182dc11859d0b68f1b166dd3beddb591727f4a92ce5cf917e0,5df936c05392e94f46d1c5b35662cfc037a2f7f27c8e683a0cb8800b493be5f3
DYNDW:SAME_PROCESS_WICK_V1:BTCUSDT:5m:LOW:1788102900000:1788105899999,DYNDPROC:BTCUSDT:5m:LOW:1788102600000:1788105899999,BTCUSDT,LOW,78591.3,78635.9,2026-08-30T15:15:00.000Z,2026-08-30T16:04:59.999Z,1788105899999,16908,98.931368,0.001258,0.002054,0.003,0.112199,0.050523,0.0374,3,2.945476,4.049272,0.742231,0.267771,11,0,2,true,LOCAL_SWING,2368,2331,2,1,2,1,BEARISH,BEARISH,true,2026-07-03T01:19:59.999Z,false,5fc230b8184b1ef6bbba6fa060c0256cebeec5a5416c7fa0ca1c65601b93d2c2,HISTORICAL_TURNING_POINT_SIGNIFICANCE_V1,VALID,MEDIUM,EFFICIENT_REVERSAL_FROM_EXTREME,false,TURNING_SIGNIFICANCE_CONFIDENCE_NOT_HIGH,,e1962266a20c67182dc11859d0b68f1b166dd3beddb591727f4a92ce5cf917e0,a5fc7724558b4d966e46ada3cf379500e09eded348decb23a69b0b60ac9e7160
DYNDW:SAME_PROCESS_WICK_V1:BTCUSDT:5m:HIGH:1788108900000:1788110399999,DYNDPROC:BTCUSDT:5m:HIGH:1788108900000:1788110399999,BTCUSDT,HIGH,79384.4,79304.9,2026-08-30T16:55:00.000Z,2026-08-30T17:19:59.999Z,1788110399999,16923,134.563274,0.001697,0.00228,0.003,2.806115,0.3857,0.233843,12,2.476902,3.379823,1,0.49538,5,0,1,true,LOCAL_SWING,2372,2334,1,0,0,1,BEARISH,BEARISH,true,2026-07-03T00:09:59.999Z,false,a3b398351cc3bd073eb6e4f2f31775ec530a4813fb17f6aeb48da71fd961edb9,,,,,,,,e1962266a20c67182dc11859d0b68f1b166dd3beddb591727f4a92ce5cf917e0,
DYNDW:SAME_PROCESS_WICK_V1:BTCUSDT:5m:LOW:1788113400000:1788114899999,DYNDPROC:BTCUSDT:5m:LOW:1788113400000:1788114899999,BTCUSDT,LOW,78728.7,78812.5,2026-08-30T18:10:00.000Z,2026-08-30T18:34:59.999Z,1788114899999,16938,121.008093,0.001535,0.002379,0.003,1.314788,0.316743,0.109566,12,2.611396,3.401425,0.913295,0.522279,5,0,1,true,LOCAL_SWING,2375,2336,0,1,0,1,BEARISH,BEARISH,true,2026-07-03T01:19:59.999Z,false,9b4ac8713d89dbe244f266da8eb630c26ebeaf061165e779bf483a35658306c5,,,,,,,,e1962266a20c67182dc11859d0b68f1b166dd3beddb591727f4a92ce5cf917e0,
DYNDW:SAME_PROCESS_WICK_V1:BTCUSDT:5m:HIGH:1788114900000:1788117899999,DYNDPROC:BTCUSDT:5m:HIGH:1788114600000:1788117899999,BTCUSDT,HIGH,79147.1,79128.5,2026-08-30T18:35:00.000Z,2026-08-30T19:24:59.999Z,1788117899999,16948,117.662358,0.001487,0.002427,0.003,0,,0,1,2.061832,2.270055,0.691168,0.187439,11,0,2,true,LOCAL_SWING,2375,2337,1,1,1,1,BEARISH,BEARISH,true,2026-07-03T00:09:59.999Z,false,b256e72c8904cba0309b559f9bab8e3e39359d6a8c22d95a433fdb562970d364,HISTORICAL_TURNING_POINT_SIGNIFICANCE_V1,WEAK,MEDIUM,LOCAL_REVERSAL_WITH_LIMITED_SIGNIFICANCE,false,TURNING_SIGNIFICANCE_WEAK,,e1962266a20c67182dc11859d0b68f1b166dd3beddb591727f4a92ce5cf917e0,d20b292543314b6c31dee0f83964fac5f81a0af78e7c7129eaa42c6840a2de3e
DYNDW:SAME_PROCESS_WICK_V1:BTCUSDT:5m:LOW:1788123600000:1788125699999,DYNDPROC:BTCUSDT:5m:LOW:1788123600000:1788125699999,BTCUSDT,LOW,78174.8,78437.2,2026-08-30T21:00:00.000Z,2026-08-30T21:34:59.999Z,1788125699999,16974,127.381772,0.001624,0.002577,0.003,3.522482,0.38334,0.167737,21,1.968885,4.031189,0.83992,0.281269,7,0,1,true,LOCAL_SWING,2379,2341,0,1,0,1,BEARISH,BEARISH,true,2026-07-03T01:19:59.999Z,false,1e41f875e190e4df41a3534165074f13196828622427434f5ea2d341d3725a49,HISTORICAL_TURNING_POINT_SIGNIFICANCE_V1,VALID,MEDIUM,VALID_LOCAL_TURN_WITH_CLEAR_REVERSAL,false,TURNING_SIGNIFICANCE_CONFIDENCE_NOT_HIGH,,e1962266a20c67182dc11859d0b68f1b166dd3beddb591727f4a92ce5cf917e0,3c73d704e7c2222cb87bf746d333c1ffa6bc4a96d4f6c2dc753a3ae94543b465
DYNDW:SAME_PROCESS_WICK_V1:BTCUSDT:5m:HIGH:1788127200000:1788128699999,DYNDPROC:BTCUSDT:5m:HIGH:1788127200000:1788128699999,BTCUSDT,HIGH,78776.4,78712.5,2026-08-30T22:00:00.000Z,2026-08-30T22:24:59.999Z,1788128699999,16984,126.970174,0.001613,0.002614,0.003,0.192959,0.071953,0.027566,7,2.988891,3.492159,1,0.597778,5,0,1,true,LOCAL_SWING,2380,2343,1,1,1,1,BEARISH,BEARISH,true,2026-07-03T00:09:59.999Z,false,60c65b77854e859ae4ed2ea20370cd0ca60160f433297ac79067b6b6464ed747,HISTORICAL_TURNING_POINT_SIGNIFICANCE_V1,WEAK,MEDIUM,LOCAL_REVERSAL_WITH_LIMITED_SIGNIFICANCE,false,TURNING_SIGNIFICANCE_WEAK,,e1962266a20c67182dc11859d0b68f1b166dd3beddb591727f4a92ce5cf917e0,22b8f8b921f689a7c93c9849fb4f65dc001bb112d76546fea266897656cdb4b1
DYNDW:SAME_PROCESS_WICK_V1:BTCUSDT:5m:LOW:1788133500000:1788134399999,DYNDPROC:BTCUSDT:5m:LOW:1788133500000:1788134399999,BTCUSDT,LOW,76947.2,77333.2,2026-08-30T23:45:00.000Z,2026-08-30T23:59:59.999Z,1788134399999,17003,224.291999,0.0029,0.003041,0.003041,4.457582,0.655177,0.247643,18,1.343784,3.281883,1,0.447928,3,0,1,true,LOCAL_SWING,2384,2346,0,1,0,1,BEARISH,BEARISH,true,2026-07-03T01:19:59.999Z,false,e671ac4e65657c3dda70524f76d366394dc2ae8e608da650e07f45ce9de00faf,HISTORICAL_TURNING_POINT_SIGNIFICANCE_V1,VALID,MEDIUM,VALID_LOCAL_TURN_WITH_CLEAR_REVERSAL,false,TURNING_SIGNIFICANCE_CONFIDENCE_NOT_HIGH,,e1962266a20c67182dc11859d0b68f1b166dd3beddb591727f4a92ce5cf917e0,f1b7692d55c9ce9381a86bdbeb46056c269faed673482dd70570d4cdaf53879e
DYNDW:SAME_PROCESS_WICK_V1:BTCUSDT:5m:HIGH:1788134400000:1788134999999,DYNDPROC:BTCUSDT:5m:HIGH:1788134400000:1788134999999,BTCUSDT,HIGH,77786.3,77769.1,2026-08-31T00:00:00.000Z,2026-08-31T00:09:59.999Z,1788134999999,17005,224.333208,0.002885,0.003118,0.003118,0.599555,1,0.299777,2,1.624369,1.717534,1,0.812185,2,0,1,false,,2384,2347,0,0,0,0,BEARISH,BEARISH,true,2026-07-03T00:09:59.999Z,false,495b6e0b12735250b36bf0e7f69bc4afaadc8bacfb55a75575888231f8b8673e,HISTORICAL_TURNING_POINT_SIGNIFICANCE_V1,VALID,MEDIUM,STRONG_REVERSAL_WITH_STRUCTURAL_CHANGE,false,TURNING_SIGNIFICANCE_CONFIDENCE_NOT_HIGH,,e1962266a20c67182dc11859d0b68f1b166dd3beddb591727f4a92ce5cf917e0,fede69313ef01815c967f8845137d839f13e3d8fe1c2ee239c7dcd03b70eb154
DYNDW:SAME_PROCESS_WICK_V1:BTCUSDT:5m:LOW:1788135000000:1788135299999,DYNDPROC:BTCUSDT:5m:LOW:1788134700000:1788135299999,BTCUSDT,LOW,77393.5,77404.7,2026-08-31T00:10:00.000Z,2026-08-31T00:14:59.999Z,1788135299999,17006,235.545121,0.003043,0.003261,0.003261,0,,0,1,1.365343,1.449404,1,0.682672,2,0,1,false,,2385,2347,0,0,0,0,BEARISH,BEARISH,true,2026-07-03T01:19:59.999Z,false,03b50c7c01e53a8db0d53ffbadee2c008c2e5793025f79683db4bda8eaa62335,HISTORICAL_TURNING_POINT_SIGNIFICANCE_V1,WEAK,MEDIUM,LOCAL_REVERSAL_WITH_LIMITED_SIGNIFICANCE,false,TURNING_SIGNIFICANCE_WEAK,,e1962266a20c67182dc11859d0b68f1b166dd3beddb591727f4a92ce5cf917e0,36f152e4a74633cd84ad34f029506c68d557920c729f09bb541ec6bbf6727850
DYNDW:SAME_PROCESS_WICK_V1:BTCUSDT:5m:HIGH:1788136500000:1788138599999,DYNDPROC:BTCUSDT:5m:HIGH:1788136800000:1788138599999,BTCUSDT,HIGH,78166.7,78001.5,2026-08-31T00:35:00.000Z,2026-08-31T01:09:59.999Z,1788138599999,17017,204.065371,0.002616,0.003391,0.003391,1.348587,0.650591,0.192655,7,1.894491,2.767741,0.816301,0.315748,6,0,1,true,LOCAL_SWING,2386,2348,1,0,0,1,BEARISH,BEARISH,true,2026-07-03T00:09:59.999Z,false,d6d1f434dd41e7bd85a59aa31280bb7001b72820a51130a79e31d9aa1d775f3e,HISTORICAL_TURNING_POINT_SIGNIFICANCE_V1,VALID,MEDIUM,STRONG_REVERSAL_WITH_STRUCTURAL_CHANGE,false,TURNING_SIGNIFICANCE_CONFIDENCE_NOT_HIGH,,e1962266a20c67182dc11859d0b68f1b166dd3beddb591727f4a92ce5cf917e0,959eff9d5c88f98be227975d080b43c65e41e20b5bedab6383bd37931bd37d94
DYNDW:SAME_PROCESS_WICK_V1:BTCUSDT:5m:LOW:1788141600000:1788142499999,DYNDPROC:BTCUSDT:5m:LOW:1788141300000:1788142499999,BTCUSDT,LOW,77488,77609.9,2026-08-31T02:00:00.000Z,2026-08-31T02:14:59.999Z,1788142499999,17030,171.729309,0.002213,0.003499,0.003499,0.029116,0.006668,0.002647,11,1.763822,2.822465,1,0.440956,4,0,1,true,LOCAL_SWING,2389,2350,0,1,0,1,BEARISH,BEARISH,true,2026-07-03T01:19:59.999Z,false,521e7296ce4a266b9cf5512a922945898242b9af71bd130f7a4f8087d60a87ed,HISTORICAL_TURNING_POINT_SIGNIFICANCE_V1,WEAK,MEDIUM,LOCAL_REVERSAL_WITH_LIMITED_SIGNIFICANCE,false,TURNING_SIGNIFICANCE_WEAK,,e1962266a20c67182dc11859d0b68f1b166dd3beddb591727f4a92ce5cf917e0,02e353e4e037b166e0201d551b9e04e39064c27af06c05468af4fd703627f2ab
DYNDW:SAME_PROCESS_WICK_V1:BTCUSDT:5m:HIGH:1788142200000:1788144599999,DYNDPROC:BTCUSDT:5m:HIGH:1788142200000:1788144599999,BTCUSDT,HIGH,77972.7,77912.8,2026-08-31T02:10:00.000Z,2026-08-31T02:49:59.999Z,1788144599999,17037,173.764064,0.00223,0.003546,0.003546,0,,0,1,1.992357,2.357795,0.776233,0.249045,8,0,1,true,LOCAL_SWING,2389,2351,2,0,0,2,BEARISH,BEARISH,true,2026-07-03T00:09:59.999Z,false,2ea56cc08aba71da5298cff832a4ed5cd4d13c1fbceb2297061d43051a533ca9,HISTORICAL_TURNING_POINT_SIGNIFICANCE_V1,WEAK,MEDIUM,LOCAL_REVERSAL_WITH_LIMITED_SIGNIFICANCE,false,TURNING_SIGNIFICANCE_WEAK,,e1962266a20c67182dc11859d0b68f1b166dd3beddb591727f4a92ce5cf917e0,cf440f971b637185cbe4d46a0d3592a024d2223ba9d0c68e913b010e2270a514
DYNDW:SAME_PROCESS_WICK_V1:BTCUSDT:5m:LOW:1788144900000:1788146699999,DYNDPROC:BTCUSDT:5m:LOW:1788144600000:1788146699999,BTCUSDT,LOW,77350.7,77395.6,2026-08-31T02:55:00.000Z,2026-08-31T03:24:59.999Z,1788146699999,17044,148.853441,0.001923,0.003601,0.003601,1.148781,1,0.57439,2,2.250536,2.581734,0.722294,0.321505,7,0,2,true,LOCAL_SWING,2391,2351,0,1,0,1,BEARISH,BEARISH,true,2026-07-03T01:19:59.999Z,false,559dd339368c6f072ddceeb2ae6d0ada76be38faf8e6211333be66a4b275b110,HISTORICAL_TURNING_POINT_SIGNIFICANCE_V1,VALID,MEDIUM,VALID_LOCAL_TURN_WITH_CLEAR_REVERSAL,false,TURNING_SIGNIFICANCE_CONFIDENCE_NOT_HIGH,,e1962266a20c67182dc11859d0b68f1b166dd3beddb591727f4a92ce5cf917e0,27caa402166f44cdb99e3eafdbcb1be9c7334ed8d6cc40e2abf220b29768d7d3
DYNDW:SAME_PROCESS_WICK_V1:BTCUSDT:5m:HIGH:1788147900000:1788149999999,DYNDPROC:BTCUSDT:5m:HIGH:1788147900000:1788149999999,BTCUSDT,HIGH,77853.5,77800.5,2026-08-31T03:45:00.000Z,2026-08-31T04:19:59.999Z,1788149999999,17055,125.217601,0.001609,0.003647,0.003647,0.558228,0.339815,0.093038,6,2.489267,2.936488,0.856554,0.35561,7,0,1,true,LOCAL_SWING,2392,2352,1,0,0,1,BEARISH,BEARISH,true,2026-07-03T00:09:59.999Z,false,6bfce9fe7dd6fb85891c3f623ccef8342ddccf2654c916480d359f125cef5589,HISTORICAL_TURNING_POINT_SIGNIFICANCE_V1,VALID,MEDIUM,STRONG_REVERSAL_WITH_STRUCTURAL_CHANGE,false,TURNING_SIGNIFICANCE_CONFIDENCE_NOT_HIGH,,e1962266a20c67182dc11859d0b68f1b166dd3beddb591727f4a92ce5cf917e0,47a529203dc220191fcfaf7256864febb401b1acb61c01ff50a6559f424f0323
DYNDW:SAME_PROCESS_WICK_V1:BTCUSDT:5m:LOW:1788150600000:1788153599999,DYNDPROC:BTCUSDT:5m:LOW:1788151500000:1788153599999,BTCUSDT,LOW,77427.2,77453,2026-08-31T04:30:00.000Z,2026-08-31T05:19:59.999Z,1788153599999,17067,108.369183,0.001399,0.003683,0.003683,0.330352,0.155382,0.047193,7,5.084471,5.423128,0.949018,0.726353,7,0,1,true,LOCAL_SWING,2393,2352,0,2,0,2,BEARISH,BEARISH,true,2026-07-03T01:19:59.999Z,false,8dc871995806d24f9b2dddf58f513d78c838846e3223861d135eae9a6770c076,HISTORICAL_TURNING_POINT_SIGNIFICANCE_V1,VALID,MEDIUM,EFFICIENT_REVERSAL_FROM_EXTREME,false,TURNING_SIGNIFICANCE_CONFIDENCE_NOT_HIGH,,e1962266a20c67182dc11859d0b68f1b166dd3beddb591727f4a92ce5cf917e0,4bedc74bbe167b6c31839e40f8df0b2d62deeeefb34442e6b3d6f68c01629968
DYNDW:SAME_PROCESS_WICK_V1:BTCUSDT:5m:HIGH:1788167100000:1788170999999,DYNDPROC:BTCUSDT:5m:HIGH:1788168000000:1788170999999,BTCUSDT,HIGH,78774,78729.3,2026-08-31T09:05:00.000Z,2026-08-31T10:09:59.999Z,1788170999999,17125,139.779935,0.001775,0.004048,0.004048,5.188871,0.231555,0.103777,50,2.564746,3.479756,0.77014,0.256475,10,0,1,true,LOCAL_SWING,2401,2361,3,1,1,3,BEARISH,BEARISH,true,2026-07-03T00:09:59.999Z,false,febecf51ca0e9e6a28bb18d87f2a21a16315a9b0fcc5dfaeedf47ec9076dce33,HISTORICAL_TURNING_POINT_SIGNIFICANCE_V1,VALID,MEDIUM,VALID_LOCAL_TURN_WITH_CLEAR_REVERSAL,false,TURNING_SIGNIFICANCE_CONFIDENCE_NOT_HIGH,,e1962266a20c67182dc11859d0b68f1b166dd3beddb591727f4a92ce5cf917e0,108e22e055fd14b936a194c22c4aaaa74b87b7933dca8b373250ea8b0425e3f8
DYNDW:SAME_PROCESS_WICK_V1:BTCUSDT:5m:LOW:1788180000000:1788183599999,DYNDPROC:BTCUSDT:5m:LOW:1788180300000:1788183599999,BTCUSDT,LOW,77663.1,77744.7,2026-08-31T12:40:00.000Z,2026-08-31T13:39:59.999Z,1788183599999,17167,149.188539,0.001919,0.004143,0.004143,4.196703,0.280122,0.127173,33,2.44992,3.698005,0.555387,0.22272,11,0,1,true,LOCAL_SWING,2406,2365,1,1,1,1,BEARISH,BEARISH,true,2026-07-03T01:19:59.999Z,false,1b943823c04c45d4c8f72a6292ccd8b0000e239b49a3b142fbbb6ae13033ca9f,HISTORICAL_TURNING_POINT_SIGNIFICANCE_V1,VALID,MEDIUM,VALID_LOCAL_TURN_WITH_CLEAR_REVERSAL,false,TURNING_SIGNIFICANCE_CONFIDENCE_NOT_HIGH,,e1962266a20c67182dc11859d0b68f1b166dd3beddb591727f4a92ce5cf917e0,93555571c49810d0f9a046298d1875b081b0c582d0f6faf69fab5cd783f3cb71
DYNDW:SAME_PROCESS_WICK_V1:BTCUSDT:5m:HIGH:1788183600000:1788186299999,DYNDPROC:BTCUSDT:5m:HIGH:1788183300000:1788186299999,BTCUSDT,HIGH,78256.2,78110.2,2026-08-31T13:40:00.000Z,2026-08-31T14:24:59.999Z,1788186299999,17176,181.138652,0.002319,0.004161,0.004161,0,,0,1,1.972522,3.198655,0.429086,0.197252,10,0,2,true,LOCAL_SWING,2407,2366,2,2,2,2,BEARISH,BEARISH,true,2026-07-03T00:09:59.999Z,false,99643ce5efc5c6a76690f5bfcc87c978267ce2a3351dbbe1e6e07b5780c63657,HISTORICAL_TURNING_POINT_SIGNIFICANCE_V1,WEAK,MEDIUM,LOCAL_REVERSAL_WITH_LIMITED_SIGNIFICANCE,false,TURNING_SIGNIFICANCE_WEAK,,e1962266a20c67182dc11859d0b68f1b166dd3beddb591727f4a92ce5cf917e0,42abdd278e09781960b685c4eb5b7869a0fe31b5a4422f770588dbae1d5f81f0
DYNDW:SAME_PROCESS_WICK_V1:BTCUSDT:5m:LOW:1788186300000:1788187199999,DYNDPROC:BTCUSDT:5m:LOW:1788186000000:1788187199999,BTCUSDT,LOW,77711.7,77752.9,2026-08-31T14:25:00.000Z,2026-08-31T14:39:59.999Z,1788187199999,17179,212.106552,0.002728,0.004204,0.004204,0,,0,1,1.743463,2.319117,0.762474,0.435866,4,0,1,true,LOCAL_SWING,2409,2368,0,1,0,1,BEARISH,BEARISH,true,2026-07-03T01:19:59.999Z,false,355a964ed6e757f8e59f93ec3768cefb182abe70e1ac3ea0793086fe45f3644d,HISTORICAL_TURNING_POINT_SIGNIFICANCE_V1,WEAK,MEDIUM,LOCAL_REVERSAL_WITH_LIMITED_SIGNIFICANCE,false,TURNING_SIGNIFICANCE_WEAK,,e1962266a20c67182dc11859d0b68f1b166dd3beddb591727f4a92ce5cf917e0,98c62e767105f2c5035708fe8840aa11d11542b56c3b34c9a0c61dc82d7aefda
DYNDW:SAME_PROCESS_WICK_V1:BTCUSDT:5m:HIGH:1788188400000:1788189599999,DYNDPROC:BTCUSDT:5m:HIGH:1788188100000:1788189599999,BTCUSDT,HIGH,78660,78628.1,2026-08-31T15:00:00.000Z,2026-08-31T15:19:59.999Z,1788189599999,17187,230.790189,0.002935,0.00442,0.00442,2.189868,0.707645,0.437974,5,1.715844,2.099309,0.745482,0.343169,5,0,1,true,LOCAL_SWING,2410,2369,1,0,0,1,BEARISH,BEARISH,true,2026-07-03T00:09:59.999Z,false,be9c6763d49f1930378b44829275deabf8774b3273152352342c586c52f9efe0,HISTORICAL_TURNING_POINT_SIGNIFICANCE_V1,WEAK,MEDIUM,LOCAL_REVERSAL_WITH_LIMITED_SIGNIFICANCE,false,TURNING_SIGNIFICANCE_WEAK,,e1962266a20c67182dc11859d0b68f1b166dd3beddb591727f4a92ce5cf917e0,f46fb0fa8bea7b5b1be44da99fd5d4f76badbcb1c8622a93bdced9d4fcd78519
DYNDW:SAME_PROCESS_WICK_V1:BTCUSDT:5m:LOW:1788189300000:1788191099999,DYNDPROC:BTCUSDT:5m:LOW:1788189300000:1788191099999,BTCUSDT,LOW,78175.5,78232.1,2026-08-31T15:15:00.000Z,2026-08-31T15:44:59.999Z,1788191099999,17192,224.035888,0.002864,0.004464,0.004464,0,,0,1,1.983164,2.552716,1,0.330527,6,0,1,true,LOCAL_SWING,2411,2369,0,1,0,1,BEARISH,BEARISH,true,2026-07-03T01:19:59.999Z,false,37523dc4fc72520ce4b88c7179629e92fd1a5c0cb215e559167a9b736720d9e1,HISTORICAL_TURNING_POINT_SIGNIFICANCE_V1,WEAK,MEDIUM,LOCAL_REVERSAL_WITH_LIMITED_SIGNIFICANCE,false,TURNING_SIGNIFICANCE_WEAK,,e1962266a20c67182dc11859d0b68f1b166dd3beddb591727f4a92ce5cf917e0,2780d790b7030b8750eff69ab1e61343bf4fdf1235cee1bfee333658645584cd
DYNDW:SAME_PROCESS_WICK_V1:BTCUSDT:5m:HIGH:1788203400000:1788208499999,DYNDPROC:BTCUSDT:5m:HIGH:1788203100000:1788208499999,BTCUSDT,HIGH,79228.5,79182.6,2026-08-31T19:10:00.000Z,2026-08-31T20:34:59.999Z,1788208499999,17250,139.797624,0.001766,0.004465,0.004465,3.620949,0.183048,0.086213,42,2.657413,3.180312,0.373705,0.147634,18,1,3,true,LOCAL_SWING,2419,2376,4,2,2,4,BEARISH,BEARISH,true,2026-07-03T00:09:59.999Z,false,071c44332b011a3c7f485a3cf16c283c8f4e8429cd0e580c73b932e8db7c2ebb,HISTORICAL_TURNING_POINT_SIGNIFICANCE_V1,WEAK,MEDIUM,LOCAL_REVERSAL_WITH_LIMITED_SIGNIFICANCE,false,TURNING_SIGNIFICANCE_WEAK,,e1962266a20c67182dc11859d0b68f1b166dd3beddb591727f4a92ce5cf917e0,d1a6ba14dbd5b91971c0c469afdc6c98902602bdcc83d9649a277bdcf71fa55f
DYNDW:SAME_PROCESS_WICK_V1:BTCUSDT:5m:LOW:1788217200000:1788221999999,DYNDPROC:BTCUSDT:5m:LOW:1788217200000:1788221999999,BTCUSDT,LOW,78362.4,78403.4,2026-08-31T23:00:00.000Z,2026-09-01T00:19:59.999Z,1788221999999,17295,84.275825,0.001075,0.004407,0.004407,4.837686,0.258742,0.156054,31,4.380853,5.372834,0.624915,0.273803,16,0,2,true,LOCAL_SWING,2425,2380,2,3,2,3,BEARISH,BEARISH,true,2026-07-03T01:19:59.999Z,false,49323bacbc8033614b9a61b842887abc417f2b32a44ab032ea8cb02008b0947b,HISTORICAL_TURNING_POINT_SIGNIFICANCE_V1,VALID,MEDIUM,VALID_LOCAL_TURN_WITH_CLEAR_REVERSAL,false,TURNING_SIGNIFICANCE_CONFIDENCE_NOT_HIGH,,e1962266a20c67182dc11859d0b68f1b166dd3beddb591727f4a92ce5cf917e0,4f5f88575e7f016c21e4bdda9cb1df1e6f06475fae15a8e7bf021ea85cab554f
DYNDW:SAME_PROCESS_WICK_V1:BTCUSDT:5m:HIGH:1788222300000:1788225299999,DYNDPROC:BTCUSDT:5m:HIGH:1788222300000:1788225299999,BTCUSDT,HIGH,78868.7,78826.9,2026-09-01T00:25:00.000Z,2026-09-01T01:14:59.999Z,1788225299999,17306,72.160271,0.000915,0.003903,0.003903,0.752492,1,0.250831,3,4.308465,5.374148,0.483289,0.430846,10,1,3,true,LOCAL_SWING,2427,2383,1,1,1,1,BEARISH,BEARISH,true,2026-07-03T00:09:59.999Z,false,95ffcafe83c305e75742249ccda3fda61727890a7eb5f2969fe247ee3e066068,HISTORICAL_TURNING_POINT_SIGNIFICANCE_V1,VALID,MEDIUM,STRONG_REVERSAL_WITH_STRUCTURAL_CHANGE,false,TURNING_SIGNIFICANCE_CONFIDENCE_NOT_HIGH,,e1962266a20c67182dc11859d0b68f1b166dd3beddb591727f4a92ce5cf917e0,0f5c4ef173e5b1aa9e37492b430f785a275c0ad38c1de572f090e0b7036520df
DYNDW:SAME_PROCESS_WICK_V1:BTCUSDT:5m:LOW:1788229500000:1788233699999,DYNDPROC:BTCUSDT:5m:LOW:1788229500000:1788233699999,BTCUSDT,LOW,78150,78188.1,2026-09-01T02:25:00.000Z,2026-09-01T03:34:59.999Z,1788233699999,17334,106.880696,0.001367,0.003857,0.003857,3.067907,0.367642,0.191744,16,4.742671,5.302174,0.644337,0.338762,14,0,3,true,LOCAL_SWING,2430,2386,1,2,1,2,BEARISH,BEARISH,true,2026-07-03T01:19:59.999Z,false,6c42a8f90cbcb1885879994dbc7146da96ddeb1a3360d6133bf51e795ead0a1d,HISTORICAL_TURNING_POINT_SIGNIFICANCE_V1,VALID,MEDIUM,VALID_LOCAL_TURN_WITH_CLEAR_REVERSAL,false,TURNING_SIGNIFICANCE_CONFIDENCE_NOT_HIGH,,e1962266a20c67182dc11859d0b68f1b166dd3beddb591727f4a92ce5cf917e0,4fbfaf18857ff85e569ab7b22c4fa7981c9bb129df42604b9b74ffbf69c1e69c
DYNDW:SAME_PROCESS_WICK_V1:BTCUSDT:5m:HIGH:1788242100000:1788243899999,DYNDPROC:BTCUSDT:5m:HIGH:1788241800000:1788243899999,BTCUSDT,HIGH,79196,79165.2,2026-09-01T05:55:00.000Z,2026-09-01T06:24:59.999Z,1788243899999,17368,105.265688,0.00133,0.003781,0.003781,4.466793,0.299376,0.154027,29,3.390468,3.722961,0.851181,0.484353,7,0,1,true,LOCAL_SWING,2436,2393,1,0,0,1,BEARISH,BEARISH,true,2026-07-03T00:09:59.999Z,false,058e30400bd9c27d7fda510a68ce94139e010229d0fe8807040335fc22b33a53,HISTORICAL_TURNING_POINT_SIGNIFICANCE_V1,VALID,MEDIUM,EFFICIENT_REVERSAL_FROM_EXTREME,false,TURNING_SIGNIFICANCE_CONFIDENCE_NOT_HIGH,,e1962266a20c67182dc11859d0b68f1b166dd3beddb591727f4a92ce5cf917e0,8da879bf91c2c936ca67a099d76a1f6624f60f81796be11783e6330752c39915
DYNDW:SAME_PROCESS_WICK_V1:BTCUSDT:5m:LOW:1788257700000:1788259199999,DYNDPROC:BTCUSDT:5m:LOW:1788253800000:1788259199999,BTCUSDT,LOW,77710.4,77789.1,2026-09-01T10:15:00.000Z,2026-09-01T10:39:59.999Z,1788259199999,17419,129.643504,0.001667,0.003768,0.003768,7.861559,0.528905,0.224616,35,2.673485,3.308303,0.361644,0.148527,18,1,2,true,LOCAL_SWING,2444,2399,0,1,0,1,BEARISH,BEARISH,true,2026-07-03T01:19:59.999Z,false,80ef0b748c4ac4aad277a06fbf43946ae7b46af3e61f141ede4da183d38af2b0,HISTORICAL_TURNING_POINT_SIGNIFICANCE_V1,VALID,MEDIUM,VALID_LOCAL_TURN_WITH_CLEAR_REVERSAL,false,TURNING_SIGNIFICANCE_CONFIDENCE_NOT_HIGH,,e1962266a20c67182dc11859d0b68f1b166dd3beddb591727f4a92ce5cf917e0,086fbf96035ee6ec3b5c94bb4f2269568d204ba7d1d20e976f5f33094850e05c
DYNDW:SAME_PROCESS_WICK_V1:BTCUSDT:5m:HIGH:1788262800000:1788266099999,DYNDPROC:BTCUSDT:5m:HIGH:1788262500000:1788266099999,BTCUSDT,HIGH,78166.7,78140,2026-09-01T11:40:00.000Z,2026-09-01T12:34:59.999Z,1788266099999,17442,106.223503,0.001359,0.003769,0.003769,0.040481,0.00845,0.003114,13,2.77528,3.50205,0.498816,0.231273,12,0,2,true,LOCAL_SWING,2445,2402,1,1,1,1,BEARISH,BEARISH,true,2026-07-03T00:09:59.999Z,false,72e8f3c4600de6a525f5dad68bb32dd0e06d4bc87e01259cd3ee050264c43fb8,HISTORICAL_TURNING_POINT_SIGNIFICANCE_V1,WEAK,MEDIUM,LOCAL_REVERSAL_WITH_LIMITED_SIGNIFICANCE,false,TURNING_SIGNIFICANCE_WEAK,,e1962266a20c67182dc11859d0b68f1b166dd3beddb591727f4a92ce5cf917e0,b5ba9decc0440c026bcbc6d9233eb621eeb525c6f8b592e888b28c2aa8cd823c
DYNDW:SAME_PROCESS_WICK_V1:BTCUSDT:5m:LOW:1788267900000:1788270299999,DYNDPROC:BTCUSDT:5m:LOW:1788269700000:1788270299999,BTCUSDT,LOW,77366,77593.4,2026-09-01T13:05:00.000Z,2026-09-01T13:44:59.999Z,1788270299999,17456,170.941433,0.002203,0.003711,0.003711,1.473019,0.239855,0.105216,14,1.699412,3.683133,1,0.849706,2,0,1,true,LOCAL_SWING,2447,2404,1,1,1,1,BEARISH,BEARISH,true,2026-07-03T01:19:59.999Z,false,98cadafc896d572a0006fa998f70ff43e70deaad9e06a57ab4938ab99655c94a,HISTORICAL_TURNING_POINT_SIGNIFICANCE_V1,VALID,MEDIUM,EFFICIENT_REVERSAL_FROM_EXTREME,false,TURNING_SIGNIFICANCE_CONFIDENCE_NOT_HIGH,,e1962266a20c67182dc11859d0b68f1b166dd3beddb591727f4a92ce5cf917e0,52668749067b619ef7f1458650b87ffcf0bb80f53e3d120c92d40a274776ee57
DYNDW:SAME_PROCESS_WICK_V1:BTCUSDT:5m:HIGH:1788271500000:1788275099999,DYNDPROC:BTCUSDT:5m:HIGH:1788273600000:1788275099999,BTCUSDT,HIGH,78396.9,78365.1,2026-09-01T14:05:00.000Z,2026-09-01T15:04:59.999Z,1788275099999,17472,183.721429,0.002344,0.003598,0.003598,2.619183,0.465197,0.201476,13,2.99965,3.386105,1,0.59993,5,0,1,true,LOCAL_SWING,2448,2406,3,1,1,3,BEARISH,BEARISH,true,2026-07-03T00:09:59.999Z,false,eee7a2e9384051821e67bea3b97e757e996fcec2a8ca4a7e9ab39a4d7db0f4ba,HISTORICAL_TURNING_POINT_SIGNIFICANCE_V1,VALID,MEDIUM,STRONG_REVERSAL_WITH_STRUCTURAL_CHANGE,false,TURNING_SIGNIFICANCE_CONFIDENCE_NOT_HIGH,,e1962266a20c67182dc11859d0b68f1b166dd3beddb591727f4a92ce5cf917e0,078ecf32eddbe986796b56ab5dfa97be52c72994207b7756ded8a515c0d8755a
DYNDW:SAME_PROCESS_WICK_V1:BTCUSDT:5m:LOW:1788288300000:1788288899999,DYNDPROC:BTCUSDT:5m:LOW:1788288000000:1788288899999,BTCUSDT,LOW,76368,76545.5,2026-09-01T18:45:00.000Z,2026-09-01T18:54:59.999Z,1788288899999,17518,178.178451,0.002328,0.00361,0.00361,7.119267,0.397263,0.158206,45,2.01764,3.273123,1,0.672547,3,0,1,false,,2454,2411,0,0,0,0,BEARISH,BEARISH,true,2026-07-03T01:19:59.999Z,false,7bb5af3096a79feb67844d1ebdb2e617b280b7d83ed6597e18c267f30f302b82,HISTORICAL_TURNING_POINT_SIGNIFICANCE_V1,VALID,MEDIUM,EFFICIENT_REVERSAL_FROM_EXTREME,false,TURNING_SIGNIFICANCE_CONFIDENCE_NOT_HIGH,,e1962266a20c67182dc11859d0b68f1b166dd3beddb591727f4a92ce5cf917e0,f398ad95b9128d785276f70f8b769401eec4440114ca5d6cddc860d5d5c004ee
DYNDW:SAME_PROCESS_WICK_V1:BTCUSDT:5m:HIGH:1788296400000:1788297299999,DYNDPROC:BTCUSDT:5m:HIGH:1788296100000:1788297299999,BTCUSDT,HIGH,77497.2,77415,2026-09-01T21:00:00.000Z,2026-09-01T21:14:59.999Z,1788297299999,17546,115.135649,0.001487,0.003707,0.003707,4.429558,0.360577,0.170368,26,2.908743,4.019606,1,0.727186,4,0,1,true,LOCAL_SWING,2458,2416,1,0,0,1,BEARISH,BEARISH,true,2026-07-03T00:09:59.999Z,false,93c22fb5f30874607dd13f5df13bcef032d6331a03fa8435cd046c9822cf8433,HISTORICAL_TURNING_POINT_SIGNIFICANCE_V1,VALID,MEDIUM,EFFICIENT_REVERSAL_FROM_EXTREME,false,TURNING_SIGNIFICANCE_CONFIDENCE_NOT_HIGH,,e1962266a20c67182dc11859d0b68f1b166dd3beddb591727f4a92ce5cf917e0,3fba842083621dfee37276a0e25f835562f1a85fad5f20f472d57ccc18ae7023
DYNDW:SAME_PROCESS_WICK_V1:BTCUSDT:5m:LOW:1788297300000:1788302999999,DYNDPROC:BTCUSDT:5m:LOW:1788297300000:1788302999999,BTCUSDT,LOW,76883.6,76994.8,2026-09-01T21:15:00.000Z,2026-09-01T22:49:59.999Z,1788302999999,17565,133.545673,0.001734,0.003738,0.003738,0.638733,1,0.319366,2,2.225456,3.05813,0.244127,0.117129,19,2,3,true,LOCAL_SWING,2459,2416,2,2,2,2,BEARISH,BEARISH,true,2026-07-03T01:19:59.999Z,false,81b1451fd4d005f9c9e6bb0c75e632039424f64cbe2d43750d863083861fc803,HISTORICAL_TURNING_POINT_SIGNIFICANCE_V1,VALID,MEDIUM,VALID_LOCAL_TURN_WITH_CLEAR_REVERSAL,false,TURNING_SIGNIFICANCE_CONFIDENCE_NOT_HIGH,,e1962266a20c67182dc11859d0b68f1b166dd3beddb591727f4a92ce5cf917e0,85735ef97fa1897b64e40f8d6d3ded54dada8925f00562fa3778164558e80b4a
