openTimeMs,openTimeUtc,openTimeLocal,open,high,low,close,volume,closeTime,source
1788407100000,2026-09-03T03:45:00.000Z,2026-09-03 11:45,77630.2,77650,77596.3,77650,269.896,1788407399999,futures
1788407400000,2026-09-03T03:50:00.000Z,2026-09-03 11:50,77650,77711.1,77649.9,77709.8,252.97,1788407699999,futures
1788407700000,2026-09-03T03:55:00.000Z,2026-09-03 11:55,77709.8,77709.9,77665.3,77665.3,115.316,1788407999999,futures
1788408000000,2026-09-03T04:00:00.000Z,2026-09-03 12:00,77665.3,77739.4,77665.3,77704.6,202.249,1788408299999,futures
1788408300000,2026-09-03T04:05:00.000Z,2026-09-03 12:05,77704.7,77753.1,77693.1,77727.9,188.866,1788408599999,futures
1788408600000,2026-09-03T04:10:00.000Z,2026-09-03 12:10,77727.9,77795,77570,77603.3,732.652,1788408899999,futures
1788408900000,2026-09-03T04:15:00.000Z,2026-09-03 12:15,77603.3,77625.4,77523.3,77550.6,356.411,1788409199999,futures
1788409200000,2026-09-03T04:20:00.000Z,2026-09-03 12:20,77550.6,77603.4,77510,77590.8,271.008,1788409499999,futures
1788409500000,2026-09-03T04:25:00.000Z,2026-09-03 12:25,77590.8,77590.8,77515.9,77539.8,117.3,1788409799999,futures
1788409800000,2026-09-03T04:30:00.000Z,2026-09-03 12:30,77539.8,77590,77539.7,77566.1,389.409,1788410099999,futures
1788410100000,2026-09-03T04:35:00.000Z,2026-09-03 12:35,77566.1,77573.8,77553.8,77561.9,145.331,1788410399999,futures
1788410400000,2026-09-03T04:40:00.000Z,2026-09-03 12:40,77561.9,77562,77508.9,77522.3,309.3,1788410699999,futures
1788410700000,2026-09-03T04:45:00.000Z,2026-09-03 12:45,77522.2,77612.1,77522.2,77601,364.072,1788410999999,futures
1788411000000,2026-09-03T04:50:00.000Z,2026-09-03 12:50,77601.1,77761.6,77601,77751.8,285.414,1788411299999,futures
1788411300000,2026-09-03T04:55:00.000Z,2026-09-03 12:55,77751.7,77751.8,77669.6,77748,256.742,1788411599999,futures
1788411600000,2026-09-03T05:00:00.000Z,2026-09-03 13:00,77747.9,77794.8,77716.3,77716.3,285.08,1788411899999,futures
1788411900000,2026-09-03T05:05:00.000Z,2026-09-03 13:05,77716.3,77724.5,77640.4,77666.5,338.77,1788412199999,futures
1788412200000,2026-09-03T05:10:00.000Z,2026-09-03 13:10,77666.4,77702.2,77565.1,77594.1,230.488,1788412499999,futures
1788412500000,2026-09-03T05:15:00.000Z,2026-09-03 13:15,77594.2,77618.7,77443.3,77459.3,700.069,1788412799999,futures
1788412800000,2026-09-03T05:20:00.000Z,2026-09-03 13:20,77459.4,77463.9,77164.1,77242.4,1694.494,1788413099999,futures
1788413100000,2026-09-03T05:25:00.000Z,2026-09-03 13:25,77242.4,77242.4,77053.8,77161.8,1159.167,1788413399999,futures
1788413400000,2026-09-03T05:30:00.000Z,2026-09-03 13:30,77161.9,77318.5,77133.6,77307.4,587.84,1788413699999,futures
1788413700000,2026-09-03T05:35:00.000Z,2026-09-03 13:35,77307.4,77438.7,77307.3,77402.5,655.001,1788413999999,futures
1788414000000,2026-09-03T05:40:00.000Z,2026-09-03 13:40,77402.5,77489,77374.6,77457.1,500.004,1788414299999,futures
1788414300000,2026-09-03T05:45:00.000Z,2026-09-03 13:45,77457.2,77492.5,77373.1,77479.9,305.339,1788414599999,futures
1788414600000,2026-09-03T05:50:00.000Z,2026-09-03 13:50,77479.9,77688,77479.6,77644,927.027,1788414899999,futures
1788414900000,2026-09-03T05:55:00.000Z,2026-09-03 13:55,77644.1,77799.3,77644.1,77777.3,949.498,1788415199999,futures
1788415200000,2026-09-03T06:00:00.000Z,2026-09-03 14:00,77777.4,77819.9,77685.9,77694.3,577.547,1788415499999,futures
1788415500000,2026-09-03T06:05:00.000Z,2026-09-03 14:05,77694.4,77756.1,77662.1,77685.7,413.634,1788415799999,futures
1788415800000,2026-09-03T06:10:00.000Z,2026-09-03 14:10,77685.7,77723.6,77654.5,77674.9,176.634,1788416099999,futures
1788416100000,2026-09-03T06:15:00.000Z,2026-09-03 14:15,77674.9,77749.4,77666.4,77743.6,316.161,1788416399999,futures
1788416400000,2026-09-03T06:20:00.000Z,2026-09-03 14:20,77743.6,77748.9,77707.6,77711.3,250.263,1788416699999,futures
1788416700000,2026-09-03T06:25:00.000Z,2026-09-03 14:25,77711.4,77740.6,77694,77712,139.731,1788416999999,futures
1788417000000,2026-09-03T06:30:00.000Z,2026-09-03 14:30,77712,77764.3,77685.5,77763.6,343.1,1788417299999,futures
1788417300000,2026-09-03T06:35:00.000Z,2026-09-03 14:35,77763.6,77763.6,77725.2,77734.5,96.16,1788417599999,futures
1788417600000,2026-09-03T06:40:00.000Z,2026-09-03 14:40,77734.5,77795.1,77718,77795.1,138.659,1788417899999,futures
1788417900000,2026-09-03T06:45:00.000Z,2026-09-03 14:45,77795.1,77799,77744.5,77784.4,177.256,1788418199999,futures
1788418200000,2026-09-03T06:50:00.000Z,2026-09-03 14:50,77784.4,77817.5,77728.1,77738.9,178.361,1788418499999,futures
1788418500000,2026-09-03T06:55:00.000Z,2026-09-03 14:55,77738.9,77798.4,77738.9,77795.4,147.745,1788418799999,futures
1788418800000,2026-09-03T07:00:00.000Z,2026-09-03 15:00,77795.5,78116.7,77770,78105.3,2415.865,1788419099999,futures
1788419100000,2026-09-03T07:05:00.000Z,2026-09-03 15:05,78105.4,78144.7,77960,77969.2,1215.359,1788419399999,futures
1788419400000,2026-09-03T07:10:00.000Z,2026-09-03 15:10,77969.1,78089,77940,78023.4,415.973,1788419699999,futures
1788419700000,2026-09-03T07:15:00.000Z,2026-09-03 15:15,78023.4,78024.7,77894.6,77922.9,479.289,1788419999999,futures
1788420000000,2026-09-03T07:20:00.000Z,2026-09-03 15:20,77923,77983.2,77874.8,77924.1,354.17,1788420299999,futures
1788420300000,2026-09-03T07:25:00.000Z,2026-09-03 15:25,77924.1,77950,77844.3,77910.9,329.46,1788420599999,futures
1788420600000,2026-09-03T07:30:00.000Z,2026-09-03 15:30,77911,77916,77822.8,77888.9,297.6,1788420899999,futures
1788420900000,2026-09-03T07:35:00.000Z,2026-09-03 15:35,77888.9,77943.9,77860.1,77943.8,182.867,1788421199999,futures
1788421200000,2026-09-03T07:40:00.000Z,2026-09-03 15:40,77943.9,78035.8,77858,77859.5,532.241,1788421499999,futures
1788421500000,2026-09-03T07:45:00.000Z,2026-09-03 15:45,77859.4,77900,77704.5,77704.5,652.88,1788421799999,futures
1788421800000,2026-09-03T07:50:00.000Z,2026-09-03 15:50,77704.5,77704.6,77620.8,77640.7,652.741,1788422099999,futures
1788422100000,2026-09-03T07:55:00.000Z,2026-09-03 15:55,77640.7,77652.5,77559.4,77627.3,577.617,1788422399999,futures
1788422400000,2026-09-03T08:00:00.000Z,2026-09-03 16:00,77627.4,77893.8,77627.4,77818.8,751.004,1788422699999,futures
1788422700000,2026-09-03T08:05:00.000Z,2026-09-03 16:05,77818.9,78032,77818.9,77894.4,957.138,1788422999999,futures
1788423000000,2026-09-03T08:10:00.000Z,2026-09-03 16:10,77894.4,77974.8,77836.9,77898,600.31,1788423299999,futures
1788423300000,2026-09-03T08:15:00.000Z,2026-09-03 16:15,77898.1,77908.7,77834.4,77898,429.337,1788423599999,futures
1788423600000,2026-09-03T08:20:00.000Z,2026-09-03 16:20,77898,77934.2,77786,77837.5,177.913,1788423899999,futures
1788423900000,2026-09-03T08:25:00.000Z,2026-09-03 16:25,77837.4,77953.2,77796.5,77947.9,339.097,1788424199999,futures
1788424200000,2026-09-03T08:30:00.000Z,2026-09-03 16:30,77947.8,77963.8,77901,77915.2,288.773,1788424499999,futures
1788424500000,2026-09-03T08:35:00.000Z,2026-09-03 16:35,77915.2,77949.4,77894.8,77894.8,240.977,1788424799999,futures
1788424800000,2026-09-03T08:40:00.000Z,2026-09-03 16:40,77894.9,77920,77833.7,77849.3,217.465,1788425099999,futures
1788425100000,2026-09-03T08:45:00.000Z,2026-09-03 16:45,77849.4,77879.4,77750.5,77773.9,431.872,1788425399999,futures
1788425400000,2026-09-03T08:50:00.000Z,2026-09-03 16:50,77773.9,77800,77730,77791.9,244.21,1788425699999,futures
1788425700000,2026-09-03T08:55:00.000Z,2026-09-03 16:55,77791.8,77833.7,77787,77807.6,329.109,1788425999999,futures
1788426000000,2026-09-03T09:00:00.000Z,2026-09-03 17:00,77807.6,77817.1,77776.2,77799.9,125.337,1788426299999,futures
1788426300000,2026-09-03T09:05:00.000Z,2026-09-03 17:05,77799.9,77868,77775.2,77850.1,527.929,1788426599999,futures
1788426600000,2026-09-03T09:10:00.000Z,2026-09-03 17:10,77850.2,77942.8,77816.3,77836.3,278.079,1788426899999,futures
1788426900000,2026-09-03T09:15:00.000Z,2026-09-03 17:15,77836.2,77887.5,77800,77804.7,151.601,1788427199999,futures
1788427200000,2026-09-03T09:20:00.000Z,2026-09-03 17:20,77804.7,77846.4,77779,77786.4,204.668,1788427499999,futures
1788427500000,2026-09-03T09:25:00.000Z,2026-09-03 17:25,77786.4,77801.5,77710,77710.1,278.364,1788427799999,futures
1788427800000,2026-09-03T09:30:00.000Z,2026-09-03 17:30,77710,77735.6,77696.5,77717.3,286.593,1788428099999,futures
1788428100000,2026-09-03T09:35:00.000Z,2026-09-03 17:35,77717.3,77746.7,77690.9,77690.9,184.526,1788428399999,futures
1788428400000,2026-09-03T09:40:00.000Z,2026-09-03 17:40,77690.9,77707.1,77620.9,77691.5,520.361,1788428699999,futures
1788428700000,2026-09-03T09:45:00.000Z,2026-09-03 17:45,77691.4,77755.1,77585.2,77606.8,334.046,1788428999999,futures
1788429000000,2026-09-03T09:50:00.000Z,2026-09-03 17:50,77606.8,77652.6,77589.2,77619.8,199.424,1788429299999,futures
1788429300000,2026-09-03T09:55:00.000Z,2026-09-03 17:55,77619.9,77634.1,77577,77578,272.696,1788429599999,futures
1788429600000,2026-09-03T10:00:00.000Z,2026-09-03 18:00,77578,77620.9,77556,77617.6,393.754,1788429899999,futures
1788429900000,2026-09-03T10:05:00.000Z,2026-09-03 18:05,77617.5,77653.5,77551.1,77624.5,319.499,1788430199999,futures
1788430200000,2026-09-03T10:10:00.000Z,2026-09-03 18:10,77624.5,77637.2,77503.1,77534.4,379.042,1788430499999,futures
1788430500000,2026-09-03T10:15:00.000Z,2026-09-03 18:15,77534.5,77594.9,77490.7,77594,335.993,1788430799999,futures
1788430800000,2026-09-03T10:20:00.000Z,2026-09-03 18:20,77593.9,77677.9,77593.9,77607.6,345.83,1788431099999,futures
1788431100000,2026-09-03T10:25:00.000Z,2026-09-03 18:25,77607.7,77630.1,77570,77594.3,133.611,1788431399999,futures
1788431400000,2026-09-03T10:30:00.000Z,2026-09-03 18:30,77594.2,77618.8,77422.8,77473.1,614.991,1788431699999,futures
1788431700000,2026-09-03T10:35:00.000Z,2026-09-03 18:35,77473.1,77507.8,77460.5,77507.4,325.741,1788431999999,futures
1788432000000,2026-09-03T10:40:00.000Z,2026-09-03 18:40,77507.4,77510.2,77436.4,77476.5,423.84,1788432299999,futures
1788432300000,2026-09-03T10:45:00.000Z,2026-09-03 18:45,77476.5,77565.6,77466.9,77546,316.585,1788432599999,futures
1788432600000,2026-09-03T10:50:00.000Z,2026-09-03 18:50,77546.1,77743.2,77546,77687.2,625.258,1788432899999,futures
1788432900000,2026-09-03T10:55:00.000Z,2026-09-03 18:55,77687.2,77740.6,77663.2,77707.1,408.695,1788433199999,futures
1788433200000,2026-09-03T11:00:00.000Z,2026-09-03 19:00,77707.1,77758.6,77676.7,77718,437.849,1788433499999,futures
1788433500000,2026-09-03T11:05:00.000Z,2026-09-03 19:05,77718,77789.1,77700,77769,380.115,1788433799999,futures
1788433800000,2026-09-03T11:10:00.000Z,2026-09-03 19:10,77769,77795.7,77712.4,77790.1,196.127,1788434099999,futures
1788434100000,2026-09-03T11:15:00.000Z,2026-09-03 19:15,77790.2,77909.4,77790.1,77891,562.397,1788434399999,futures
1788434400000,2026-09-03T11:20:00.000Z,2026-09-03 19:20,77891,77905,77808.7,77876.9,214.773,1788434699999,futures
1788434700000,2026-09-03T11:25:00.000Z,2026-09-03 19:25,77877,77927.8,77866.2,77894.7,243.896,1788434999999,futures
1788435000000,2026-09-03T11:30:00.000Z,2026-09-03 19:30,77894.8,77942.6,77803.3,77906.3,489.781,1788435299999,futures
1788435300000,2026-09-03T11:35:00.000Z,2026-09-03 19:35,77906.3,77929.7,77841.8,77924.2,284.129,1788435599999,futures
1788435600000,2026-09-03T11:40:00.000Z,2026-09-03 19:40,77924.1,77949.4,77888.1,77900.3,225.576,1788435899999,futures
1788435900000,2026-09-03T11:45:00.000Z,2026-09-03 19:45,77900.4,77976,77846.6,77861,474.848,1788436199999,futures
1788436200000,2026-09-03T11:50:00.000Z,2026-09-03 19:50,77861,77910.8,77856.2,77868.7,222.024,1788436499999,futures
1788436500000,2026-09-03T11:55:00.000Z,2026-09-03 19:55,77868.7,77950,77861,77909.7,283.064,1788436799999,futures
1788436800000,2026-09-03T12:00:00.000Z,2026-09-03 20:00,77909.7,77915.9,77857.2,77912.6,308.743,1788437099999,futures
1788437100000,2026-09-03T12:05:00.000Z,2026-09-03 20:05,77912.6,77926.8,77854,77926.8,237.404,1788437399999,futures
1788437400000,2026-09-03T12:10:00.000Z,2026-09-03 20:10,77926.8,78068.7,77914.7,78048.1,838.849,1788437699999,futures
1788437700000,2026-09-03T12:15:00.000Z,2026-09-03 20:15,78048.1,78113.7,77909.1,77966,732.488,1788437999999,futures
1788438000000,2026-09-03T12:20:00.000Z,2026-09-03 20:20,77966,77980,77902.5,77953.2,320.514,1788438299999,futures
1788438300000,2026-09-03T12:25:00.000Z,2026-09-03 20:25,77953.1,77953.2,77910,77934.4,157.387,1788438599999,futures
1788438600000,2026-09-03T12:30:00.000Z,2026-09-03 20:30,77934.5,78433.9,77934.4,78255.2,4096.193,1788438899999,futures
1788438900000,2026-09-03T12:35:00.000Z,2026-09-03 20:35,78255.1,78371.9,78167.4,78329.7,1020.006,1788439199999,futures
1788439200000,2026-09-03T12:40:00.000Z,2026-09-03 20:40,78329.6,78375,78227.9,78278.5,1064.162,1788439499999,futures
1788439500000,2026-09-03T12:45:00.000Z,2026-09-03 20:45,78278.4,78355.1,78205.5,78320.8,798.633,1788439799999,futures
1788439800000,2026-09-03T12:50:00.000Z,2026-09-03 20:50,78320.8,78583,78313.4,78521.8,2308.298,1788440099999,futures
1788440100000,2026-09-03T12:55:00.000Z,2026-09-03 20:55,78521.7,78750.4,78512.8,78616.5,3165.728,1788440399999,futures
1788440400000,2026-09-03T13:00:00.000Z,2026-09-03 21:00,78616.5,78680,78509.6,78574,1264.215,1788440699999,futures
1788440700000,2026-09-03T13:05:00.000Z,2026-09-03 21:05,78574.1,78588.5,78479.5,78490.8,855.08,1788440999999,futures
1788441000000,2026-09-03T13:10:00.000Z,2026-09-03 21:10,78490.8,78567.8,78482.1,78516.8,516.392,1788441299999,futures
1788441300000,2026-09-03T13:15:00.000Z,2026-09-03 21:15,78516.7,78530.4,78435,78460.5,643.061,1788441599999,futures
1788441600000,2026-09-03T13:20:00.000Z,2026-09-03 21:20,78460.4,78574,78418.3,78549.2,602.804,1788441899999,futures
1788441900000,2026-09-03T13:25:00.000Z,2026-09-03 21:25,78549.2,78549.2,78445.4,78458.7,743.456,1788442199999,futures
1788442200000,2026-09-03T13:30:00.000Z,2026-09-03 21:30,78458.8,78675.1,78419.1,78581.8,1233.805,1788442499999,futures
1788442500000,2026-09-03T13:35:00.000Z,2026-09-03 21:35,78581.9,78835,78468,78820.4,2462.065,1788442799999,futures
1788442800000,2026-09-03T13:40:00.000Z,2026-09-03 21:40,78820.4,78899,78735.3,78875.4,1638.849,1788443099999,futures
1788443100000,2026-09-03T13:45:00.000Z,2026-09-03 21:45,78875.4,78964,78762,78791.5,2015.643,1788443399999,futures
1788443400000,2026-09-03T13:50:00.000Z,2026-09-03 21:50,78791.6,78943.1,78737,78752.2,831.932,1788443699999,futures
1788443700000,2026-09-03T13:55:00.000Z,2026-09-03 21:55,78752.2,78829.7,78705.4,78802.2,483.321,1788443999999,futures
1788444000000,2026-09-03T14:00:00.000Z,2026-09-03 22:00,78802.2,78890.9,78665.8,78867.3,911.888,1788444299999,futures
1788444300000,2026-09-03T14:05:00.000Z,2026-09-03 22:05,78867.4,78927.1,78812.3,78837.5,709.317,1788444599999,futures
1788444600000,2026-09-03T14:10:00.000Z,2026-09-03 22:10,78837.6,78971.3,78761.4,78955,786.935,1788444899999,futures
1788444900000,2026-09-03T14:15:00.000Z,2026-09-03 22:15,78955,79106.8,78950,78978.1,2140.045,1788445199999,futures
1788445200000,2026-09-03T14:20:00.000Z,2026-09-03 22:20,78978.1,79349.6,78978.1,79335.3,3129.498,1788445499999,futures
1788445500000,2026-09-03T14:25:00.000Z,2026-09-03 22:25,79335.3,79650,79321.4,79624.6,4587.335,1788445799999,futures
1788445800000,2026-09-03T14:30:00.000Z,2026-09-03 22:30,79624.5,79848.8,79561,79726.5,4180.582,1788446099999,futures
1788446100000,2026-09-03T14:35:00.000Z,2026-09-03 22:35,79726.4,79827.9,79611.8,79620.6,3041.513,1788446399999,futures
1788446400000,2026-09-03T14:40:00.000Z,2026-09-03 22:40,79620.6,79846.2,79563.1,79732.4,1594.984,1788446699999,futures
1788446700000,2026-09-03T14:45:00.000Z,2026-09-03 22:45,79732.4,80472.2,79727.3,80329.1,6445.842,1788446999999,futures
1788447000000,2026-09-03T14:50:00.000Z,2026-09-03 22:50,80329.2,80438.5,80066.2,80211.1,3115.898,1788447299999,futures
1788447300000,2026-09-03T14:55:00.000Z,2026-09-03 22:55,80211.2,80555,80095.4,80508.4,3009.294,1788447599999,futures
1788447600000,2026-09-03T15:00:00.000Z,2026-09-03 23:00,80508.4,80941,80442,80774.1,7016.848,1788447899999,futures
1788447900000,2026-09-03T15:05:00.000Z,2026-09-03 23:05,80774.1,80842.2,80507.7,80561.9,2740.665,1788448199999,futures
1788448200000,2026-09-03T15:10:00.000Z,2026-09-03 23:10,80561.9,80619.6,80320.9,80529.1,2731.042,1788448499999,futures
1788448500000,2026-09-03T15:15:00.000Z,2026-09-03 23:15,80529.2,80646.2,80440,80579,2406.771,1788448799999,futures
1788448800000,2026-09-03T15:20:00.000Z,2026-09-03 23:20,80579,80749.9,80505.5,80722.2,1506.053,1788449099999,futures
1788449100000,2026-09-03T15:25:00.000Z,2026-09-03 23:25,80722.1,80755.2,80595.2,80712.6,1060.332,1788449399999,futures
1788449400000,2026-09-03T15:30:00.000Z,2026-09-03 23:30,80712.7,80860.6,80653.5,80828,1455.087,1788449699999,futures
1788449700000,2026-09-03T15:35:00.000Z,2026-09-03 23:35,80828,80930,80726,80930,1708.776,1788449999999,futures
1788450000000,2026-09-03T15:40:00.000Z,2026-09-03 23:40,80929.9,80987.9,80823.4,80831.5,1777.273,1788450299999,futures
1788450300000,2026-09-03T15:45:00.000Z,2026-09-03 23:45,80831.5,80865.3,80688,80745.2,1399.3,1788450599999,futures
1788450600000,2026-09-03T15:50:00.000Z,2026-09-03 23:50,80745.2,81265.1,80745.2,81249.2,4056.15,1788450899999,futures
1788450900000,2026-09-03T15:55:00.000Z,2026-09-03 23:55,81249.2,81333.4,81108.9,81316.7,2402.846,1788451199999,futures
1788451200000,2026-09-03T16:00:00.000Z,2026-09-04 00:00,81316.7,81333.1,80740.8,80800.1,3686.418,1788451499999,futures
1788451500000,2026-09-03T16:05:00.000Z,2026-09-04 00:05,80800,81042.5,80757,80948.7,2129.736,1788451799999,futures
1788451800000,2026-09-03T16:10:00.000Z,2026-09-04 00:10,80948.6,81028.1,80867.9,80909.8,792.867,1788452099999,futures
1788452100000,2026-09-03T16:15:00.000Z,2026-09-04 00:15,80909.8,80925.7,80678.2,80678.3,1524.367,1788452399999,futures
1788452400000,2026-09-03T16:20:00.000Z,2026-09-04 00:20,80678.3,80843.4,80670,80707.3,936.682,1788452699999,futures
1788452700000,2026-09-03T16:25:00.000Z,2026-09-04 00:25,80707.3,80741,80588,80741,1299.447,1788452999999,futures
1788453000000,2026-09-03T16:30:00.000Z,2026-09-04 00:30,80741,80922.3,80733.6,80912.7,1311.499,1788453299999,futures
1788453300000,2026-09-03T16:35:00.000Z,2026-09-04 00:35,80912.8,80920,80756.1,80805.9,514.437,1788453599999,futures
1788453600000,2026-09-03T16:40:00.000Z,2026-09-04 00:40,80805.9,80849.9,80729.7,80769.1,586.977,1788453899999,futures
1788453900000,2026-09-03T16:45:00.000Z,2026-09-04 00:45,80769.2,81000,80745.8,80967.7,824.471,1788454199999,futures
1788454200000,2026-09-03T16:50:00.000Z,2026-09-04 00:50,80967.7,81008.6,80859.9,80934.3,434.284,1788454499999,futures
1788454500000,2026-09-03T16:55:00.000Z,2026-09-04 00:55,80934.3,80975,80880.8,80937.3,408.336,1788454799999,futures
1788454800000,2026-09-03T17:00:00.000Z,2026-09-04 01:00,80937.3,80956.6,80859.8,80955.9,400.812,1788455099999,futures
1788455100000,2026-09-03T17:05:00.000Z,2026-09-04 01:05,80955.9,80999.4,80851.7,80967.4,498.342,1788455399999,futures
1788455400000,2026-09-03T17:10:00.000Z,2026-09-04 01:10,80967.3,81071.4,80927,81064.3,766.491,1788455699999,futures
1788455700000,2026-09-03T17:15:00.000Z,2026-09-04 01:15,81064.4,81100,80977.8,81003,726.954,1788455999999,futures
1788456000000,2026-09-03T17:20:00.000Z,2026-09-04 01:20,81003,81038.6,80888,80965.3,533.704,1788456299999,futures
1788456300000,2026-09-03T17:25:00.000Z,2026-09-04 01:25,80965.2,81035,80925.6,80961.6,537.794,1788456599999,futures
1788456600000,2026-09-03T17:30:00.000Z,2026-09-04 01:30,80961.7,81091.5,80961.2,81087.1,471.734,1788456899999,futures
1788456900000,2026-09-03T17:35:00.000Z,2026-09-04 01:35,81087.1,81133.1,81026.6,81119.8,713.932,1788457199999,futures
1788457200000,2026-09-03T17:40:00.000Z,2026-09-04 01:40,81119.9,81136,81028.3,81035.4,442.579,1788457499999,futures
1788457500000,2026-09-03T17:45:00.000Z,2026-09-04 01:45,81035.4,81159.8,80999.5,81117,528.446,1788457799999,futures
1788457800000,2026-09-03T17:50:00.000Z,2026-09-04 01:50,81117,81117,80980,80980.1,388.257,1788458099999,futures
1788458100000,2026-09-03T17:55:00.000Z,2026-09-04 01:55,80980.1,81033.6,80966,81006.9,314.651,1788458399999,futures
1788458400000,2026-09-03T18:00:00.000Z,2026-09-04 02:00,81006.8,81210.6,80977.2,81138.8,1135.277,1788458699999,futures
1788458700000,2026-09-03T18:05:00.000Z,2026-09-04 02:05,81138.9,81333,81108.5,81288.2,1652.375,1788458999999,futures
1788459000000,2026-09-03T18:10:00.000Z,2026-09-04 02:10,81288.1,81288.2,81121.8,81217,935.081,1788459299999,futures
1788459300000,2026-09-03T18:15:00.000Z,2026-09-04 02:15,81217.1,81251.4,81090.5,81094,478.736,1788459599999,futures
1788459600000,2026-09-03T18:20:00.000Z,2026-09-04 02:20,81094,81128.2,80980,81041.4,776.275,1788459899999,futures
1788459900000,2026-09-03T18:25:00.000Z,2026-09-04 02:25,81041.4,81041.4,80909,80915.6,566.483,1788460199999,futures
1788460200000,2026-09-03T18:30:00.000Z,2026-09-04 02:30,80915.6,80965.4,80843.8,80913.9,705.355,1788460499999,futures
1788460500000,2026-09-03T18:35:00.000Z,2026-09-04 02:35,80913.9,80999.7,80911.5,80988.9,372.3,1788460799999,futures
1788460800000,2026-09-03T18:40:00.000Z,2026-09-04 02:40,80988.9,81016.9,80915,80948.8,533.393,1788461099999,futures
1788461100000,2026-09-03T18:45:00.000Z,2026-09-04 02:45,80948.8,81017.9,80923.2,81017.9,197.587,1788461399999,futures
1788461400000,2026-09-03T18:50:00.000Z,2026-09-04 02:50,81017.8,81166.2,81003.3,81144.3,473.9,1788461699999,futures
1788461700000,2026-09-03T18:55:00.000Z,2026-09-04 02:55,81144.2,81240.8,81144.2,81226.6,408.015,1788461999999,futures
1788462000000,2026-09-03T19:00:00.000Z,2026-09-04 03:00,81226.7,81422,81174.4,81405,1295.586,1788462299999,futures
1788462300000,2026-09-03T19:05:00.000Z,2026-09-04 03:05,81405,81611.5,81132.5,81246.2,3232.177,1788462599999,futures
1788462600000,2026-09-03T19:10:00.000Z,2026-09-04 03:10,81246.2,81272.5,81140.8,81168,763.558,1788462899999,futures
1788462900000,2026-09-03T19:15:00.000Z,2026-09-04 03:15,81168,81348.9,81133,81348.9,441.08,1788463199999,futures
1788463200000,2026-09-03T19:20:00.000Z,2026-09-04 03:20,81348.9,81579.2,81339,81493.8,1304.245,1788463499999,futures
1788463500000,2026-09-03T19:25:00.000Z,2026-09-04 03:25,81493.8,81527.3,81353.8,81503.9,605.842,1788463799999,futures
1788463800000,2026-09-03T19:30:00.000Z,2026-09-04 03:30,81503.9,81521.9,81339.7,81378.9,744.462,1788464099999,futures
1788464100000,2026-09-03T19:35:00.000Z,2026-09-04 03:35,81378.9,81486.9,81349.8,81481.5,423.488,1788464399999,futures
1788464400000,2026-09-03T19:40:00.000Z,2026-09-04 03:40,81481.5,81578.1,81450.7,81495.7,819.675,1788464699999,futures
1788464700000,2026-09-03T19:45:00.000Z,2026-09-04 03:45,81495.7,81600,81413.3,81420.4,925.941,1788464999999,futures
1788465000000,2026-09-03T19:50:00.000Z,2026-09-04 03:50,81420.4,81734.4,81420.4,81655.4,1581.354,1788465299999,futures
1788465300000,2026-09-03T19:55:00.000Z,2026-09-04 03:55,81655.4,81771.7,81626.6,81722.9,1895.05,1788465599999,futures
1788465600000,2026-09-03T20:00:00.000Z,2026-09-04 04:00,81722.8,81750,81357.7,81570.4,2215.172,1788465899999,futures
1788465900000,2026-09-03T20:05:00.000Z,2026-09-04 04:05,81570.5,81683.6,81492.5,81610.7,592.863,1788466199999,futures
1788466200000,2026-09-03T20:10:00.000Z,2026-09-04 04:10,81610.7,81610.8,81369.8,81378.2,1052.421,1788466499999,futures
1788466500000,2026-09-03T20:15:00.000Z,2026-09-04 04:15,81378.2,81510.3,81362,81430.6,505.051,1788466799999,futures
1788466800000,2026-09-03T20:20:00.000Z,2026-09-04 04:20,81430.5,81452.5,81350,81384.9,325.415,1788467099999,futures
1788467100000,2026-09-03T20:25:00.000Z,2026-09-04 04:25,81385,81562.2,81350.2,81496.8,389.993,1788467399999,futures
1788467400000,2026-09-03T20:30:00.000Z,2026-09-04 04:30,81496.8,81542.5,81414.1,81423,259.657,1788467699999,futures
1788467700000,2026-09-03T20:35:00.000Z,2026-09-04 04:35,81423,81607.9,81367.3,81532.9,455.544,1788467999999,futures
1788468000000,2026-09-03T20:40:00.000Z,2026-09-04 04:40,81532.9,81533,81425.7,81431.5,279.708,1788468299999,futures
1788468300000,2026-09-03T20:45:00.000Z,2026-09-04 04:45,81431.6,81533.7,81386.6,81495.8,316.891,1788468599999,futures
1788468600000,2026-09-03T20:50:00.000Z,2026-09-04 04:50,81495.9,81547.5,81392.8,81415,239.008,1788468899999,futures
1788468900000,2026-09-03T20:55:00.000Z,2026-09-04 04:55,81415,81463.4,81375.7,81420.2,441.549,1788469199999,futures
1788469200000,2026-09-03T21:00:00.000Z,2026-09-04 05:00,81420.2,81450.6,81305.4,81335.1,473.35,1788469499999,futures
1788469500000,2026-09-03T21:05:00.000Z,2026-09-04 05:05,81335.1,81369.2,81245.5,81348.2,658.318,1788469799999,futures
1788469800000,2026-09-03T21:10:00.000Z,2026-09-04 05:10,81348.3,81596.1,81340.4,81560.6,1584.475,1788470099999,futures
1788470100000,2026-09-03T21:15:00.000Z,2026-09-04 05:15,81560.7,81641,81481.1,81535.7,1256.257,1788470399999,futures
1788470400000,2026-09-03T21:20:00.000Z,2026-09-04 05:20,81535.6,81610.3,81465.7,81496,493.652,1788470699999,futures
1788470700000,2026-09-03T21:25:00.000Z,2026-09-04 05:25,81496,81754.1,81476.5,81729.4,831.029,1788470999999,futures
1788471000000,2026-09-03T21:30:00.000Z,2026-09-04 05:30,81729.4,82282.8,81729.3,82054.8,6190.219,1788471299999,futures
1788471300000,2026-09-03T21:35:00.000Z,2026-09-04 05:35,82054.8,82054.8,81605.1,81641.6,2385.617,1788471599999,futures
1788471600000,2026-09-03T21:40:00.000Z,2026-09-04 05:40,81641.7,81657.6,81472.4,81477.1,1287.127,1788471899999,futures
1788471900000,2026-09-03T21:45:00.000Z,2026-09-04 05:45,81477.1,81648.9,81371.3,81638.5,901.014,1788472199999,futures
1788472200000,2026-09-03T21:50:00.000Z,2026-09-04 05:50,81638.6,81721.5,81587.5,81703.1,475.111,1788472499999,futures
1788472500000,2026-09-03T21:55:00.000Z,2026-09-04 05:55,81703.2,81703.2,81532.4,81547,728.217,1788472799999,futures
1788472800000,2026-09-03T22:00:00.000Z,2026-09-04 06:00,81547,81570,81351.4,81516.8,937.098,1788473099999,futures
1788473100000,2026-09-03T22:05:00.000Z,2026-09-04 06:05,81516.8,81564.3,81380,81400.1,316.525,1788473399999,futures
1788473400000,2026-09-03T22:10:00.000Z,2026-09-04 06:10,81400.1,81400.1,81233,81346,1043.885,1788473699999,futures
1788473700000,2026-09-03T22:15:00.000Z,2026-09-04 06:15,81346.1,81372.3,81254.8,81259.9,418.562,1788473999999,futures
1788474000000,2026-09-03T22:20:00.000Z,2026-09-04 06:20,81259.9,81340,81207.8,81241.8,1136.563,1788474299999,futures
1788474300000,2026-09-03T22:25:00.000Z,2026-09-04 06:25,81241.8,81253.1,81080.8,81091.8,1213.522,1788474599999,futures
1788474600000,2026-09-03T22:30:00.000Z,2026-09-04 06:30,81091.8,81154,80861.1,80997.8,3111.361,1788474899999,futures
1788474900000,2026-09-03T22:35:00.000Z,2026-09-04 06:35,80997.8,81174.9,80971.3,81076.8,788.633,1788475199999,futures
1788475200000,2026-09-03T22:40:00.000Z,2026-09-04 06:40,81076.9,81208.7,81076.9,81158.3,639.363,1788475499999,futures
1788475500000,2026-09-03T22:45:00.000Z,2026-09-04 06:45,81158.3,81242.5,81115.4,81123.2,468.912,1788475799999,futures
1788475800000,2026-09-03T22:50:00.000Z,2026-09-04 06:50,81123.2,81192.6,81020,81091.2,801.713,1788476099999,futures
1788476100000,2026-09-03T22:55:00.000Z,2026-09-04 06:55,81091.2,81169,81067.2,81109.1,655.484,1788476399999,futures
1788476400000,2026-09-03T23:00:00.000Z,2026-09-04 07:00,81109.2,81160,81070.1,81160,449.103,1788476699999,futures
1788476700000,2026-09-03T23:05:00.000Z,2026-09-04 07:05,81160,81187.6,81135.1,81141.3,325.41,1788476999999,futures
1788477000000,2026-09-03T23:10:00.000Z,2026-09-04 07:10,81141.4,81187.3,81033.7,81138.8,1148.743,1788477299999,futures
1788477300000,2026-09-03T23:15:00.000Z,2026-09-04 07:15,81138.7,81246,81127.5,81192.7,419.385,1788477599999,futures
1788477600000,2026-09-03T23:20:00.000Z,2026-09-04 07:20,81192.6,81200.6,81150,81151,440.207,1788477899999,futures
1788477900000,2026-09-03T23:25:00.000Z,2026-09-04 07:25,81150.9,81264.3,81122.8,81258.5,321.025,1788478199999,futures
1788478200000,2026-09-03T23:30:00.000Z,2026-09-04 07:30,81258.5,81273.8,81078.4,81160.3,812.761,1788478499999,futures
1788478500000,2026-09-03T23:35:00.000Z,2026-09-04 07:35,81160.3,81299.9,81144,81284.9,589.989,1788478799999,futures
1788478800000,2026-09-03T23:40:00.000Z,2026-09-04 07:40,81285,81310.4,81155.1,81198.7,683.379,1788479099999,futures
1788479100000,2026-09-03T23:45:00.000Z,2026-09-04 07:45,81198.6,81225.3,81142.5,81192.3,162.91,1788479399999,futures
1788479400000,2026-09-03T23:50:00.000Z,2026-09-04 07:50,81192.4,81309.7,81192.4,81251.7,731.026,1788479699999,futures
1788479700000,2026-09-03T23:55:00.000Z,2026-09-04 07:55,81251.7,81255.8,81201.9,81230.7,127.799,1788479999999,futures
1788480000000,2026-09-04T00:00:00.000Z,2026-09-04 08:00,81230.7,81237.5,81066.5,81132.9,837.348,1788480299999,futures
1788480300000,2026-09-04T00:05:00.000Z,2026-09-04 08:05,81132.9,81196,81049,81187.9,688.755,1788480599999,futures
1788480600000,2026-09-04T00:10:00.000Z,2026-09-04 08:10,81187.9,81230,81122.9,81222.1,275.808,1788480899999,futures
1788480900000,2026-09-04T00:15:00.000Z,2026-09-04 08:15,81222.1,81328.7,81109.2,81165.6,1142.068,1788481199999,futures
1788481200000,2026-09-04T00:20:00.000Z,2026-09-04 08:20,81165.6,81282.2,81127.2,81223.5,312.003,1788481499999,futures
1788481500000,2026-09-04T00:25:00.000Z,2026-09-04 08:25,81223.5,81226.4,81112.8,81115,255.402,1788481799999,futures
1788481800000,2026-09-04T00:30:00.000Z,2026-09-04 08:30,81115,81277.9,81108.1,81277.8,396.539,1788482099999,futures
1788482100000,2026-09-04T00:35:00.000Z,2026-09-04 08:35,81277.8,81353,81267.6,81353,635.48,1788482399999,futures
1788482400000,2026-09-04T00:40:00.000Z,2026-09-04 08:40,81353,81393.8,81063.7,81197.6,2157.002,1788482699999,futures
1788482700000,2026-09-04T00:45:00.000Z,2026-09-04 08:45,81197.6,81213.7,81044.5,81097.5,1535.052,1788482999999,futures
1788483000000,2026-09-04T00:50:00.000Z,2026-09-04 08:50,81097.6,81110,80938.5,81000,1606.617,1788483299999,futures
1788483300000,2026-09-04T00:55:00.000Z,2026-09-04 08:55,80999.9,81013.3,80921.1,80936.9,551.785,1788483599999,futures
1788483600000,2026-09-04T01:00:00.000Z,2026-09-04 09:00,80936.9,81046.1,80889.9,80892.8,672.165,1788483899999,futures
1788483900000,2026-09-04T01:05:00.000Z,2026-09-04 09:05,80892.8,81064,80863.5,81003,604.3,1788484199999,futures
1788484200000,2026-09-04T01:10:00.000Z,2026-09-04 09:10,81003.1,81037,80870.5,80899.4,568.225,1788484499999,futures
1788484500000,2026-09-04T01:15:00.000Z,2026-09-04 09:15,80899.5,80996.3,80870,80870.9,522.067,1788484799999,futures
1788484800000,2026-09-04T01:20:00.000Z,2026-09-04 09:20,80870.9,80959.9,80726.5,80761.9,819.89,1788485099999,futures
1788485100000,2026-09-04T01:25:00.000Z,2026-09-04 09:25,80761.9,80871.5,80745.4,80796.6,522.809,1788485399999,futures
1788485400000,2026-09-04T01:30:00.000Z,2026-09-04 09:30,80796.6,80899.8,80750.3,80768.7,470.944,1788485699999,futures
1788485700000,2026-09-04T01:35:00.000Z,2026-09-04 09:35,80768.7,80885.8,80752.6,80796,438.834,1788485999999,futures
1788486000000,2026-09-04T01:40:00.000Z,2026-09-04 09:40,80795.9,80805.6,80719.9,80751.6,465.853,1788486299999,futures
1788486300000,2026-09-04T01:45:00.000Z,2026-09-04 09:45,80751.5,80878.5,80741.6,80828,465.274,1788486599999,futures
1788486600000,2026-09-04T01:50:00.000Z,2026-09-04 09:50,80828.1,80956,80828,80935.3,336.173,1788486899999,futures
1788486900000,2026-09-04T01:55:00.000Z,2026-09-04 09:55,80935.2,80997.6,80903.5,80935.3,377.886,1788487199999,futures
1788487200000,2026-09-04T02:00:00.000Z,2026-09-04 10:00,80935.3,80935.4,80761.4,80786.8,411.366,1788487499999,futures
1788487500000,2026-09-04T02:05:00.000Z,2026-09-04 10:05,80786.8,80847,80739.7,80767.7,357.346,1788487799999,futures
1788487800000,2026-09-04T02:10:00.000Z,2026-09-04 10:10,80767.6,80787.7,80744.9,80764.1,189.373,1788488099999,futures
1788488100000,2026-09-04T02:15:00.000Z,2026-09-04 10:15,80764.2,80849.7,80705.9,80727.2,493.732,1788488399999,futures
1788488400000,2026-09-04T02:20:00.000Z,2026-09-04 10:20,80727.2,80727.3,80655,80655.1,491.117,1788488699999,futures
1788488700000,2026-09-04T02:25:00.000Z,2026-09-04 10:25,80655.1,80694.5,80652,80689.4,342.581,1788488999999,futures
1788489000000,2026-09-04T02:30:00.000Z,2026-09-04 10:30,80689.3,80778.7,80689.3,80725.5,543.535,1788489299999,futures
1788489300000,2026-09-04T02:35:00.000Z,2026-09-04 10:35,80725.5,80814.7,80640.1,80814.7,561.597,1788489599999,futures
1788489600000,2026-09-04T02:40:00.000Z,2026-09-04 10:40,80814.6,80814.7,80701,80701,155.608,1788489899999,futures
1788489900000,2026-09-04T02:45:00.000Z,2026-09-04 10:45,80701,80701.1,80614,80634.9,557.992,1788490199999,futures
1788490200000,2026-09-04T02:50:00.000Z,2026-09-04 10:50,80634.9,80729.7,80634.9,80729.7,523.599,1788490499999,futures
1788490500000,2026-09-04T02:55:00.000Z,2026-09-04 10:55,80729.6,80804.5,80729.6,80800,531.412,1788490799999,futures
1788490800000,2026-09-04T03:00:00.000Z,2026-09-04 11:00,80800,80924.8,80799.9,80845.8,1025.272,1788491099999,futures
1788491100000,2026-09-04T03:05:00.000Z,2026-09-04 11:05,80845.9,81016.2,80845.7,80933.2,1220.962,1788491399999,futures
1788491400000,2026-09-04T03:10:00.000Z,2026-09-04 11:10,80933.1,80933.2,80847,80902.1,405.369,1788491699999,futures
1788491700000,2026-09-04T03:15:00.000Z,2026-09-04 11:15,80902.1,80914.7,80861,80881.5,286.392,1788491999999,futures
1788492000000,2026-09-04T03:20:00.000Z,2026-09-04 11:20,80881.4,80919.9,80866.2,80889.2,213.986,1788492299999,futures
1788492300000,2026-09-04T03:25:00.000Z,2026-09-04 11:25,80889.2,80889.2,80802.2,80802.2,265.286,1788492599999,futures
1788492600000,2026-09-04T03:30:00.000Z,2026-09-04 11:30,80802.3,80838,80781.6,80784,184.514,1788492899999,futures
1788492900000,2026-09-04T03:35:00.000Z,2026-09-04 11:35,80783.9,80850,80761.3,80809.4,316.799,1788493199999,futures
1788493200000,2026-09-04T03:40:00.000Z,2026-09-04 11:40,80809.3,80850.1,80778.9,80850,361.94,1788493499999,futures
1788493500000,2026-09-04T03:45:00.000Z,2026-09-04 11:45,80850.1,80940,80820.3,80899.9,323.719,1788493799999,futures
1788493800000,2026-09-04T03:50:00.000Z,2026-09-04 11:50,80899.9,80912,80860.7,80900,177.915,1788494099999,futures
1788494100000,2026-09-04T03:55:00.000Z,2026-09-04 11:55,80900,80900.1,80808,80808,294.591,1788494399999,futures
1788494400000,2026-09-04T04:00:00.000Z,2026-09-04 12:00,80808.1,80820,80776.1,80820,271.308,1788494699999,futures
1788494700000,2026-09-04T04:05:00.000Z,2026-09-04 12:05,80819.9,80852,80819.9,80829.8,124.678,1788494999999,futures
1788495000000,2026-09-04T04:10:00.000Z,2026-09-04 12:10,80829.9,80940.8,80816.7,80932.7,157.458,1788495299999,futures
1788495300000,2026-09-04T04:15:00.000Z,2026-09-04 12:15,80932.6,81050,80920,81049.5,675.967,1788495599999,futures
1788495600000,2026-09-04T04:20:00.000Z,2026-09-04 12:20,81049.6,81177.1,81049.5,81177.1,882.729,1788495899999,futures
1788495900000,2026-09-04T04:25:00.000Z,2026-09-04 12:25,81177.4,81267.6,81120,81227.1,982.873,1788496199999,futures
1788496200000,2026-09-04T04:30:00.000Z,2026-09-04 12:30,81227.1,81246,81131.3,81146.8,1051.206,1788496499999,futures
1788496500000,2026-09-04T04:35:00.000Z,2026-09-04 12:35,81146.7,81150,80997.6,81008.8,646.5,1788496799999,futures
1788496800000,2026-09-04T04:40:00.000Z,2026-09-04 12:40,81008.7,81072.3,80988.1,81005,378.796,1788497099999,futures
1788497100000,2026-09-04T04:45:00.000Z,2026-09-04 12:45,81005,81093.5,80988,81012.7,274.542,1788497399999,futures
1788497400000,2026-09-04T04:50:00.000Z,2026-09-04 12:50,81012.7,81071.5,80992.8,81031.5,233.423,1788497699999,futures
1788497700000,2026-09-04T04:55:00.000Z,2026-09-04 12:55,81031.5,81111,81017.2,81040.4,188.7,1788497999999,futures
1788498000000,2026-09-04T05:00:00.000Z,2026-09-04 13:00,81040.4,81040.4,80934.6,80968.5,596.464,1788498299999,futures
1788498300000,2026-09-04T05:05:00.000Z,2026-09-04 13:05,80968.5,81041,80950,81019.9,400.594,1788498599999,futures
1788498600000,2026-09-04T05:10:00.000Z,2026-09-04 13:10,81020,81031.3,80938,80938,151.316,1788498899999,futures
1788498900000,2026-09-04T05:15:00.000Z,2026-09-04 13:15,80938,81121.5,80899,81073.1,846.851,1788499199999,futures
1788499200000,2026-09-04T05:20:00.000Z,2026-09-04 13:20,81073.2,81100,80990.8,81092,311.3,1788499499999,futures
1788499500000,2026-09-04T05:25:00.000Z,2026-09-04 13:25,81092.1,81106.4,80979.9,80979.9,285.218,1788499799999,futures
1788499800000,2026-09-04T05:30:00.000Z,2026-09-04 13:30,80979.9,80979.9,80862.2,80956.4,609.681,1788500099999,futures
1788500100000,2026-09-04T05:35:00.000Z,2026-09-04 13:35,80956.3,80982,80880,80880,238.449,1788500399999,futures
1788500400000,2026-09-04T05:40:00.000Z,2026-09-04 13:40,80880.1,80950,80880,80949.9,115.483,1788500699999,futures
1788500700000,2026-09-04T05:45:00.000Z,2026-09-04 13:45,80950,81030.1,80847.9,80856.1,638.733,1788500999999,futures
1788501000000,2026-09-04T05:50:00.000Z,2026-09-04 13:50,80856.1,80862,80818,80818,243.866,1788501299999,futures
1788501300000,2026-09-04T05:55:00.000Z,2026-09-04 13:55,80818,81000.8,80818,80952.8,303.13,1788501599999,futures
1788501600000,2026-09-04T06:00:00.000Z,2026-09-04 14:00,80952.7,80954.6,80865.8,80907.7,313.11,1788501899999,futures
1788501900000,2026-09-04T06:05:00.000Z,2026-09-04 14:05,80907.7,80992.5,80883.5,80992.5,292.938,1788502199999,futures
1788502200000,2026-09-04T06:10:00.000Z,2026-09-04 14:10,80990.3,81060.9,80980,80980.1,378.463,1788502499999,futures
1788502500000,2026-09-04T06:15:00.000Z,2026-09-04 14:15,80980,81000,80921,80946.8,119.95,1788502799999,futures
1788502800000,2026-09-04T06:20:00.000Z,2026-09-04 14:20,80946.7,80946.7,80802.3,80805,219.928,1788503099999,futures
1788503100000,2026-09-04T06:25:00.000Z,2026-09-04 14:25,80805,80810,80659.8,80689,1007.839,1788503399999,futures
1788503400000,2026-09-04T06:30:00.000Z,2026-09-04 14:30,80689,80739.8,80656,80656.1,337.07,1788503699999,futures
1788503700000,2026-09-04T06:35:00.000Z,2026-09-04 14:35,80656,80726.6,80538.6,80709.7,1153.581,1788503999999,futures
1788504000000,2026-09-04T06:40:00.000Z,2026-09-04 14:40,80709.7,80819.4,80709.6,80809.2,460.358,1788504299999,futures
1788504300000,2026-09-04T06:45:00.000Z,2026-09-04 14:45,80809.2,80827.4,80715.3,80727.9,271.893,1788504599999,futures
1788504600000,2026-09-04T06:50:00.000Z,2026-09-04 14:50,80728,80749.1,80665.2,80749,234.582,1788504899999,futures
1788504900000,2026-09-04T06:55:00.000Z,2026-09-04 14:55,80749.1,80771.9,80713.3,80763.9,182.233,1788505199999,futures
1788505200000,2026-09-04T07:00:00.000Z,2026-09-04 15:00,80763.9,80862.4,80749.5,80862.4,383.749,1788505499999,futures
1788505500000,2026-09-04T07:05:00.000Z,2026-09-04 15:05,80862.4,80900,80826.9,80883,295.554,1788505799999,futures
1788505800000,2026-09-04T07:10:00.000Z,2026-09-04 15:10,80883,80935.2,80870.8,80899.8,259.273,1788506099999,futures
1788506100000,2026-09-04T07:15:00.000Z,2026-09-04 15:15,80899.8,80899.9,80811.9,80891.9,242.956,1788506399999,futures
1788506400000,2026-09-04T07:20:00.000Z,2026-09-04 15:20,80892,80940.1,80810.6,80819,290.636,1788506699999,futures
1788506700000,2026-09-04T07:25:00.000Z,2026-09-04 15:25,80819.1,80866.2,80810.6,80823.8,120.015,1788506999999,futures
1788507000000,2026-09-04T07:30:00.000Z,2026-09-04 15:30,80823.8,80879.2,80806.7,80820.8,437.659,1788507299999,futures
1788507300000,2026-09-04T07:35:00.000Z,2026-09-04 15:35,80820.8,80820.9,80712.6,80749.2,483.552,1788507599999,futures
1788507600000,2026-09-04T07:40:00.000Z,2026-09-04 15:40,80749.3,80778,80730.6,80741.7,341.318,1788507899999,futures
1788507900000,2026-09-04T07:45:00.000Z,2026-09-04 15:45,80741.6,80757.6,80686.2,80713.4,551.895,1788508199999,futures
1788508200000,2026-09-04T07:50:00.000Z,2026-09-04 15:50,80713.3,80725.8,80662.8,80662.8,481.315,1788508499999,futures
1788508500000,2026-09-04T07:55:00.000Z,2026-09-04 15:55,80662.9,80683.6,80611.8,80628,581.393,1788508799999,futures
1788508800000,2026-09-04T08:00:00.000Z,2026-09-04 16:00,80628,80686.8,80597.6,80607.9,513.81,1788509099999,futures
1788509100000,2026-09-04T08:05:00.000Z,2026-09-04 16:05,80607.9,80702.9,80458,80679.1,1394.743,1788509399999,futures
1788509400000,2026-09-04T08:10:00.000Z,2026-09-04 16:10,80679.1,80753.5,80671.1,80749.8,492.647,1788509699999,futures
1788509700000,2026-09-04T08:15:00.000Z,2026-09-04 16:15,80749.7,80847,80742.6,80846.9,655.006,1788509999999,futures
1788510000000,2026-09-04T08:20:00.000Z,2026-09-04 16:20,80847,80894.8,80819.4,80892.2,335.685,1788510299999,futures
1788510300000,2026-09-04T08:25:00.000Z,2026-09-04 16:25,80892.1,80969.8,80888,80947.1,596.571,1788510599999,futures
1788510600000,2026-09-04T08:30:00.000Z,2026-09-04 16:30,80947.1,81125,80930,81072.1,2001.382,1788510899999,futures
1788510900000,2026-09-04T08:35:00.000Z,2026-09-04 16:35,81072.1,81130.5,81023.5,81064.2,1587.125,1788511199999,futures
1788511200000,2026-09-04T08:40:00.000Z,2026-09-04 16:40,81064.2,81124.8,81000,81011.9,1057.605,1788511499999,futures
1788511500000,2026-09-04T08:45:00.000Z,2026-09-04 16:45,81011.8,81200,80961.2,81081.5,1028.64,1788511799999,futures
1788511800000,2026-09-04T08:50:00.000Z,2026-09-04 16:50,81081.4,81211.1,81060.8,81185,800.657,1788512099999,futures
1788512100000,2026-09-04T08:55:00.000Z,2026-09-04 16:55,81185,81185.1,81080,81113.6,411.434,1788512399999,futures
1788512400000,2026-09-04T09:00:00.000Z,2026-09-04 17:00,81113.6,81206.1,81087.9,81139.9,501.238,1788512699999,futures
1788512700000,2026-09-04T09:05:00.000Z,2026-09-04 17:05,81140,81162.9,81062,81089.8,466.064,1788512999999,futures
1788513000000,2026-09-04T09:10:00.000Z,2026-09-04 17:10,81089.8,81129.7,81041.7,81049.9,487.053,1788513299999,futures
1788513300000,2026-09-04T09:15:00.000Z,2026-09-04 17:15,81049.9,81288.7,81049.8,81148.4,1010.812,1788513599999,futures
1788513600000,2026-09-04T09:20:00.000Z,2026-09-04 17:20,81148.4,81161.9,80914.3,80937,956.731,1788513899999,futures
1788513900000,2026-09-04T09:25:00.000Z,2026-09-04 17:25,80937,81022.5,80890.3,81000,382.138,1788514199999,futures
1788514200000,2026-09-04T09:30:00.000Z,2026-09-04 17:30,81000.1,81119.7,80950.9,81050.1,493.643,1788514499999,futures
1788514500000,2026-09-04T09:35:00.000Z,2026-09-04 17:35,81050,81186,80986.7,81139.5,454.681,1788514799999,futures
1788514800000,2026-09-04T09:40:00.000Z,2026-09-04 17:40,81139.5,81188,81112.3,81131.5,228.112,1788515099999,futures
1788515100000,2026-09-04T09:45:00.000Z,2026-09-04 17:45,81131.6,81182.1,81026.3,81058.6,353.573,1788515399999,futures
1788515400000,2026-09-04T09:50:00.000Z,2026-09-04 17:50,81058.6,81087.4,80985.4,81072,467.047,1788515699999,futures
1788515700000,2026-09-04T09:55:00.000Z,2026-09-04 17:55,81072.1,81147.8,80993.1,81018,352.57,1788515999999,futures
1788516000000,2026-09-04T10:00:00.000Z,2026-09-04 18:00,81018,81091.9,80934,81081.2,361.18,1788516299999,futures
1788516300000,2026-09-04T10:05:00.000Z,2026-09-04 18:05,81081.2,81081.2,80876,80886.3,549.976,1788516599999,futures
1788516600000,2026-09-04T10:10:00.000Z,2026-09-04 18:10,80886.4,80977.3,80843.4,80929.7,450.54,1788516899999,futures
1788516900000,2026-09-04T10:15:00.000Z,2026-09-04 18:15,80929.7,80940.3,80791.9,80809.6,473.293,1788517199999,futures
1788517200000,2026-09-04T10:20:00.000Z,2026-09-04 18:20,80809.7,80857.2,80790.9,80822.5,335.111,1788517499999,futures
1788517500000,2026-09-04T10:25:00.000Z,2026-09-04 18:25,80822,80933,80806.7,80925.1,509.869,1788517799999,futures
1788517800000,2026-09-04T10:30:00.000Z,2026-09-04 18:30,80925.1,81013.7,80866.7,80930,412.298,1788518099999,futures
1788518100000,2026-09-04T10:35:00.000Z,2026-09-04 18:35,80930,81061.6,80930,81058.5,275.421,1788518399999,futures
1788518400000,2026-09-04T10:40:00.000Z,2026-09-04 18:40,81058.6,81083.4,80992.3,81039.5,275.569,1788518699999,futures
1788518700000,2026-09-04T10:45:00.000Z,2026-09-04 18:45,81039.6,81078,81000,81043.7,244.744,1788518999999,futures
1788519000000,2026-09-04T10:50:00.000Z,2026-09-04 18:50,81043.6,81074.2,80978.8,81074.1,270.853,1788519299999,futures
1788519300000,2026-09-04T10:55:00.000Z,2026-09-04 18:55,81074.2,81168,81066.4,81150,461.695,1788519599999,futures
1788519600000,2026-09-04T11:00:00.000Z,2026-09-04 19:00,81150,81155.5,81041.2,81074.1,380.147,1788519899999,futures
1788519900000,2026-09-04T11:05:00.000Z,2026-09-04 19:05,81074,81150,81074,81140,332.327,1788520199999,futures
1788520200000,2026-09-04T11:10:00.000Z,2026-09-04 19:10,81139.9,81190.9,81090.6,81156.7,457.79,1788520499999,futures
1788520500000,2026-09-04T11:15:00.000Z,2026-09-04 19:15,81157.4,81198.7,81087.5,81146.7,327.977,1788520799999,futures
1788520800000,2026-09-04T11:20:00.000Z,2026-09-04 19:20,81146.7,81250,81146.6,81240,547.184,1788521099999,futures
1788521100000,2026-09-04T11:25:00.000Z,2026-09-04 19:25,81240,81377.7,81229.1,81298.1,874.151,1788521399999,futures
1788521400000,2026-09-04T11:30:00.000Z,2026-09-04 19:30,81298.1,81298.2,81208,81208,414.015,1788521699999,futures
1788521700000,2026-09-04T11:35:00.000Z,2026-09-04 19:35,81208,81295,81208,81252.1,267.591,1788521999999,futures
1788522000000,2026-09-04T11:40:00.000Z,2026-09-04 19:40,81252,81252.1,81160,81214.7,243.445,1788522299999,futures
1788522300000,2026-09-04T11:45:00.000Z,2026-09-04 19:45,81214.6,81251.6,81163.5,81221.6,414.441,1788522599999,futures
1788522600000,2026-09-04T11:50:00.000Z,2026-09-04 19:50,81221.7,81320,81203.4,81240.2,288.517,1788522899999,futures
1788522900000,2026-09-04T11:55:00.000Z,2026-09-04 19:55,81240.1,81287.8,81166.6,81188,492.309,1788523199999,futures
1788523200000,2026-09-04T12:00:00.000Z,2026-09-04 20:00,81188,81233.4,81106.4,81163.9,469.849,1788523499999,futures
1788523500000,2026-09-04T12:05:00.000Z,2026-09-04 20:05,81163.9,81246.6,81089,81177.6,751.558,1788523799999,futures
1788523800000,2026-09-04T12:10:00.000Z,2026-09-04 20:10,81177.6,81235.9,81100.5,81215,348.545,1788524099999,futures
1788524100000,2026-09-04T12:15:00.000Z,2026-09-04 20:15,81214.9,81215,81088.8,81136.4,415.308,1788524399999,futures
1788524400000,2026-09-04T12:20:00.000Z,2026-09-04 20:20,81136.5,81183,81093.4,81178.9,263.755,1788524699999,futures
1788524700000,2026-09-04T12:25:00.000Z,2026-09-04 20:25,81178.9,81324.2,81158,81300,796.335,1788524999999,futures
1788525000000,2026-09-04T12:30:00.000Z,2026-09-04 20:30,81299.9,81299.9,79605,79803.7,22183.637,1788525299999,futures
1788525300000,2026-09-04T12:35:00.000Z,2026-09-04 20:35,79803.8,79950.1,79361.1,79915.4,7858.904,1788525599999,futures
1788525600000,2026-09-04T12:40:00.000Z,2026-09-04 20:40,79915.5,80084,79653,79653,3443.232,1788525899999,futures
1788525900000,2026-09-04T12:45:00.000Z,2026-09-04 20:45,79652.8,79664.6,79126,79413.6,7109.39,1788526199999,futures
1788526200000,2026-09-04T12:50:00.000Z,2026-09-04 20:50,79413.6,79631,79300,79583.9,2656.558,1788526499999,futures
1788526500000,2026-09-04T12:55:00.000Z,2026-09-04 20:55,79583.9,79583.9,79282.9,79423.8,1726.327,1788526799999,futures
1788526800000,2026-09-04T13:00:00.000Z,2026-09-04 21:00,79423.9,79546.3,79346,79383.6,1493.241,1788527099999,futures
1788527100000,2026-09-04T13:05:00.000Z,2026-09-04 21:05,79383.5,79439.1,79139.6,79258.3,2170.137,1788527399999,futures
1788527400000,2026-09-04T13:10:00.000Z,2026-09-04 21:10,79258.4,79320,79164.1,79199.9,1075.529,1788527699999,futures
1788527700000,2026-09-04T13:15:00.000Z,2026-09-04 21:15,79199.9,79377.6,79170,79310.8,953.11,1788527999999,futures
1788528000000,2026-09-04T13:20:00.000Z,2026-09-04 21:20,79310.9,79422,79284,79377.6,853.026,1788528299999,futures
1788528300000,2026-09-04T13:25:00.000Z,2026-09-04 21:25,79377.5,79457.3,79220,79278.4,1032.246,1788528599999,futures
1788528600000,2026-09-04T13:30:00.000Z,2026-09-04 21:30,79278.5,79513.2,79156.1,79231.8,1870.393,1788528899999,futures
1788528900000,2026-09-04T13:35:00.000Z,2026-09-04 21:35,79231.7,79397.9,78913.4,79313.9,3733.806,1788529199999,futures
1788529200000,2026-09-04T13:40:00.000Z,2026-09-04 21:40,79313.8,79407.8,79228,79371.7,1316.648,1788529499999,futures
1788529500000,2026-09-04T13:45:00.000Z,2026-09-04 21:45,79371.6,79670,79288,79629.3,2525.648,1788529799999,futures
1788529800000,2026-09-04T13:50:00.000Z,2026-09-04 21:50,79629.3,79634.7,79193.1,79260.5,2730.176,1788530099999,futures
1788530100000,2026-09-04T13:55:00.000Z,2026-09-04 21:55,79260.5,79481.6,79255.7,79342.9,822.968,1788530399999,futures
1788530400000,2026-09-04T14:00:00.000Z,2026-09-04 22:00,79342.8,79545.7,79312.5,79441.9,776.964,1788530699999,futures
1788530700000,2026-09-04T14:05:00.000Z,2026-09-04 22:05,79442,79504,79202.1,79245.2,1145.051,1788530999999,futures
1788531000000,2026-09-04T14:10:00.000Z,2026-09-04 22:10,79245.2,79447.3,79216.7,79384.5,988.196,1788531299999,futures
1788531300000,2026-09-04T14:15:00.000Z,2026-09-04 22:15,79384.5,79476.1,79141,79141,1067.289,1788531599999,futures
1788531600000,2026-09-04T14:20:00.000Z,2026-09-04 22:20,79140.9,79332.4,79055,79298,1253.345,1788531899999,futures
1788531900000,2026-09-04T14:25:00.000Z,2026-09-04 22:25,79298,79387.8,79269.3,79337.4,592.499,1788532199999,futures
1788532200000,2026-09-04T14:30:00.000Z,2026-09-04 22:30,79337.4,79387.7,79272.4,79366,656.226,1788532499999,futures
1788532500000,2026-09-04T14:35:00.000Z,2026-09-04 22:35,79366,79443,79216.4,79290,705.42,1788532799999,futures
1788532800000,2026-09-04T14:40:00.000Z,2026-09-04 22:40,79289.9,79293.4,78817.4,78999.3,2262.285,1788533099999,futures
1788533100000,2026-09-04T14:45:00.000Z,2026-09-04 22:45,78999.3,79112.9,78632.6,78666.4,4177.26,1788533399999,futures
1788533400000,2026-09-04T14:50:00.000Z,2026-09-04 22:50,78666.3,78887.5,78618.1,78779.6,1980.553,1788533699999,futures
1788533700000,2026-09-04T14:55:00.000Z,2026-09-04 22:55,78779.5,78977.4,78779.5,78874,1206.757,1788533999999,futures
1788534000000,2026-09-04T15:00:00.000Z,2026-09-04 23:00,78874.1,78990,78755.1,78961.8,892.173,1788534299999,futures
1788534300000,2026-09-04T15:05:00.000Z,2026-09-04 23:05,78961.9,79172.8,78911.8,79161.1,1456.514,1788534599999,futures
1788534600000,2026-09-04T15:10:00.000Z,2026-09-04 23:10,79161.1,79165,79050,79165,630.676,1788534899999,futures
1788534900000,2026-09-04T15:15:00.000Z,2026-09-04 23:15,79165,79261.5,79126.8,79209.5,906.329,1788535199999,futures
1788535200000,2026-09-04T15:20:00.000Z,2026-09-04 23:20,79209.4,79266.6,79176.7,79266.5,775.202,1788535499999,futures
1788535500000,2026-09-04T15:25:00.000Z,2026-09-04 23:25,79266.5,79388,79266.5,79374.3,1202.148,1788535799999,futures
1788535800000,2026-09-04T15:30:00.000Z,2026-09-04 23:30,79374.2,79400.8,79315.8,79329.1,670.404,1788536099999,futures
1788536100000,2026-09-04T15:35:00.000Z,2026-09-04 23:35,79329.2,79491.7,79329.1,79491.3,749.124,1788536399999,futures
1788536400000,2026-09-04T15:40:00.000Z,2026-09-04 23:40,79491.4,79499.3,79457,79485.8,581.596,1788536699999,futures
1788536700000,2026-09-04T15:45:00.000Z,2026-09-04 23:45,79485.8,79518.5,79342,79355,787.118,1788536999999,futures
1788537000000,2026-09-04T15:50:00.000Z,2026-09-04 23:50,79354.9,79457.5,79351.6,79399.9,329.921,1788537299999,futures
1788537300000,2026-09-04T15:55:00.000Z,2026-09-04 23:55,79400,79452.3,79359.1,79384.8,234.636,1788537599999,futures
1788537600000,2026-09-04T16:00:00.000Z,2026-09-05 00:00,79384.9,79442.3,79334.1,79371,387.16,1788537899999,futures
1788537900000,2026-09-04T16:05:00.000Z,2026-09-05 00:05,79371,79483.8,79364.2,79412,236.695,1788538199999,futures
1788538200000,2026-09-04T16:10:00.000Z,2026-09-05 00:10,79412,79468.5,79400.9,79407.3,366.891,1788538499999,futures
1788538500000,2026-09-04T16:15:00.000Z,2026-09-05 00:15,79407.3,79467.9,79395.3,79427.6,268.851,1788538799999,futures
1788538800000,2026-09-04T16:20:00.000Z,2026-09-05 00:20,79427.6,79486.9,79421,79476.8,364.886,1788539099999,futures
1788539100000,2026-09-04T16:25:00.000Z,2026-09-05 00:25,79476.9,79540,79448.2,79508,409.003,1788539399999,futures
1788539400000,2026-09-04T16:30:00.000Z,2026-09-05 00:30,79508,79800,79500,79711.7,1892.819,1788539699999,futures
1788539700000,2026-09-04T16:35:00.000Z,2026-09-05 00:35,79711.8,79782.1,79644.7,79661.2,1057.421,1788539999999,futures
1788540000000,2026-09-04T16:40:00.000Z,2026-09-05 00:40,79661.2,79834.4,79661.2,79806.7,720.108,1788540299999,futures
1788540300000,2026-09-04T16:45:00.000Z,2026-09-05 00:45,79806.8,79811.9,79704.6,79751.9,428.263,1788540599999,futures
1788540600000,2026-09-04T16:50:00.000Z,2026-09-05 00:50,79751.9,79838.1,79681.6,79703.7,556.41,1788540899999,futures
1788540900000,2026-09-04T16:55:00.000Z,2026-09-05 00:55,79703.7,79776,79700.8,79709.2,336.368,1788541199999,futures
1788541200000,2026-09-04T17:00:00.000Z,2026-09-05 01:00,79709.2,79718.2,79610,79644.1,784.563,1788541499999,futures
1788541500000,2026-09-04T17:05:00.000Z,2026-09-05 01:05,79644.2,79686.9,79634.6,79651.7,507.949,1788541799999,futures
1788541800000,2026-09-04T17:10:00.000Z,2026-09-05 01:10,79651.7,79675.5,79580,79580.3,504.863,1788542099999,futures
1788542100000,2026-09-04T17:15:00.000Z,2026-09-05 01:15,79580.3,79599.3,79467.9,79556.1,733.821,1788542399999,futures
1788542400000,2026-09-04T17:20:00.000Z,2026-09-05 01:20,79556.1,79618.8,79533,79556.1,278.893,1788542699999,futures
1788542700000,2026-09-04T17:25:00.000Z,2026-09-05 01:25,79556,79560,79473.1,79473.1,269.465,1788542999999,futures
1788543000000,2026-09-04T17:30:00.000Z,2026-09-05 01:30,79473.2,79536,79470,79474.5,214.306,1788543299999,futures
1788543300000,2026-09-04T17:35:00.000Z,2026-09-05 01:35,79474.6,79550,79426.4,79531.3,445.332,1788543599999,futures
1788543600000,2026-09-04T17:40:00.000Z,2026-09-05 01:40,79531.3,79531.4,79390,79444.2,325.677,1788543899999,futures
1788543900000,2026-09-04T17:45:00.000Z,2026-09-05 01:45,79444.1,79479.9,79400,79445.1,183.19,1788544199999,futures
1788544200000,2026-09-04T17:50:00.000Z,2026-09-05 01:50,79445,79445,79347.9,79429.9,482.467,1788544499999,futures
1788544500000,2026-09-04T17:55:00.000Z,2026-09-05 01:55,79430,79486.8,79416.5,79430.1,303.427,1788544799999,futures
1788544800000,2026-09-04T18:00:00.000Z,2026-09-05 02:00,79430,79544.7,79430,79517,325.379,1788545099999,futures
1788545100000,2026-09-04T18:05:00.000Z,2026-09-05 02:05,79517,79563.6,79489.5,79563.6,228.124,1788545399999,futures
1788545400000,2026-09-04T18:10:00.000Z,2026-09-05 02:10,79563.6,79563.6,79473,79483.4,187.963,1788545699999,futures
1788545700000,2026-09-04T18:15:00.000Z,2026-09-05 02:15,79483.5,79550,79483.4,79548,155.938,1788545999999,futures
1788546000000,2026-09-04T18:20:00.000Z,2026-09-05 02:20,79548,79587,79526.4,79541.3,183.325,1788546299999,futures
1788546300000,2026-09-04T18:25:00.000Z,2026-09-05 02:25,79541.3,79550.5,79493.3,79502.4,102.719,1788546599999,futures
1788546600000,2026-09-04T18:30:00.000Z,2026-09-05 02:30,79502.5,79603.1,79502.5,79597.5,288.145,1788546899999,futures
1788546900000,2026-09-04T18:35:00.000Z,2026-09-05 02:35,79597.4,79597.4,79497,79536.3,150.121,1788547199999,futures
1788547200000,2026-09-04T18:40:00.000Z,2026-09-05 02:40,79536.2,79622.3,79536.2,79600.1,168.785,1788547499999,futures
1788547500000,2026-09-04T18:45:00.000Z,2026-09-05 02:45,79600,79600.1,79560.8,79560.8,106.451,1788547799999,futures
1788547800000,2026-09-04T18:50:00.000Z,2026-09-05 02:50,79560.8,79600,79554,79589.7,75.28,1788548099999,futures
1788548100000,2026-09-04T18:55:00.000Z,2026-09-05 02:55,79589.6,79632,79555.2,79576.1,451.174,1788548399999,futures
1788548400000,2026-09-04T19:00:00.000Z,2026-09-05 03:00,79576.1,79690,79576.1,79677,373.622,1788548699999,futures
1788548700000,2026-09-04T19:05:00.000Z,2026-09-05 03:05,79677,79699.9,79661.6,79693.3,265.167,1788548999999,futures
1788549000000,2026-09-04T19:10:00.000Z,2026-09-05 03:10,79693.3,79693.4,79624,79666.7,170.624,1788549299999,futures
1788549300000,2026-09-04T19:15:00.000Z,2026-09-05 03:15,79666.7,79757.5,79654,79757.2,376.63,1788549599999,futures
1788549600000,2026-09-04T19:20:00.000Z,2026-09-05 03:20,79757.2,79768.6,79731.6,79768.6,187.939,1788549899999,futures
1788549900000,2026-09-04T19:25:00.000Z,2026-09-05 03:25,79768.5,79776.1,79747.6,79764,209.048,1788550199999,futures
1788550200000,2026-09-04T19:30:00.000Z,2026-09-05 03:30,79764,79764,79663,79713.9,166.628,1788550499999,futures
1788550500000,2026-09-04T19:35:00.000Z,2026-09-05 03:35,79713.9,79714,79592.3,79616.2,315.275,1788550799999,futures
1788550800000,2026-09-04T19:40:00.000Z,2026-09-05 03:40,79616.2,79655.4,79594.6,79647.8,204.238,1788551099999,futures
1788551100000,2026-09-04T19:45:00.000Z,2026-09-05 03:45,79647.8,79701.4,79623.2,79697.4,191.367,1788551399999,futures
1788551400000,2026-09-04T19:50:00.000Z,2026-09-05 03:50,79697.4,79701.4,79595.3,79644.2,343.15,1788551699999,futures
1788551700000,2026-09-04T19:55:00.000Z,2026-09-05 03:55,79644.2,79776,79644.2,79754.7,604.752,1788551999999,futures
1788552000000,2026-09-04T20:00:00.000Z,2026-09-05 04:00,79754.8,79823.4,79723.2,79792,420.71,1788552299999,futures
1788552300000,2026-09-04T20:05:00.000Z,2026-09-05 04:05,79792,79797.2,79722.5,79771.9,211.374,1788552599999,futures
1788552600000,2026-09-04T20:10:00.000Z,2026-09-05 04:10,79771.9,79825.5,79751.5,79772.3,146.005,1788552899999,futures
1788552900000,2026-09-04T20:15:00.000Z,2026-09-05 04:15,79772.4,79799.6,79759.9,79792.3,133.995,1788553199999,futures
1788553200000,2026-09-04T20:20:00.000Z,2026-09-05 04:20,79792.3,79800,79707.7,79707.9,198.992,1788553499999,futures
1788553500000,2026-09-04T20:25:00.000Z,2026-09-05 04:25,79707.9,79733,79704.2,79721.1,75.847,1788553799999,futures
1788553800000,2026-09-04T20:30:00.000Z,2026-09-05 04:30,79721.2,79736.3,79684.2,79692.6,156.82,1788554099999,futures
1788554100000,2026-09-04T20:35:00.000Z,2026-09-05 04:35,79692.5,79734.4,79685.3,79689.9,173.921,1788554399999,futures
1788554400000,2026-09-04T20:40:00.000Z,2026-09-05 04:40,79690,79700,79657.1,79677.4,259.719,1788554699999,futures
1788554700000,2026-09-04T20:45:00.000Z,2026-09-05 04:45,79677.4,79728.4,79657.1,79709.5,289.454,1788554999999,futures
1788555000000,2026-09-04T20:50:00.000Z,2026-09-05 04:50,79709.4,79709.5,79623.9,79684.8,141.851,1788555299999,futures
1788555300000,2026-09-04T20:55:00.000Z,2026-09-05 04:55,79684.8,79693.9,79632.2,79656.2,318.262,1788555599999,futures
1788555600000,2026-09-04T21:00:00.000Z,2026-09-05 05:00,79656.3,79702.2,79653,79702.1,359.034,1788555899999,futures
1788555900000,2026-09-04T21:05:00.000Z,2026-09-05 05:05,79702.2,79743.2,79702.1,79730.8,82.515,1788556199999,futures
1788556200000,2026-09-04T21:10:00.000Z,2026-09-05 05:10,79730.7,79754,79727.7,79727.7,64.703,1788556499999,futures
1788556500000,2026-09-04T21:15:00.000Z,2026-09-05 05:15,79727.7,79765,79727.7,79756,65.122,1788556799999,futures
1788556800000,2026-09-04T21:20:00.000Z,2026-09-05 05:20,79756.1,79765,79732.8,79732.8,95.182,1788557099999,futures
1788557100000,2026-09-04T21:25:00.000Z,2026-09-05 05:25,79732.8,79743.9,79692.4,79730.7,280.091,1788557399999,futures
1788557400000,2026-09-04T21:30:00.000Z,2026-09-05 05:30,79730.6,79762.6,79728.4,79746.7,130.109,1788557699999,futures
1788557700000,2026-09-04T21:35:00.000Z,2026-09-05 05:35,79746.6,79765.3,79741.1,79741.2,74.749,1788557999999,futures
1788558000000,2026-09-04T21:40:00.000Z,2026-09-05 05:40,79741.2,79770.8,79702.2,79740,397.073,1788558299999,futures
1788558300000,2026-09-04T21:45:00.000Z,2026-09-05 05:45,79740.7,79768.7,79664.2,79681.5,257.155,1788558599999,futures
1788558600000,2026-09-04T21:50:00.000Z,2026-09-05 05:50,79681.9,79704.3,79460.9,79588.3,751.652,1788558899999,futures
1788558900000,2026-09-04T21:55:00.000Z,2026-09-05 05:55,79588.3,79617.2,79499.9,79584.7,478.919,1788559199999,futures
1788559200000,2026-09-04T22:00:00.000Z,2026-09-05 06:00,79584.8,79640.8,79584.7,79620,98.475,1788559499999,futures
1788559500000,2026-09-04T22:05:00.000Z,2026-09-05 06:05,79620.1,79620.1,79600,79615.9,67.664,1788559799999,futures
1788559800000,2026-09-04T22:10:00.000Z,2026-09-05 06:10,79615.9,79647.9,79577.7,79647.9,298.903,1788560099999,futures
1788560100000,2026-09-04T22:15:00.000Z,2026-09-05 06:15,79647.8,79666,79614,79657.1,123.14,1788560399999,futures
1788560400000,2026-09-04T22:20:00.000Z,2026-09-05 06:20,79657.2,79666,79629.8,79630.1,65.165,1788560699999,futures
1788560700000,2026-09-04T22:25:00.000Z,2026-09-05 06:25,79630.1,79664.5,79585.4,79664.5,372.324,1788560999999,futures
1788561000000,2026-09-04T22:30:00.000Z,2026-09-05 06:30,79664.5,79679.9,79635.2,79635.2,207.664,1788561299999,futures
1788561300000,2026-09-04T22:35:00.000Z,2026-09-05 06:35,79635.2,79662,79633.2,79662,85.795,1788561599999,futures
1788561600000,2026-09-04T22:40:00.000Z,2026-09-05 06:40,79662,79677.4,79613.3,79613.3,177.176,1788561899999,futures
1788561900000,2026-09-04T22:45:00.000Z,2026-09-05 06:45,79613.3,79645.1,79577.5,79620.8,226.08,1788562199999,futures
1788562200000,2026-09-04T22:50:00.000Z,2026-09-05 06:50,79620.8,79624.2,79594.5,79615,68.973,1788562499999,futures
1788562500000,2026-09-04T22:55:00.000Z,2026-09-05 06:55,79615,79615,79580.2,79600.3,68.033,1788562799999,futures
1788562800000,2026-09-04T23:00:00.000Z,2026-09-05 07:00,79600.3,79600.4,79544,79598.2,136.982,1788563099999,futures
1788563100000,2026-09-04T23:05:00.000Z,2026-09-05 07:05,79598.2,79608.4,79597.2,79607.2,44.941,1788563399999,futures
1788563400000,2026-09-04T23:10:00.000Z,2026-09-05 07:10,79607.2,79607.2,79562.3,79567.8,132.615,1788563699999,futures
1788563700000,2026-09-04T23:15:00.000Z,2026-09-05 07:15,79567.8,79601.6,79567.8,79598.2,152.407,1788563999999,futures
1788564000000,2026-09-04T23:20:00.000Z,2026-09-05 07:20,79598.3,79667,79598.3,79667,172.264,1788564299999,futures
1788564300000,2026-09-04T23:25:00.000Z,2026-09-05 07:25,79666.9,79723.5,79656.9,79690.1,194.389,1788564599999,futures
1788564600000,2026-09-04T23:30:00.000Z,2026-09-05 07:30,79690,79690.1,79637.7,79637.7,50.514,1788564899999,futures
1788564900000,2026-09-04T23:35:00.000Z,2026-09-05 07:35,79637.7,79645.8,79628.4,79628.5,39.728,1788565199999,futures
1788565200000,2026-09-04T23:40:00.000Z,2026-09-05 07:40,79628.5,79628.5,79622.9,79623,25.097,1788565499999,futures
1788565500000,2026-09-04T23:45:00.000Z,2026-09-05 07:45,79623,79623.8,79606.4,79606.5,42.234,1788565799999,futures
1788565800000,2026-09-04T23:50:00.000Z,2026-09-05 07:50,79606.5,79612,79574.1,79579.4,133.792,1788566099999,futures
1788566100000,2026-09-04T23:55:00.000Z,2026-09-05 07:55,79579.5,79620,79579.4,79616.1,162.895,1788566399999,futures
1788566400000,2026-09-05T00:00:00.000Z,2026-09-05 08:00,79616.2,79616.4,79593.3,79601,134.572,1788566699999,futures
1788566700000,2026-09-05T00:05:00.000Z,2026-09-05 08:05,79601.1,79610.4,79570.3,79610.3,131.048,1788566999999,futures
1788567000000,2026-09-05T00:10:00.000Z,2026-09-05 08:10,79610.4,79682.9,79610.3,79629.2,211.649,1788567299999,futures
1788567300000,2026-09-05T00:15:00.000Z,2026-09-05 08:15,79629.3,79629.3,79555.1,79583,135.284,1788567599999,futures
1788567600000,2026-09-05T00:20:00.000Z,2026-09-05 08:20,79582.9,79597.1,79582.9,79590,48.45,1788567899999,futures
1788567900000,2026-09-05T00:25:00.000Z,2026-09-05 08:25,79590,79617.4,79590,79610,71.388,1788568199999,futures
1788568200000,2026-09-05T00:30:00.000Z,2026-09-05 08:30,79610,79658.2,79603.3,79618.5,105.612,1788568499999,futures
1788568500000,2026-09-05T00:35:00.000Z,2026-09-05 08:35,79618.5,79618.5,79589.4,79608.5,77.759,1788568799999,futures
1788568800000,2026-09-05T00:40:00.000Z,2026-09-05 08:40,79608.5,79651.9,79583.9,79591.7,171.162,1788569099999,futures
1788569100000,2026-09-05T00:45:00.000Z,2026-09-05 08:45,79591.7,79591.7,79534.6,79561.6,215.18,1788569399999,futures
1788569400000,2026-09-05T00:50:00.000Z,2026-09-05 08:50,79561.6,79612,79561.5,79596.9,101.358,1788569699999,futures
1788569700000,2026-09-05T00:55:00.000Z,2026-09-05 08:55,79597,79611.1,79518.3,79542.7,201.097,1788569999999,futures
1788570000000,2026-09-05T01:00:00.000Z,2026-09-05 09:00,79542.7,79571.5,79516.2,79570.7,169.137,1788570299999,futures
1788570300000,2026-09-05T01:05:00.000Z,2026-09-05 09:05,79570.7,79608.6,79559.7,79608.5,90.344,1788570599999,futures
1788570600000,2026-09-05T01:10:00.000Z,2026-09-05 09:10,79608.6,79647,79586.9,79587,165.988,1788570899999,futures
1788570900000,2026-09-05T01:15:00.000Z,2026-09-05 09:15,79587,79655,79586.9,79655,124.808,1788571199999,futures
1788571200000,2026-09-05T01:20:00.000Z,2026-09-05 09:20,79655,79655,79600.6,79644.3,66.418,1788571499999,futures
1788571500000,2026-09-05T01:25:00.000Z,2026-09-05 09:25,79644.4,79661.3,79564.4,79649.4,265.736,1788571799999,futures
1788571800000,2026-09-05T01:30:00.000Z,2026-09-05 09:30,79649.5,79675.1,79628.5,79637.5,79.181,1788572099999,futures
1788572100000,2026-09-05T01:35:00.000Z,2026-09-05 09:35,79637.4,79637.5,79564.2,79587.2,145.294,1788572399999,futures
1788572400000,2026-09-05T01:40:00.000Z,2026-09-05 09:40,79587.2,79647.4,79573,79600.7,209.722,1788572699999,futures
1788572700000,2026-09-05T01:45:00.000Z,2026-09-05 09:45,79600.6,79629.8,79537.1,79558.1,211.462,1788572999999,futures
1788573000000,2026-09-05T01:50:00.000Z,2026-09-05 09:50,79558.2,79565.5,79509.6,79551.5,226.275,1788573299999,futures
1788573300000,2026-09-05T01:55:00.000Z,2026-09-05 09:55,79551.5,79551.6,79492,79492.1,517.558,1788573599999,futures
1788573600000,2026-09-05T02:00:00.000Z,2026-09-05 10:00,79492.1,79492.1,79435.4,79477.2,673.627,1788573899999,futures
1788573900000,2026-09-05T02:05:00.000Z,2026-09-05 10:05,79477.1,79518.2,79462.4,79518.2,104.439,1788574199999,futures
1788574200000,2026-09-05T02:10:00.000Z,2026-09-05 10:10,79518.2,79544.6,79516.7,79524.9,80.409,1788574499999,futures
1788574500000,2026-09-05T02:15:00.000Z,2026-09-05 10:15,79524.8,79544.6,79523.8,79544.6,46.191,1788574799999,futures
1788574800000,2026-09-05T02:20:00.000Z,2026-09-05 10:20,79544.5,79553,79518.2,79552.9,114.834,1788575099999,futures
1788575100000,2026-09-05T02:25:00.000Z,2026-09-05 10:25,79552.9,79560,79471.8,79485.2,144.382,1788575399999,futures
1788575400000,2026-09-05T02:30:00.000Z,2026-09-05 10:30,79485.2,79535.7,79485.2,79535.7,137.286,1788575699999,futures
1788575700000,2026-09-05T02:35:00.000Z,2026-09-05 10:35,79535.6,79571.9,79513.2,79550.7,52.874,1788575999999,futures
1788576000000,2026-09-05T02:40:00.000Z,2026-09-05 10:40,79550.8,79584.1,79550.7,79574.6,41.167,1788576299999,futures
1788576300000,2026-09-05T02:45:00.000Z,2026-09-05 10:45,79574.6,79574.7,79526.5,79527,62.105,1788576599999,futures
1788576600000,2026-09-05T02:50:00.000Z,2026-09-05 10:50,79527,79527.1,79491.9,79526.4,60.257,1788576899999,futures
1788576900000,2026-09-05T02:55:00.000Z,2026-09-05 10:55,79526.4,79539.5,79526.3,79530,46.278,1788577199999,futures
1788577200000,2026-09-05T03:00:00.000Z,2026-09-05 11:00,79530.1,79530.1,79506.3,79518.3,31.09,1788577499999,futures
1788577500000,2026-09-05T03:05:00.000Z,2026-09-05 11:05,79518.2,79518.3,79480,79480,61.302,1788577799999,futures
1788577800000,2026-09-05T03:10:00.000Z,2026-09-05 11:10,79480.1,79514.7,79474.3,79514.6,87.648,1788578099999,futures
1788578100000,2026-09-05T03:15:00.000Z,2026-09-05 11:15,79514.6,79578.3,79514.6,79556.1,110.883,1788578399999,futures
1788578400000,2026-09-05T03:20:00.000Z,2026-09-05 11:20,79556,79567.5,79524.2,79567.5,64.79,1788578699999,futures
1788578700000,2026-09-05T03:25:00.000Z,2026-09-05 11:25,79567.4,79567.4,79542.1,79542.1,35.467,1788578999999,futures
1788579000000,2026-09-05T03:30:00.000Z,2026-09-05 11:30,79542.2,79572,79542.1,79560.6,66.314,1788579299999,futures
1788579300000,2026-09-05T03:35:00.000Z,2026-09-05 11:35,79560.5,79589.5,79560.5,79573.1,85.752,1788579599999,futures
1788579600000,2026-09-05T03:40:00.000Z,2026-09-05 11:40,79573.2,79583.1,79568.7,79583,40.821,1788579899999,futures
1788579900000,2026-09-05T03:45:00.000Z,2026-09-05 11:45,79583.1,79589.5,79576.5,79580.5,39.165,1788580199999,futures
1788580200000,2026-09-05T03:50:00.000Z,2026-09-05 11:50,79580.5,79580.6,79548.9,79557.4,95.937,1788580499999,futures
1788580500000,2026-09-05T03:55:00.000Z,2026-09-05 11:55,79557.3,79557.4,79538.6,79543.9,58.023,1788580799999,futures
1788580800000,2026-09-05T04:00:00.000Z,2026-09-05 12:00,79543.9,79551,79495.2,79540.5,219.247,1788581099999,futures
1788581100000,2026-09-05T04:05:00.000Z,2026-09-05 12:05,79540.6,79553.6,79505.8,79511,67.818,1788581399999,futures
1788581400000,2026-09-05T04:10:00.000Z,2026-09-05 12:10,79511.1,79511.1,79458.8,79498.1,224.972,1788581699999,futures
1788581700000,2026-09-05T04:15:00.000Z,2026-09-05 12:15,79498.2,79533.3,79498.1,79521.5,50.076,1788581999999,futures
1788582000000,2026-09-05T04:20:00.000Z,2026-09-05 12:20,79521.6,79535.2,79521.5,79527.5,20.019,1788582299999,futures
1788582300000,2026-09-05T04:25:00.000Z,2026-09-05 12:25,79527.6,79530.8,79514.3,79514.3,25.691,1788582599999,futures
1788582600000,2026-09-05T04:30:00.000Z,2026-09-05 12:30,79514.3,79514.4,79499.3,79514.4,48.893,1788582899999,futures
1788582900000,2026-09-05T04:35:00.000Z,2026-09-05 12:35,79514.3,79514.4,79488.5,79488.6,34.825,1788583199999,futures
1788583200000,2026-09-05T04:40:00.000Z,2026-09-05 12:40,79488.6,79497.3,79485,79497.2,64.646,1788583499999,futures
1788583500000,2026-09-05T04:45:00.000Z,2026-09-05 12:45,79497.2,79520,79460,79519.9,145.58,1788583799999,futures
1788583800000,2026-09-05T04:50:00.000Z,2026-09-05 12:50,79520,79520,79470,79507.7,129.409,1788584099999,futures
1788584100000,2026-09-05T04:55:00.000Z,2026-09-05 12:55,79507.8,79507.8,79460,79460,140.748,1788584399999,futures
1788584400000,2026-09-05T05:00:00.000Z,2026-09-05 13:00,79460,79467.9,79405.2,79432.3,189.089,1788584699999,futures
1788584700000,2026-09-05T05:05:00.000Z,2026-09-05 13:05,79432.3,79446.4,79408.8,79432.1,175.988,1788584999999,futures
1788585000000,2026-09-05T05:10:00.000Z,2026-09-05 13:10,79432.1,79524.8,79432.1,79519.9,177.759,1788585299999,futures
1788585300000,2026-09-05T05:15:00.000Z,2026-09-05 13:15,79519.9,79529,79486.9,79506.4,192.463,1788585599999,futures
1788585600000,2026-09-05T05:20:00.000Z,2026-09-05 13:20,79506.5,79526.6,79480,79498.2,124.983,1788585899999,futures
1788585900000,2026-09-05T05:25:00.000Z,2026-09-05 13:25,79498.3,79550,79490.8,79550,157.468,1788586199999,futures
1788586200000,2026-09-05T05:30:00.000Z,2026-09-05 13:30,79550,79564.1,79549.8,79558.4,85.459,1788586499999,futures
1788586500000,2026-09-05T05:35:00.000Z,2026-09-05 13:35,79558.4,79558.4,79535.5,79535.6,30.177,1788586799999,futures
1788586800000,2026-09-05T05:40:00.000Z,2026-09-05 13:40,79535.5,79551,79468.1,79480.6,152.145,1788587099999,futures
1788587100000,2026-09-05T05:45:00.000Z,2026-09-05 13:45,79480.6,79492.1,79447.9,79459.9,105.321,1788587399999,futures
1788587400000,2026-09-05T05:50:00.000Z,2026-09-05 13:50,79459.9,79539,79459.9,79539,154.695,1788587699999,futures
1788587700000,2026-09-05T05:55:00.000Z,2026-09-05 13:55,79539,79560,79538.9,79540,79.862,1788587999999,futures
1788588000000,2026-09-05T06:00:00.000Z,2026-09-05 14:00,79540.1,79566.2,79534.1,79566.2,76.058,1788588299999,futures
1788588300000,2026-09-05T06:05:00.000Z,2026-09-05 14:05,79566.2,79592.2,79537.1,79547.4,131.412,1788588599999,futures
1788588600000,2026-09-05T06:10:00.000Z,2026-09-05 14:10,79547.5,79599.8,79547.4,79585.2,144.69,1788588899999,futures
1788588900000,2026-09-05T06:15:00.000Z,2026-09-05 14:15,79585.3,79591,79573.2,79582.4,74.835,1788589199999,futures
1788589200000,2026-09-05T06:20:00.000Z,2026-09-05 14:20,79582.4,79600,79582.3,79587.5,52.751,1788589499999,futures
1788589500000,2026-09-05T06:25:00.000Z,2026-09-05 14:25,79587.4,79606,79569.2,79602.5,254.324,1788589799999,futures
1788589800000,2026-09-05T06:30:00.000Z,2026-09-05 14:30,79602.5,79606,79585.9,79585.9,101.603,1788590099999,futures
1788590100000,2026-09-05T06:35:00.000Z,2026-09-05 14:35,79585.9,79676.9,79585.9,79676.8,416.155,1788590399999,futures
1788590400000,2026-09-05T06:40:00.000Z,2026-09-05 14:40,79676.9,79676.9,79622.6,79622.6,186.02,1788590699999,futures
1788590700000,2026-09-05T06:45:00.000Z,2026-09-05 14:45,79622.7,79629.5,79622.6,79622.6,58.372,1788590999999,futures
1788591000000,2026-09-05T06:50:00.000Z,2026-09-05 14:50,79622.7,79622.7,79616.9,79616.9,30.438,1788591299999,futures
1788591300000,2026-09-05T06:55:00.000Z,2026-09-05 14:55,79616.9,79646.5,79603,79603,295.443,1788591599999,futures
1788591600000,2026-09-05T07:00:00.000Z,2026-09-05 15:00,79603,79648,79600,79643.4,68.649,1788591899999,futures
1788591900000,2026-09-05T07:05:00.000Z,2026-09-05 15:05,79643.4,79650,79624.1,79624.2,93.374,1788592199999,futures
1788592200000,2026-09-05T07:10:00.000Z,2026-09-05 15:10,79624.2,79656.6,79624.1,79647.9,94.083,1788592499999,futures
1788592500000,2026-09-05T07:15:00.000Z,2026-09-05 15:15,79647.9,79668.1,79631.1,79631.1,132.384,1788592799999,futures
1788592800000,2026-09-05T07:20:00.000Z,2026-09-05 15:20,79631.2,79662.8,79631.1,79662.8,48.206,1788593099999,futures
1788593100000,2026-09-05T07:25:00.000Z,2026-09-05 15:25,79662.7,79680,79659.4,79679.7,88.868,1788593399999,futures
1788593400000,2026-09-05T07:30:00.000Z,2026-09-05 15:30,79679.7,79708.3,79666.8,79704.6,200.055,1788593699999,futures
1788593700000,2026-09-05T07:35:00.000Z,2026-09-05 15:35,79704.6,79704.8,79689.9,79690,124.166,1788593999999,futures
1788594000000,2026-09-05T07:40:00.000Z,2026-09-05 15:40,79689.9,79690,79660.6,79685.6,173.949,1788594299999,futures
1788594300000,2026-09-05T07:45:00.000Z,2026-09-05 15:45,79685.6,79722.1,79685.5,79685.6,158.404,1788594599999,futures
1788594600000,2026-09-05T07:50:00.000Z,2026-09-05 15:50,79685.7,79701.2,79685.6,79686.1,114.966,1788594899999,futures
1788594900000,2026-09-05T07:55:00.000Z,2026-09-05 15:55,79686,79686.1,79652.6,79673,159.315,1788595199999,futures
1788595200000,2026-09-05T08:00:00.000Z,2026-09-05 16:00,79673,79673.1,79600.6,79605.1,177.091,1788595499999,futures
1788595500000,2026-09-05T08:05:00.000Z,2026-09-05 16:05,79605.1,79619.9,79591.5,79610.1,109.209,1788595799999,futures
1788595800000,2026-09-05T08:10:00.000Z,2026-09-05 16:10,79610.1,79665.8,79610.1,79616.6,135.705,1788596099999,futures
1788596100000,2026-09-05T08:15:00.000Z,2026-09-05 16:15,79616.6,79684.7,79616.6,79621.4,165.994,1788596399999,futures
1788596400000,2026-09-05T08:20:00.000Z,2026-09-05 16:20,79621.3,79639.3,79604.7,79604.8,115.022,1788596699999,futures
1788596700000,2026-09-05T08:25:00.000Z,2026-09-05 16:25,79604.7,79613.4,79567.9,79603.5,128.474,1788596999999,futures
1788597000000,2026-09-05T08:30:00.000Z,2026-09-05 16:30,79603.5,79603.5,79520,79529.4,181.331,1788597299999,futures
1788597300000,2026-09-05T08:35:00.000Z,2026-09-05 16:35,79529.4,79600,79529.4,79573.8,92.036,1788597599999,futures
1788597600000,2026-09-05T08:40:00.000Z,2026-09-05 16:40,79573.9,79581.8,79573.8,79581.7,53.466,1788597899999,futures
1788597900000,2026-09-05T08:45:00.000Z,2026-09-05 16:45,79581.7,79581.8,79561.6,79561.7,79.145,1788598199999,futures
1788598200000,2026-09-05T08:50:00.000Z,2026-09-05 16:50,79561.6,79593,79561.6,79591.7,84.037,1788598499999,futures
1788598500000,2026-09-05T08:55:00.000Z,2026-09-05 16:55,79591.7,79632.6,79591.6,79617.5,107.685,1788598799999,futures
1788598800000,2026-09-05T09:00:00.000Z,2026-09-05 17:00,79617.5,79714.5,79613.6,79658.9,313.814,1788599099999,futures
1788599100000,2026-09-05T09:05:00.000Z,2026-09-05 17:05,79658.9,79677.8,79658.9,79666.2,103.42,1788599399999,futures
1788599400000,2026-09-05T09:10:00.000Z,2026-09-05 17:10,79666.2,79698.1,79666.2,79688.6,106.053,1788599699999,futures
1788599700000,2026-09-05T09:15:00.000Z,2026-09-05 17:15,79688.6,79688.6,79660,79662.6,86.192,1788599999999,futures
1788600000000,2026-09-05T09:20:00.000Z,2026-09-05 17:20,79662.6,79688.3,79660.2,79662.3,136.422,1788600299999,futures
1788600300000,2026-09-05T09:25:00.000Z,2026-09-05 17:25,79662.2,79662.3,79662.2,79662.3,43.601,1788600599999,futures
1788600600000,2026-09-05T09:30:00.000Z,2026-09-05 17:30,79662.3,79670,79662.2,79666,66.372,1788600899999,futures
1788600900000,2026-09-05T09:35:00.000Z,2026-09-05 17:35,79665.9,79678.7,79655.3,79655.3,57.739,1788601199999,futures
1788601200000,2026-09-05T09:40:00.000Z,2026-09-05 17:40,79655.4,79655.6,79622.3,79655.6,125.904,1788601499999,futures
1788601500000,2026-09-05T09:45:00.000Z,2026-09-05 17:45,79655.5,79655.5,79603,79620.3,116.511,1788601799999,futures
1788601800000,2026-09-05T09:50:00.000Z,2026-09-05 17:50,79620.2,79631.1,79612,79612,105.174,1788602099999,futures
1788602100000,2026-09-05T09:55:00.000Z,2026-09-05 17:55,79612,79615.8,79570.8,79594.6,126.859,1788602399999,futures
1788602400000,2026-09-05T10:00:00.000Z,2026-09-05 18:00,79594.7,79607.2,79594.6,79607.2,54.109,1788602699999,futures
1788602700000,2026-09-05T10:05:00.000Z,2026-09-05 18:05,79607.1,79607.2,79595.2,79596.7,64.473,1788602999999,futures
1788603000000,2026-09-05T10:10:00.000Z,2026-09-05 18:10,79596.6,79598.9,79581.6,79585.3,70.943,1788603299999,futures
1788603300000,2026-09-05T10:15:00.000Z,2026-09-05 18:15,79585.2,79597.3,79585.2,79597.2,67.945,1788603599999,futures
1788603600000,2026-09-05T10:20:00.000Z,2026-09-05 18:20,79597.2,79620.2,79575.8,79612.7,156.26,1788603899999,futures
1788603900000,2026-09-05T10:25:00.000Z,2026-09-05 18:25,79612.6,79630.2,79562.8,79581.8,348.238,1788604199999,futures
1788604200000,2026-09-05T10:30:00.000Z,2026-09-05 18:30,79581.8,79640,79581.8,79616.4,175.047,1788604499999,futures
1788604500000,2026-09-05T10:35:00.000Z,2026-09-05 18:35,79616.5,79621.9,79570,79584.5,86.332,1788604799999,futures
1788604800000,2026-09-05T10:40:00.000Z,2026-09-05 18:40,79584.5,79605.6,79551.9,79569.2,249.409,1788605099999,futures
1788605100000,2026-09-05T10:45:00.000Z,2026-09-05 18:45,79569.1,79573,79553.3,79553.4,68.274,1788605399999,futures
1788605400000,2026-09-05T10:50:00.000Z,2026-09-05 18:50,79553.4,79589.5,79553.3,79589.5,67.094,1788605699999,futures
1788605700000,2026-09-05T10:55:00.000Z,2026-09-05 18:55,79589.5,79626.2,79581.2,79581.2,257.2,1788605999999,futures
1788606000000,2026-09-05T11:00:00.000Z,2026-09-05 19:00,79581.3,79635.6,79581.2,79635.6,45.923,1788606299999,futures
1788606300000,2026-09-05T11:05:00.000Z,2026-09-05 19:05,79635.5,79639.2,79609.9,79619.9,138.318,1788606599999,futures
1788606600000,2026-09-05T11:10:00.000Z,2026-09-05 19:10,79619.9,79638.9,79590,79617.7,197.277,1788606899999,futures
1788606900000,2026-09-05T11:15:00.000Z,2026-09-05 19:15,79617.6,79617.7,79586.4,79586.5,34.44,1788607199999,futures
1788607200000,2026-09-05T11:20:00.000Z,2026-09-05 19:20,79586.4,79586.5,79586.4,79586.4,13.069,1788607499999,futures
1788607500000,2026-09-05T11:25:00.000Z,2026-09-05 19:25,79586.5,79590.4,79581,79588.3,81.672,1788607799999,futures
1788607800000,2026-09-05T11:30:00.000Z,2026-09-05 19:30,79588.3,79600.1,79588.2,79600,53.138,1788608099999,futures
1788608100000,2026-09-05T11:35:00.000Z,2026-09-05 19:35,79600,79600,79596,79596,26.597,1788608399999,futures
1788608400000,2026-09-05T11:40:00.000Z,2026-09-05 19:40,79596,79603.7,79562.7,79567.6,316.401,1788608699999,futures
1788608700000,2026-09-05T11:45:00.000Z,2026-09-05 19:45,79567.6,79608.9,79567.6,79608.9,84.663,1788608999999,futures
1788609000000,2026-09-05T11:50:00.000Z,2026-09-05 19:50,79608.8,79652.9,79593.7,79593.8,266.411,1788609299999,futures
1788609300000,2026-09-05T11:55:00.000Z,2026-09-05 19:55,79593.8,79600.7,79562.9,79577.4,184.129,1788609599999,futures
1788609600000,2026-09-05T12:00:00.000Z,2026-09-05 20:00,79577.5,79625.4,79575.6,79615.6,120.526,1788609899999,futures
1788609900000,2026-09-05T12:05:00.000Z,2026-09-05 20:05,79615.6,79639.3,79615.6,79638.2,55.688,1788610199999,futures
1788610200000,2026-09-05T12:10:00.000Z,2026-09-05 20:10,79638.2,79638.3,79621.6,79622.2,137.694,1788610499999,futures
1788610500000,2026-09-05T12:15:00.000Z,2026-09-05 20:15,79622.1,79622.4,79616.3,79616.3,34.951,1788610799999,futures
1788610800000,2026-09-05T12:20:00.000Z,2026-09-05 20:20,79616.4,79640.5,79616.3,79640.4,67.454,1788611099999,futures
1788611100000,2026-09-05T12:25:00.000Z,2026-09-05 20:25,79640.4,79644.8,79618.4,79618.4,157.48,1788611399999,futures
1788611400000,2026-09-05T12:30:00.000Z,2026-09-05 20:30,79618.4,79650,79572.8,79638.5,201.245,1788611699999,futures
1788611700000,2026-09-05T12:35:00.000Z,2026-09-05 20:35,79638.4,79674,79617.8,79673.9,179.286,1788611999999,futures
1788612000000,2026-09-05T12:40:00.000Z,2026-09-05 20:40,79674,79734.3,79673.6,79682.8,419.441,1788612299999,futures
1788612300000,2026-09-05T12:45:00.000Z,2026-09-05 20:45,79682.7,79720,79664.9,79693.2,204.265,1788612599999,futures
1788612600000,2026-09-05T12:50:00.000Z,2026-09-05 20:50,79693.2,79698.9,79673.3,79698.9,103.248,1788612899999,futures
1788612900000,2026-09-05T12:55:00.000Z,2026-09-05 20:55,79698.9,79723.8,79666,79666,308.983,1788613199999,futures
1788613200000,2026-09-05T13:00:00.000Z,2026-09-05 21:00,79666,79673.3,79643,79667.5,131.467,1788613499999,futures
1788613500000,2026-09-05T13:05:00.000Z,2026-09-05 21:05,79667.5,79672.4,79640,79640,76.134,1788613799999,futures
1788613800000,2026-09-05T13:10:00.000Z,2026-09-05 21:10,79640,79681.6,79622.8,79681.6,259.304,1788614099999,futures
1788614100000,2026-09-05T13:15:00.000Z,2026-09-05 21:15,79681.6,79691.2,79630,79657.6,182.251,1788614399999,futures
1788614400000,2026-09-05T13:20:00.000Z,2026-09-05 21:20,79657.7,79722.7,79657.6,79721,156.064,1788614699999,futures
1788614700000,2026-09-05T13:25:00.000Z,2026-09-05 21:25,79721,79721.1,79711.6,79712.1,72.914,1788614999999,futures
1788615000000,2026-09-05T13:30:00.000Z,2026-09-05 21:30,79712.1,79718.8,79672.5,79691.4,157.846,1788615299999,futures
1788615300000,2026-09-05T13:35:00.000Z,2026-09-05 21:35,79691.3,79691.3,79614.2,79616.2,140.53,1788615599999,futures
1788615600000,2026-09-05T13:40:00.000Z,2026-09-05 21:40,79616.3,79678.6,79601.6,79616.2,168.853,1788615899999,futures
1788615900000,2026-09-05T13:45:00.000Z,2026-09-05 21:45,79616.1,79650.3,79616.1,79650.2,64.955,1788616199999,futures
1788616200000,2026-09-05T13:50:00.000Z,2026-09-05 21:50,79650.3,79650.3,79500,79587.7,372.871,1788616499999,futures
1788616500000,2026-09-05T13:55:00.000Z,2026-09-05 21:55,79587.8,79590.4,79562,79573.9,111.983,1788616799999,futures
1788616800000,2026-09-05T14:00:00.000Z,2026-09-05 22:00,79573.8,79636.1,79573.8,79607.9,108.523,1788617099999,futures
1788617100000,2026-09-05T14:05:00.000Z,2026-09-05 22:05,79607.8,79645.8,79607.8,79645.8,57.888,1788617399999,futures
1788617400000,2026-09-05T14:10:00.000Z,2026-09-05 22:10,79645.8,79655.9,79630.6,79630.7,72.424,1788617699999,futures
1788617700000,2026-09-05T14:15:00.000Z,2026-09-05 22:15,79630.8,79640.5,79630.7,79637.7,30.23,1788617999999,futures
1788618000000,2026-09-05T14:20:00.000Z,2026-09-05 22:20,79637.7,79643.2,79630,79637.6,87.536,1788618299999,futures
1788618300000,2026-09-05T14:25:00.000Z,2026-09-05 22:25,79637.6,79696.7,79637.5,79685.9,121.979,1788618599999,futures
1788618600000,2026-09-05T14:30:00.000Z,2026-09-05 22:30,79685.9,79704,79685.8,79704,153.967,1788618899999,futures
1788618900000,2026-09-05T14:35:00.000Z,2026-09-05 22:35,79704,79708.2,79686.7,79695,65.164,1788619199999,futures
1788619200000,2026-09-05T14:40:00.000Z,2026-09-05 22:40,79695,79695,79651.2,79673.6,217.24,1788619499999,futures
1788619500000,2026-09-05T14:45:00.000Z,2026-09-05 22:45,79673.6,79703.4,79673.5,79690.1,104.147,1788619799999,futures
1788619800000,2026-09-05T14:50:00.000Z,2026-09-05 22:50,79690,79710,79684.8,79710,120.733,1788620099999,futures
1788620100000,2026-09-05T14:55:00.000Z,2026-09-05 22:55,79710,79719.9,79672.2,79672.3,139.422,1788620399999,futures
1788620400000,2026-09-05T15:00:00.000Z,2026-09-05 23:00,79672.2,79702.3,79672.2,79700.1,94.382,1788620699999,futures
1788620700000,2026-09-05T15:05:00.000Z,2026-09-05 23:05,79700.1,79730,79676.2,79678.7,153.122,1788620999999,futures
1788621000000,2026-09-05T15:10:00.000Z,2026-09-05 23:10,79678.6,79711.1,79672.1,79685.4,92.488,1788621299999,futures
1788621300000,2026-09-05T15:15:00.000Z,2026-09-05 23:15,79685.4,79685.5,79637.6,79649.7,98.064,1788621599999,futures
1788621600000,2026-09-05T15:20:00.000Z,2026-09-05 23:20,79649.7,79734.7,79649.7,79713.8,239.39,1788621899999,futures
1788621900000,2026-09-05T15:25:00.000Z,2026-09-05 23:25,79713.8,79734.7,79648.6,79653,206.508,1788622199999,futures
1788622200000,2026-09-05T15:30:00.000Z,2026-09-05 23:30,79652.9,79684.2,79652.9,79684.2,72.184,1788622499999,futures
1788622500000,2026-09-05T15:35:00.000Z,2026-09-05 23:35,79684.2,79699.5,79660.6,79699.4,73.403,1788622799999,futures
1788622800000,2026-09-05T15:40:00.000Z,2026-09-05 23:40,79699.5,79731.3,79686.9,79712.2,148.538,1788623099999,futures
1788623100000,2026-09-05T15:45:00.000Z,2026-09-05 23:45,79712.2,79727.7,79707.4,79714.6,67.803,1788623399999,futures
1788623400000,2026-09-05T15:50:00.000Z,2026-09-05 23:50,79714.6,79720,79694.8,79719.9,91.284,1788623699999,futures
1788623700000,2026-09-05T15:55:00.000Z,2026-09-05 23:55,79720,79783.6,79719.9,79760.2,351.063,1788623999999,futures
1788624000000,2026-09-05T16:00:00.000Z,2026-09-06 00:00,79760.2,79805,79752.8,79804.9,382.968,1788624299999,futures
1788624300000,2026-09-05T16:05:00.000Z,2026-09-06 00:05,79804.9,79805,79712,79746.4,194.153,1788624599999,futures
1788624600000,2026-09-05T16:10:00.000Z,2026-09-06 00:10,79746.4,79777.9,79717.4,79737.2,159.488,1788624899999,futures
1788624900000,2026-09-05T16:15:00.000Z,2026-09-06 00:15,79737.2,79769.7,79737.2,79769.7,124.488,1788625199999,futures
1788625200000,2026-09-05T16:20:00.000Z,2026-09-06 00:20,79769.7,79828.4,79769.6,79819.8,285.715,1788625499999,futures
1788625500000,2026-09-05T16:25:00.000Z,2026-09-06 00:25,79819.8,79871.8,79788.8,79854.2,445.39,1788625799999,futures
1788625800000,2026-09-05T16:30:00.000Z,2026-09-06 00:30,79854.2,79966,79854.1,79951.9,1076.959,1788626099999,futures
1788626100000,2026-09-05T16:35:00.000Z,2026-09-06 00:35,79952,79952,79881.4,79896.8,291.903,1788626399999,futures
1788626400000,2026-09-05T16:40:00.000Z,2026-09-06 00:40,79896.8,79919,79884.7,79894.5,234.886,1788626699999,futures
1788626700000,2026-09-05T16:45:00.000Z,2026-09-06 00:45,79894.5,79954.3,79888,79954.2,408.482,1788626999999,futures
1788627000000,2026-09-05T16:50:00.000Z,2026-09-06 00:50,79954.2,80076.2,79929,80065.2,872.453,1788627299999,futures
1788627300000,2026-09-05T16:55:00.000Z,2026-09-06 00:55,80065.2,80167,79974.2,80001.5,1474.604,1788627599999,futures
1788627600000,2026-09-05T17:00:00.000Z,2026-09-06 01:00,80001.5,80094.2,79971.4,79997,729.508,1788627899999,futures
1788627900000,2026-09-05T17:05:00.000Z,2026-09-06 01:05,79997,80121,79992.1,80070.1,358.872,1788628199999,futures
1788628200000,2026-09-05T17:10:00.000Z,2026-09-06 01:10,80070.1,80094.2,80023.8,80094.2,239.777,1788628499999,futures
1788628500000,2026-09-05T17:15:00.000Z,2026-09-06 01:15,80094.2,80119.8,79972.3,80005.8,601.014,1788628799999,futures
1788628800000,2026-09-05T17:20:00.000Z,2026-09-06 01:20,80005.9,80039.8,80005.8,80017.6,178.854,1788629099999,futures
1788629100000,2026-09-05T17:25:00.000Z,2026-09-06 01:25,80017.6,80040,79925.1,79993.7,282.361,1788629399999,futures
1788629400000,2026-09-05T17:30:00.000Z,2026-09-06 01:30,79993.7,80110.6,79993.7,80030.4,209.523,1788629699999,futures
1788629700000,2026-09-05T17:35:00.000Z,2026-09-06 01:35,80030.3,80039.9,79950.3,79950.3,288.866,1788629999999,futures
1788630000000,2026-09-05T17:40:00.000Z,2026-09-06 01:40,79950.3,80042,79950,80012.9,298.232,1788630299999,futures
1788630300000,2026-09-05T17:45:00.000Z,2026-09-06 01:45,80013,80054.5,79991.7,80017.9,243.39,1788630599999,futures
1788630600000,2026-09-05T17:50:00.000Z,2026-09-06 01:50,80018,80065.9,80010,80032.2,212.067,1788630899999,futures
1788630900000,2026-09-05T17:55:00.000Z,2026-09-06 01:55,80032.2,80050,79995.3,80030,416.693,1788631199999,futures
1788631200000,2026-09-05T18:00:00.000Z,2026-09-06 02:00,80030.1,80049.5,79978.6,79998,286.058,1788631499999,futures
1788631500000,2026-09-05T18:05:00.000Z,2026-09-06 02:05,79998.1,80052.9,79977.1,79977.1,128.867,1788631799999,futures
1788631800000,2026-09-05T18:10:00.000Z,2026-09-06 02:10,79977.1,79977.2,79936.2,79969.6,194.26,1788632099999,futures
1788632100000,2026-09-05T18:15:00.000Z,2026-09-06 02:15,79969.6,79993.6,79938,79989.6,157.362,1788632399999,futures
1788632400000,2026-09-05T18:20:00.000Z,2026-09-06 02:20,79989.5,79989.6,79951.4,79965.4,126.981,1788632699999,futures
1788632700000,2026-09-05T18:25:00.000Z,2026-09-06 02:25,79965.5,79968.1,79912.3,79915.9,168.308,1788632999999,futures
1788633000000,2026-09-05T18:30:00.000Z,2026-09-06 02:30,79916,80018,79915.9,79949.5,166.261,1788633299999,futures
1788633300000,2026-09-05T18:35:00.000Z,2026-09-06 02:35,79949.5,79961.6,79942.6,79943.3,38.172,1788633599999,futures
1788633600000,2026-09-05T18:40:00.000Z,2026-09-06 02:40,79943.4,79962.7,79896.1,79940.1,370.801,1788633899999,futures
1788633900000,2026-09-05T18:45:00.000Z,2026-09-06 02:45,79940,79940.1,79908.5,79910.9,104.902,1788634199999,futures
1788634200000,2026-09-05T18:50:00.000Z,2026-09-06 02:50,79910.9,79931.2,79892.6,79919,106.256,1788634499999,futures
1788634500000,2026-09-05T18:55:00.000Z,2026-09-06 02:55,79919,79968.9,79918.9,79959.2,165.847,1788634799999,futures
1788634800000,2026-09-05T19:00:00.000Z,2026-09-06 03:00,79959.2,79959.2,79891,79897.8,100.977,1788635099999,futures
1788635100000,2026-09-05T19:05:00.000Z,2026-09-06 03:05,79897.8,79928.9,79897.7,79913.8,72.849,1788635399999,futures
1788635400000,2026-09-05T19:10:00.000Z,2026-09-06 03:10,79913.7,79936,79900,79901.5,108.773,1788635699999,futures
1788635700000,2026-09-05T19:15:00.000Z,2026-09-06 03:15,79901.6,79930,79898,79898,84.221,1788635999999,futures
1788636000000,2026-09-05T19:20:00.000Z,2026-09-06 03:20,79898.1,79923.8,79859.5,79923.7,87.25,1788636299999,futures
1788636300000,2026-09-05T19:25:00.000Z,2026-09-06 03:25,79923.8,79950,79923.7,79925.2,69.768,1788636599999,futures
1788636600000,2026-09-05T19:30:00.000Z,2026-09-06 03:30,79925.1,79935,79740,79748.1,540.012,1788636899999,futures
1788636900000,2026-09-05T19:35:00.000Z,2026-09-06 03:35,79748.1,79823,79717.8,79723.8,470.937,1788637199999,futures
1788637200000,2026-09-05T19:40:00.000Z,2026-09-06 03:40,79723.9,79828.8,79723.8,79819.2,169.537,1788637499999,futures
1788637500000,2026-09-05T19:45:00.000Z,2026-09-06 03:45,79819.3,79820.1,79680.8,79710.1,434.43,1788637799999,futures
1788637800000,2026-09-05T19:50:00.000Z,2026-09-06 03:50,79710.1,79745,79674.4,79713.2,209.128,1788638099999,futures
1788638100000,2026-09-05T19:55:00.000Z,2026-09-06 03:55,79713.2,79752,79701.2,79719.9,142.949,1788638399999,futures
1788638400000,2026-09-05T20:00:00.000Z,2026-09-06 04:00,79719.9,79772.5,79682.9,79683.7,164.456,1788638699999,futures
1788638700000,2026-09-05T20:05:00.000Z,2026-09-06 04:05,79683.6,79760,79683.6,79713.5,127.303,1788638999999,futures
1788639000000,2026-09-05T20:10:00.000Z,2026-09-06 04:10,79713.6,79812,79682.7,79705.9,303.111,1788639299999,futures
1788639300000,2026-09-05T20:15:00.000Z,2026-09-06 04:15,79706,79712.5,79660.2,79663.4,174.122,1788639599999,futures
1788639600000,2026-09-05T20:20:00.000Z,2026-09-06 04:20,79663.4,79763.6,79653,79763.6,197.646,1788639899999,futures
1788639900000,2026-09-05T20:25:00.000Z,2026-09-06 04:25,79763.8,79797.1,79670.9,79687.5,431.601,1788640199999,futures
1788640200000,2026-09-05T20:30:00.000Z,2026-09-06 04:30,79687.5,79710.8,79674.8,79677.3,110.825,1788640499999,futures
1788640500000,2026-09-05T20:35:00.000Z,2026-09-06 04:35,79677.3,79733.9,79653.4,79682.3,128.53,1788640799999,futures
1788640800000,2026-09-05T20:40:00.000Z,2026-09-06 04:40,79682.4,79753,79682.4,79753,384.369,1788641099999,futures
1788641100000,2026-09-05T20:45:00.000Z,2026-09-06 04:45,79752.9,79752.9,79724,79738,74.217,1788641399999,futures
1788641400000,2026-09-05T20:50:00.000Z,2026-09-06 04:50,79737.9,79766.5,79698.4,79715.9,127.668,1788641699999,futures
1788641700000,2026-09-05T20:55:00.000Z,2026-09-06 04:55,79715.9,79760.3,79691.5,79702.2,308.11,1788641999999,futures
1788642000000,2026-09-05T21:00:00.000Z,2026-09-06 05:00,79702.2,79722.1,79695.2,79698.6,120.269,1788642299999,futures
1788642300000,2026-09-05T21:05:00.000Z,2026-09-06 05:05,79698.6,79743.4,79683,79743.4,75.833,1788642599999,futures
1788642600000,2026-09-05T21:10:00.000Z,2026-09-06 05:10,79743.4,79760.9,79719.4,79749.9,76.71,1788642899999,futures
1788642900000,2026-09-05T21:15:00.000Z,2026-09-06 05:15,79749.8,79803.9,79735,79803.9,80.604,1788643199999,futures
1788643200000,2026-09-05T21:20:00.000Z,2026-09-06 05:20,79803.8,79841.7,79791,79821,198.031,1788643499999,futures
1788643500000,2026-09-05T21:25:00.000Z,2026-09-06 05:25,79821,79829,79814,79818.9,50.545,1788643799999,futures
1788643800000,2026-09-05T21:30:00.000Z,2026-09-06 05:30,79818.9,79838.3,79812.6,79812.7,40.517,1788644099999,futures
1788644100000,2026-09-05T21:35:00.000Z,2026-09-06 05:35,79812.6,79828.3,79805.5,79828.3,49.242,1788644399999,futures
1788644400000,2026-09-05T21:40:00.000Z,2026-09-06 05:40,79828.3,79895.1,79803.9,79876.8,419.112,1788644699999,futures
1788644700000,2026-09-05T21:45:00.000Z,2026-09-06 05:45,79876.5,79892.4,79820.8,79867.3,135.133,1788644999999,futures
1788645000000,2026-09-05T21:50:00.000Z,2026-09-06 05:50,79867.1,79910.6,79860,79860,88.502,1788645299999,futures
1788645300000,2026-09-05T21:55:00.000Z,2026-09-06 05:55,79860,79891.2,79833.7,79872.4,115.212,1788645599999,futures
1788645600000,2026-09-05T22:00:00.000Z,2026-09-06 06:00,79872.4,79900,79825.4,79826,151.552,1788645899999,futures
1788645900000,2026-09-05T22:05:00.000Z,2026-09-06 06:05,79826.1,79869.4,79814,79814,81.37,1788646199999,futures
1788646200000,2026-09-05T22:10:00.000Z,2026-09-06 06:10,79814,79892.6,79814,79881.4,118.614,1788646499999,futures
1788646500000,2026-09-05T22:15:00.000Z,2026-09-06 06:15,79881.4,79908.4,79813.4,79829.3,168.071,1788646799999,futures
1788646800000,2026-09-05T22:20:00.000Z,2026-09-06 06:20,79829.2,79829.2,79801,79816.2,45.913,1788647099999,futures
1788647100000,2026-09-05T22:25:00.000Z,2026-09-06 06:25,79816.2,79816.3,79726.5,79770,175.305,1788647399999,futures
1788647400000,2026-09-05T22:30:00.000Z,2026-09-06 06:30,79770,79818.8,79769.9,79775.7,76.222,1788647699999,futures
1788647700000,2026-09-05T22:35:00.000Z,2026-09-06 06:35,79775.7,79785.4,79760,79782.5,37.633,1788647999999,futures
1788648000000,2026-09-05T22:40:00.000Z,2026-09-06 06:40,79782.5,79782.5,79715.6,79734.7,383.073,1788648299999,futures
1788648300000,2026-09-05T22:45:00.000Z,2026-09-06 06:45,79734.7,79751.6,79708.9,79751.5,195.878,1788648599999,futures
1788648600000,2026-09-05T22:50:00.000Z,2026-09-06 06:50,79751.5,79768.6,79740.9,79768.5,27.997,1788648899999,futures
1788648900000,2026-09-05T22:55:00.000Z,2026-09-06 06:55,79768.5,79796.7,79719.7,79757.7,509.97,1788649199999,futures
1788649200000,2026-09-05T23:00:00.000Z,2026-09-06 07:00,79757.7,79757.7,79710.2,79712,332.168,1788649499999,futures
1788649500000,2026-09-05T23:05:00.000Z,2026-09-06 07:05,79712,79726.5,79677.5,79726.5,182.849,1788649799999,futures
1788649800000,2026-09-05T23:10:00.000Z,2026-09-06 07:10,79726.4,79726.5,79706.7,79719.9,61.667,1788650099999,futures
1788650100000,2026-09-05T23:15:00.000Z,2026-09-06 07:15,79719.9,79760,79710.3,79759.9,68.289,1788650399999,futures
1788650400000,2026-09-05T23:20:00.000Z,2026-09-06 07:20,79759.9,79796,79730,79730,123.038,1788650699999,futures
1788650700000,2026-09-05T23:25:00.000Z,2026-09-06 07:25,79730.1,79776,79730,79764.2,77.166,1788650999999,futures
1788651000000,2026-09-05T23:30:00.000Z,2026-09-06 07:30,79764.3,79803.5,79757.2,79800.4,82.829,1788651299999,futures
1788651300000,2026-09-05T23:35:00.000Z,2026-09-06 07:35,79800.4,79804.1,79666.9,79761.1,159.387,1788651599999,futures
1788651600000,2026-09-05T23:40:00.000Z,2026-09-06 07:40,79761.2,79781.4,79740.8,79770.7,310.806,1788651899999,futures
1788651900000,2026-09-05T23:45:00.000Z,2026-09-06 07:45,79770.8,79878.8,79763.5,79770.3,401.373,1788652199999,futures
1788652200000,2026-09-05T23:50:00.000Z,2026-09-06 07:50,79770.3,79830.5,79770.2,79824.2,115.07,1788652499999,futures
1788652500000,2026-09-05T23:55:00.000Z,2026-09-06 07:55,79824.2,79824.2,79735.4,79797.7,255.05,1788652799999,futures
1788652800000,2026-09-06T00:00:00.000Z,2026-09-06 08:00,79797.8,79841.2,79788.2,79841.1,82.094,1788653099999,futures
1788653100000,2026-09-06T00:05:00.000Z,2026-09-06 08:05,79841.2,79878.6,79838,79878.6,180.333,1788653399999,futures
1788653400000,2026-09-06T00:10:00.000Z,2026-09-06 08:10,79878.6,79882.6,79861.4,79872,83.895,1788653699999,futures
1788653700000,2026-09-06T00:15:00.000Z,2026-09-06 08:15,79871.9,79872,79869.9,79870,35.697,1788653999999,futures
1788654000000,2026-09-06T00:20:00.000Z,2026-09-06 08:20,79870,79878.9,79833.3,79834.6,80.233,1788654299999,futures
1788654300000,2026-09-06T00:25:00.000Z,2026-09-06 08:25,79834.5,79902.1,79834.5,79891.8,196.511,1788654599999,futures
1788654600000,2026-09-06T00:30:00.000Z,2026-09-06 08:30,79891.8,79909,79851.9,79863.1,131.098,1788654899999,futures
1788654900000,2026-09-06T00:35:00.000Z,2026-09-06 08:35,79863.1,79882.3,79836,79870.1,124.877,1788655199999,futures
1788655200000,2026-09-06T00:40:00.000Z,2026-09-06 08:40,79870.1,79875.3,79838.7,79838.7,123.095,1788655499999,futures
1788655500000,2026-09-06T00:45:00.000Z,2026-09-06 08:45,79838.7,79851.9,79829.8,79843.1,69.089,1788655799999,futures
1788655800000,2026-09-06T00:50:00.000Z,2026-09-06 08:50,79843.1,79897.4,79823.8,79845.2,127.115,1788656099999,futures
1788656100000,2026-09-06T00:55:00.000Z,2026-09-06 08:55,79845.2,79897.3,79824.7,79832.8,193.531,1788656399999,futures
1788656400000,2026-09-06T01:00:00.000Z,2026-09-06 09:00,79832.7,79958,79832.7,79909.1,322.072,1788656699999,futures
1788656700000,2026-09-06T01:05:00.000Z,2026-09-06 09:05,79909.2,79968,79890.7,79939.9,199.755,1788656999999,futures
1788657000000,2026-09-06T01:10:00.000Z,2026-09-06 09:10,79939.9,79977.5,79918.3,79921.5,163.319,1788657299999,futures
1788657300000,2026-09-06T01:15:00.000Z,2026-09-06 09:15,79921.5,79959.9,79903.9,79903.9,188.014,1788657599999,futures
1788657600000,2026-09-06T01:20:00.000Z,2026-09-06 09:20,79903.9,79917.9,79860.7,79896.1,248.099,1788657899999,futures
1788657900000,2026-09-06T01:25:00.000Z,2026-09-06 09:25,79896,79903.9,79882,79885.1,75.144,1788658199999,futures
1788658200000,2026-09-06T01:30:00.000Z,2026-09-06 09:30,79885,79915.9,79885,79912.4,81.184,1788658499999,futures
1788658500000,2026-09-06T01:35:00.000Z,2026-09-06 09:35,79912.3,80025,79912.3,80004,518.917,1788658799999,futures
1788658800000,2026-09-06T01:40:00.000Z,2026-09-06 09:40,80004,80028.8,79918.2,79940,225.611,1788659099999,futures
1788659100000,2026-09-06T01:45:00.000Z,2026-09-06 09:45,79940,79966,79892.6,79905.6,191.991,1788659399999,futures
1788659400000,2026-09-06T01:50:00.000Z,2026-09-06 09:50,79905.6,79985.5,79900.2,79929.8,161.959,1788659699999,futures
1788659700000,2026-09-06T01:55:00.000Z,2026-09-06 09:55,79929.8,79948.4,79893.6,79915,163.687,1788659999999,futures
1788660000000,2026-09-06T02:00:00.000Z,2026-09-06 10:00,79915,79978.3,79857.1,79892.6,268.855,1788660299999,futures
1788660300000,2026-09-06T02:05:00.000Z,2026-09-06 10:05,79892.6,79953.7,79892.5,79941.6,157.03,1788660599999,futures
1788660600000,2026-09-06T02:10:00.000Z,2026-09-06 10:10,79941.7,79988.6,79917.4,79956.9,302.095,1788660899999,futures
1788660900000,2026-09-06T02:15:00.000Z,2026-09-06 10:15,79956.8,79962.5,79886,79908.9,155.412,1788661199999,futures
1788661200000,2026-09-06T02:20:00.000Z,2026-09-06 10:20,79908.8,79914.5,79875.8,79876.2,77.465,1788661499999,futures
1788661500000,2026-09-06T02:25:00.000Z,2026-09-06 10:25,79876.2,79890.6,79862.2,79872.1,61.104,1788661799999,futures
1788661800000,2026-09-06T02:30:00.000Z,2026-09-06 10:30,79872.1,79913.6,79872.1,79906.7,51.25,1788662099999,futures
1788662100000,2026-09-06T02:35:00.000Z,2026-09-06 10:35,79906.8,79906.8,79863.2,79889.3,103.786,1788662399999,futures
1788662400000,2026-09-06T02:40:00.000Z,2026-09-06 10:40,79889.3,79897.1,79839.5,79847.3,149.161,1788662699999,futures
1788662700000,2026-09-06T02:45:00.000Z,2026-09-06 10:45,79847.2,79852.5,79840.4,79847.2,57.232,1788662999999,futures
1788663000000,2026-09-06T02:50:00.000Z,2026-09-06 10:50,79847.2,79859.1,79847.1,79859.1,52.901,1788663299999,futures
1788663300000,2026-09-06T02:55:00.000Z,2026-09-06 10:55,79859,79892,79829.8,79872.1,163.946,1788663599999,futures
1788663600000,2026-09-06T03:00:00.000Z,2026-09-06 11:00,79872,79885.1,79863.1,79885,104.367,1788663899999,futures
1788663900000,2026-09-06T03:05:00.000Z,2026-09-06 11:05,79885,79885.1,79877.5,79877.5,34.629,1788664199999,futures
1788664200000,2026-09-06T03:10:00.000Z,2026-09-06 11:10,79877.6,79897,79852.3,79897,106.376,1788664499999,futures
1788664500000,2026-09-06T03:15:00.000Z,2026-09-06 11:15,79896.9,79929.5,79896.9,79925.5,90.312,1788664799999,futures
1788664800000,2026-09-06T03:20:00.000Z,2026-09-06 11:20,79925.5,79925.6,79904,79919.5,70.619,1788665099999,futures
1788665100000,2026-09-06T03:25:00.000Z,2026-09-06 11:25,79919.6,79919.6,79850.5,79863.9,73.376,1788665399999,futures
1788665400000,2026-09-06T03:30:00.000Z,2026-09-06 11:30,79863.9,79934.6,79863.9,79920.6,88.645,1788665699999,futures
1788665700000,2026-09-06T03:35:00.000Z,2026-09-06 11:35,79920.6,79974.1,79920.5,79969.7,190.987,1788665999999,futures
1788666000000,2026-09-06T03:40:00.000Z,2026-09-06 11:40,79969.7,80080.4,79969.6,80080.3,433.626,1788666299999,futures
1788666300000,2026-09-06T03:45:00.000Z,2026-09-06 11:45,80080.3,80080.4,79970.8,79970.8,368.295,1788666599999,futures
1788666600000,2026-09-06T03:50:00.000Z,2026-09-06 11:50,79970.9,80034.4,79970,80010.2,112.239,1788666899999,futures
1788666900000,2026-09-06T03:55:00.000Z,2026-09-06 11:55,80010.2,80018,79990,79991,87.177,1788667199999,futures
1788667200000,2026-09-06T04:00:00.000Z,2026-09-06 12:00,79991,79991.1,79950,79950,58.733,1788667499999,futures
1788667500000,2026-09-06T04:05:00.000Z,2026-09-06 12:05,79950,79950.1,79919.8,79934.5,122.696,1788667799999,futures
1788667800000,2026-09-06T04:10:00.000Z,2026-09-06 12:10,79934.5,79958.5,79934.2,79934.3,60.629,1788668099999,futures
1788668100000,2026-09-06T04:15:00.000Z,2026-09-06 12:15,79934.3,79950,79914.8,79914.9,59.519,1788668399999,futures
1788668400000,2026-09-06T04:20:00.000Z,2026-09-06 12:20,79914.8,79914.9,79839.3,79897.9,214.525,1788668699999,futures
1788668700000,2026-09-06T04:25:00.000Z,2026-09-06 12:25,79897.8,79897.9,79875.9,79894.9,83.948,1788668999999,futures
1788669000000,2026-09-06T04:30:00.000Z,2026-09-06 12:30,79894.9,79898.9,79870.5,79870.5,65.049,1788669299999,futures
1788669300000,2026-09-06T04:35:00.000Z,2026-09-06 12:35,79870.5,79873.3,79860.4,79865.5,118.066,1788669599999,futures
1788669600000,2026-09-06T04:40:00.000Z,2026-09-06 12:40,79865.5,79899.8,79865.4,79884.5,189.022,1788669899999,futures
1788669900000,2026-09-06T04:45:00.000Z,2026-09-06 12:45,79884.4,79914.2,79878.5,79881,169.718,1788670199999,futures
1788670200000,2026-09-06T04:50:00.000Z,2026-09-06 12:50,79881,79881.1,79790.1,79869,344.964,1788670499999,futures
1788670500000,2026-09-06T04:55:00.000Z,2026-09-06 12:55,79868.9,79868.9,79824,79824,193.364,1788670799999,futures
1788670800000,2026-09-06T05:00:00.000Z,2026-09-06 13:00,79824,79869.9,79816.2,79816.3,195.117,1788671099999,futures
1788671100000,2026-09-06T05:05:00.000Z,2026-09-06 13:05,79816.2,79835.4,79815,79815,67.919,1788671399999,futures
1788671400000,2026-09-06T05:10:00.000Z,2026-09-06 13:10,79815,79815.1,79756.5,79776.9,215.553,1788671699999,futures
1788671700000,2026-09-06T05:15:00.000Z,2026-09-06 13:15,79777,79777,79748.9,79761,190.072,1788671999999,futures
1788672000000,2026-09-06T05:20:00.000Z,2026-09-06 13:20,79761,79819.2,79761,79819.2,217.263,1788672299999,futures
1788672300000,2026-09-06T05:25:00.000Z,2026-09-06 13:25,79819.2,79850,79800,79817.7,245.325,1788672599999,futures
1788672600000,2026-09-06T05:30:00.000Z,2026-09-06 13:30,79817.8,79896.3,79817.7,79893.2,219.319,1788672899999,futures
1788672900000,2026-09-06T05:35:00.000Z,2026-09-06 13:35,79893.1,80063.2,79893.1,80063.1,510.069,1788673199999,futures
1788673200000,2026-09-06T05:40:00.000Z,2026-09-06 13:40,80063.1,80085.2,79966.5,79993,378.573,1788673499999,futures
1788673500000,2026-09-06T05:45:00.000Z,2026-09-06 13:45,79993.1,80003.3,79918.4,79970.3,168.836,1788673799999,futures
1788673800000,2026-09-06T05:50:00.000Z,2026-09-06 13:50,79970.2,79970.3,79946.9,79949,79.505,1788674099999,futures
1788674100000,2026-09-06T05:55:00.000Z,2026-09-06 13:55,79948.9,79959.9,79911.4,79959.9,88.476,1788674399999,futures
1788674400000,2026-09-06T06:00:00.000Z,2026-09-06 14:00,79960,79960,79909.4,79925.6,88.335,1788674699999,futures
1788674700000,2026-09-06T06:05:00.000Z,2026-09-06 14:05,79925.6,79925.6,79899.5,79899.6,57.758,1788674999999,futures
1788675000000,2026-09-06T06:10:00.000Z,2026-09-06 14:10,79899.5,79953.2,79884.1,79888.2,230.6,1788675299999,futures
1788675300000,2026-09-06T06:15:00.000Z,2026-09-06 14:15,79888.3,79893.9,79838.1,79878.1,129.707,1788675599999,futures
1788675600000,2026-09-06T06:20:00.000Z,2026-09-06 14:20,79878.2,79878.2,79792.1,79807.6,454.118,1788675899999,futures
1788675900000,2026-09-06T06:25:00.000Z,2026-09-06 14:25,79807.6,79815.6,79792,79795.1,298.53,1788676199999,futures
1788676200000,2026-09-06T06:30:00.000Z,2026-09-06 14:30,79795.2,79814.3,79763.8,79784.3,253.349,1788676499999,futures
1788676500000,2026-09-06T06:35:00.000Z,2026-09-06 14:35,79784.2,79800,79769.9,79790.4,193.975,1788676799999,futures
1788676800000,2026-09-06T06:40:00.000Z,2026-09-06 14:40,79790.4,79790.4,79699.6,79781.5,475.913,1788677099999,futures
1788677100000,2026-09-06T06:45:00.000Z,2026-09-06 14:45,79781.5,79781.5,79628.4,79710.4,763.718,1788677399999,futures
1788677400000,2026-09-06T06:50:00.000Z,2026-09-06 14:50,79710.4,79747.6,79710.3,79747.5,148.407,1788677699999,futures
1788677700000,2026-09-06T06:55:00.000Z,2026-09-06 14:55,79747.5,79747.5,79715.1,79737.9,124.654,1788677999999,futures
1788678000000,2026-09-06T07:00:00.000Z,2026-09-06 15:00,79737.8,79765.8,79737.8,79749.5,107.981,1788678299999,futures
1788678300000,2026-09-06T07:05:00.000Z,2026-09-06 15:05,79749.5,79756.8,79706.2,79715.4,166.611,1788678599999,futures
1788678600000,2026-09-06T07:10:00.000Z,2026-09-06 15:10,79715.5,79730.4,79523.6,79634.9,1234.188,1788678899999,futures
1788678900000,2026-09-06T07:15:00.000Z,2026-09-06 15:15,79634.9,79776.2,79634.8,79773.3,441.826,1788679199999,futures
1788679200000,2026-09-06T07:20:00.000Z,2026-09-06 15:20,79773.2,79819.4,79727.6,79740.6,278.219,1788679499999,futures
1788679500000,2026-09-06T07:25:00.000Z,2026-09-06 15:25,79740.6,79813.3,79736.4,79783.8,225.909,1788679799999,futures
1788679800000,2026-09-06T07:30:00.000Z,2026-09-06 15:30,79783.9,79801.5,79765,79783.3,225.929,1788680099999,futures
1788680100000,2026-09-06T07:35:00.000Z,2026-09-06 15:35,79783.4,79785.1,79742.3,79785.1,142.076,1788680399999,futures
1788680400000,2026-09-06T07:40:00.000Z,2026-09-06 15:40,79785.1,79832.6,79784.8,79805.5,407.264,1788680699999,futures
1788680700000,2026-09-06T07:45:00.000Z,2026-09-06 15:45,79805.5,79805.5,79774.9,79803.2,193.042,1788680999999,futures
1788681000000,2026-09-06T07:50:00.000Z,2026-09-06 15:50,79803.3,79803.3,79769.8,79779,80.078,1788681299999,futures
1788681300000,2026-09-06T07:55:00.000Z,2026-09-06 15:55,79779,79816.2,79766.2,79766.2,196.571,1788681599999,futures
1788681600000,2026-09-06T08:00:00.000Z,2026-09-06 16:00,79766.2,79808.3,79762,79808.3,145.913,1788681899999,futures
1788681900000,2026-09-06T08:05:00.000Z,2026-09-06 16:05,79808.3,79846,79775,79833.3,371.03,1788682199999,futures
1788682200000,2026-09-06T08:10:00.000Z,2026-09-06 16:10,79833.3,79856,79810.9,79832.5,182.443,1788682499999,futures
1788682500000,2026-09-06T08:15:00.000Z,2026-09-06 16:15,79832.5,79832.5,79787.7,79799.8,79.648,1788682799999,futures
1788682800000,2026-09-06T08:20:00.000Z,2026-09-06 16:20,79799.8,79799.8,79773.4,79774.2,86.02,1788683099999,futures
1788683100000,2026-09-06T08:25:00.000Z,2026-09-06 16:25,79774.1,79774.2,79755,79763.4,67.427,1788683399999,futures
1788683400000,2026-09-06T08:30:00.000Z,2026-09-06 16:30,79763.4,79782.2,79756.2,79764.6,139.155,1788683699999,futures
1788683700000,2026-09-06T08:35:00.000Z,2026-09-06 16:35,79764.6,79771.7,79755,79761.2,211.141,1788683999999,futures
1788684000000,2026-09-06T08:40:00.000Z,2026-09-06 16:40,79761.2,79761.3,79714.5,79751.1,188.718,1788684299999,futures
1788684300000,2026-09-06T08:45:00.000Z,2026-09-06 16:45,79751.1,79751.1,79722.7,79739.6,111.609,1788684599999,futures
1788684600000,2026-09-06T08:50:00.000Z,2026-09-06 16:50,79739.7,79819.7,79729.6,79818.5,165.393,1788684899999,futures
1788684900000,2026-09-06T08:55:00.000Z,2026-09-06 16:55,79818.5,79848,79790.2,79809.7,117.703,1788685199999,futures
1788685200000,2026-09-06T09:00:00.000Z,2026-09-06 17:00,79809.6,79838,79765.5,79838,98.907,1788685499999,futures
1788685500000,2026-09-06T09:05:00.000Z,2026-09-06 17:05,79838,79840.3,79816.4,79840.3,74.735,1788685799999,futures
1788685800000,2026-09-06T09:10:00.000Z,2026-09-06 17:10,79840.3,79894.2,79836.7,79894.2,206.325,1788686099999,futures
1788686100000,2026-09-06T09:15:00.000Z,2026-09-06 17:15,79894.1,79927.6,79880.7,79893.7,215.373,1788686399999,futures
1788686400000,2026-09-06T09:20:00.000Z,2026-09-06 17:20,79893.8,79949.9,79893.7,79939,198.811,1788686699999,futures
1788686700000,2026-09-06T09:25:00.000Z,2026-09-06 17:25,79938.9,79956.7,79916,79932.9,250.69,1788686999999,futures
1788687000000,2026-09-06T09:30:00.000Z,2026-09-06 17:30,79933,79961.9,79930.9,79936.1,202.405,1788687299999,futures
1788687300000,2026-09-06T09:35:00.000Z,2026-09-06 17:35,79936.1,79936.2,79869,79880,188.724,1788687599999,futures
1788687600000,2026-09-06T09:40:00.000Z,2026-09-06 17:40,79880,79880,79813.6,79831.2,237.736,1788687899999,futures
1788687900000,2026-09-06T09:45:00.000Z,2026-09-06 17:45,79831.3,79831.3,79816.7,79830,111.978,1788688199999,futures
1788688200000,2026-09-06T09:50:00.000Z,2026-09-06 17:50,79829.9,79836.1,79825.5,79829,105.632,1788688499999,futures
1788688500000,2026-09-06T09:55:00.000Z,2026-09-06 17:55,79829,79875.4,79813.2,79851.9,358.808,1788688799999,futures
1788688800000,2026-09-06T10:00:00.000Z,2026-09-06 18:00,79852,79896,79851.9,79885,95.095,1788689099999,futures
1788689100000,2026-09-06T10:05:00.000Z,2026-09-06 18:05,79884.9,79915,79871.9,79888.2,85.845,1788689399999,futures
1788689400000,2026-09-06T10:10:00.000Z,2026-09-06 18:10,79888.2,79888.9,79883.2,79888.8,31.785,1788689699999,futures
1788689700000,2026-09-06T10:15:00.000Z,2026-09-06 18:15,79888.9,79947,79888.8,79947,75.355,1788689999999,futures
1788690000000,2026-09-06T10:20:00.000Z,2026-09-06 18:20,79946.9,79947,79931,79939.4,102.914,1788690299999,futures
1788690300000,2026-09-06T10:25:00.000Z,2026-09-06 18:25,79939.5,79941.8,79923.2,79941.8,45.653,1788690599999,futures
1788690600000,2026-09-06T10:30:00.000Z,2026-09-06 18:30,79941.7,79955,79941.7,79952.2,77.847,1788690899999,futures
1788690900000,2026-09-06T10:35:00.000Z,2026-09-06 18:35,79952.1,79952.2,79932.3,79946.8,84.799,1788691199999,futures
1788691200000,2026-09-06T10:40:00.000Z,2026-09-06 18:40,79946.8,79985,79946.7,79985,122.476,1788691499999,futures
1788691500000,2026-09-06T10:45:00.000Z,2026-09-06 18:45,79984.9,79985,79951.7,79955.6,69.619,1788691799999,futures
1788691800000,2026-09-06T10:50:00.000Z,2026-09-06 18:50,79955.5,79973.5,79942.8,79973.5,119.283,1788692099999,futures
1788692100000,2026-09-06T10:55:00.000Z,2026-09-06 18:55,79973.5,79997.9,79961.5,79964.3,195.699,1788692399999,futures
1788692400000,2026-09-06T11:00:00.000Z,2026-09-06 19:00,79964.2,79967.2,79913.3,79933.6,132.901,1788692699999,futures
1788692700000,2026-09-06T11:05:00.000Z,2026-09-06 19:05,79933.6,79960.2,79908.3,79908.4,106.894,1788692999999,futures
1788693000000,2026-09-06T11:10:00.000Z,2026-09-06 19:10,79908.3,79946.2,79888,79946.2,90.365,1788693299999,futures
1788693300000,2026-09-06T11:15:00.000Z,2026-09-06 19:15,79946.1,79958.2,79922.3,79936.5,45.219,1788693599999,futures
1788693600000,2026-09-06T11:20:00.000Z,2026-09-06 19:20,79936.5,79939.7,79893.2,79910.8,61.379,1788693899999,futures
1788693900000,2026-09-06T11:25:00.000Z,2026-09-06 19:25,79910.9,79968.6,79851,79865.9,534.824,1788694199999,futures
1788694200000,2026-09-06T11:30:00.000Z,2026-09-06 19:30,79866,79940.1,79844.3,79940.1,149.362,1788694499999,futures
1788694500000,2026-09-06T11:35:00.000Z,2026-09-06 19:35,79940,79940.1,79875,79875,65.784,1788694799999,futures
1788694800000,2026-09-06T11:40:00.000Z,2026-09-06 19:40,79875.1,79922.1,79875,79922,117.264,1788695099999,futures
1788695100000,2026-09-06T11:45:00.000Z,2026-09-06 19:45,79922.1,79926.1,79893,79919.7,65.501,1788695399999,futures
1788695400000,2026-09-06T11:50:00.000Z,2026-09-06 19:50,79919.6,79919.7,79876.9,79882.4,37.847,1788695699999,futures
1788695700000,2026-09-06T11:55:00.000Z,2026-09-06 19:55,79882.4,79882.5,79871.6,79878.4,27.644,1788695999999,futures
1788696000000,2026-09-06T12:00:00.000Z,2026-09-06 20:00,79878.3,79878.4,79878.3,79878.3,23.351,1788696299999,futures
1788696300000,2026-09-06T12:05:00.000Z,2026-09-06 20:05,79878.3,79878.4,79855,79856.7,89.114,1788696599999,futures
1788696600000,2026-09-06T12:10:00.000Z,2026-09-06 20:10,79856.8,79909.5,79814.9,79892,422.121,1788696899999,futures
1788696900000,2026-09-06T12:15:00.000Z,2026-09-06 20:15,79891.9,79952.4,79891.9,79923.7,191.911,1788697199999,futures
1788697200000,2026-09-06T12:20:00.000Z,2026-09-06 20:20,79923.7,79972.8,79916.9,79958.5,99.29,1788697499999,futures
1788697500000,2026-09-06T12:25:00.000Z,2026-09-06 20:25,79958.4,79969.7,79931.8,79931.9,117.176,1788697799999,futures
1788697800000,2026-09-06T12:30:00.000Z,2026-09-06 20:30,79931.9,79973.6,79930.4,79966.7,100.121,1788698099999,futures
1788698100000,2026-09-06T12:35:00.000Z,2026-09-06 20:35,79966.8,79966.8,79916.3,79952.4,94.344,1788698399999,futures
1788698400000,2026-09-06T12:40:00.000Z,2026-09-06 20:40,79952.4,79952.4,79895.8,79895.8,155.164,1788698699999,futures
1788698700000,2026-09-06T12:45:00.000Z,2026-09-06 20:45,79895.8,79922.1,79879,79905.2,87.606,1788698999999,futures
1788699000000,2026-09-06T12:50:00.000Z,2026-09-06 20:50,79905.2,79940.3,79895.2,79940.3,48.439,1788699299999,futures
1788699300000,2026-09-06T12:55:00.000Z,2026-09-06 20:55,79940.3,79961.4,79881.9,79882,221.976,1788699599999,futures
1788699600000,2026-09-06T13:00:00.000Z,2026-09-06 21:00,79881.9,79915.1,79833,79876.2,163.858,1788699899999,futures
1788699900000,2026-09-06T13:05:00.000Z,2026-09-06 21:05,79876.1,79936.9,79876.1,79898.3,93.286,1788700199999,futures
1788700200000,2026-09-06T13:10:00.000Z,2026-09-06 21:10,79898.3,79898.3,79840.7,79848.7,79.21,1788700499999,futures
1788700500000,2026-09-06T13:15:00.000Z,2026-09-06 21:15,79848.7,79848.8,79783.8,79799.9,225.67,1788700799999,futures
1788700800000,2026-09-06T13:20:00.000Z,2026-09-06 21:20,79799.8,79809.2,79769.4,79780.9,141.61,1788701099999,futures
1788701100000,2026-09-06T13:25:00.000Z,2026-09-06 21:25,79780.9,79800,79745,79758,368.16,1788701399999,futures
1788701400000,2026-09-06T13:30:00.000Z,2026-09-06 21:30,79758,79774.8,79719.9,79752.4,235.189,1788701699999,futures
1788701700000,2026-09-06T13:35:00.000Z,2026-09-06 21:35,79752.4,79823.8,79752.4,79762.6,271.131,1788701999999,futures
1788702000000,2026-09-06T13:40:00.000Z,2026-09-06 21:40,79762.6,79795.9,79748.8,79764.3,179.749,1788702299999,futures
1788702300000,2026-09-06T13:45:00.000Z,2026-09-06 21:45,79764.4,79815,79756.3,79769,187.712,1788702599999,futures
1788702600000,2026-09-06T13:50:00.000Z,2026-09-06 21:50,79769,79792.1,79769,79781.2,63.714,1788702899999,futures
1788702900000,2026-09-06T13:55:00.000Z,2026-09-06 21:55,79781.2,79815.9,79726.1,79794.4,496.945,1788703199999,futures
1788703200000,2026-09-06T14:00:00.000Z,2026-09-06 22:00,79794.4,79815.8,79766.4,79799.9,231.629,1788703499999,futures
1788703500000,2026-09-06T14:05:00.000Z,2026-09-06 22:05,79799.9,79800,79726.3,79726.3,93.176,1788703799999,futures
1788703800000,2026-09-06T14:10:00.000Z,2026-09-06 22:10,79726.3,79756.6,79704,79718.4,250.339,1788704099999,futures
1788704100000,2026-09-06T14:15:00.000Z,2026-09-06 22:15,79718.4,79769.3,79556.9,79705.4,576.492,1788704399999,futures
1788704400000,2026-09-06T14:20:00.000Z,2026-09-06 22:20,79705.4,79705.4,79550,79607.1,524.739,1788704699999,futures
1788704700000,2026-09-06T14:25:00.000Z,2026-09-06 22:25,79607,79690.2,79607,79629.6,330.876,1788704999999,futures
1788705000000,2026-09-06T14:30:00.000Z,2026-09-06 22:30,79629.6,79629.7,79125.3,79527.4,2886.711,1788705299999,futures
1788705300000,2026-09-06T14:35:00.000Z,2026-09-06 22:35,79527.4,79643.9,79519.6,79633.1,645.03,1788705599999,futures
1788705600000,2026-09-06T14:40:00.000Z,2026-09-06 22:40,79633.1,79717.4,79614.2,79675.3,913.014,1788705899999,futures
1788705900000,2026-09-06T14:45:00.000Z,2026-09-06 22:45,79675.2,79675.2,79512.4,79626.1,446.752,1788706199999,futures
1788706200000,2026-09-06T14:50:00.000Z,2026-09-06 22:50,79626.2,79675.3,79620.8,79645,229.863,1788706499999,futures
1788706500000,2026-09-06T14:55:00.000Z,2026-09-06 22:55,79645.1,79645.1,79481.2,79507.3,422.828,1788706799999,futures
1788706800000,2026-09-06T15:00:00.000Z,2026-09-06 23:00,79507.4,79511,79337,79499.9,857.235,1788707099999,futures
1788707100000,2026-09-06T15:05:00.000Z,2026-09-06 23:05,79499.9,79534.5,79466.8,79488,392.409,1788707399999,futures
1788707400000,2026-09-06T15:10:00.000Z,2026-09-06 23:10,79488,79548.9,79473.5,79508.4,191.303,1788707699999,futures
1788707700000,2026-09-06T15:15:00.000Z,2026-09-06 23:15,79508.3,79596.4,79501.5,79562,196.423,1788707999999,futures
1788708000000,2026-09-06T15:20:00.000Z,2026-09-06 23:20,79562,79627.1,79561.9,79607.5,260.413,1788708299999,futures
1788708300000,2026-09-06T15:25:00.000Z,2026-09-06 23:25,79607.6,79612.8,79585.2,79601.4,144.577,1788708599999,futures
1788708600000,2026-09-06T15:30:00.000Z,2026-09-06 23:30,79601.4,79621.8,79555.4,79606.7,153,1788708899999,futures
1788708900000,2026-09-06T15:35:00.000Z,2026-09-06 23:35,79606.7,79675,79569.9,79653.1,172.493,1788709199999,futures
1788709200000,2026-09-06T15:40:00.000Z,2026-09-06 23:40,79653.1,79677,79650,79653.3,75.066,1788709499999,futures
1788709500000,2026-09-06T15:45:00.000Z,2026-09-06 23:45,79653.3,79681.9,79653.2,79662.5,85.675,1788709799999,futures
1788709800000,2026-09-06T15:50:00.000Z,2026-09-06 23:50,79662.6,79695,79623.1,79628.5,198.253,1788710099999,futures
1788710100000,2026-09-06T15:55:00.000Z,2026-09-06 23:55,79628.6,79686,79628.5,79677.8,105.341,1788710399999,futures
1788710400000,2026-09-06T16:00:00.000Z,2026-09-07 00:00,79677.8,79682,79566.6,79566.6,211.268,1788710699999,futures
1788710700000,2026-09-06T16:05:00.000Z,2026-09-07 00:05,79566.7,79620,79566.6,79594.8,180.285,1788710999999,futures
1788711000000,2026-09-06T16:10:00.000Z,2026-09-07 00:10,79594.8,79708.1,79594.8,79658.3,441.025,1788711299999,futures
1788711300000,2026-09-06T16:15:00.000Z,2026-09-07 00:15,79658.2,79683.9,79631.7,79674.1,130.311,1788711599999,futures
1788711600000,2026-09-06T16:20:00.000Z,2026-09-07 00:20,79674.2,79674.2,79616.7,79616.7,133.904,1788711899999,futures
1788711900000,2026-09-06T16:25:00.000Z,2026-09-07 00:25,79616.8,79700,79596,79684.3,254.397,1788712199999,futures
1788712200000,2026-09-06T16:30:00.000Z,2026-09-07 00:30,79684.3,79764.3,79651.7,79734.8,182.14,1788712499999,futures
1788712500000,2026-09-06T16:35:00.000Z,2026-09-07 00:35,79734.9,79749.5,79673.3,79683.6,99.031,1788712799999,futures
1788712800000,2026-09-06T16:40:00.000Z,2026-09-07 00:40,79683.6,79710,79650.5,79690.4,190.5,1788713099999,futures
1788713100000,2026-09-06T16:45:00.000Z,2026-09-07 00:45,79690.3,79690.3,79651.6,79657.4,80.433,1788713399999,futures
1788713400000,2026-09-06T16:50:00.000Z,2026-09-07 00:50,79657.4,79693.1,79650,79651.4,79.661,1788713699999,futures
1788713700000,2026-09-06T16:55:00.000Z,2026-09-07 00:55,79651.4,79654.8,79608,79649.9,71.399,1788713999999,futures
1788714000000,2026-09-06T17:00:00.000Z,2026-09-07 01:00,79649.9,79650,79603.8,79616.5,85.518,1788714299999,futures
1788714300000,2026-09-06T17:05:00.000Z,2026-09-07 01:05,79616.6,79640.1,79542.6,79556.1,144.56,1788714599999,futures
1788714600000,2026-09-06T17:10:00.000Z,2026-09-07 01:10,79556.1,79600,79556,79599.9,127.238,1788714899999,futures
1788714900000,2026-09-06T17:15:00.000Z,2026-09-07 01:15,79599.9,79700,79599.9,79699.9,108.333,1788715199999,futures
1788715200000,2026-09-06T17:20:00.000Z,2026-09-07 01:20,79700,79740.2,79651.1,79695.1,232.511,1788715499999,futures
1788715500000,2026-09-06T17:25:00.000Z,2026-09-07 01:25,79695.2,79743.1,79650.3,79659.4,143.789,1788715799999,futures
1788715800000,2026-09-06T17:30:00.000Z,2026-09-07 01:30,79659.4,79726.7,79636.7,79675.2,135.078,1788716099999,futures
1788716100000,2026-09-06T17:35:00.000Z,2026-09-07 01:35,79675.2,79735,79675.2,79717.7,113.392,1788716399999,futures
1788716400000,2026-09-06T17:40:00.000Z,2026-09-07 01:40,79717.7,79721.7,79704.8,79706,82.319,1788716699999,futures
1788716700000,2026-09-06T17:45:00.000Z,2026-09-07 01:45,79706,79714.2,79683,79714.2,57.764,1788716999999,futures
1788717000000,2026-09-06T17:50:00.000Z,2026-09-07 01:50,79714.6,79727.2,79694.2,79711.6,79.137,1788717299999,futures
1788717300000,2026-09-06T17:55:00.000Z,2026-09-07 01:55,79711.6,79735,79693.1,79708,235.127,1788717599999,futures
1788717600000,2026-09-06T18:00:00.000Z,2026-09-07 02:00,79708,79750,79708,79744.9,109.164,1788717899999,futures
1788717900000,2026-09-06T18:05:00.000Z,2026-09-07 02:05,79744.9,79812.7,79744.8,79801.2,232.663,1788718199999,futures
1788718200000,2026-09-06T18:10:00.000Z,2026-09-07 02:10,79801.1,79841.3,79791.5,79804.1,142.733,1788718499999,futures
1788718500000,2026-09-06T18:15:00.000Z,2026-09-07 02:15,79804,79835.5,79792,79827,66.791,1788718799999,futures
1788718800000,2026-09-06T18:20:00.000Z,2026-09-07 02:20,79826.9,79869,79821.7,79858.4,163.314,1788719099999,futures
1788719100000,2026-09-06T18:25:00.000Z,2026-09-07 02:25,79858.3,79891.3,79841.7,79884.1,181.402,1788719399999,futures
1788719400000,2026-09-06T18:30:00.000Z,2026-09-07 02:30,79884,79934.3,79884,79895.7,255.256,1788719699999,futures
1788719700000,2026-09-06T18:35:00.000Z,2026-09-07 02:35,79895.7,79921.7,79895.7,79910.5,99.795,1788719999999,futures
1788720000000,2026-09-06T18:40:00.000Z,2026-09-07 02:40,79910.6,79940,79890.8,79916,139.722,1788720299999,futures
1788720300000,2026-09-06T18:45:00.000Z,2026-09-07 02:45,79916,79916.1,79859.6,79887.9,139.63,1788720599999,futures
1788720600000,2026-09-06T18:50:00.000Z,2026-09-07 02:50,79888,79914.1,79876.6,79887.1,121.703,1788720899999,futures
1788720900000,2026-09-06T18:55:00.000Z,2026-09-07 02:55,79887.1,79927.9,79876.6,79912.1,191.68,1788721199999,futures
1788721200000,2026-09-06T19:00:00.000Z,2026-09-07 03:00,79912,79912.1,79856.6,79864,214.344,1788721499999,futures
1788721500000,2026-09-06T19:05:00.000Z,2026-09-07 03:05,79863.9,79864,79834.3,79838.3,93.865,1788721799999,futures
1788721800000,2026-09-06T19:10:00.000Z,2026-09-07 03:10,79838.2,79838.3,79822.3,79833.5,59.368,1788722099999,futures
1788722100000,2026-09-06T19:15:00.000Z,2026-09-07 03:15,79833.5,79833.6,79820.6,79820.7,54.229,1788722399999,futures
1788722400000,2026-09-06T19:20:00.000Z,2026-09-07 03:20,79820.6,79827.3,79786.5,79827.3,93.734,1788722699999,futures
1788722700000,2026-09-06T19:25:00.000Z,2026-09-07 03:25,79827.3,79840,79808,79815.2,67.688,1788722999999,futures
1788723000000,2026-09-06T19:30:00.000Z,2026-09-07 03:30,79815.1,79817.8,79795.9,79800.4,66.91,1788723299999,futures
1788723300000,2026-09-06T19:35:00.000Z,2026-09-07 03:35,79800.4,79800.4,79775.7,79777.6,71.893,1788723599999,futures
1788723600000,2026-09-06T19:40:00.000Z,2026-09-07 03:40,79777.7,79782,79770,79773.2,57.511,1788723899999,futures
1788723900000,2026-09-06T19:45:00.000Z,2026-09-07 03:45,79773.1,79788,79763,79788,67.997,1788724199999,futures
1788724200000,2026-09-06T19:50:00.000Z,2026-09-07 03:50,79787.9,79788,79787.8,79787.9,52.32,1788724499999,futures
1788724500000,2026-09-06T19:55:00.000Z,2026-09-07 03:55,79787.9,79804.8,79763.3,79804.7,321.329,1788724799999,futures
1788724800000,2026-09-06T20:00:00.000Z,2026-09-07 04:00,79804.8,79804.8,79762.9,79766.1,142.351,1788725099999,futures
1788725100000,2026-09-06T20:05:00.000Z,2026-09-07 04:05,79766.1,79774.2,79740.7,79750.3,97.438,1788725399999,futures
1788725400000,2026-09-06T20:10:00.000Z,2026-09-07 04:10,79750.4,79786,79750.3,79786,64.481,1788725699999,futures
1788725700000,2026-09-06T20:15:00.000Z,2026-09-07 04:15,79786,79809.5,79770.7,79809.4,94.676,1788725999999,futures
1788726000000,2026-09-06T20:20:00.000Z,2026-09-07 04:20,79809.5,79919.6,79809.4,79883.2,134.671,1788726299999,futures
1788726300000,2026-09-06T20:25:00.000Z,2026-09-07 04:25,79883.3,79910.9,79880,79893.4,94.251,1788726599999,futures
1788726600000,2026-09-06T20:30:00.000Z,2026-09-07 04:30,79893.4,79917,79893.4,79913.5,85.276,1788726899999,futures
1788726900000,2026-09-06T20:35:00.000Z,2026-09-07 04:35,79913.5,79936.1,79896,79902.8,101.036,1788727199999,futures
1788727200000,2026-09-06T20:40:00.000Z,2026-09-07 04:40,79902.8,79924,79867.1,79913.1,153.237,1788727499999,futures
1788727500000,2026-09-06T20:45:00.000Z,2026-09-07 04:45,79913.2,79936,79867.2,79895.9,158.549,1788727799999,futures
1788727800000,2026-09-06T20:50:00.000Z,2026-09-07 04:50,79896,79908.8,79860.6,79860.6,53.222,1788728099999,futures
1788728100000,2026-09-06T20:55:00.000Z,2026-09-07 04:55,79860.6,79873.2,79850,79873.1,55.221,1788728399999,futures
1788728400000,2026-09-06T21:00:00.000Z,2026-09-07 05:00,79873.2,79932,79873.1,79931.6,85.446,1788728699999,futures
1788728700000,2026-09-06T21:05:00.000Z,2026-09-07 05:05,79931.6,79958.8,79883.6,79932,211.678,1788728999999,futures
1788729000000,2026-09-06T21:10:00.000Z,2026-09-07 05:10,79932.1,79985,79921.7,79970,229.143,1788729299999,futures
1788729300000,2026-09-06T21:15:00.000Z,2026-09-07 05:15,79970,79997,79947.4,79970.4,168.504,1788729599999,futures
1788729600000,2026-09-06T21:20:00.000Z,2026-09-07 05:20,79970.4,79970.5,79892.5,79926.8,111.67,1788729899999,futures
1788729900000,2026-09-06T21:25:00.000Z,2026-09-07 05:25,79926.8,79951.1,79854.9,79862.9,113.025,1788730199999,futures
1788730200000,2026-09-06T21:30:00.000Z,2026-09-07 05:30,79862.9,79866.5,79846.2,79866.4,68.324,1788730499999,futures
1788730500000,2026-09-06T21:35:00.000Z,2026-09-07 05:35,79866.5,79873.4,79855.3,79855.4,54.91,1788730799999,futures
1788730800000,2026-09-06T21:40:00.000Z,2026-09-07 05:40,79855.4,79942.4,79831.4,79869.5,319.289,1788731099999,futures
1788731100000,2026-09-06T21:45:00.000Z,2026-09-07 05:45,79869.5,79970,79869.5,79914.3,279.304,1788731399999,futures
1788731400000,2026-09-06T21:50:00.000Z,2026-09-07 05:50,79914.3,79918.5,79855.6,79900,101.698,1788731699999,futures
1788731700000,2026-09-06T21:55:00.000Z,2026-09-07 05:55,79899.9,79919.8,79873.6,79902.7,86.161,1788731999999,futures
1788732000000,2026-09-06T22:00:00.000Z,2026-09-07 06:00,79902.7,79902.8,79764.6,79797,290.112,1788732299999,futures
1788732300000,2026-09-06T22:05:00.000Z,2026-09-07 06:05,79796.9,79853.4,79639.1,79648.4,383.117,1788732599999,futures
1788732600000,2026-09-06T22:10:00.000Z,2026-09-07 06:10,79648.5,79721.2,79640.6,79711.9,344.586,1788732899999,futures
1788732900000,2026-09-06T22:15:00.000Z,2026-09-07 06:15,79712,79729.6,79600,79604.3,454.674,1788733199999,futures
1788733200000,2026-09-06T22:20:00.000Z,2026-09-07 06:20,79604.3,79696,79603.7,79689.4,190.369,1788733499999,futures
1788733500000,2026-09-06T22:25:00.000Z,2026-09-07 06:25,79689.3,79795.4,79689.3,79781.1,234.713,1788733799999,futures
1788733800000,2026-09-06T22:30:00.000Z,2026-09-07 06:30,79781.2,79900,79769.6,79900,262.257,1788734099999,futures
1788734100000,2026-09-06T22:35:00.000Z,2026-09-07 06:35,79899.9,79977.3,79890,79913,592.15,1788734399999,futures
1788734400000,2026-09-06T22:40:00.000Z,2026-09-07 06:40,79913.1,79951.6,79881.5,79923.8,324.994,1788734699999,futures
1788734700000,2026-09-06T22:45:00.000Z,2026-09-07 06:45,79923.8,79958.5,79903.1,79954.2,162.531,1788734999999,futures
1788735000000,2026-09-06T22:50:00.000Z,2026-09-07 06:50,79954.1,80016,79950.4,79988.9,365.658,1788735299999,futures
1788735300000,2026-09-06T22:55:00.000Z,2026-09-07 06:55,79988.9,80058,79964.3,80005.4,435.105,1788735599999,futures
1788735600000,2026-09-06T23:00:00.000Z,2026-09-07 07:00,80005.4,80332.9,79964.3,80182.9,1636.167,1788735899999,futures
1788735900000,2026-09-06T23:05:00.000Z,2026-09-07 07:05,80183,80224.6,80098,80208.8,518.408,1788736199999,futures
1788736200000,2026-09-06T23:10:00.000Z,2026-09-07 07:10,80208.8,80208.8,80143.8,80143.8,347.012,1788736499999,futures
1788736500000,2026-09-06T23:15:00.000Z,2026-09-07 07:15,80143.8,80239.8,80104.9,80215.1,332.724,1788736799999,futures
1788736800000,2026-09-06T23:20:00.000Z,2026-09-07 07:20,80215.2,80215.2,80083.2,80094,351.104,1788737099999,futures
1788737100000,2026-09-06T23:25:00.000Z,2026-09-07 07:25,80094,80134.6,80056,80083.8,285.81,1788737399999,futures
1788737400000,2026-09-06T23:30:00.000Z,2026-09-07 07:30,80083.7,80178,80082.6,80177.9,238.055,1788737699999,futures
1788737700000,2026-09-06T23:35:00.000Z,2026-09-07 07:35,80177.9,80417,80175,80405.2,1304.824,1788737999999,futures
1788738000000,2026-09-06T23:40:00.000Z,2026-09-07 07:40,80405.2,80454.5,80308.2,80342.9,676.371,1788738299999,futures
1788738300000,2026-09-06T23:45:00.000Z,2026-09-07 07:45,80342.9,80536.1,80342.8,80466.9,1246.856,1788738599999,futures
1788738600000,2026-09-06T23:50:00.000Z,2026-09-07 07:50,80466.9,80493.2,80351,80363.7,559,1788738899999,futures
1788738900000,2026-09-06T23:55:00.000Z,2026-09-07 07:55,80363.6,80363.7,80256.4,80301.1,348.575,1788739199999,futures
1788739200000,2026-09-07T00:00:00.000Z,2026-09-07 08:00,80301,80329.2,80184.8,80282.6,661.088,1788739499999,futures
1788739500000,2026-09-07T00:05:00.000Z,2026-09-07 08:05,80282.6,80404.9,80273.1,80341.4,407.251,1788739799999,futures
1788739800000,2026-09-07T00:10:00.000Z,2026-09-07 08:10,80341.4,80349.1,80285.2,80289.3,266.319,1788740099999,futures
1788740100000,2026-09-07T00:15:00.000Z,2026-09-07 08:15,80289.4,80300,80028,80060.7,688.007,1788740399999,futures
1788740400000,2026-09-07T00:20:00.000Z,2026-09-07 08:20,80060.7,80178.2,80020.9,80143.5,374.587,1788740699999,futures
1788740700000,2026-09-07T00:25:00.000Z,2026-09-07 08:25,80143.6,80192.1,80111.6,80163.6,153.078,1788740999999,futures
1788741000000,2026-09-07T00:30:00.000Z,2026-09-07 08:30,80163.6,80241.7,80088,80115.2,350.074,1788741299999,futures
1788741300000,2026-09-07T00:35:00.000Z,2026-09-07 08:35,80115.1,80151,80076.2,80122.8,226.341,1788741599999,futures
1788741600000,2026-09-07T00:40:00.000Z,2026-09-07 08:40,80122.9,80137.9,80068.4,80105.6,216.422,1788741899999,futures
1788741900000,2026-09-07T00:45:00.000Z,2026-09-07 08:45,80105.6,80147,80050,80122.9,407.277,1788742199999,futures
1788742200000,2026-09-07T00:50:00.000Z,2026-09-07 08:50,80122.8,80163.5,80084.7,80116.8,219.173,1788742499999,futures
1788742500000,2026-09-07T00:55:00.000Z,2026-09-07 08:55,80116.8,80148,80017.1,80122,561.735,1788742799999,futures
1788742800000,2026-09-07T01:00:00.000Z,2026-09-07 09:00,80122,80205.6,80059.4,80187.1,420.763,1788743099999,futures
1788743100000,2026-09-07T01:05:00.000Z,2026-09-07 09:05,80187.2,80205.8,79941.4,79942,584.974,1788743399999,futures
1788743400000,2026-09-07T01:10:00.000Z,2026-09-07 09:10,79942,80024.1,79904.9,79923.3,587.515,1788743699999,futures
1788743700000,2026-09-07T01:15:00.000Z,2026-09-07 09:15,79923.3,79981.2,79821.8,79886.5,552.406,1788743999999,futures
1788744000000,2026-09-07T01:20:00.000Z,2026-09-07 09:20,79886.5,79932.2,79831,79883.4,277.497,1788744299999,futures
1788744300000,2026-09-07T01:25:00.000Z,2026-09-07 09:25,79883.5,79910.1,79811.8,79883.8,420.766,1788744599999,futures
1788744600000,2026-09-07T01:30:00.000Z,2026-09-07 09:30,79883.8,79954.1,79846.8,79928.6,275.646,1788744899999,futures
1788744900000,2026-09-07T01:35:00.000Z,2026-09-07 09:35,79928.6,79932.2,79852.8,79866.3,250.929,1788745199999,futures
1788745200000,2026-09-07T01:40:00.000Z,2026-09-07 09:40,79866.3,79866.4,79791.4,79815.9,242.516,1788745499999,futures
1788745500000,2026-09-07T01:45:00.000Z,2026-09-07 09:45,79815.9,79857.9,79773.9,79822.1,272.656,1788745799999,futures
1788745800000,2026-09-07T01:50:00.000Z,2026-09-07 09:50,79822.1,79892,79822.1,79883.8,156.28,1788746099999,futures
1788746100000,2026-09-07T01:55:00.000Z,2026-09-07 09:55,79883.8,79951.8,79883.8,79886.9,267.883,1788746399999,futures
1788746400000,2026-09-07T02:00:00.000Z,2026-09-07 10:00,79887,79902.7,79855.9,79855.9,103.075,1788746699999,futures
1788746700000,2026-09-07T02:05:00.000Z,2026-09-07 10:05,79855.9,79859.8,79765,79772.1,285.045,1788746999999,futures
1788747000000,2026-09-07T02:10:00.000Z,2026-09-07 10:10,79772.1,79813.8,79755.1,79800.1,229.664,1788747299999,futures
1788747300000,2026-09-07T02:15:00.000Z,2026-09-07 10:15,79800.1,79929.4,79800,79924.4,302.91,1788747599999,futures
1788747600000,2026-09-07T02:20:00.000Z,2026-09-07 10:20,79924.4,79950,79885,79938.1,257.964,1788747899999,futures
1788747900000,2026-09-07T02:25:00.000Z,2026-09-07 10:25,79938.1,80017,79930,79998.4,226.532,1788748199999,futures
1788748200000,2026-09-07T02:30:00.000Z,2026-09-07 10:30,79998.3,80027.5,79967.3,79980.7,208.06,1788748499999,futures
1788748500000,2026-09-07T02:35:00.000Z,2026-09-07 10:35,79980.7,80381,79980.7,80356.1,1364.847,1788748799999,futures
1788748800000,2026-09-07T02:40:00.000Z,2026-09-07 10:40,80356.1,80410.8,80217.1,80226.6,783.621,1788749099999,futures
1788749100000,2026-09-07T02:45:00.000Z,2026-09-07 10:45,80226.6,80256.3,80180.9,80249.9,417.212,1788749399999,futures
1788749400000,2026-09-07T02:50:00.000Z,2026-09-07 10:50,80249.9,80249.9,80069.2,80069.2,385.277,1788749699999,futures
1788749700000,2026-09-07T02:55:00.000Z,2026-09-07 10:55,80069.3,80098.7,79794.3,79842.9,1080.587,1788749999999,futures
1788750000000,2026-09-07T03:00:00.000Z,2026-09-07 11:00,79842.8,79953.4,79762.8,79945.3,863.884,1788750299999,futures
1788750300000,2026-09-07T03:05:00.000Z,2026-09-07 11:05,79945.2,79951.2,79770,79799.9,416.212,1788750599999,futures
1788750600000,2026-09-07T03:10:00.000Z,2026-09-07 11:10,79799.9,79808.1,79734.1,79763.7,371.624,1788750899999,futures
1788750900000,2026-09-07T03:15:00.000Z,2026-09-07 11:15,79763.6,79791.3,79700,79770,389.507,1788751199999,futures
1788751200000,2026-09-07T03:20:00.000Z,2026-09-07 11:20,79770.1,79806,79752.4,79755,166.471,1788751499999,futures
1788751500000,2026-09-07T03:25:00.000Z,2026-09-07 11:25,79755,79761.9,79680.4,79692.1,390.347,1788751799999,futures
1788751800000,2026-09-07T03:30:00.000Z,2026-09-07 11:30,79692.1,79737.5,79658.7,79705.1,447.349,1788752099999,futures
1788752100000,2026-09-07T03:35:00.000Z,2026-09-07 11:35,79705,79712.8,79637.7,79637.8,563.971,1788752399999,futures
1788752400000,2026-09-07T03:40:00.000Z,2026-09-07 11:40,79637.8,79649,79550,79604.6,546.939,1788752699999,futures
1788752700000,2026-09-07T03:45:00.000Z,2026-09-07 11:45,79604.7,79642.5,79604.6,79608,272.021,1788752999999,futures
1788753000000,2026-09-07T03:50:00.000Z,2026-09-07 11:50,79607.9,79630.1,79533.4,79628.3,217.776,1788753299999,futures
1788753300000,2026-09-07T03:55:00.000Z,2026-09-07 11:55,79628.3,79665.8,79560,79560,659.202,1788753599999,futures
1788753600000,2026-09-07T04:00:00.000Z,2026-09-07 12:00,79560,79619.3,79522.5,79607.3,431.311,1788753899999,futures
1788753900000,2026-09-07T04:05:00.000Z,2026-09-07 12:05,79607.2,79622,79579.9,79618.3,236.747,1788754199999,futures
1788754200000,2026-09-07T04:10:00.000Z,2026-09-07 12:10,79618.3,79658.7,79511.4,79658.5,588.483,1788754499999,futures
1788754500000,2026-09-07T04:15:00.000Z,2026-09-07 12:15,79658.5,79664.5,79616.7,79658.8,375.75,1788754799999,futures
1788754800000,2026-09-07T04:20:00.000Z,2026-09-07 12:20,79658.8,79666,79629.8,79647.6,184.666,1788755099999,futures
1788755100000,2026-09-07T04:25:00.000Z,2026-09-07 12:25,79647.5,79659.9,79571.1,79571.1,481.123,1788755399999,futures
1788755400000,2026-09-07T04:30:00.000Z,2026-09-07 12:30,79571.2,79605.5,79533.3,79581.8,240.386,1788755699999,futures
1788755700000,2026-09-07T04:35:00.000Z,2026-09-07 12:35,79581.9,79612.5,79500.8,79584.8,311.798,1788755999999,futures
1788756000000,2026-09-07T04:40:00.000Z,2026-09-07 12:40,79584.7,79650,79553.8,79646.8,292.073,1788756299999,futures
1788756300000,2026-09-07T04:45:00.000Z,2026-09-07 12:45,79646.7,79685.9,79636.1,79648.1,326.365,1788756599999,futures
1788756600000,2026-09-07T04:50:00.000Z,2026-09-07 12:50,79648,79670.3,79606.6,79615.3,151.029,1788756899999,futures
1788756900000,2026-09-07T04:55:00.000Z,2026-09-07 12:55,79615.3,79695.2,79610.1,79686,220.965,1788757199999,futures
1788757200000,2026-09-07T05:00:00.000Z,2026-09-07 13:00,79686,79723.5,79670.1,79723.4,169.348,1788757499999,futures
1788757500000,2026-09-07T05:05:00.000Z,2026-09-07 13:05,79723.5,79744.6,79672.8,79702.1,228.022,1788757799999,futures
1788757800000,2026-09-07T05:10:00.000Z,2026-09-07 13:10,79702.1,79740,79620.5,79732.5,817.249,1788758099999,futures
1788758100000,2026-09-07T05:15:00.000Z,2026-09-07 13:15,79732.4,79839,79722.9,79804.1,824.154,1788758399999,futures
1788758400000,2026-09-07T05:20:00.000Z,2026-09-07 13:20,79804.1,79847.1,79767.3,79835.4,166.766,1788758699999,futures
1788758700000,2026-09-07T05:25:00.000Z,2026-09-07 13:25,79835.3,79892.9,79790.1,79819,303.91,1788758999999,futures
1788759000000,2026-09-07T05:30:00.000Z,2026-09-07 13:30,79818.9,79830.9,79789.3,79802.7,143.308,1788759299999,futures
1788759300000,2026-09-07T05:35:00.000Z,2026-09-07 13:35,79802.7,79831,79775.8,79826.9,171.52,1788759599999,futures
1788759600000,2026-09-07T05:40:00.000Z,2026-09-07 13:40,79827,79829,79810.6,79828,110.507,1788759899999,futures
1788759900000,2026-09-07T05:45:00.000Z,2026-09-07 13:45,79828,79830.7,79788,79814.3,542.881,1788760199999,futures
1788760200000,2026-09-07T05:50:00.000Z,2026-09-07 13:50,79814.4,79814.4,79745,79745,238.029,1788760499999,futures
1788760500000,2026-09-07T05:55:00.000Z,2026-09-07 13:55,79745,79745.1,79717.7,79717.7,104.577,1788760799999,futures
1788760800000,2026-09-07T06:00:00.000Z,2026-09-07 14:00,79717.5,79779.3,79706.1,79779.2,147.852,1788761099999,futures
1788761100000,2026-09-07T06:05:00.000Z,2026-09-07 14:05,79779.3,79786.8,79728.5,79760,226.615,1788761399999,futures
1788761400000,2026-09-07T06:10:00.000Z,2026-09-07 14:10,79760,79776.6,79733.9,79772.4,107.884,1788761699999,futures
1788761700000,2026-09-07T06:15:00.000Z,2026-09-07 14:15,79772.3,79772.4,79669.3,79682.1,124.74,1788761999999,futures
1788762000000,2026-09-07T06:20:00.000Z,2026-09-07 14:20,79682.1,79719.8,79653.2,79719.8,145.509,1788762299999,futures
1788762300000,2026-09-07T06:25:00.000Z,2026-09-07 14:25,79719.8,79740.1,79671.6,79671.9,116.998,1788762599999,futures
1788762600000,2026-09-07T06:30:00.000Z,2026-09-07 14:30,79671.9,79700.7,79652.1,79681.1,196.919,1788762899999,futures
1788762900000,2026-09-07T06:35:00.000Z,2026-09-07 14:35,79681.1,79700,79651.1,79651.5,110.273,1788763199999,futures
1788763200000,2026-09-07T06:40:00.000Z,2026-09-07 14:40,79651.5,79680,79611.4,79634.3,224.294,1788763499999,futures
1788763500000,2026-09-07T06:45:00.000Z,2026-09-07 14:45,79634.3,79643,79618.9,79627,147.379,1788763799999,futures
1788763800000,2026-09-07T06:50:00.000Z,2026-09-07 14:50,79627,79638.6,79622.5,79635,77.17,1788764099999,futures
1788764100000,2026-09-07T06:55:00.000Z,2026-09-07 14:55,79635,79644.7,79609.1,79617.1,293.134,1788764399999,futures
1788764400000,2026-09-07T07:00:00.000Z,2026-09-07 15:00,79617.1,79620,79548.8,79548.9,218.764,1788764699999,futures
1788764700000,2026-09-07T07:05:00.000Z,2026-09-07 15:05,79548.8,79655.1,79545.1,79645.7,205.798,1788764999999,futures
1788765000000,2026-09-07T07:10:00.000Z,2026-09-07 15:10,79645.7,79645.7,79575.1,79579.1,187.097,1788765299999,futures
1788765300000,2026-09-07T07:15:00.000Z,2026-09-07 15:15,79579.1,79593.6,79533.3,79539.8,200.76,1788765599999,futures
1788765600000,2026-09-07T07:20:00.000Z,2026-09-07 15:20,79539.8,79553.5,79413.1,79427,688.801,1788765899999,futures
1788765900000,2026-09-07T07:25:00.000Z,2026-09-07 15:25,79427.1,79533.6,79362.5,79390.8,550.484,1788766199999,futures
1788766200000,2026-09-07T07:30:00.000Z,2026-09-07 15:30,79390.9,79485.3,79157.8,79286.7,1868.833,1788766499999,futures
1788766500000,2026-09-07T07:35:00.000Z,2026-09-07 15:35,79286.7,79298.7,79166.6,79175.1,841.482,1788766799999,futures
1788766800000,2026-09-07T07:40:00.000Z,2026-09-07 15:40,79175.1,79243.4,78938.7,79238.9,2696.68,1788767099999,futures
1788767100000,2026-09-07T07:45:00.000Z,2026-09-07 15:45,79238.9,79328.4,79238.9,79325.9,611.637,1788767399999,futures
1788767400000,2026-09-07T07:50:00.000Z,2026-09-07 15:50,79325.9,79358.5,79276.9,79295.4,570.45,1788767699999,futures
1788767700000,2026-09-07T07:55:00.000Z,2026-09-07 15:55,79295.4,79369.9,79295.3,79357.7,298.915,1788767999999,futures
1788768000000,2026-09-07T08:00:00.000Z,2026-09-07 16:00,79357.7,79419.6,79348.7,79381.8,565.131,1788768299999,futures
1788768300000,2026-09-07T08:05:00.000Z,2026-09-07 16:05,79381.8,79460.5,79379.2,79460.5,408.582,1788768599999,futures
1788768600000,2026-09-07T08:10:00.000Z,2026-09-07 16:10,79460.5,79460.5,79416,79421.6,281.844,1788768899999,futures
1788768900000,2026-09-07T08:15:00.000Z,2026-09-07 16:15,79421.7,79484.5,79408.2,79475.8,316.882,1788769199999,futures
1788769200000,2026-09-07T08:20:00.000Z,2026-09-07 16:20,79475.8,79483.4,79421,79429.2,183.092,1788769499999,futures
1788769500000,2026-09-07T08:25:00.000Z,2026-09-07 16:25,79429.3,79474,79408.5,79429.9,262.338,1788769799999,futures
1788769800000,2026-09-07T08:30:00.000Z,2026-09-07 16:30,79430,79498.3,79429.9,79463.6,397.724,1788770099999,futures
1788770100000,2026-09-07T08:35:00.000Z,2026-09-07 16:35,79463.6,79467.2,79393.8,79394.3,220.653,1788770399999,futures
1788770400000,2026-09-07T08:40:00.000Z,2026-09-07 16:40,79394.2,79453.7,79394.2,79447.3,226.523,1788770699999,futures
1788770700000,2026-09-07T08:45:00.000Z,2026-09-07 16:45,79447.3,79468.2,79387.7,79399.9,196.361,1788770999999,futures
1788771000000,2026-09-07T08:50:00.000Z,2026-09-07 16:50,79399.9,79431,79379.9,79390.3,305.996,1788771299999,futures
1788771300000,2026-09-07T08:55:00.000Z,2026-09-07 16:55,79390.4,79422.4,79390,79395,158.948,1788771599999,futures
1788771600000,2026-09-07T09:00:00.000Z,2026-09-07 17:00,79395.1,79431.2,79395,79406.9,168.598,1788771899999,futures
1788771900000,2026-09-07T09:05:00.000Z,2026-09-07 17:05,79407,79505.5,79372,79494.1,290.461,1788772199999,futures
1788772200000,2026-09-07T09:10:00.000Z,2026-09-07 17:10,79494.1,79517.5,79465.8,79488.9,223.808,1788772499999,futures
1788772500000,2026-09-07T09:15:00.000Z,2026-09-07 17:15,79488.8,79505.3,79480.3,79491.1,119.773,1788772799999,futures
1788772800000,2026-09-07T09:20:00.000Z,2026-09-07 17:20,79491.1,79491.1,79417.1,79425.9,179.3,1788773099999,futures
1788773100000,2026-09-07T09:25:00.000Z,2026-09-07 17:25,79426,79465.7,79379.9,79446.6,541.346,1788773399999,futures
1788773400000,2026-09-07T09:30:00.000Z,2026-09-07 17:30,79446.5,79446.6,79370.1,79370.2,169.268,1788773699999,futures
1788773700000,2026-09-07T09:35:00.000Z,2026-09-07 17:35,79370.1,79378.1,79272.5,79343.5,364.063,1788773999999,futures
1788774000000,2026-09-07T09:40:00.000Z,2026-09-07 17:40,79343.5,79359.3,79343.4,79352.7,95.21,1788774299999,futures
1788774300000,2026-09-07T09:45:00.000Z,2026-09-07 17:45,79352.6,79387.4,79352.6,79380.5,157.927,1788774599999,futures
1788774600000,2026-09-07T09:50:00.000Z,2026-09-07 17:50,79380.5,79419.3,79261.7,79295.3,381.941,1788774899999,futures
1788774900000,2026-09-07T09:55:00.000Z,2026-09-07 17:55,79295.2,79321.3,79260,79278.5,194.008,1788775199999,futures
1788775200000,2026-09-07T10:00:00.000Z,2026-09-07 18:00,79278.5,79364,79278.5,79364,267.117,1788775499999,futures
1788775500000,2026-09-07T10:05:00.000Z,2026-09-07 18:05,79363.9,79369.7,79282,79340.2,248.365,1788775799999,futures
1788775800000,2026-09-07T10:10:00.000Z,2026-09-07 18:10,79340.2,79367.2,79307,79340.2,118.424,1788776099999,futures
1788776100000,2026-09-07T10:15:00.000Z,2026-09-07 18:15,79340.3,79385.4,79333.7,79385.4,126.628,1788776399999,futures
1788776400000,2026-09-07T10:20:00.000Z,2026-09-07 18:20,79385.3,79390.3,79355,79360.1,76.025,1788776699999,futures
1788776700000,2026-09-07T10:25:00.000Z,2026-09-07 18:25,79360.2,79390.4,79341.4,79382.7,225.39,1788776999999,futures
1788777000000,2026-09-07T10:30:00.000Z,2026-09-07 18:30,79382.7,79389.9,79367.9,79378.6,98.181,1788777299999,futures
1788777300000,2026-09-07T10:35:00.000Z,2026-09-07 18:35,79378.5,79393,79348,79371.1,184.248,1788777599999,futures
1788777600000,2026-09-07T10:40:00.000Z,2026-09-07 18:40,79371.1,79413.1,79371,79413,88.908,1788777899999,futures
1788777900000,2026-09-07T10:45:00.000Z,2026-09-07 18:45,79413,79423.7,79361.6,79369.6,123.635,1788778199999,futures
1788778200000,2026-09-07T10:50:00.000Z,2026-09-07 18:50,79369.6,79418.9,79369.6,79373.9,110.273,1788778499999,futures
1788778500000,2026-09-07T10:55:00.000Z,2026-09-07 18:55,79373.9,79373.9,79305.4,79325.7,173.717,1788778799999,futures
1788778800000,2026-09-07T11:00:00.000Z,2026-09-07 19:00,79325.7,79345.9,79264.8,79284.6,427.275,1788779099999,futures
1788779100000,2026-09-07T11:05:00.000Z,2026-09-07 19:05,79284.5,79301.7,79230,79271,262.868,1788779399999,futures
1788779400000,2026-09-07T11:10:00.000Z,2026-09-07 19:10,79271.1,79374.4,79271,79374.4,146.545,1788779699999,futures
1788779700000,2026-09-07T11:15:00.000Z,2026-09-07 19:15,79374.4,79399.7,79361.8,79395.9,79.82,1788779999999,futures
1788780000000,2026-09-07T11:20:00.000Z,2026-09-07 19:20,79395.9,79437,79395.8,79410.3,133.746,1788780299999,futures
1788780300000,2026-09-07T11:25:00.000Z,2026-09-07 19:25,79410.2,79429.9,79406,79406.1,74.532,1788780599999,futures
1788780600000,2026-09-07T11:30:00.000Z,2026-09-07 19:30,79406.1,79450,79385.4,79423.3,157.711,1788780899999,futures
1788780900000,2026-09-07T11:35:00.000Z,2026-09-07 19:35,79423.4,79427.1,79374.3,79378.5,74.243,1788781199999,futures
1788781200000,2026-09-07T11:40:00.000Z,2026-09-07 19:40,79378.5,79397.9,79370.2,79376.9,96.72,1788781499999,futures
1788781500000,2026-09-07T11:45:00.000Z,2026-09-07 19:45,79376.9,79399.5,79364.9,79368.4,222.399,1788781799999,futures
1788781800000,2026-09-07T11:50:00.000Z,2026-09-07 19:50,79368.4,79388.4,79336,79384.7,121.205,1788782099999,futures
1788782100000,2026-09-07T11:55:00.000Z,2026-09-07 19:55,79384.6,79391.6,79345.7,79376.8,165.234,1788782399999,futures
1788782400000,2026-09-07T12:00:00.000Z,2026-09-07 20:00,79376.8,79393.3,79364.8,79378.3,146.942,1788782699999,futures
1788782700000,2026-09-07T12:05:00.000Z,2026-09-07 20:05,79378.3,79469.6,79378.3,79438.9,194.764,1788782999999,futures
1788783000000,2026-09-07T12:10:00.000Z,2026-09-07 20:10,79438.8,79443.7,79384.5,79384.5,101.106,1788783299999,futures
1788783300000,2026-09-07T12:15:00.000Z,2026-09-07 20:15,79384.5,79447.7,79373.2,79447.7,138.635,1788783599999,futures
1788783600000,2026-09-07T12:20:00.000Z,2026-09-07 20:20,79447.7,79475.8,79431.7,79446.7,146.406,1788783899999,futures
1788783900000,2026-09-07T12:25:00.000Z,2026-09-07 20:25,79446.7,79495.3,79446.6,79487.9,147.334,1788784199999,futures
1788784200000,2026-09-07T12:30:00.000Z,2026-09-07 20:30,79487.8,79491.9,79464.3,79464.3,127.55,1788784499999,futures
1788784500000,2026-09-07T12:35:00.000Z,2026-09-07 20:35,79464.4,79476.9,79419.7,79419.8,139.563,1788784799999,futures
1788784800000,2026-09-07T12:40:00.000Z,2026-09-07 20:40,79419.7,79439.6,79419.7,79439.5,60.453,1788785099999,futures
1788785100000,2026-09-07T12:45:00.000Z,2026-09-07 20:45,79439.5,79500,79436.2,79484.1,221.461,1788785399999,futures
1788785400000,2026-09-07T12:50:00.000Z,2026-09-07 20:50,79484,79590,79484,79565.4,454.99,1788785699999,futures
1788785700000,2026-09-07T12:55:00.000Z,2026-09-07 20:55,79565.3,79604,79554.5,79567.4,355.695,1788785999999,futures
1788786000000,2026-09-07T13:00:00.000Z,2026-09-07 21:00,79567.5,79583.2,79493.9,79563,361.365,1788786299999,futures
1788786300000,2026-09-07T13:05:00.000Z,2026-09-07 21:05,79563.1,79563.1,79486.7,79533.6,227.892,1788786599999,futures
1788786600000,2026-09-07T13:10:00.000Z,2026-09-07 21:10,79533.5,79613.8,79520,79590.2,286.809,1788786899999,futures
1788786900000,2026-09-07T13:15:00.000Z,2026-09-07 21:15,79590.2,79605.3,79535.2,79584,197.044,1788787199999,futures
1788787200000,2026-09-07T13:20:00.000Z,2026-09-07 21:20,79584,79605.3,79580,79597.1,190.092,1788787499999,futures
1788787500000,2026-09-07T13:25:00.000Z,2026-09-07 21:25,79597.1,79605.2,79575.1,79605.1,113.371,1788787799999,futures
1788787800000,2026-09-07T13:30:00.000Z,2026-09-07 21:30,79605.1,79605.2,79342.6,79367.8,595.799,1788788099999,futures
1788788100000,2026-09-07T13:35:00.000Z,2026-09-07 21:35,79367.8,79398.4,79268.2,79378.9,943.728,1788788399999,futures
1788788400000,2026-09-07T13:40:00.000Z,2026-09-07 21:40,79379,79379.8,79314.6,79338.1,226.451,1788788699999,futures
1788788700000,2026-09-07T13:45:00.000Z,2026-09-07 21:45,79338,79338.5,79279.8,79279.8,590.375,1788788999999,futures
1788789000000,2026-09-07T13:50:00.000Z,2026-09-07 21:50,79279.8,79384.8,79279.8,79367.3,237.667,1788789299999,futures
1788789300000,2026-09-07T13:55:00.000Z,2026-09-07 21:55,79367.2,79373.7,79311.6,79314.4,169.815,1788789599999,futures
1788789600000,2026-09-07T14:00:00.000Z,2026-09-07 22:00,79314.5,79359.5,79292.6,79302.4,212.11,1788789899999,futures
1788789900000,2026-09-07T14:05:00.000Z,2026-09-07 22:05,79302.4,79308.6,79072.1,79110.6,1519.315,1788790199999,futures
1788790200000,2026-09-07T14:10:00.000Z,2026-09-07 22:10,79110.7,79192.5,79081.2,79145.4,578.061,1788790499999,futures
1788790500000,2026-09-07T14:15:00.000Z,2026-09-07 22:15,79145.4,79192.4,79062.1,79097.7,508.061,1788790799999,futures
1788790800000,2026-09-07T14:20:00.000Z,2026-09-07 22:20,79097.7,79100.8,79013.2,79042.9,890.448,1788791099999,futures
1788791100000,2026-09-07T14:25:00.000Z,2026-09-07 22:25,79042.8,79093.3,79011.3,79016.1,700.233,1788791399999,futures
1788791400000,2026-09-07T14:30:00.000Z,2026-09-07 22:30,79016,79067.2,78963.4,79012,968.369,1788791699999,futures
1788791700000,2026-09-07T14:35:00.000Z,2026-09-07 22:35,79012,79070,79000,79000,480.539,1788791999999,futures
1788792000000,2026-09-07T14:40:00.000Z,2026-09-07 22:40,79000.1,79021.5,78913.2,78992.3,967.542,1788792299999,futures
1788792300000,2026-09-07T14:45:00.000Z,2026-09-07 22:45,78992.4,79063.6,78990,79045.3,871.529,1788792599999,futures
1788792600000,2026-09-07T14:50:00.000Z,2026-09-07 22:50,79045.3,79239.3,79045.2,79215.9,862.598,1788792899999,futures
1788792900000,2026-09-07T14:55:00.000Z,2026-09-07 22:55,79215.9,79216,79151.7,79152.2,375.806,1788793199999,futures
1788793200000,2026-09-07T15:00:00.000Z,2026-09-07 23:00,79152.3,79152.3,79080.6,79080.6,360.743,1788793499999,futures
1788793500000,2026-09-07T15:05:00.000Z,2026-09-07 23:05,79080.6,79085.7,78990.7,79053.1,566.359,1788793799999,futures
1788793800000,2026-09-07T15:10:00.000Z,2026-09-07 23:10,79053.1,79070.6,79003,79003,241.789,1788794099999,futures
1788794100000,2026-09-07T15:15:00.000Z,2026-09-07 23:15,79003,79105.5,78788.8,79103,1686.057,1788794399999,futures
1788794400000,2026-09-07T15:20:00.000Z,2026-09-07 23:20,79103,79107.8,79025.2,79069,526.725,1788794699999,futures
1788794700000,2026-09-07T15:25:00.000Z,2026-09-07 23:25,79069,79088,78981.1,78992.7,315.327,1788794999999,futures
1788795000000,2026-09-07T15:30:00.000Z,2026-09-07 23:30,78992.6,78998.2,78750,78805.3,1523.177,1788795299999,futures
1788795300000,2026-09-07T15:35:00.000Z,2026-09-07 23:35,78805.3,78870.6,78715,78733.7,1046.229,1788795599999,futures
1788795600000,2026-09-07T15:40:00.000Z,2026-09-07 23:40,78733.7,78769.9,78636,78741.3,1453.092,1788795899999,futures
1788795900000,2026-09-07T15:45:00.000Z,2026-09-07 23:45,78741.4,78822.1,78660,78809.4,945.859,1788796199999,futures
1788796200000,2026-09-07T15:50:00.000Z,2026-09-07 23:50,78809.4,78824.5,78786,78799.4,513.393,1788796499999,futures
1788796500000,2026-09-07T15:55:00.000Z,2026-09-07 23:55,78799.3,78824.4,78700,78786.1,672.162,1788796799999,futures
1788796800000,2026-09-07T16:00:00.000Z,2026-09-08 00:00,78786.2,78890.9,78780.1,78824.4,769.711,1788797099999,futures
1788797100000,2026-09-07T16:05:00.000Z,2026-09-08 00:05,78824.4,78867.8,78789.4,78839.9,458.254,1788797399999,futures
1788797400000,2026-09-07T16:10:00.000Z,2026-09-08 00:10,78839.9,78882.8,78839.8,78871.6,217.203,1788797699999,futures
1788797700000,2026-09-07T16:15:00.000Z,2026-09-08 00:15,78871.6,78871.6,78791.5,78854.2,215.847,1788797999999,futures
1788798000000,2026-09-07T16:20:00.000Z,2026-09-08 00:20,78854.2,78854.3,78788.8,78788.9,184.852,1788798299999,futures
1788798300000,2026-09-07T16:25:00.000Z,2026-09-08 00:25,78788.8,78818,78766,78798.1,257.992,1788798599999,futures
1788798600000,2026-09-07T16:30:00.000Z,2026-09-08 00:30,78798.1,78920,78797.8,78902.6,650.19,1788798899999,futures
1788798900000,2026-09-07T16:35:00.000Z,2026-09-08 00:35,78902.5,78993,78895.4,78980.8,481.184,1788799199999,futures
1788799200000,2026-09-07T16:40:00.000Z,2026-09-08 00:40,78980.8,78996.8,78954.3,78964.2,245.656,1788799499999,futures
1788799500000,2026-09-07T16:45:00.000Z,2026-09-08 00:45,78964.2,78989.8,78937.5,78949.9,150.442,1788799799999,futures
1788799800000,2026-09-07T16:50:00.000Z,2026-09-08 00:50,78950,78983.6,78931.2,78970.6,122.327,1788800099999,futures
1788800100000,2026-09-07T16:55:00.000Z,2026-09-08 00:55,78970.5,78993,78931.3,78989.3,287.961,1788800399999,futures
1788800400000,2026-09-07T17:00:00.000Z,2026-09-08 01:00,78989.4,78989.4,78974.6,78987.4,128.581,1788800699999,futures
1788800700000,2026-09-07T17:05:00.000Z,2026-09-08 01:05,78987.5,79059.4,78987.4,79051.6,344.622,1788800999999,futures
1788801000000,2026-09-07T17:10:00.000Z,2026-09-08 01:10,79051.5,79123.3,79051.5,79120.1,424.503,1788801299999,futures
1788801300000,2026-09-07T17:15:00.000Z,2026-09-08 01:15,79120,79120.1,79072.8,79110.3,314.299,1788801599999,futures
1788801600000,2026-09-07T17:20:00.000Z,2026-09-08 01:20,79110.4,79123.3,79070,79084,380.566,1788801899999,futures
1788801900000,2026-09-07T17:25:00.000Z,2026-09-08 01:25,79084.1,79123.1,79057.4,79090,347.141,1788802199999,futures
1788802200000,2026-09-07T17:30:00.000Z,2026-09-08 01:30,79089.9,79090,79047.4,79061.7,210.08,1788802499999,futures
1788802500000,2026-09-07T17:35:00.000Z,2026-09-08 01:35,79061.8,79115.4,79037.8,79102.5,238.525,1788802799999,futures
1788802800000,2026-09-07T17:40:00.000Z,2026-09-08 01:40,79102.5,79145,79102.5,79122.7,151.706,1788803099999,futures
1788803100000,2026-09-07T17:45:00.000Z,2026-09-08 01:45,79122.7,79150,79107.1,79130.8,130.819,1788803399999,futures
1788803400000,2026-09-07T17:50:00.000Z,2026-09-08 01:50,79130.9,79185,79130.8,79140.7,352.748,1788803699999,futures
1788803700000,2026-09-07T17:55:00.000Z,2026-09-08 01:55,79140.7,79153.5,79138,79153.5,69.866,1788803999999,futures
1788804000000,2026-09-07T18:00:00.000Z,2026-09-08 02:00,79153.5,79181.6,79138,79138.1,128.521,1788804299999,futures
1788804300000,2026-09-07T18:05:00.000Z,2026-09-08 02:05,79138.1,79178.6,79109.9,79143.2,457.696,1788804599999,futures
1788804600000,2026-09-07T18:10:00.000Z,2026-09-08 02:10,79143.3,79178.7,79123.5,79139.2,227.488,1788804899999,futures
1788804900000,2026-09-07T18:15:00.000Z,2026-09-08 02:15,79139.2,79159.7,79136.8,79159.6,112.816,1788805199999,futures
1788805200000,2026-09-07T18:20:00.000Z,2026-09-08 02:20,79159.5,79159.6,79087.6,79116.9,166.195,1788805499999,futures
1788805500000,2026-09-07T18:25:00.000Z,2026-09-08 02:25,79117,79137.2,79097.7,79109.2,171.982,1788805799999,futures
1788805800000,2026-09-07T18:30:00.000Z,2026-09-08 02:30,79109.2,79109.3,79051.2,79074,189.796,1788806099999,futures
1788806100000,2026-09-07T18:35:00.000Z,2026-09-08 02:35,79074,79098,79065.8,79074.8,105.182,1788806399999,futures
1788806400000,2026-09-07T18:40:00.000Z,2026-09-08 02:40,79074.7,79132.3,79074.7,79120.3,129.062,1788806699999,futures
1788806700000,2026-09-07T18:45:00.000Z,2026-09-08 02:45,79120.3,79171.8,79102.3,79168.4,168.95,1788806999999,futures
1788807000000,2026-09-07T18:50:00.000Z,2026-09-08 02:50,79168.4,79209.7,79156.2,79182.3,206.37,1788807299999,futures
1788807300000,2026-09-07T18:55:00.000Z,2026-09-08 02:55,79182.3,79188,79134.9,79158.6,93.829,1788807599999,futures
1788807600000,2026-09-07T19:00:00.000Z,2026-09-08 03:00,79158.5,79158.6,79110,79143,110.537,1788807899999,futures
1788807900000,2026-09-07T19:05:00.000Z,2026-09-08 03:05,79143.1,79151.6,79117.1,79117.1,55.211,1788808199999,futures
1788808200000,2026-09-07T19:10:00.000Z,2026-09-08 03:10,79117.1,79136.7,79117.1,79131.4,68.022,1788808499999,futures
1788808500000,2026-09-07T19:15:00.000Z,2026-09-08 03:15,79131.3,79144,79131.3,79143.6,43.825,1788808799999,futures
1788808800000,2026-09-07T19:20:00.000Z,2026-09-08 03:20,79143.7,79206.5,79143.6,79205.8,103.795,1788809099999,futures
1788809100000,2026-09-07T19:25:00.000Z,2026-09-08 03:25,79205.7,79206.5,79181,79201.6,67.854,1788809399999,futures
1788809400000,2026-09-07T19:30:00.000Z,2026-09-08 03:30,79201.6,79361.6,79201.6,79335.4,933.342,1788809699999,futures
1788809700000,2026-09-07T19:35:00.000Z,2026-09-08 03:35,79335.4,79391.4,79312.1,79330.4,260.992,1788809999999,futures
1788810000000,2026-09-07T19:40:00.000Z,2026-09-08 03:40,79330.3,79332.7,79296,79304.1,116.737,1788810299999,futures
1788810300000,2026-09-07T19:45:00.000Z,2026-09-08 03:45,79304,79330,79304,79330,84.067,1788810599999,futures
1788810600000,2026-09-07T19:50:00.000Z,2026-09-08 03:50,79330,79350.4,79318.2,79330.1,389.463,1788810899999,futures
1788810900000,2026-09-07T19:55:00.000Z,2026-09-08 03:55,79330,79339.7,79310.2,79325.3,201.977,1788811199999,futures
1788811200000,2026-09-07T20:00:00.000Z,2026-09-08 04:00,79325.3,79365,79281.5,79290,145.527,1788811499999,futures
1788811500000,2026-09-07T20:05:00.000Z,2026-09-08 04:05,79290,79290,79180.2,79219.7,244.589,1788811799999,futures
1788811800000,2026-09-07T20:10:00.000Z,2026-09-08 04:10,79219.7,79224.2,79168.9,79205.1,175.79,1788812099999,futures
1788812100000,2026-09-07T20:15:00.000Z,2026-09-08 04:15,79205.1,79229.7,79194.5,79229.6,82.649,1788812399999,futures
1788812400000,2026-09-07T20:20:00.000Z,2026-09-08 04:20,79229.6,79229.7,79150.2,79180.1,152.376,1788812699999,futures
1788812700000,2026-09-07T20:25:00.000Z,2026-09-08 04:25,79180,79182.1,79165.7,79179.7,35.714,1788812999999,futures
1788813000000,2026-09-07T20:30:00.000Z,2026-09-08 04:30,79179.6,79212,79179.6,79201,82.378,1788813299999,futures
1788813300000,2026-09-07T20:35:00.000Z,2026-09-08 04:35,79200.9,79201.3,79185,79187.1,44.364,1788813599999,futures
1788813600000,2026-09-07T20:40:00.000Z,2026-09-08 04:40,79187.1,79198,79151.6,79155.9,158.273,1788813899999,futures
1788813900000,2026-09-07T20:45:00.000Z,2026-09-08 04:45,79155.8,79203.8,79131,79203.3,227.587,1788814199999,futures
1788814200000,2026-09-07T20:50:00.000Z,2026-09-08 04:50,79203.4,79232.1,79163.3,79178.6,153.379,1788814499999,futures
1788814500000,2026-09-07T20:55:00.000Z,2026-09-08 04:55,79178.5,79221.8,79178.5,79207,104.728,1788814799999,futures
1788814800000,2026-09-07T21:00:00.000Z,2026-09-08 05:00,79206.9,79232.1,79202.2,79204.4,132.878,1788815099999,futures
1788815100000,2026-09-07T21:05:00.000Z,2026-09-08 05:05,79204.4,79204.5,79178.5,79178.5,148.358,1788815399999,futures
1788815400000,2026-09-07T21:10:00.000Z,2026-09-08 05:10,79178.5,79239.2,79178.5,79239.2,138.593,1788815699999,futures
1788815700000,2026-09-07T21:15:00.000Z,2026-09-08 05:15,79239.2,79246.4,79179.8,79222.6,184.126,1788815999999,futures
1788816000000,2026-09-07T21:20:00.000Z,2026-09-08 05:20,79222.6,79222.7,79218.6,79220.5,26.412,1788816299999,futures
1788816300000,2026-09-07T21:25:00.000Z,2026-09-08 05:25,79220.6,79228.2,79190.5,79194.7,35.586,1788816599999,futures
1788816600000,2026-09-07T21:30:00.000Z,2026-09-08 05:30,79194.6,79199.8,79165.3,79178.3,153.482,1788816899999,futures
1788816900000,2026-09-07T21:35:00.000Z,2026-09-08 05:35,79178.3,79183.3,79150,79183.2,96.773,1788817199999,futures
1788817200000,2026-09-07T21:40:00.000Z,2026-09-08 05:40,79183.2,79199.7,79134.1,79154.9,156.9,1788817499999,futures
1788817500000,2026-09-07T21:45:00.000Z,2026-09-08 05:45,79154.8,79187.9,79148.8,79150.1,70.877,1788817799999,futures
1788817800000,2026-09-07T21:50:00.000Z,2026-09-08 05:50,79150.1,79183.5,79136.1,79150.9,71.689,1788818099999,futures
1788818100000,2026-09-07T21:55:00.000Z,2026-09-08 05:55,79150.9,79182,79129.2,79129.2,96.615,1788818399999,futures
1788818400000,2026-09-07T22:00:00.000Z,2026-09-08 06:00,79129.3,79158.7,79026.3,79156.1,349.998,1788818699999,futures
1788818700000,2026-09-07T22:05:00.000Z,2026-09-08 06:05,79156.1,79189.5,79107.2,79168.8,161.053,1788818999999,futures
1788819000000,2026-09-07T22:10:00.000Z,2026-09-08 06:10,79168.7,79182,79103.7,79118.4,171.582,1788819299999,futures
1788819300000,2026-09-07T22:15:00.000Z,2026-09-08 06:15,79118.4,79118.4,78991.1,79033.1,356.7,1788819599999,futures
1788819600000,2026-09-07T22:20:00.000Z,2026-09-08 06:20,79033.1,79147.3,78990.2,79144.5,238.889,1788819899999,futures
1788819900000,2026-09-07T22:25:00.000Z,2026-09-08 06:25,79144.4,79167.5,79065.4,79065.5,326.228,1788820199999,futures
1788820200000,2026-09-07T22:30:00.000Z,2026-09-08 06:30,79065.4,79065.5,79006.3,79021,179.151,1788820499999,futures
1788820500000,2026-09-07T22:35:00.000Z,2026-09-08 06:35,79021,79040.7,78815.8,78833.9,582.285,1788820799999,futures
1788820800000,2026-09-07T22:40:00.000Z,2026-09-08 06:40,78834,78843.7,78737.9,78788.8,687.723,1788821099999,futures
1788821100000,2026-09-07T22:45:00.000Z,2026-09-08 06:45,78788.8,78925.1,78788.8,78921.7,447.222,1788821399999,futures
1788821400000,2026-09-07T22:50:00.000Z,2026-09-08 06:50,78921.7,78934.3,78900.1,78904.2,158.515,1788821699999,futures
1788821700000,2026-09-07T22:55:00.000Z,2026-09-08 06:55,78904.1,78933.6,78855,78916.3,180.104,1788821999999,futures
1788822000000,2026-09-07T23:00:00.000Z,2026-09-08 07:00,78916.4,78987.7,78895.3,78940,208.041,1788822299999,futures
1788822300000,2026-09-07T23:05:00.000Z,2026-09-08 07:05,78940.1,79138.9,78920.4,79083.8,663.577,1788822599999,futures
1788822600000,2026-09-07T23:10:00.000Z,2026-09-08 07:10,79083.8,79118,79061.4,79093.7,173.708,1788822899999,futures
1788822900000,2026-09-07T23:15:00.000Z,2026-09-08 07:15,79093.8,79106.3,79023.9,79077.2,321.051,1788823199999,futures
1788823200000,2026-09-07T23:20:00.000Z,2026-09-08 07:20,79077.1,79078,78926.8,78960.1,159.181,1788823499999,futures
1788823500000,2026-09-07T23:25:00.000Z,2026-09-08 07:25,78960.1,79000.9,78960,78974.5,70.898,1788823799999,futures
1788823800000,2026-09-07T23:30:00.000Z,2026-09-08 07:30,78974.5,78995.8,78947.6,78964.6,151.18,1788824099999,futures
1788824100000,2026-09-07T23:35:00.000Z,2026-09-08 07:35,78964.6,79013,78962.3,79002.6,80.168,1788824399999,futures
1788824400000,2026-09-07T23:40:00.000Z,2026-09-08 07:40,79002.7,79093.5,79002.6,79093.4,126.027,1788824699999,futures
1788824700000,2026-09-07T23:45:00.000Z,2026-09-08 07:45,79093.4,79184,79070.4,79158.2,252.72,1788824999999,futures
1788825000000,2026-09-07T23:50:00.000Z,2026-09-08 07:50,79158.3,79170.9,79117.3,79117.4,155.75,1788825299999,futures
1788825300000,2026-09-07T23:55:00.000Z,2026-09-08 07:55,79117.3,79128,79075.9,79075.9,151.208,1788825599999,futures
1788825600000,2026-09-08T00:00:00.000Z,2026-09-08 08:00,79075.9,79085.4,78971,79017,310.709,1788825899999,futures
1788825900000,2026-09-08T00:05:00.000Z,2026-09-08 08:05,79017,79075.9,78983,79015,252.055,1788826199999,futures
1788826200000,2026-09-08T00:10:00.000Z,2026-09-08 08:10,79015,79041.3,78951.1,79023.2,270.642,1788826499999,futures
1788826500000,2026-09-08T00:15:00.000Z,2026-09-08 08:15,79023.1,79121.2,78987.5,79020,230.837,1788826799999,futures
1788826800000,2026-09-08T00:20:00.000Z,2026-09-08 08:20,79020,79041.7,78938,79007.4,347.292,1788827099999,futures
1788827100000,2026-09-08T00:25:00.000Z,2026-09-08 08:25,79007.4,79051.5,78970.8,78970.8,251.221,1788827399999,futures
1788827400000,2026-09-08T00:30:00.000Z,2026-09-08 08:30,78970.9,79140,78951.1,79140,283.262,1788827699999,futures
1788827700000,2026-09-08T00:35:00.000Z,2026-09-08 08:35,79140,79216.9,79139.9,79188.4,376.989,1788827999999,futures
1788828000000,2026-09-08T00:40:00.000Z,2026-09-08 08:40,79188.4,79255.8,79163.2,79188.9,292.57,1788828299999,futures
1788828300000,2026-09-08T00:45:00.000Z,2026-09-08 08:45,79188.8,79256.1,79170.8,79250.5,178.675,1788828599999,futures
1788828600000,2026-09-08T00:50:00.000Z,2026-09-08 08:50,79250.5,79269.6,79223.9,79227.8,208.224,1788828899999,futures
1788828900000,2026-09-08T00:55:00.000Z,2026-09-08 08:55,79227.7,79287,79227.7,79286.9,149.6,1788829199999,futures
1788829200000,2026-09-08T01:00:00.000Z,2026-09-08 09:00,79287,79296,79249.8,79275,234.032,1788829499999,futures
1788829500000,2026-09-08T01:05:00.000Z,2026-09-08 09:05,79274.9,79328.2,79230,79313.1,272.188,1788829799999,futures
1788829800000,2026-09-08T01:10:00.000Z,2026-09-08 09:10,79313.1,79340.5,79260.9,79260.9,189.891,1788830099999,futures
1788830100000,2026-09-08T01:15:00.000Z,2026-09-08 09:15,79261,79322.9,79236,79304.6,297.363,1788830399999,futures
1788830400000,2026-09-08T01:20:00.000Z,2026-09-08 09:20,79304.5,79439.6,79278.8,79343,391.971,1788830699999,futures
1788830700000,2026-09-08T01:25:00.000Z,2026-09-08 09:25,79343.1,79413.2,79343,79363.8,323.61,1788830999999,futures
1788831000000,2026-09-08T01:30:00.000Z,2026-09-08 09:30,79363.9,79363.9,79278.3,79289.9,227.235,1788831299999,futures
1788831300000,2026-09-08T01:35:00.000Z,2026-09-08 09:35,79290,79334.6,79282,79296.7,189.124,1788831599999,futures
1788831600000,2026-09-08T01:40:00.000Z,2026-09-08 09:40,79296.6,79304.8,79276.7,79292.1,111.149,1788831899999,futures
1788831900000,2026-09-08T01:45:00.000Z,2026-09-08 09:45,79292.1,79336.2,79274.4,79336.1,123.296,1788832199999,futures
1788832200000,2026-09-08T01:50:00.000Z,2026-09-08 09:50,79336.2,79352.2,79292.9,79352.2,95.29,1788832499999,futures
1788832500000,2026-09-08T01:55:00.000Z,2026-09-08 09:55,79352.1,79425,79338,79409,171.458,1788832799999,futures
1788832800000,2026-09-08T02:00:00.000Z,2026-09-08 10:00,79409,79409.1,79340.1,79348.9,152.503,1788833099999,futures
1788833100000,2026-09-08T02:05:00.000Z,2026-09-08 10:05,79348.9,79350,79296,79299.9,127.98,1788833399999,futures
1788833400000,2026-09-08T02:10:00.000Z,2026-09-08 10:10,79299.9,79322,79224.4,79301,220.185,1788833699999,futures
1788833700000,2026-09-08T02:15:00.000Z,2026-09-08 10:15,79301.1,79318.2,79250,79281.4,157.283,1788833999999,futures
1788834000000,2026-09-08T02:20:00.000Z,2026-09-08 10:20,79281.4,79476,79259.9,79432,551.322,1788834299999,futures
1788834300000,2026-09-08T02:25:00.000Z,2026-09-08 10:25,79432,79455.7,79211.8,79233.2,344.889,1788834599999,futures
1788834600000,2026-09-08T02:30:00.000Z,2026-09-08 10:30,79233.2,79244.5,79157,79186.8,451.163,1788834899999,futures
1788834900000,2026-09-08T02:35:00.000Z,2026-09-08 10:35,79186.8,79187.4,79133.4,79135.7,160.081,1788835199999,futures
1788835200000,2026-09-08T02:40:00.000Z,2026-09-08 10:40,79135.7,79135.8,79061.5,79098.5,274.669,1788835499999,futures
1788835500000,2026-09-08T02:45:00.000Z,2026-09-08 10:45,79098.6,79121.4,79063.1,79088.1,439.036,1788835799999,futures
1788835800000,2026-09-08T02:50:00.000Z,2026-09-08 10:50,79088.1,79088.2,78952.1,78952.2,435.053,1788836099999,futures
1788836100000,2026-09-08T02:55:00.000Z,2026-09-08 10:55,78952.2,78984.5,78890.1,78898.8,566.448,1788836399999,futures
1788836400000,2026-09-08T03:00:00.000Z,2026-09-08 11:00,78898.8,78976.6,78845,78884.2,811.475,1788836699999,futures
1788836700000,2026-09-08T03:05:00.000Z,2026-09-08 11:05,78884.1,78959.9,78884.1,78959.9,230.355,1788836999999,futures
1788837000000,2026-09-08T03:10:00.000Z,2026-09-08 11:10,78959.9,78963.9,78864.1,78877,486.983,1788837299999,futures
1788837300000,2026-09-08T03:15:00.000Z,2026-09-08 11:15,78877,78917.5,78825,78825,247.558,1788837599999,futures
1788837600000,2026-09-08T03:20:00.000Z,2026-09-08 11:20,78825.1,78844.4,78690.3,78761.5,860.992,1788837899999,futures
1788837900000,2026-09-08T03:25:00.000Z,2026-09-08 11:25,78761.5,78811.2,78709.9,78746.9,501.204,1788838199999,futures
1788838200000,2026-09-08T03:30:00.000Z,2026-09-08 11:30,78746.8,78951.4,78736.6,78889.2,749.438,1788838499999,futures
1788838500000,2026-09-08T03:35:00.000Z,2026-09-08 11:35,78889.2,78967.8,78868,78908,511.051,1788838799999,futures
1788838800000,2026-09-08T03:40:00.000Z,2026-09-08 11:40,78908,78957.4,78890,78918.8,361.608,1788839099999,futures
1788839100000,2026-09-08T03:45:00.000Z,2026-09-08 11:45,78918.8,78925,78837.7,78884,373.8,1788839399999,futures
1788839400000,2026-09-08T03:50:00.000Z,2026-09-08 11:50,78883.9,78924.8,78876.2,78880,204.858,1788839699999,futures
1788839700000,2026-09-08T03:55:00.000Z,2026-09-08 11:55,78880.1,78901.4,78880,78880,160.339,1788839999999,futures
1788840000000,2026-09-08T04:00:00.000Z,2026-09-08 12:00,78880,78904.7,78868.9,78868.9,144.223,1788840299999,futures
1788840300000,2026-09-08T04:05:00.000Z,2026-09-08 12:05,78868.9,78883.1,78812.7,78835.5,346.245,1788840599999,futures
1788840600000,2026-09-08T04:10:00.000Z,2026-09-08 12:10,78835.5,78837.8,78759.8,78789.6,301.105,1788840899999,futures
1788840900000,2026-09-08T04:15:00.000Z,2026-09-08 12:15,78789.5,78830,78745.2,78830,363.488,1788841199999,futures
1788841200000,2026-09-08T04:20:00.000Z,2026-09-08 12:20,78830,78830,78750,78750,189.984,1788841499999,futures
1788841500000,2026-09-08T04:25:00.000Z,2026-09-08 12:25,78750,78817.6,78720.8,78788.6,332.246,1788841799999,futures
1788841800000,2026-09-08T04:30:00.000Z,2026-09-08 12:30,78788.6,78846.3,78779.4,78800.1,264.569,1788842099999,futures
1788842100000,2026-09-08T04:35:00.000Z,2026-09-08 12:35,78800,78808.5,78752.6,78802.9,206.194,1788842399999,futures
1788842400000,2026-09-08T04:40:00.000Z,2026-09-08 12:40,78802.9,78811.8,78693.5,78755.5,259.558,1788842699999,futures
1788842700000,2026-09-08T04:45:00.000Z,2026-09-08 12:45,78755.6,78787.1,78738,78769,89.925,1788842999999,futures
1788843000000,2026-09-08T04:50:00.000Z,2026-09-08 12:50,78769,78790.7,78672.6,78701,240.922,1788843299999,futures
1788843300000,2026-09-08T04:55:00.000Z,2026-09-08 12:55,78701,78701.1,78650,78650,759.797,1788843599999,futures
1788843600000,2026-09-08T05:00:00.000Z,2026-09-08 13:00,78650,78782.8,78507,78650.2,2038.406,1788843899999,futures
1788843900000,2026-09-08T05:05:00.000Z,2026-09-08 13:05,78650.3,78727.2,78581.4,78647.9,410.192,1788844199999,futures
1788844200000,2026-09-08T05:10:00.000Z,2026-09-08 13:10,78647.9,78741.8,78634.6,78675.3,721.375,1788844499999,futures
1788844500000,2026-09-08T05:15:00.000Z,2026-09-08 13:15,78675.2,78830.4,78622.6,78830,630.763,1788844799999,futures
1788844800000,2026-09-08T05:20:00.000Z,2026-09-08 13:20,78830,78850,78771.3,78818,361.524,1788845099999,futures
1788845100000,2026-09-08T05:25:00.000Z,2026-09-08 13:25,78817.9,78848.7,78770.4,78793.4,352.463,1788845399999,futures
1788845400000,2026-09-08T05:30:00.000Z,2026-09-08 13:30,78793.4,78799.1,78641.2,78651.2,358.675,1788845699999,futures
1788845700000,2026-09-08T05:35:00.000Z,2026-09-08 13:35,78651.1,78733.5,78606.5,78699.9,506.206,1788845999999,futures
1788846000000,2026-09-08T05:40:00.000Z,2026-09-08 13:40,78699.9,78714.8,78596.1,78596.1,316.675,1788846299999,futures
1788846300000,2026-09-08T05:45:00.000Z,2026-09-08 13:45,78596.2,78668.5,78594,78659.2,212.402,1788846599999,futures
1788846600000,2026-09-08T05:50:00.000Z,2026-09-08 13:50,78659.3,78691.2,78576.7,78587.9,256.684,1788846899999,futures
1788846900000,2026-09-08T05:55:00.000Z,2026-09-08 13:55,78587.9,78616,78538.1,78553,339.363,1788847199999,futures
1788847200000,2026-09-08T06:00:00.000Z,2026-09-08 14:00,78553,78573.4,78401.4,78500,2229.386,1788847499999,futures
1788847500000,2026-09-08T06:05:00.000Z,2026-09-08 14:05,78499.9,78596.7,78388,78568.9,1039.735,1788847799999,futures
1788847800000,2026-09-08T06:10:00.000Z,2026-09-08 14:10,78568.8,78568.9,78455.4,78556.9,405.515,1788848099999,futures
1788848100000,2026-09-08T06:15:00.000Z,2026-09-08 14:15,78556.9,78599.9,78425.2,78425.2,612.264,1788848399999,futures
1788848400000,2026-09-08T06:20:00.000Z,2026-09-08 14:20,78425.3,78471.7,78320.6,78413.1,1098.25,1788848699999,futures
1788848700000,2026-09-08T06:25:00.000Z,2026-09-08 14:25,78413,78440.9,78329.4,78349.1,483.579,1788848999999,futures
1788849000000,2026-09-08T06:30:00.000Z,2026-09-08 14:30,78349.1,78418.4,78343.1,78353.8,402.761,1788849299999,futures
1788849300000,2026-09-08T06:35:00.000Z,2026-09-08 14:35,78353.8,78411.8,78325.8,78383.7,291.198,1788849599999,futures
1788849600000,2026-09-08T06:40:00.000Z,2026-09-08 14:40,78383.7,78416,78332.3,78388.2,430.074,1788849899999,futures
1788849900000,2026-09-08T06:45:00.000Z,2026-09-08 14:45,78388.3,78460.3,78281,78316.8,576.4,1788850199999,futures
1788850200000,2026-09-08T06:50:00.000Z,2026-09-08 14:50,78316.8,78397.2,78240,78249.3,971.524,1788850499999,futures
1788850500000,2026-09-08T06:55:00.000Z,2026-09-08 14:55,78249.4,78341.3,78225.8,78292.8,857.675,1788850799999,futures
1788850800000,2026-09-08T07:00:00.000Z,2026-09-08 15:00,78292.8,78349,78263.6,78290,541.934,1788851099999,futures
1788851100000,2026-09-08T07:05:00.000Z,2026-09-08 15:05,78290.1,78406.1,78280.8,78377,441.631,1788851399999,futures
1788851400000,2026-09-08T07:10:00.000Z,2026-09-08 15:10,78377,78411.3,78372.1,78372.1,205.174,1788851699999,futures
1788851700000,2026-09-08T07:15:00.000Z,2026-09-08 15:15,78372.2,78421.3,78340.1,78410,316.693,1788851999999,futures
1788852000000,2026-09-08T07:20:00.000Z,2026-09-08 15:20,78409.9,78452.2,78390,78431.3,460.939,1788852299999,futures
1788852300000,2026-09-08T07:25:00.000Z,2026-09-08 15:25,78431.3,78489.6,78424,78435.7,376.083,1788852599999,futures
1788852600000,2026-09-08T07:30:00.000Z,2026-09-08 15:30,78435.7,78465.1,78409.5,78460,340.879,1788852899999,futures
1788852900000,2026-09-08T07:35:00.000Z,2026-09-08 15:35,78460,78520.7,78459.9,78491.4,462.665,1788853199999,futures
1788853200000,2026-09-08T07:40:00.000Z,2026-09-08 15:40,78491.4,78577.3,78400.4,78404,787.083,1788853499999,futures
1788853500000,2026-09-08T07:45:00.000Z,2026-09-08 15:45,78404.1,78404.2,78243.5,78253,759.163,1788853799999,futures
1788853800000,2026-09-08T07:50:00.000Z,2026-09-08 15:50,78253,78337.7,78133,78290.7,1243.053,1788854099999,futures
1788854100000,2026-09-08T07:55:00.000Z,2026-09-08 15:55,78290.6,78445.1,78290.6,78445,530.036,1788854399999,futures
1788854400000,2026-09-08T08:00:00.000Z,2026-09-08 16:00,78445.1,78445.1,78253.2,78319.8,585.12,1788854699999,futures
1788854700000,2026-09-08T08:05:00.000Z,2026-09-08 16:05,78319.9,78409.4,78301,78308.8,287.676,1788854999999,futures
1788855000000,2026-09-08T08:10:00.000Z,2026-09-08 16:10,78308.7,78361.9,78280,78359.2,273.47,1788855299999,futures
1788855300000,2026-09-08T08:15:00.000Z,2026-09-08 16:15,78359.2,78390.6,78277.7,78315.8,469.519,1788855599999,futures
1788855600000,2026-09-08T08:20:00.000Z,2026-09-08 16:20,78315.8,78388,78283.3,78388,336.794,1788855899999,futures
1788855900000,2026-09-08T08:25:00.000Z,2026-09-08 16:25,78388,78480.8,78336.6,78445.1,513.385,1788856199999,futures
1788856200000,2026-09-08T08:30:00.000Z,2026-09-08 16:30,78445.1,78510.2,78418.8,78477.3,688.475,1788856499999,futures
1788856500000,2026-09-08T08:35:00.000Z,2026-09-08 16:35,78477.3,78540.8,78472.2,78526,258.206,1788856799999,futures
1788856800000,2026-09-08T08:40:00.000Z,2026-09-08 16:40,78525.9,78525.9,78479.3,78509.9,296.061,1788857099999,futures
1788857100000,2026-09-08T08:45:00.000Z,2026-09-08 16:45,78509.9,78557.4,78470.4,78481.4,469.433,1788857399999,futures
1788857400000,2026-09-08T08:50:00.000Z,2026-09-08 16:50,78481.5,78489,78362.3,78380,259.124,1788857699999,futures
1788857700000,2026-09-08T08:55:00.000Z,2026-09-08 16:55,78380,78428.6,78351.3,78395.8,267.003,1788857999999,futures
1788858000000,2026-09-08T09:00:00.000Z,2026-09-08 17:00,78395.8,78422.5,78351.3,78405.7,203.713,1788858299999,futures
1788858300000,2026-09-08T09:05:00.000Z,2026-09-08 17:05,78405.7,78422.4,78310.6,78369.7,331.459,1788858599999,futures
1788858600000,2026-09-08T09:10:00.000Z,2026-09-08 17:10,78369.8,78470,78334.6,78457,628.4,1788858899999,futures
1788858900000,2026-09-08T09:15:00.000Z,2026-09-08 17:15,78457.1,78480.2,78387.9,78390.4,325.704,1788859199999,futures
1788859200000,2026-09-08T09:20:00.000Z,2026-09-08 17:20,78390.4,78424.8,78320,78401.8,495.131,1788859499999,futures
1788859500000,2026-09-08T09:25:00.000Z,2026-09-08 17:25,78401.8,78463,78400.1,78445,249.698,1788859799999,futures
1788859800000,2026-09-08T09:30:00.000Z,2026-09-08 17:30,78445,78585.5,78417.4,78563.5,436.446,1788860099999,futures
1788860100000,2026-09-08T09:35:00.000Z,2026-09-08 17:35,78563.4,78670.2,78547.6,78667.5,666.276,1788860399999,futures
1788860400000,2026-09-08T09:40:00.000Z,2026-09-08 17:40,78667.6,78757,78650.4,78738,851.485,1788860699999,futures
1788860700000,2026-09-08T09:45:00.000Z,2026-09-08 17:45,78738,78750.8,78700.1,78746,576.282,1788860999999,futures
1788861000000,2026-09-08T09:50:00.000Z,2026-09-08 17:50,78746,78772.4,78705,78728.7,467.947,1788861299999,futures
1788861300000,2026-09-08T09:55:00.000Z,2026-09-08 17:55,78728.6,78749.6,78700,78728.4,488.732,1788861599999,futures
1788861600000,2026-09-08T10:00:00.000Z,2026-09-08 18:00,78728.3,78728.4,78636.2,78691.8,509.21,1788861899999,futures
1788861900000,2026-09-08T10:05:00.000Z,2026-09-08 18:05,78691.9,78725.6,78664,78676,236.48,1788862199999,futures
1788862200000,2026-09-08T10:10:00.000Z,2026-09-08 18:10,78676.1,78723.8,78666,78709.9,191.671,1788862499999,futures
1788862500000,2026-09-08T10:15:00.000Z,2026-09-08 18:15,78709.8,78786.5,78700,78786.5,363.812,1788862799999,futures
1788862800000,2026-09-08T10:20:00.000Z,2026-09-08 18:20,78786.5,78969.6,78786.4,78841.8,1366.178,1788863099999,futures
1788863100000,2026-09-08T10:25:00.000Z,2026-09-08 18:25,78841.7,78882.8,78791.7,78814.8,633.128,1788863399999,futures
1788863400000,2026-09-08T10:30:00.000Z,2026-09-08 18:30,78814.9,78838,78700,78708.1,387.879,1788863699999,futures
1788863700000,2026-09-08T10:35:00.000Z,2026-09-08 18:35,78708.1,78708.1,78651.2,78694.5,425.269,1788863999999,futures
1788864000000,2026-09-08T10:40:00.000Z,2026-09-08 18:40,78694.5,78694.5,78619.4,78636.8,619.451,1788864299999,futures
1788864300000,2026-09-08T10:45:00.000Z,2026-09-08 18:45,78636.8,78644.7,78618.3,78630.9,199.25,1788864599999,futures
1788864600000,2026-09-08T10:50:00.000Z,2026-09-08 18:50,78630.9,78662.7,78592.9,78603.9,163.938,1788864899999,futures
1788864900000,2026-09-08T10:55:00.000Z,2026-09-08 18:55,78603.9,78603.9,78529.4,78529.4,369.552,1788865199999,futures
1788865200000,2026-09-08T11:00:00.000Z,2026-09-08 19:00,78529.5,78544.5,78443.6,78447.3,678.096,1788865499999,futures
1788865500000,2026-09-08T11:05:00.000Z,2026-09-08 19:05,78447.2,78455,78335.7,78374.7,664.285,1788865799999,futures
1788865800000,2026-09-08T11:10:00.000Z,2026-09-08 19:10,78374.7,78374.8,78255.6,78280.1,669.334,1788866099999,futures
1788866100000,2026-09-08T11:15:00.000Z,2026-09-08 19:15,78280.1,78375.1,78271.5,78361.3,694.552,1788866399999,futures
1788866400000,2026-09-08T11:20:00.000Z,2026-09-08 19:20,78361.4,78462.2,78350,78448.1,781.404,1788866699999,futures
1788866700000,2026-09-08T11:25:00.000Z,2026-09-08 19:25,78448,78448.1,78400,78413.1,191.144,1788866999999,futures
1788867000000,2026-09-08T11:30:00.000Z,2026-09-08 19:30,78413.1,78458.2,78370.6,78453.4,409.183,1788867299999,futures
1788867300000,2026-09-08T11:35:00.000Z,2026-09-08 19:35,78453.5,78471.7,78410.8,78410.8,236.766,1788867599999,futures
1788867600000,2026-09-08T11:40:00.000Z,2026-09-08 19:40,78410.8,78450.2,78389.4,78407.5,364.782,1788867899999,futures
1788867900000,2026-09-08T11:45:00.000Z,2026-09-08 19:45,78407.4,78420,78356.6,78399.5,245.673,1788868199999,futures
1788868200000,2026-09-08T11:50:00.000Z,2026-09-08 19:50,78399.5,78421.9,78337.1,78349.8,294.885,1788868499999,futures
1788868500000,2026-09-08T11:55:00.000Z,2026-09-08 19:55,78349.9,78435.7,78349.8,78400,340.64,1788868799999,futures
1788868800000,2026-09-08T12:00:00.000Z,2026-09-08 20:00,78400,78400.1,78200,78204.7,929.637,1788869099999,futures
1788869100000,2026-09-08T12:05:00.000Z,2026-09-08 20:05,78204.6,78314.9,78204.6,78314.9,305.454,1788869399999,futures
1788869400000,2026-09-08T12:10:00.000Z,2026-09-08 20:10,78314.9,78337.4,78187.3,78190.5,374.124,1788869699999,futures
1788869700000,2026-09-08T12:15:00.000Z,2026-09-08 20:15,78190.4,78240,78190.4,78233.2,469.786,1788869999999,futures
1788870000000,2026-09-08T12:20:00.000Z,2026-09-08 20:20,78233.1,78297,78229.3,78290,152.683,1788870299999,futures
1788870300000,2026-09-08T12:25:00.000Z,2026-09-08 20:25,78289.9,78367.7,78251.5,78345.1,539.267,1788870599999,futures
1788870600000,2026-09-08T12:30:00.000Z,2026-09-08 20:30,78345.2,78424.6,78292.6,78374,398.73,1788870899999,futures
1788870900000,2026-09-08T12:35:00.000Z,2026-09-08 20:35,78373.9,78397.9,78337.8,78356.8,145.219,1788871199999,futures
1788871200000,2026-09-08T12:40:00.000Z,2026-09-08 20:40,78356.8,78358,78271.1,78303.8,254.386,1788871499999,futures
1788871500000,2026-09-08T12:45:00.000Z,2026-09-08 20:45,78303.8,78368.7,78270,78368.6,340.714,1788871799999,futures
1788871800000,2026-09-08T12:50:00.000Z,2026-09-08 20:50,78368.6,78437,78306.7,78437,394.325,1788872099999,futures
1788872100000,2026-09-08T12:55:00.000Z,2026-09-08 20:55,78436.9,78453.3,78362.1,78419.7,367.867,1788872399999,futures
1788872400000,2026-09-08T13:00:00.000Z,2026-09-08 21:00,78420,78475.5,78375.1,78460.6,323.765,1788872699999,futures
1788872700000,2026-09-08T13:05:00.000Z,2026-09-08 21:05,78460.6,78512,78427.7,78427.8,311.325,1788872999999,futures
1788873000000,2026-09-08T13:10:00.000Z,2026-09-08 21:10,78427.8,78489.6,78420.4,78441.9,220.839,1788873299999,futures
1788873300000,2026-09-08T13:15:00.000Z,2026-09-08 21:15,78442,78457.3,78370.8,78373,229.998,1788873599999,futures
1788873600000,2026-09-08T13:20:00.000Z,2026-09-08 21:20,78372.9,78390.6,78283.8,78311.4,267.652,1788873899999,futures
1788873900000,2026-09-08T13:25:00.000Z,2026-09-08 21:25,78311.3,78373.7,78276.6,78307.5,316.947,1788874199999,futures
1788874200000,2026-09-08T13:30:00.000Z,2026-09-08 21:30,78307.4,78344.7,78044,78090.2,2688.696,1788874499999,futures
1788874500000,2026-09-08T13:35:00.000Z,2026-09-08 21:35,78090.2,78152.1,77800.1,77847.2,3855.381,1788874799999,futures
1788874800000,2026-09-08T13:40:00.000Z,2026-09-08 21:40,77847.2,77866.2,77660,77816.5,3641.431,1788875099999,futures
1788875100000,2026-09-08T13:45:00.000Z,2026-09-08 21:45,77816.4,77918.2,77723.6,77854.4,1870.826,1788875399999,futures
1788875400000,2026-09-08T13:50:00.000Z,2026-09-08 21:50,77854.4,77854.4,77600.1,77798,1879.227,1788875699999,futures
1788875700000,2026-09-08T13:55:00.000Z,2026-09-08 21:55,77798,78069.9,77778.8,77936.5,1865.762,1788875999999,futures
1788876000000,2026-09-08T14:00:00.000Z,2026-09-08 22:00,77936.6,78009.5,77817.3,77998.7,1241.535,1788876299999,futures
1788876300000,2026-09-08T14:05:00.000Z,2026-09-08 22:05,77998.8,78078,77950,78050.9,867.109,1788876599999,futures
1788876600000,2026-09-08T14:10:00.000Z,2026-09-08 22:10,78050.9,78166.5,78009.9,78123.4,1144.639,1788876899999,futures
1788876900000,2026-09-08T14:15:00.000Z,2026-09-08 22:15,78123.5,78284.6,78123.4,78273.2,1202.572,1788877199999,futures
1788877200000,2026-09-08T14:20:00.000Z,2026-09-08 22:20,78273.2,78354.2,78250.2,78297.8,786.168,1788877499999,futures
1788877500000,2026-09-08T14:25:00.000Z,2026-09-08 22:25,78297.8,78330,78217,78307.1,872.447,1788877799999,futures
1788877800000,2026-09-08T14:30:00.000Z,2026-09-08 22:30,78307,78379,78206.2,78349.7,543.661,1788878099999,futures
1788878100000,2026-09-08T14:35:00.000Z,2026-09-08 22:35,78349.8,78374.7,78253,78308.6,524.071,1788878399999,futures
1788878400000,2026-09-08T14:40:00.000Z,2026-09-08 22:40,78308.6,78400,78242,78379.8,607.758,1788878699999,futures
1788878700000,2026-09-08T14:45:00.000Z,2026-09-08 22:45,78379.7,78591.9,78350,78527.8,1671.968,1788878999999,futures
1788879000000,2026-09-08T14:50:00.000Z,2026-09-08 22:50,78527.7,78558.6,78415.5,78485.1,692.903,1788879299999,futures
1788879300000,2026-09-08T14:55:00.000Z,2026-09-08 22:55,78485,78555.3,78450,78524.8,570.547,1788879599999,futures
1788879600000,2026-09-08T15:00:00.000Z,2026-09-08 23:00,78524.9,78630.6,78491.3,78513,764.155,1788879899999,futures
1788879900000,2026-09-08T15:05:00.000Z,2026-09-08 23:05,78513,78557.8,78438,78557.8,485.165,1788880199999,futures
1788880200000,2026-09-08T15:10:00.000Z,2026-09-08 23:10,78557.8,78627.9,78517.5,78608.1,513.864,1788880499999,futures
1788880500000,2026-09-08T15:15:00.000Z,2026-09-08 23:15,78608.1,78680,78575.7,78575.8,685.213,1788880799999,futures
1788880800000,2026-09-08T15:20:00.000Z,2026-09-08 23:20,78575.8,78606.1,78436.8,78501.2,814.252,1788881099999,futures
1788881100000,2026-09-08T15:25:00.000Z,2026-09-08 23:25,78501.2,78524.8,78415,78425.5,653.819,1788881399999,futures
1788881400000,2026-09-08T15:30:00.000Z,2026-09-08 23:30,78425.5,78530,78416,78510.4,496.332,1788881699999,futures
1788881700000,2026-09-08T15:35:00.000Z,2026-09-08 23:35,78510.4,78620.9,78498.2,78591,757.767,1788881999999,futures
1788882000000,2026-09-08T15:40:00.000Z,2026-09-08 23:40,78591,78744.9,78556.3,78680.6,803.969,1788882299999,futures
1788882300000,2026-09-08T15:45:00.000Z,2026-09-08 23:45,78680.7,78765.9,78636.4,78737.4,794.79,1788882599999,futures
1788882600000,2026-09-08T15:50:00.000Z,2026-09-08 23:50,78737.4,78837,78712.1,78801.1,1074.527,1788882899999,futures
1788882900000,2026-09-08T15:55:00.000Z,2026-09-08 23:55,78801.1,78871.2,78778.5,78870,728.018,1788883199999,futures
1788883200000,2026-09-08T16:00:00.000Z,2026-09-09 00:00,78870.1,78871,78701.2,78793.1,749.915,1788883499999,futures
1788883500000,2026-09-08T16:05:00.000Z,2026-09-09 00:05,78793.1,78800,78690.1,78690.1,359.406,1788883799999,futures
1788883800000,2026-09-08T16:10:00.000Z,2026-09-09 00:10,78690.1,78690.1,78593.5,78616.9,384.714,1788884099999,futures
1788884100000,2026-09-08T16:15:00.000Z,2026-09-09 00:15,78616.9,78637.8,78540,78594.6,411.471,1788884399999,futures
1788884400000,2026-09-08T16:20:00.000Z,2026-09-09 00:20,78594.6,78638.8,78540,78596.5,368.456,1788884699999,futures
1788884700000,2026-09-08T16:25:00.000Z,2026-09-09 00:25,78596.6,78646.3,78583.8,78599.8,292.379,1788884999999,futures
1788885000000,2026-09-08T16:30:00.000Z,2026-09-09 00:30,78599.7,78674.6,78583.3,78621.1,164.521,1788885299999,futures
1788885300000,2026-09-08T16:35:00.000Z,2026-09-09 00:35,78621.2,78846.3,78611.2,78846.3,514.447,1788885599999,futures
1788885600000,2026-09-08T16:40:00.000Z,2026-09-09 00:40,78846.2,78966,78752.9,78759.1,1111.924,1788885899999,futures
1788885900000,2026-09-08T16:45:00.000Z,2026-09-09 00:45,78759.1,78800,78732.4,78786.6,225.039,1788886199999,futures
1788886200000,2026-09-08T16:50:00.000Z,2026-09-09 00:50,78786.7,78846.2,78706.4,78744.6,303.855,1788886499999,futures
1788886500000,2026-09-08T16:55:00.000Z,2026-09-09 00:55,78744.7,78744.7,78616.9,78700,464.057,1788886799999,futures
1788886800000,2026-09-08T17:00:00.000Z,2026-09-09 01:00,78699.9,78825.8,78699.3,78797.8,382.376,1788887099999,futures
1788887100000,2026-09-08T17:05:00.000Z,2026-09-09 01:05,78797.9,78857,78662.9,78665.7,311.538,1788887399999,futures
1788887400000,2026-09-08T17:10:00.000Z,2026-09-09 01:10,78665.8,78693.5,78626.6,78674.1,179.457,1788887699999,futures
1788887700000,2026-09-08T17:15:00.000Z,2026-09-09 01:15,78674,78684.1,78583,78597.8,254.474,1788887999999,futures
1788888000000,2026-09-08T17:20:00.000Z,2026-09-09 01:20,78597.9,78600,78542.3,78557,258.446,1788888299999,futures
1788888300000,2026-09-08T17:25:00.000Z,2026-09-09 01:25,78557,78567.3,78506.9,78559.9,342.624,1788888599999,futures
1788888600000,2026-09-08T17:30:00.000Z,2026-09-09 01:30,78559.9,78590,78518.3,78590,165,1788888899999,futures
1788888900000,2026-09-08T17:35:00.000Z,2026-09-09 01:35,78589.9,78630.8,78543.6,78553.3,222.912,1788889199999,futures
1788889200000,2026-09-08T17:40:00.000Z,2026-09-09 01:40,78553.3,78555.8,78492.2,78492.2,319.829,1788889499999,futures
1788889500000,2026-09-08T17:45:00.000Z,2026-09-09 01:45,78492.2,78538,78458.9,78487.4,243.361,1788889799999,futures
1788889800000,2026-09-08T17:50:00.000Z,2026-09-09 01:50,78487.5,78610.1,78487.5,78559.2,322.369,1788890099999,futures
1788890100000,2026-09-08T17:55:00.000Z,2026-09-09 01:55,78559.2,78563.2,78459,78467.9,150.876,1788890399999,futures
1788890400000,2026-09-08T18:00:00.000Z,2026-09-09 02:00,78467.9,78538.7,78458.4,78497.2,219.683,1788890699999,futures
1788890700000,2026-09-08T18:05:00.000Z,2026-09-09 02:05,78497.2,78643,78497.2,78640.1,231.646,1788890999999,futures
1788891000000,2026-09-08T18:10:00.000Z,2026-09-09 02:10,78640.2,78690,78610,78639.9,173.415,1788891299999,futures
1788891300000,2026-09-08T18:15:00.000Z,2026-09-09 02:15,78639.9,78730.7,78633,78728.7,193.851,1788891599999,futures
1788891600000,2026-09-08T18:20:00.000Z,2026-09-09 02:20,78728.6,78783,78718.6,78757.1,184.176,1788891899999,futures
1788891900000,2026-09-08T18:25:00.000Z,2026-09-09 02:25,78757.2,78762.4,78680.2,78697.6,92.914,1788892199999,futures
1788892200000,2026-09-08T18:30:00.000Z,2026-09-09 02:30,78697.7,78739.9,78677.3,78692,133.125,1788892499999,futures
1788892500000,2026-09-08T18:35:00.000Z,2026-09-09 02:35,78692,78692,78554.3,78554.4,259.046,1788892799999,futures
1788892800000,2026-09-08T18:40:00.000Z,2026-09-09 02:40,78554.4,78576.9,78541.6,78568.2,168.108,1788893099999,futures
1788893100000,2026-09-08T18:45:00.000Z,2026-09-09 02:45,78568.2,78619.3,78280.1,78296.4,1048.739,1788893399999,futures
1788893400000,2026-09-08T18:50:00.000Z,2026-09-09 02:50,78296.4,78409.5,78230.5,78342.2,756.962,1788893699999,futures
1788893700000,2026-09-08T18:55:00.000Z,2026-09-09 02:55,78342.2,78424.7,78330.7,78399.1,627.806,1788893999999,futures
1788894000000,2026-09-08T19:00:00.000Z,2026-09-09 03:00,78399.2,78485,78357,78476.3,371.583,1788894299999,futures
1788894300000,2026-09-08T19:05:00.000Z,2026-09-09 03:05,78476.2,78479.3,78382.2,78419.2,161.41,1788894599999,futures
1788894600000,2026-09-08T19:10:00.000Z,2026-09-09 03:10,78419.3,78450.6,78395.5,78433.2,421.589,1788894899999,futures
1788894900000,2026-09-08T19:15:00.000Z,2026-09-09 03:15,78433.1,78495.6,78393.6,78400.9,231.49,1788895199999,futures
1788895200000,2026-09-08T19:20:00.000Z,2026-09-09 03:20,78401,78410,78308.2,78353.4,342.063,1788895499999,futures
1788895500000,2026-09-08T19:25:00.000Z,2026-09-09 03:25,78353.4,78444.4,78319.8,78441.2,720.679,1788895799999,futures
1788895800000,2026-09-08T19:30:00.000Z,2026-09-09 03:30,78441.2,78483.3,78300,78413.5,418.211,1788896099999,futures
1788896100000,2026-09-08T19:35:00.000Z,2026-09-09 03:35,78413.7,78444.4,78370.7,78429.1,229.451,1788896399999,futures
1788896400000,2026-09-08T19:40:00.000Z,2026-09-09 03:40,78429.1,78483.4,78371.6,78375.4,454.44,1788896699999,futures
1788896700000,2026-09-08T19:45:00.000Z,2026-09-09 03:45,78375.4,78382.1,78294.9,78376.1,322.196,1788896999999,futures
1788897000000,2026-09-08T19:50:00.000Z,2026-09-09 03:50,78376,78376,78285,78306.1,456.048,1788897299999,futures
1788897300000,2026-09-08T19:55:00.000Z,2026-09-09 03:55,78306.1,78417.1,78290,78407.3,323.868,1788897599999,futures
1788897600000,2026-09-08T20:00:00.000Z,2026-09-09 04:00,78407.4,78463.3,78366.2,78436,374.543,1788897899999,futures
1788897900000,2026-09-08T20:05:00.000Z,2026-09-09 04:05,78436.2,78496.6,78429,78486.4,198.498,1788898199999,futures
1788898200000,2026-09-08T20:10:00.000Z,2026-09-09 04:10,78486.3,78595.7,78486.3,78575.9,504.051,1788898499999,futures
1788898500000,2026-09-08T20:15:00.000Z,2026-09-09 04:15,78575.8,78580,78473,78479.5,163.301,1788898799999,futures
1788898800000,2026-09-08T20:20:00.000Z,2026-09-09 04:20,78479.6,78500,78412.4,78459.1,267.436,1788899099999,futures
1788899100000,2026-09-08T20:25:00.000Z,2026-09-09 04:25,78459.1,78570.7,78459.1,78550.6,470.701,1788899399999,futures
1788899400000,2026-09-08T20:30:00.000Z,2026-09-09 04:30,78550.6,78550.6,78386.9,78405.1,198.033,1788899699999,futures
1788899700000,2026-09-08T20:35:00.000Z,2026-09-09 04:35,78405,78514,78376,78491.1,169.823,1788899999999,futures
1788900000000,2026-09-08T20:40:00.000Z,2026-09-09 04:40,78491.1,78519.9,78437.4,78494.3,136.399,1788900299999,futures
1788900300000,2026-09-08T20:45:00.000Z,2026-09-09 04:45,78494.4,78515,78453.2,78466.6,91.752,1788900599999,futures
1788900600000,2026-09-08T20:50:00.000Z,2026-09-09 04:50,78466.7,78525,78436.2,78436.2,212.201,1788900899999,futures
1788900900000,2026-09-08T20:55:00.000Z,2026-09-09 04:55,78436.2,78488.8,78431.1,78447.9,165.913,1788901199999,futures
1788901200000,2026-09-08T21:00:00.000Z,2026-09-09 05:00,78447.9,78540.2,78422.4,78478.8,271.361,1788901499999,futures
1788901500000,2026-09-08T21:05:00.000Z,2026-09-09 05:05,78478.8,78518.3,78468.8,78508.6,59.356,1788901799999,futures
1788901800000,2026-09-08T21:10:00.000Z,2026-09-09 05:10,78508.6,78527.5,78505.8,78519.3,69.795,1788902099999,futures
1788902100000,2026-09-08T21:15:00.000Z,2026-09-09 05:15,78519.3,78540,78487.1,78493.1,48.188,1788902399999,futures
1788902400000,2026-09-08T21:20:00.000Z,2026-09-09 05:20,78493.1,78535.8,78468,78487.1,111.79,1788902699999,futures
1788902700000,2026-09-08T21:25:00.000Z,2026-09-09 05:25,78487,78586.6,78485,78495.5,483.007,1788902999999,futures
1788903000000,2026-09-08T21:30:00.000Z,2026-09-09 05:30,78495.6,78520.1,78436.2,78480.1,136.37,1788903299999,futures
1788903300000,2026-09-08T21:35:00.000Z,2026-09-09 05:35,78480.2,78498,78434.1,78481.4,155.263,1788903599999,futures
1788903600000,2026-09-08T21:40:00.000Z,2026-09-09 05:40,78481.4,78532.6,78403.5,78488.2,270.996,1788903899999,futures
1788903900000,2026-09-08T21:45:00.000Z,2026-09-09 05:45,78488.1,78501.3,78469.3,78477.4,56.329,1788904199999,futures
1788904200000,2026-09-08T21:50:00.000Z,2026-09-09 05:50,78477.5,78477.5,78360.2,78402.1,144.366,1788904499999,futures
1788904500000,2026-09-08T21:55:00.000Z,2026-09-09 05:55,78402.1,78458.8,78402.1,78458.7,54.877,1788904799999,futures
1788904800000,2026-09-08T22:00:00.000Z,2026-09-09 06:00,78458.7,78658.6,78455.3,78547.7,531.113,1788905099999,futures
1788905100000,2026-09-08T22:05:00.000Z,2026-09-09 06:05,78547.8,78565.5,78420.7,78447,170.049,1788905399999,futures
1788905400000,2026-09-08T22:10:00.000Z,2026-09-09 06:10,78447.1,78475.2,78434.1,78475.1,204.681,1788905699999,futures
1788905700000,2026-09-08T22:15:00.000Z,2026-09-09 06:15,78475.2,78499.9,78437,78437.1,155.908,1788905999999,futures
1788906000000,2026-09-08T22:20:00.000Z,2026-09-09 06:20,78437.1,78549.6,78437,78523.8,211.238,1788906299999,futures
1788906300000,2026-09-08T22:25:00.000Z,2026-09-09 06:25,78523.8,78523.8,78464.3,78464.3,103.619,1788906599999,futures
1788906600000,2026-09-08T22:30:00.000Z,2026-09-09 06:30,78464.4,78473.9,78436.2,78452.4,83.576,1788906899999,futures
1788906900000,2026-09-08T22:35:00.000Z,2026-09-09 06:35,78452.4,78477.6,78430.6,78457.2,100.384,1788907199999,futures
1788907200000,2026-09-08T22:40:00.000Z,2026-09-09 06:40,78457.2,78503.7,78445.9,78456.8,222.923,1788907499999,futures
1788907500000,2026-09-08T22:45:00.000Z,2026-09-09 06:45,78456.8,78529.2,78456.7,78521.1,167.314,1788907799999,futures
1788907800000,2026-09-08T22:50:00.000Z,2026-09-09 06:50,78521,78552.8,78500.5,78502.4,252.64,1788908099999,futures
1788908100000,2026-09-08T22:55:00.000Z,2026-09-09 06:55,78502.3,78547.5,78478.7,78526.1,272.272,1788908399999,futures
1788908400000,2026-09-08T23:00:00.000Z,2026-09-09 07:00,78526.2,78543.5,78478.6,78495.3,168.072,1788908699999,futures
1788908700000,2026-09-08T23:05:00.000Z,2026-09-09 07:05,78495.3,78502.3,78480.7,78480.7,84.839,1788908999999,futures
1788909000000,2026-09-08T23:10:00.000Z,2026-09-09 07:10,78480.8,78500.1,78431.7,78465.7,262.131,1788909299999,futures
1788909300000,2026-09-08T23:15:00.000Z,2026-09-09 07:15,78465.6,78475.4,78431.4,78439.1,130.32,1788909599999,futures
1788909600000,2026-09-08T23:20:00.000Z,2026-09-09 07:20,78439.2,78448.5,78412.3,78421.8,109.1,1788909899999,futures
1788909900000,2026-09-08T23:25:00.000Z,2026-09-09 07:25,78421.8,78455.5,78388.4,78432.6,166.236,1788910199999,futures
1788910200000,2026-09-08T23:30:00.000Z,2026-09-09 07:30,78432.5,78440,78418,78428.1,121.115,1788910499999,futures
1788910500000,2026-09-08T23:35:00.000Z,2026-09-09 07:35,78428,78435,78410.4,78422.9,69.823,1788910799999,futures
1788910800000,2026-09-08T23:40:00.000Z,2026-09-09 07:40,78423,78423,78406.8,78414.8,85.645,1788911099999,futures
1788911100000,2026-09-08T23:45:00.000Z,2026-09-09 07:45,78414.8,78431.1,78399.8,78399.8,102.982,1788911399999,futures
1788911400000,2026-09-08T23:50:00.000Z,2026-09-09 07:50,78399.9,78437.9,78385.7,78385.7,121.253,1788911699999,futures
1788911700000,2026-09-08T23:55:00.000Z,2026-09-09 07:55,78385.8,78444.3,78375.8,78425.6,176.601,1788911999999,futures
1788912000000,2026-09-09T00:00:00.000Z,2026-09-09 08:00,78425.6,78531.7,78425.6,78531.7,166.856,1788912299999,futures
1788912300000,2026-09-09T00:05:00.000Z,2026-09-09 08:05,78531.7,78595.5,78531.6,78585.7,208.426,1788912599999,futures
1788912600000,2026-09-09T00:10:00.000Z,2026-09-09 08:10,78585.6,78705.8,78585.6,78685.6,383.09,1788912899999,futures
1788912900000,2026-09-09T00:15:00.000Z,2026-09-09 08:15,78685.5,78685.6,78600,78668.6,242.058,1788913199999,futures
1788913200000,2026-09-09T00:20:00.000Z,2026-09-09 08:20,78668.6,78714.2,78614.5,78632,136.932,1788913499999,futures
1788913500000,2026-09-09T00:25:00.000Z,2026-09-09 08:25,78632,78632,78565.5,78595.7,140.522,1788913799999,futures
1788913800000,2026-09-09T00:30:00.000Z,2026-09-09 08:30,78595.7,78600.4,78547.2,78596.1,91.99,1788914099999,futures
1788914100000,2026-09-09T00:35:00.000Z,2026-09-09 08:35,78596.1,78629.3,78535.2,78629.3,96.476,1788914399999,futures
1788914400000,2026-09-09T00:40:00.000Z,2026-09-09 08:40,78629.3,78666.6,78583.5,78666.6,98.955,1788914699999,futures
1788914700000,2026-09-09T00:45:00.000Z,2026-09-09 08:45,78666.5,78736.2,78666.5,78736.2,233.284,1788914999999,futures
1788915000000,2026-09-09T00:50:00.000Z,2026-09-09 08:50,78736.1,78750,78694.7,78749.9,149.484,1788915299999,futures
1788915300000,2026-09-09T00:55:00.000Z,2026-09-09 08:55,78749.8,78759.1,78722.6,78746,150.02,1788915599999,futures
1788915600000,2026-09-09T01:00:00.000Z,2026-09-09 09:00,78746,78750.9,78668.4,78671.9,162.357,1788915899999,futures
1788915900000,2026-09-09T01:05:00.000Z,2026-09-09 09:05,78671.9,78770,78661.2,78768.3,193.239,1788916199999,futures
1788916200000,2026-09-09T01:10:00.000Z,2026-09-09 09:10,78768.3,78831.8,78703.9,78707.5,753.312,1788916499999,futures
1788916500000,2026-09-09T01:15:00.000Z,2026-09-09 09:15,78707.6,78725.7,78601.5,78607.1,404.68,1788916799999,futures
1788916800000,2026-09-09T01:20:00.000Z,2026-09-09 09:20,78607.1,78673.2,78592.7,78641.6,519.207,1788917099999,futures
1788917100000,2026-09-09T01:25:00.000Z,2026-09-09 09:25,78641.5,78740,78621.1,78694.9,186.146,1788917399999,futures
1788917400000,2026-09-09T01:30:00.000Z,2026-09-09 09:30,78694.9,78740,78659.8,78732.6,65.504,1788917699999,futures
1788917700000,2026-09-09T01:35:00.000Z,2026-09-09 09:35,78732.5,78840.1,78725,78800,275.765,1788917999999,futures
1788918000000,2026-09-09T01:40:00.000Z,2026-09-09 09:40,78799.9,78839,78763.1,78801.7,125.943,1788918299999,futures
1788918300000,2026-09-09T01:45:00.000Z,2026-09-09 09:45,78801.7,78839.7,78801.6,78825.1,176.191,1788918599999,futures
1788918600000,2026-09-09T01:50:00.000Z,2026-09-09 09:50,78825.1,78850.4,78786,78849.1,289.98,1788918899999,futures
1788918900000,2026-09-09T01:55:00.000Z,2026-09-09 09:55,78849.1,78860,78768.7,78848.9,694.127,1788919199999,futures
1788919200000,2026-09-09T02:00:00.000Z,2026-09-09 10:00,78848.8,78876.6,78801.5,78846.3,357.644,1788919499999,futures
1788919500000,2026-09-09T02:05:00.000Z,2026-09-09 10:05,78846.4,78879.9,78801.5,78866.4,394.388,1788919799999,futures
1788919800000,2026-09-09T02:10:00.000Z,2026-09-09 10:10,78866.5,78899,78761.5,78761.9,290.312,1788920099999,futures
1788920100000,2026-09-09T02:15:00.000Z,2026-09-09 10:15,78761.9,78762,78645,78715.7,500.815,1788920399999,futures
1788920400000,2026-09-09T02:20:00.000Z,2026-09-09 10:20,78715.8,78798.9,78666,78796.7,240.88,1788920699999,futures
1788920700000,2026-09-09T02:25:00.000Z,2026-09-09 10:25,78796.7,78796.7,78725,78791.5,164.097,1788920999999,futures
1788921000000,2026-09-09T02:30:00.000Z,2026-09-09 10:30,78791.5,78805,78738.8,78743.5,63.91,1788921299999,futures
1788921300000,2026-09-09T02:35:00.000Z,2026-09-09 10:35,78743.5,78747.5,78718.1,78727.4,53.927,1788921599999,futures
1788921600000,2026-09-09T02:40:00.000Z,2026-09-09 10:40,78727.5,78765.6,78720.2,78760.9,63.246,1788921899999,futures
1788921900000,2026-09-09T02:45:00.000Z,2026-09-09 10:45,78760.9,78770,78738.7,78738.7,61.774,1788922199999,futures
1788922200000,2026-09-09T02:50:00.000Z,2026-09-09 10:50,78738.7,78770,78731.2,78739,61.727,1788922499999,futures
1788922500000,2026-09-09T02:55:00.000Z,2026-09-09 10:55,78738.9,78739,78689.4,78689.5,76.1,1788922799999,futures
1788922800000,2026-09-09T03:00:00.000Z,2026-09-09 11:00,78689.4,78689.5,78635.1,78635.2,241.082,1788923099999,futures
1788923100000,2026-09-09T03:05:00.000Z,2026-09-09 11:05,78635.2,78669.9,78598.1,78607,805.31,1788923399999,futures
1788923400000,2026-09-09T03:10:00.000Z,2026-09-09 11:10,78607.1,78621.3,78550.4,78555,362.482,1788923699999,futures
1788923700000,2026-09-09T03:15:00.000Z,2026-09-09 11:15,78555,78587.9,78536.4,78547.1,211.124,1788923999999,futures
1788924000000,2026-09-09T03:20:00.000Z,2026-09-09 11:20,78547.1,78578.4,78534.2,78552.2,167.226,1788924299999,futures
1788924300000,2026-09-09T03:25:00.000Z,2026-09-09 11:25,78552.1,78561,78502,78543,220.545,1788924599999,futures
1788924600000,2026-09-09T03:30:00.000Z,2026-09-09 11:30,78542.9,78572.4,78536.2,78555,132.16,1788924899999,futures
1788924900000,2026-09-09T03:35:00.000Z,2026-09-09 11:35,78555,78576.5,78539.5,78576.5,139.063,1788925199999,futures
1788925200000,2026-09-09T03:40:00.000Z,2026-09-09 11:40,78576.5,78633,78572.3,78611.9,149.445,1788925499999,futures
1788925500000,2026-09-09T03:45:00.000Z,2026-09-09 11:45,78611.9,78647.7,78600,78612.4,134.005,1788925799999,futures
1788925800000,2026-09-09T03:50:00.000Z,2026-09-09 11:50,78612.4,78615.7,78564.6,78607.1,115.045,1788926099999,futures
1788926100000,2026-09-09T03:55:00.000Z,2026-09-09 11:55,78607,78637.3,78570.2,78593.7,116.843,1788926399999,futures
1788926400000,2026-09-09T04:00:00.000Z,2026-09-09 12:00,78593.7,78913,78593.7,78900.1,1123.721,1788926699999,futures
1788926700000,2026-09-09T04:05:00.000Z,2026-09-09 12:05,78900,78911.1,78740.3,78740.4,402.307,1788926999999,futures
1788927000000,2026-09-09T04:10:00.000Z,2026-09-09 12:10,78740.4,78820.1,78711.9,78806.3,267.129,1788927299999,futures
1788927300000,2026-09-09T04:15:00.000Z,2026-09-09 12:15,78806.2,78807.6,78741.6,78792.4,158.024,1788927599999,futures
1788927600000,2026-09-09T04:20:00.000Z,2026-09-09 12:20,78792.4,78883.2,78772.4,78883.2,231.496,1788927899999,futures
1788927900000,2026-09-09T04:25:00.000Z,2026-09-09 12:25,78883.1,78916.8,78853.2,78853.3,199.885,1788928199999,futures
1788928200000,2026-09-09T04:30:00.000Z,2026-09-09 12:30,78853.2,78898.3,78838.5,78881.3,178.925,1788928499999,futures
1788928500000,2026-09-09T04:35:00.000Z,2026-09-09 12:35,78881.3,78907.2,78864.7,78890.3,134.992,1788928799999,futures
1788928800000,2026-09-09T04:40:00.000Z,2026-09-09 12:40,78890.2,79180,78885.2,79159.5,1756.746,1788929099999,futures
1788929100000,2026-09-09T04:45:00.000Z,2026-09-09 12:45,79159.5,79186,79037.7,79087.6,932.007,1788929399999,futures
1788929400000,2026-09-09T04:50:00.000Z,2026-09-09 12:50,79087.5,79150,79087.5,79138.1,544.525,1788929699999,futures
1788929700000,2026-09-09T04:55:00.000Z,2026-09-09 12:55,79138.1,79167.1,79123,79136,369.392,1788929999999,futures
1788930000000,2026-09-09T05:00:00.000Z,2026-09-09 13:00,79135.9,79149.8,79020.7,79092.6,805.861,1788930299999,futures
1788930300000,2026-09-09T05:05:00.000Z,2026-09-09 13:05,79092.5,79116,79055,79092.1,868.808,1788930599999,futures
1788930600000,2026-09-09T05:10:00.000Z,2026-09-09 13:10,79092.1,79323,79065.9,79245.8,1719.441,1788930899999,futures
1788930900000,2026-09-09T05:15:00.000Z,2026-09-09 13:15,79245.8,79343.7,79198.2,79286.1,1992.155,1788931199999,futures
1788931200000,2026-09-09T05:20:00.000Z,2026-09-09 13:20,79286,79286.1,79131.6,79152.5,545.889,1788931499999,futures
1788931500000,2026-09-09T05:25:00.000Z,2026-09-09 13:25,79152.6,79175.9,79093.4,79093.5,286.017,1788931799999,futures
1788931800000,2026-09-09T05:30:00.000Z,2026-09-09 13:30,79093.5,79106.6,78911.7,78996.1,1002.171,1788932099999,futures
1788932100000,2026-09-09T05:35:00.000Z,2026-09-09 13:35,78996.1,79015.2,78904.8,78914.5,506.231,1788932399999,futures
1788932400000,2026-09-09T05:40:00.000Z,2026-09-09 13:40,78914.4,78923.9,78857.9,78887.8,430.868,1788932699999,futures
1788932700000,2026-09-09T05:45:00.000Z,2026-09-09 13:45,78887.8,78887.9,78802,78815.5,411.807,1788932999999,futures
1788933000000,2026-09-09T05:50:00.000Z,2026-09-09 13:50,78815.6,78893.8,78815.5,78893.8,178.996,1788933299999,futures
1788933300000,2026-09-09T05:55:00.000Z,2026-09-09 13:55,78893.7,78930.9,78876.5,78906.5,423.768,1788933599999,futures
1788933600000,2026-09-09T06:00:00.000Z,2026-09-09 14:00,78906.5,78938,78823.2,78853.8,389.334,1788933899999,futures
1788933900000,2026-09-09T06:05:00.000Z,2026-09-09 14:05,78853.8,78952.2,78843.6,78925.2,251.156,1788934199999,futures
1788934200000,2026-09-09T06:10:00.000Z,2026-09-09 14:10,78925.2,79108.5,78921.2,79085.4,701.947,1788934499999,futures
1788934500000,2026-09-09T06:15:00.000Z,2026-09-09 14:15,79085.4,79148.8,79063.2,79142.8,312.258,1788934799999,futures
1788934800000,2026-09-09T06:20:00.000Z,2026-09-09 14:20,79142.8,79259.9,79116.8,79190.3,471.369,1788935099999,futures
1788935100000,2026-09-09T06:25:00.000Z,2026-09-09 14:25,79190.2,79205.2,79122,79122,162.093,1788935399999,futures
1788935400000,2026-09-09T06:30:00.000Z,2026-09-09 14:30,79122.1,79195.9,79102.9,79161.2,336.832,1788935699999,futures
1788935700000,2026-09-09T06:35:00.000Z,2026-09-09 14:35,79161.2,79200,79161.1,79171.9,223.386,1788935999999,futures
1788936000000,2026-09-09T06:40:00.000Z,2026-09-09 14:40,79171.9,79175.8,79113.7,79156.2,185.042,1788936299999,futures
1788936300000,2026-09-09T06:45:00.000Z,2026-09-09 14:45,79156.2,79172,79099.9,79112.4,243.011,1788936599999,futures
1788936600000,2026-09-09T06:50:00.000Z,2026-09-09 14:50,79112.3,79137.5,79088.3,79095.4,109.907,1788936899999,futures
1788936900000,2026-09-09T06:55:00.000Z,2026-09-09 14:55,79095.4,79149.9,79080.6,79125.5,188.163,1788937199999,futures
1788937200000,2026-09-09T07:00:00.000Z,2026-09-09 15:00,79125.5,79178.7,79119.3,79178.7,152.387,1788937499999,futures
1788937500000,2026-09-09T07:05:00.000Z,2026-09-09 15:05,79178.6,79376.4,79178.6,79277.7,905.508,1788937799999,futures
1788937800000,2026-09-09T07:10:00.000Z,2026-09-09 15:10,79277.7,79305,79212.6,79219.4,583.069,1788938099999,futures
1788938100000,2026-09-09T07:15:00.000Z,2026-09-09 15:15,79219.5,79265.4,79193.5,79231,254.191,1788938399999,futures
1788938400000,2026-09-09T07:20:00.000Z,2026-09-09 15:20,79231.1,79268.3,79208.6,79265.6,203.605,1788938699999,futures
1788938700000,2026-09-09T07:25:00.000Z,2026-09-09 15:25,79265.6,79265.7,79205.3,79246.8,189.605,1788938999999,futures
1788939000000,2026-09-09T07:30:00.000Z,2026-09-09 15:30,79247,79261.6,79184.3,79188.6,191.283,1788939299999,futures
1788939300000,2026-09-09T07:35:00.000Z,2026-09-09 15:35,79188.6,79225.2,79184.8,79191.2,116.033,1788939599999,futures
1788939600000,2026-09-09T07:40:00.000Z,2026-09-09 15:40,79191.2,79214.9,79135.4,79165.5,252.113,1788939899999,futures
1788939900000,2026-09-09T07:45:00.000Z,2026-09-09 15:45,79165.6,79226.7,79161.4,79165.3,150.053,1788940199999,futures
1788940200000,2026-09-09T07:50:00.000Z,2026-09-09 15:50,79165.3,79250,79165.2,79218,228.799,1788940499999,futures
1788940500000,2026-09-09T07:55:00.000Z,2026-09-09 15:55,79218,79255,79204.9,79246,100.91,1788940799999,futures
1788940800000,2026-09-09T08:00:00.000Z,2026-09-09 16:00,79246,79417.4,79231.5,79399.9,1176.131,1788941099999,futures
1788941100000,2026-09-09T08:05:00.000Z,2026-09-09 16:05,79399.9,79490.5,79350,79436.3,642.523,1788941399999,futures
1788941400000,2026-09-09T08:10:00.000Z,2026-09-09 16:10,79436.3,79543.3,79377.9,79377.9,902.485,1788941699999,futures
1788941700000,2026-09-09T08:15:00.000Z,2026-09-09 16:15,79377.9,79483.1,79358.3,79477.8,407.486,1788941999999,futures
1788942000000,2026-09-09T08:20:00.000Z,2026-09-09 16:20,79477.7,79595.4,79464.1,79528.7,692.847,1788942299999,futures
1788942300000,2026-09-09T08:25:00.000Z,2026-09-09 16:25,79528.8,79680.6,79506.1,79650.7,1145.023,1788942599999,futures
1788942600000,2026-09-09T08:30:00.000Z,2026-09-09 16:30,79650.7,79660.9,79601,79652.6,411.482,1788942899999,futures
1788942900000,2026-09-09T08:35:00.000Z,2026-09-09 16:35,79652.5,79737.3,79494.8,79587.3,1353.37,1788943199999,futures
1788943200000,2026-09-09T08:40:00.000Z,2026-09-09 16:40,79587.2,79666,79580.2,79609.6,541.721,1788943499999,futures
1788943500000,2026-09-09T08:45:00.000Z,2026-09-09 16:45,79609.7,79638.3,79580,79580.1,249.82,1788943799999,futures
1788943800000,2026-09-09T08:50:00.000Z,2026-09-09 16:50,79580.1,79670,79555,79662,418.103,1788944099999,futures
1788944100000,2026-09-09T08:55:00.000Z,2026-09-09 16:55,79661.9,79673.2,79621.5,79660.5,221.211,1788944399999,futures
1788944400000,2026-09-09T09:00:00.000Z,2026-09-09 17:00,79660.5,79680.3,79578.7,79607.2,416.487,1788944699999,futures
1788944700000,2026-09-09T09:05:00.000Z,2026-09-09 17:05,79607.3,79607.3,79462.8,79462.8,621.577,1788944999999,futures
1788945000000,2026-09-09T09:10:00.000Z,2026-09-09 17:10,79462.8,79507.4,79432.8,79499,411.854,1788945299999,futures
1788945300000,2026-09-09T09:15:00.000Z,2026-09-09 17:15,79499.1,79518.6,79434.5,79453.1,230.579,1788945599999,futures
1788945600000,2026-09-09T09:20:00.000Z,2026-09-09 17:20,79453,79453.1,79414.7,79418,174.147,1788945899999,futures
1788945900000,2026-09-09T09:25:00.000Z,2026-09-09 17:25,79418,79428.2,79376.7,79388,177.296,1788946199999,futures
1788946200000,2026-09-09T09:30:00.000Z,2026-09-09 17:30,79387.9,79407,79333.3,79367.6,582.496,1788946499999,futures
1788946500000,2026-09-09T09:35:00.000Z,2026-09-09 17:35,79367.6,79367.7,79250,79277.1,532.86,1788946799999,futures
1788946800000,2026-09-09T09:40:00.000Z,2026-09-09 17:40,79277,79280,79025.3,79040.1,1569.206,1788947099999,futures
1788947100000,2026-09-09T09:45:00.000Z,2026-09-09 17:45,79040.1,79100.1,78955.1,78976.7,1553.893,1788947399999,futures
1788947400000,2026-09-09T09:50:00.000Z,2026-09-09 17:50,78976.6,79010.6,78925,78928.4,829.194,1788947699999,futures
1788947700000,2026-09-09T09:55:00.000Z,2026-09-09 17:55,78928.4,78955.2,78856.3,78913.1,680.363,1788947999999,futures
1788948000000,2026-09-09T10:00:00.000Z,2026-09-09 18:00,78913.1,79013.5,78913.1,79000,643.754,1788948299999,futures
1788948300000,2026-09-09T10:05:00.000Z,2026-09-09 18:05,78999.9,79013.5,78921.4,78921.8,540.191,1788948599999,futures
1788948600000,2026-09-09T10:10:00.000Z,2026-09-09 18:10,78921.8,79002.9,78900,78960.5,456.334,1788948899999,futures
1788948900000,2026-09-09T10:15:00.000Z,2026-09-09 18:15,78960.6,79024.7,78886.3,79024.7,408.873,1788949199999,futures
1788949200000,2026-09-09T10:20:00.000Z,2026-09-09 18:20,79024.7,79090.9,79020.2,79039.6,395,1788949499999,futures
1788949500000,2026-09-09T10:25:00.000Z,2026-09-09 18:25,79039.5,79084.7,79017.8,79044.8,334.073,1788949799999,futures
1788949800000,2026-09-09T10:30:00.000Z,2026-09-09 18:30,79044.8,79108.2,79030.9,79108.1,316.043,1788950099999,futures
1788950100000,2026-09-09T10:35:00.000Z,2026-09-09 18:35,79108.1,79149.7,79025.3,79116.1,469.064,1788950399999,futures
1788950400000,2026-09-09T10:40:00.000Z,2026-09-09 18:40,79116.1,79119.3,79022.5,79038.3,333.68,1788950699999,futures
1788950700000,2026-09-09T10:45:00.000Z,2026-09-09 18:45,79038.2,79038.3,78962.1,79000,434.339,1788950999999,futures
1788951000000,2026-09-09T10:50:00.000Z,2026-09-09 18:50,79000,79000,78837.2,78847.1,710.47,1788951299999,futures
1788951300000,2026-09-09T10:55:00.000Z,2026-09-09 18:55,78847,78907.2,78837.1,78882.4,249.992,1788951599999,futures
1788951600000,2026-09-09T11:00:00.000Z,2026-09-09 19:00,78882.5,78925,78690.3,78763.2,1024.367,1788951899999,futures
1788951900000,2026-09-09T11:05:00.000Z,2026-09-09 19:05,78763.2,78818.2,78724.6,78818.2,451.125,1788952199999,futures
1788952200000,2026-09-09T11:10:00.000Z,2026-09-09 19:10,78818.2,78889.4,78804.1,78842.9,551.316,1788952499999,futures
1788952500000,2026-09-09T11:15:00.000Z,2026-09-09 19:15,78843,78854.1,78774,78787.4,439.029,1788952799999,futures
1788952800000,2026-09-09T11:20:00.000Z,2026-09-09 19:20,78787.4,78903.9,78773.6,78894.6,276.023,1788953099999,futures
1788953100000,2026-09-09T11:25:00.000Z,2026-09-09 19:25,78894.8,78968.5,78872.1,78963.5,267.974,1788953399999,futures
1788953400000,2026-09-09T11:30:00.000Z,2026-09-09 19:30,78963.5,79078,78925,79043.1,472.914,1788953699999,futures
1788953700000,2026-09-09T11:35:00.000Z,2026-09-09 19:35,79043.1,79053.2,78974.8,79011.6,440.643,1788953999999,futures
1788954000000,2026-09-09T11:40:00.000Z,2026-09-09 19:40,79011.6,79045.2,78956,78989.1,372.372,1788954299999,futures
1788954300000,2026-09-09T11:45:00.000Z,2026-09-09 19:45,78989,79155.2,78989,79120.5,490.485,1788954599999,futures
1788954600000,2026-09-09T11:50:00.000Z,2026-09-09 19:50,79120.6,79346.8,79104.3,79264,1486.591,1788954899999,futures
1788954900000,2026-09-09T11:55:00.000Z,2026-09-09 19:55,79264,79316,79235.9,79281.7,565.363,1788955199999,futures
1788955200000,2026-09-09T12:00:00.000Z,2026-09-09 20:00,79281.6,79372.9,79260.6,79271.4,779.913,1788955499999,futures
1788955500000,2026-09-09T12:05:00.000Z,2026-09-09 20:05,79271.4,79407.5,79233.8,79386.1,784.951,1788955799999,futures
1788955800000,2026-09-09T12:10:00.000Z,2026-09-09 20:10,79386.1,79403.5,79335.9,79346,362.313,1788956099999,futures
1788956100000,2026-09-09T12:15:00.000Z,2026-09-09 20:15,79345.9,79414.8,79272.5,79325.7,490.481,1788956399999,futures
1788956400000,2026-09-09T12:20:00.000Z,2026-09-09 20:20,79325.8,79395.1,79325.8,79348.8,223.784,1788956699999,futures
1788956700000,2026-09-09T12:25:00.000Z,2026-09-09 20:25,79348.9,79370.7,79326.6,79369.3,357,1788956999999,futures
1788957000000,2026-09-09T12:30:00.000Z,2026-09-09 20:30,79369.3,79475,79365,79475,368.45,1788957299999,futures
1788957300000,2026-09-09T12:35:00.000Z,2026-09-09 20:35,79474.9,79537.5,79424.6,79479.6,515.102,1788957599999,futures
1788957600000,2026-09-09T12:40:00.000Z,2026-09-09 20:40,79479.6,79576.4,79460.1,79480.4,712.821,1788957899999,futures
1788957900000,2026-09-09T12:45:00.000Z,2026-09-09 20:45,79480.4,79586.5,79480.4,79586.5,695.19,1788958199999,futures
1788958200000,2026-09-09T12:50:00.000Z,2026-09-09 20:50,79586.4,79635.9,79530.4,79562.5,855.5,1788958499999,futures
1788958500000,2026-09-09T12:55:00.000Z,2026-09-09 20:55,79562.5,79600,79515.4,79566.3,558.024,1788958799999,futures
1788958800000,2026-09-09T13:00:00.000Z,2026-09-09 21:00,79566.4,79589.3,79462.5,79565.4,1057.979,1788959099999,futures
1788959100000,2026-09-09T13:05:00.000Z,2026-09-09 21:05,79565.4,79583.6,79437.8,79490.3,991.441,1788959399999,futures
1788959400000,2026-09-09T13:10:00.000Z,2026-09-09 21:10,79490.2,79495.2,79455,79478.1,449.337,1788959699999,futures
1788959700000,2026-09-09T13:15:00.000Z,2026-09-09 21:15,79478,79488.7,79418.4,79480,367.327,1788959999999,futures
1788960000000,2026-09-09T13:20:00.000Z,2026-09-09 21:20,79480,79574.8,79458.1,79522.9,747.868,1788960299999,futures
1788960300000,2026-09-09T13:25:00.000Z,2026-09-09 21:25,79522.9,79616.6,79505.9,79586,381.04,1788960599999,futures
1788960600000,2026-09-09T13:30:00.000Z,2026-09-09 21:30,79586,79648.1,79474,79624.2,843.615,1788960899999,futures
1788960900000,2026-09-09T13:35:00.000Z,2026-09-09 21:35,79624.2,79624.3,79240.5,79300.5,1515.124,1788961199999,futures
1788961200000,2026-09-09T13:40:00.000Z,2026-09-09 21:40,79300.5,79427.7,79070.1,79211.2,1394.901,1788961499999,futures
1788961500000,2026-09-09T13:45:00.000Z,2026-09-09 21:45,79211.1,79361.1,79173.1,79267.2,766.216,1788961799999,futures
1788961800000,2026-09-09T13:50:00.000Z,2026-09-09 21:50,79267.2,79344,79137.6,79149.8,428.836,1788962099999,futures
1788962100000,2026-09-09T13:55:00.000Z,2026-09-09 21:55,79149.7,79263.6,79070,79104.5,572.146,1788962399999,futures
1788962400000,2026-09-09T14:00:00.000Z,2026-09-09 22:00,79104.5,79119.2,78855.9,79023.8,2792.633,1788962699999,futures
1788962700000,2026-09-09T14:05:00.000Z,2026-09-09 22:05,79023.9,79174.7,78931.3,78950.4,2092.043,1788962999999,futures
1788963000000,2026-09-09T14:10:00.000Z,2026-09-09 22:10,78950.5,79061.2,78864.9,79049.7,910.137,1788963299999,futures
1788963300000,2026-09-09T14:15:00.000Z,2026-09-09 22:15,79049.7,79058.2,78904.3,78933.7,691.354,1788963599999,futures
1788963600000,2026-09-09T14:20:00.000Z,2026-09-09 22:20,78933.7,78983.4,78845,78900.1,903.866,1788963899999,futures
1788963900000,2026-09-09T14:25:00.000Z,2026-09-09 22:25,78900,79240,78876.8,79240,1274.298,1788964199999,futures
1788964200000,2026-09-09T14:30:00.000Z,2026-09-09 22:30,79239.9,79314,79190,79267,810.535,1788964499999,futures
1788964500000,2026-09-09T14:35:00.000Z,2026-09-09 22:35,79266.9,79380,79197.1,79223.4,815.392,1788964799999,futures
1788964800000,2026-09-09T14:40:00.000Z,2026-09-09 22:40,79223.3,79233.3,78924.9,78968.3,647.318,1788965099999,futures
1788965100000,2026-09-09T14:45:00.000Z,2026-09-09 22:45,78968.2,79104,78901,79104,685.42,1788965399999,futures
1788965400000,2026-09-09T14:50:00.000Z,2026-09-09 22:50,79104,79104,78878.5,78878.5,658.953,1788965699999,futures
1788965700000,2026-09-09T14:55:00.000Z,2026-09-09 22:55,78878.5,78932.2,78864.7,78932.2,694.385,1788965999999,futures
1788966000000,2026-09-09T15:00:00.000Z,2026-09-09 23:00,78932.1,79363.8,78607.4,78775,4738.61,1788966299999,futures
1788966300000,2026-09-09T15:05:00.000Z,2026-09-09 23:05,78775,78888,78420.7,78584.5,3241.635,1788966599999,futures
1788966600000,2026-09-09T15:10:00.000Z,2026-09-09 23:10,78584.5,78644.1,78213.1,78441,4274.355,1788966899999,futures
1788966900000,2026-09-09T15:15:00.000Z,2026-09-09 23:15,78441.1,78596.7,78395.6,78500,1414.137,1788967199999,futures
1788967200000,2026-09-09T15:20:00.000Z,2026-09-09 23:20,78499.9,78526.2,78020,78039.4,2879.485,1788967499999,futures
1788967500000,2026-09-09T15:25:00.000Z,2026-09-09 23:25,78039.4,78371.6,78023.8,78344.1,2487.35,1788967799999,futures
1788967800000,2026-09-09T15:30:00.000Z,2026-09-09 23:30,78344,78582.5,78303.1,78582.5,1646.462,1788968099999,futures
1788968100000,2026-09-09T15:35:00.000Z,2026-09-09 23:35,78582.5,78716.7,78521.5,78701.8,1598.529,1788968399999,futures
1788968400000,2026-09-09T15:40:00.000Z,2026-09-09 23:40,78701.8,78719.4,78586.9,78615,585.51,1788968699999,futures
1788968700000,2026-09-09T15:45:00.000Z,2026-09-09 23:45,78615,78654.9,78522.2,78585.6,540.742,1788968999999,futures
1788969000000,2026-09-09T15:50:00.000Z,2026-09-09 23:50,78585.5,78656,78526,78656,493.145,1788969299999,futures
1788969300000,2026-09-09T15:55:00.000Z,2026-09-09 23:55,78656,78661.8,78556.5,78570,325.224,1788969599999,futures
1788969600000,2026-09-09T16:00:00.000Z,2026-09-10 00:00,78569.9,78759.5,78537.7,78711.1,545.995,1788969899999,futures
1788969900000,2026-09-09T16:05:00.000Z,2026-09-10 00:05,78711,78750.2,78468.2,78469.2,801.13,1788970199999,futures
1788970200000,2026-09-09T16:10:00.000Z,2026-09-10 00:10,78469.2,78650,78462.6,78635.2,552.247,1788970499999,futures
1788970500000,2026-09-09T16:15:00.000Z,2026-09-10 00:15,78635.3,78635.3,78468.1,78521.5,403.387,1788970799999,futures
1788970800000,2026-09-09T16:20:00.000Z,2026-09-10 00:20,78521.4,78616.3,78411.3,78476.3,423.066,1788971099999,futures
1788971100000,2026-09-09T16:25:00.000Z,2026-09-10 00:25,78476.4,78638.5,78476.4,78608.8,439.366,1788971399999,futures
1788971400000,2026-09-09T16:30:00.000Z,2026-09-10 00:30,78608.8,78942.1,78608.8,78847.1,1791.332,1788971699999,futures
1788971700000,2026-09-09T16:35:00.000Z,2026-09-10 00:35,78847.1,78859,78746.8,78778.4,683.013,1788971999999,futures
1788972000000,2026-09-09T16:40:00.000Z,2026-09-10 00:40,78778.4,78778.4,78722,78773.8,329.035,1788972299999,futures
1788972300000,2026-09-09T16:45:00.000Z,2026-09-10 00:45,78773.8,78773.8,78715.8,78715.8,197.929,1788972599999,futures
1788972600000,2026-09-09T16:50:00.000Z,2026-09-10 00:50,78715.8,78747.3,78703.8,78703.9,141.711,1788972899999,futures
1788972900000,2026-09-09T16:55:00.000Z,2026-09-10 00:55,78703.8,78786,78702,78769.6,348.808,1788973199999,futures
1788973200000,2026-09-09T17:00:00.000Z,2026-09-10 01:00,78769.6,78807.1,78698.8,78704,409.838,1788973499999,futures
1788973500000,2026-09-09T17:05:00.000Z,2026-09-10 01:05,78703.9,78784.3,78688.1,78760.8,233.924,1788973799999,futures
1788973800000,2026-09-09T17:10:00.000Z,2026-09-10 01:10,78760.8,78888,78742.1,78837.7,403.304,1788974099999,futures
1788974100000,2026-09-09T17:15:00.000Z,2026-09-10 01:15,78837.7,78861,78773.1,78794.9,436.23,1788974399999,futures
1788974400000,2026-09-09T17:20:00.000Z,2026-09-10 01:20,78794.8,78821.2,78756.2,78821.2,109.775,1788974699999,futures
1788974700000,2026-09-09T17:25:00.000Z,2026-09-10 01:25,78821.1,78902.3,78813.4,78821.9,301.985,1788974999999,futures
1788975000000,2026-09-09T17:30:00.000Z,2026-09-10 01:30,78821.9,78835.8,78736.4,78770.6,253.07,1788975299999,futures
1788975300000,2026-09-09T17:35:00.000Z,2026-09-10 01:35,78770.9,78833.5,78699.3,78699.3,371.737,1788975599999,futures
1788975600000,2026-09-09T17:40:00.000Z,2026-09-10 01:40,78699.3,78725.5,78650.2,78667.3,793.716,1788975899999,futures
1788975900000,2026-09-09T17:45:00.000Z,2026-09-10 01:45,78667.3,78729.6,78616,78729.5,868.878,1788976199999,futures
1788976200000,2026-09-09T17:50:00.000Z,2026-09-10 01:50,78729.5,78767.4,78666.5,78767.4,257.182,1788976499999,futures
1788976500000,2026-09-09T17:55:00.000Z,2026-09-10 01:55,78767.4,78787.2,78735.2,78737.9,183.64,1788976799999,futures
1788976800000,2026-09-09T18:00:00.000Z,2026-09-10 02:00,78737.9,78760.2,78699.3,78705.6,208.387,1788977099999,futures
1788977100000,2026-09-09T18:05:00.000Z,2026-09-10 02:05,78705.5,78738.9,78625.6,78646.1,142.076,1788977399999,futures
1788977400000,2026-09-09T18:10:00.000Z,2026-09-10 02:10,78646.1,78649.7,78562.6,78574.8,288.466,1788977699999,futures
1788977700000,2026-09-09T18:15:00.000Z,2026-09-10 02:15,78574.9,78599.3,78546.6,78546.6,139.009,1788977999999,futures
1788978000000,2026-09-09T18:20:00.000Z,2026-09-10 02:20,78546.6,78614.4,78532.9,78562.7,273.851,1788978299999,futures
1788978300000,2026-09-09T18:25:00.000Z,2026-09-10 02:25,78562.7,78594.6,78545.7,78594.6,208.903,1788978599999,futures
1788978600000,2026-09-09T18:30:00.000Z,2026-09-10 02:30,78594.5,78615.5,78544,78555.7,147.419,1788978899999,futures
1788978900000,2026-09-09T18:35:00.000Z,2026-09-10 02:35,78555.6,78555.7,78500,78502.5,471.186,1788979199999,futures
1788979200000,2026-09-09T18:40:00.000Z,2026-09-10 02:40,78502.3,78525.2,78456.9,78504.4,370.265,1788979499999,futures
1788979500000,2026-09-09T18:45:00.000Z,2026-09-10 02:45,78504.4,78507.7,78445.5,78500,361.919,1788979799999,futures
1788979800000,2026-09-09T18:50:00.000Z,2026-09-10 02:50,78500,78534,78389.1,78390.9,534.901,1788980099999,futures
1788980100000,2026-09-09T18:55:00.000Z,2026-09-10 02:55,78391,78461.2,78357.8,78383.9,421.112,1788980399999,futures
1788980400000,2026-09-09T19:00:00.000Z,2026-09-10 03:00,78383.9,78456.3,78346,78356.1,871.504,1788980699999,futures
1788980700000,2026-09-09T19:05:00.000Z,2026-09-10 03:05,78356.1,78412.9,78304.6,78361.8,442.551,1788980999999,futures
1788981000000,2026-09-09T19:10:00.000Z,2026-09-10 03:10,78361.8,78456.9,78355.7,78450.1,219.834,1788981299999,futures
1788981300000,2026-09-09T19:15:00.000Z,2026-09-10 03:15,78450.2,78496.6,78435,78488.2,248.733,1788981599999,futures
1788981600000,2026-09-09T19:20:00.000Z,2026-09-10 03:20,78488.2,78549.5,78462.9,78536,238.273,1788981899999,futures
1788981900000,2026-09-09T19:25:00.000Z,2026-09-10 03:25,78536,78536,78492.1,78494.4,152.182,1788982199999,futures
1788982200000,2026-09-09T19:30:00.000Z,2026-09-10 03:30,78494.4,78516.4,78463.9,78497.3,145.154,1788982499999,futures
1788982500000,2026-09-09T19:35:00.000Z,2026-09-10 03:35,78497.3,78503.4,78308,78308.1,498.983,1788982799999,futures
1788982800000,2026-09-09T19:40:00.000Z,2026-09-10 03:40,78308.1,78348.4,78254,78264.9,464.529,1788983099999,futures
1788983100000,2026-09-09T19:45:00.000Z,2026-09-10 03:45,78265,78300.9,78252.9,78300.9,214.519,1788983399999,futures
1788983400000,2026-09-09T19:50:00.000Z,2026-09-10 03:50,78300.9,78300.9,78112,78195.1,914.649,1788983699999,futures
1788983700000,2026-09-09T19:55:00.000Z,2026-09-10 03:55,78195.1,78205,78150,78194.4,315.507,1788983999999,futures
1788984000000,2026-09-09T20:00:00.000Z,2026-09-10 04:00,78194.4,78242.5,78147.8,78159.6,336.183,1788984299999,futures
1788984300000,2026-09-09T20:05:00.000Z,2026-09-10 04:05,78159.7,78236,78150.9,78230.1,269.755,1788984599999,futures
1788984600000,2026-09-09T20:10:00.000Z,2026-09-10 04:10,78230.2,78265.2,78190.9,78216.5,203.872,1788984899999,futures
1788984900000,2026-09-09T20:15:00.000Z,2026-09-10 04:15,78216.4,78302.8,78203,78228,339.234,1788985199999,futures
1788985200000,2026-09-09T20:20:00.000Z,2026-09-10 04:20,78228,78228.1,78101.6,78177.3,388.94,1788985499999,futures
1788985500000,2026-09-09T20:25:00.000Z,2026-09-10 04:25,78177.3,78202.5,77884.7,78069.3,1665.465,1788985799999,futures
1788985800000,2026-09-09T20:30:00.000Z,2026-09-10 04:30,78069.2,78247.7,78061.1,78206.7,600.338,1788986099999,futures
1788986100000,2026-09-09T20:35:00.000Z,2026-09-10 04:35,78206.7,78275.9,78196.3,78271.2,248.764,1788986399999,futures
1788986400000,2026-09-09T20:40:00.000Z,2026-09-10 04:40,78271.2,78279.1,78190.3,78241.4,212.828,1788986699999,futures
1788986700000,2026-09-09T20:45:00.000Z,2026-09-10 04:45,78241.4,78245.9,78064.1,78073.3,260.834,1788986999999,futures
1788987000000,2026-09-09T20:50:00.000Z,2026-09-10 04:50,78073.4,78217.6,78059.3,78166.6,348.571,1788987299999,futures
1788987300000,2026-09-09T20:55:00.000Z,2026-09-10 04:55,78166.6,78295,78166.6,78282,378.613,1788987599999,futures
1788987600000,2026-09-09T21:00:00.000Z,2026-09-10 05:00,78281.9,78282,78205.7,78282,282.976,1788987899999,futures
1788987900000,2026-09-09T21:05:00.000Z,2026-09-10 05:05,78282,78307.7,78226,78230.7,176.467,1788988199999,futures
1788988200000,2026-09-09T21:10:00.000Z,2026-09-10 05:10,78230.8,78235.2,78131.8,78210.6,179.065,1788988499999,futures
1788988500000,2026-09-09T21:15:00.000Z,2026-09-10 05:15,78210.7,78211.8,78100.1,78150,214.777,1788988799999,futures
1788988800000,2026-09-09T21:20:00.000Z,2026-09-10 05:20,78150,78212.2,78093.5,78211.9,229.607,1788989099999,futures
1788989100000,2026-09-09T21:25:00.000Z,2026-09-10 05:25,78211.9,78262,78196.6,78247,132.654,1788989399999,futures
1788989400000,2026-09-09T21:30:00.000Z,2026-09-10 05:30,78247,78247,78140,78140,145.228,1788989699999,futures
1788989700000,2026-09-09T21:35:00.000Z,2026-09-10 05:35,78140,78206.8,78104,78200.9,168.599,1788989999999,futures
1788990000000,2026-09-09T21:40:00.000Z,2026-09-10 05:40,78201,78238.2,78195.5,78210.1,188.449,1788990299999,futures
1788990300000,2026-09-09T21:45:00.000Z,2026-09-10 05:45,78210,78210.1,78059.8,78059.9,254.859,1788990599999,futures
1788990600000,2026-09-09T21:50:00.000Z,2026-09-10 05:50,78059.8,78093.3,77946.9,78093.3,490.562,1788990899999,futures
1788990900000,2026-09-09T21:55:00.000Z,2026-09-10 05:55,78093.2,78113.4,78028.8,78109.8,163.749,1788991199999,futures
1788991200000,2026-09-09T22:00:00.000Z,2026-09-10 06:00,78109.8,78160,77995.6,78042.6,313.012,1788991499999,futures
1788991500000,2026-09-09T22:05:00.000Z,2026-09-10 06:05,78042.6,78048.1,77720.9,77812.7,2175.582,1788991799999,futures
1788991800000,2026-09-09T22:10:00.000Z,2026-09-10 06:10,77812.7,77940.2,77812.5,77824.7,681.022,1788992099999,futures
1788992100000,2026-09-09T22:15:00.000Z,2026-09-10 06:15,77824.8,77930.1,77706.1,77927.4,1027.16,1788992399999,futures
1788992400000,2026-09-09T22:20:00.000Z,2026-09-10 06:20,77927.4,78008.2,77927.3,78008.2,343.324,1788992699999,futures
1788992700000,2026-09-09T22:25:00.000Z,2026-09-10 06:25,78008.2,78024.8,77977,77994.6,215.514,1788992999999,futures
1788993000000,2026-09-09T22:30:00.000Z,2026-09-10 06:30,77994.6,77996,77922,77952.1,250.026,1788993299999,futures
1788993300000,2026-09-09T22:35:00.000Z,2026-09-10 06:35,77952,78015.6,77894.4,77999.8,317.7,1788993599999,futures
1788993600000,2026-09-09T22:40:00.000Z,2026-09-10 06:40,77999.8,78023.4,77943.6,77999.6,249.222,1788993899999,futures
1788993900000,2026-09-09T22:45:00.000Z,2026-09-10 06:45,77999.6,78015.2,77969.3,77970,499.505,1788994199999,futures
1788994200000,2026-09-09T22:50:00.000Z,2026-09-10 06:50,77970,78002.3,77909.9,77926.8,401.608,1788994499999,futures
1788994500000,2026-09-09T22:55:00.000Z,2026-09-10 06:55,77926.8,77931.5,77874.6,77885.1,444.657,1788994799999,futures
1788994800000,2026-09-09T23:00:00.000Z,2026-09-10 07:00,77885.2,78100.5,77880,78091.3,521.777,1788995099999,futures
1788995100000,2026-09-09T23:05:00.000Z,2026-09-10 07:05,78091.3,78153.2,78077.8,78150,470.19,1788995399999,futures
1788995400000,2026-09-09T23:10:00.000Z,2026-09-10 07:10,78150.1,78170.2,78092.1,78116.8,310.499,1788995699999,futures
1788995700000,2026-09-09T23:15:00.000Z,2026-09-10 07:15,78116.8,78136.4,78058.2,78131,205.67,1788995999999,futures
1788996000000,2026-09-09T23:20:00.000Z,2026-09-10 07:20,78131.1,78142.4,78063,78085.1,159.335,1788996299999,futures
1788996300000,2026-09-09T23:25:00.000Z,2026-09-10 07:25,78085.2,78155.4,78082.7,78154.5,162.208,1788996599999,futures
1788996600000,2026-09-09T23:30:00.000Z,2026-09-10 07:30,78154.5,78208.2,78136.2,78201,287.348,1788996899999,futures
1788996900000,2026-09-09T23:35:00.000Z,2026-09-10 07:35,78201.1,78230.1,78181.3,78199.7,386.23,1788997199999,futures
1788997200000,2026-09-09T23:40:00.000Z,2026-09-10 07:40,78199.7,78199.7,78179,78187.6,99.142,1788997499999,futures
1788997500000,2026-09-09T23:45:00.000Z,2026-09-10 07:45,78187.5,78231,78183.2,78231,155.364,1788997799999,futures
1788997800000,2026-09-09T23:50:00.000Z,2026-09-10 07:50,78231,78256.4,78222.9,78256.4,237.001,1788998099999,futures
1788998100000,2026-09-09T23:55:00.000Z,2026-09-10 07:55,78256.4,78287.1,78222.9,78264.1,327.363,1788998399999,futures
1788998400000,2026-09-10T00:00:00.000Z,2026-09-10 08:00,78264,78323.3,78244.2,78317,461.412,1788998699999,futures
1788998700000,2026-09-10T00:05:00.000Z,2026-09-10 08:05,78317.1,78371.9,78270.9,78281.7,414.174,1788998999999,futures
1788999000000,2026-09-10T00:10:00.000Z,2026-09-10 08:10,78281.8,78336.4,78227.1,78236,850.737,1788999299999,futures
1788999300000,2026-09-10T00:15:00.000Z,2026-09-10 08:15,78236.1,78269.3,78222.1,78222.1,136.488,1788999599999,futures
1788999600000,2026-09-10T00:20:00.000Z,2026-09-10 08:20,78222.1,78294.3,78179.6,78249.4,369.377,1788999899999,futures
1788999900000,2026-09-10T00:25:00.000Z,2026-09-10 08:25,78249.3,78304.7,78211.9,78291.6,522.127,1789000199999,futures
1789000200000,2026-09-10T00:30:00.000Z,2026-09-10 08:30,78291.6,78291.7,78140,78225,317.813,1789000499999,futures
1789000500000,2026-09-10T00:35:00.000Z,2026-09-10 08:35,78225,78282.4,78209.6,78218.4,153.758,1789000799999,futures
1789000800000,2026-09-10T00:40:00.000Z,2026-09-10 08:40,78218.3,78218.3,78130,78130,189.149,1789001099999,futures
1789001100000,2026-09-10T00:45:00.000Z,2026-09-10 08:45,78130.1,78222.3,78100,78135,245.902,1789001399999,futures
1789001400000,2026-09-10T00:50:00.000Z,2026-09-10 08:50,78135,78189.5,78092.2,78109.1,405.699,1789001699999,futures
1789001700000,2026-09-10T00:55:00.000Z,2026-09-10 08:55,78109.2,78165.2,78062.3,78137.6,666.097,1789001999999,futures
1789002000000,2026-09-10T01:00:00.000Z,2026-09-10 09:00,78137.5,78268.4,78129,78268.4,396.467,1789002299999,futures
1789002300000,2026-09-10T01:05:00.000Z,2026-09-10 09:05,78268.3,78482.6,78268.3,78392.1,881.931,1789002599999,futures
1789002600000,2026-09-10T01:10:00.000Z,2026-09-10 09:10,78392.1,78403.1,78266.5,78304.9,418.084,1789002899999,futures
1789002900000,2026-09-10T01:15:00.000Z,2026-09-10 09:15,78304.8,78311.4,78131.5,78251.6,392.537,1789003199999,futures
1789003200000,2026-09-10T01:20:00.000Z,2026-09-10 09:20,78251.5,78251.6,78129,78211.7,229.506,1789003499999,futures
1789003500000,2026-09-10T01:25:00.000Z,2026-09-10 09:25,78211.6,78212.9,78131.3,78131.4,106.83,1789003799999,futures
1789003800000,2026-09-10T01:30:00.000Z,2026-09-10 09:30,78131.3,78172.5,78003.9,78006.9,477.926,1789004099999,futures
1789004100000,2026-09-10T01:35:00.000Z,2026-09-10 09:35,78006.8,78006.8,77912.2,77930,544.773,1789004399999,futures
1789004400000,2026-09-10T01:40:00.000Z,2026-09-10 09:40,77930,78217.1,77929.9,78141.4,1259.018,1789004699999,futures
1789004700000,2026-09-10T01:45:00.000Z,2026-09-10 09:45,78141.4,78141.4,78024.5,78063.1,719.831,1789004999999,futures
1789005000000,2026-09-10T01:50:00.000Z,2026-09-10 09:50,78063.1,78076.2,77958.4,77988,407.411,1789005299999,futures
1789005300000,2026-09-10T01:55:00.000Z,2026-09-10 09:55,77987.9,78108.1,77969.5,78061,433.793,1789005599999,futures
1789005600000,2026-09-10T02:00:00.000Z,2026-09-10 10:00,78061.1,78071.3,77987.4,77987.4,336.972,1789005899999,futures
1789005900000,2026-09-10T02:05:00.000Z,2026-09-10 10:05,77987.5,78056.6,77972.6,78012.2,215.744,1789006199999,futures
1789006200000,2026-09-10T02:10:00.000Z,2026-09-10 10:10,78012.2,78044,77974.4,78016,266.159,1789006499999,futures
1789006500000,2026-09-10T02:15:00.000Z,2026-09-10 10:15,78016,78031.2,77958,78022,242.213,1789006799999,futures
1789006800000,2026-09-10T02:20:00.000Z,2026-09-10 10:20,78022,78039.4,77965.1,77965.1,246.283,1789007099999,futures
1789007100000,2026-09-10T02:25:00.000Z,2026-09-10 10:25,77965,77995.6,77951.5,77991,329.686,1789007399999,futures
1789007400000,2026-09-10T02:30:00.000Z,2026-09-10 10:30,77991,78130.8,77973.6,78130.7,355.476,1789007699999,futures
1789007700000,2026-09-10T02:35:00.000Z,2026-09-10 10:35,78130.8,78189,78094.9,78150.9,434.668,1789007999999,futures
1789008000000,2026-09-10T02:40:00.000Z,2026-09-10 10:40,78150.9,78238.7,78142.9,78230.5,286.282,1789008299999,futures
1789008300000,2026-09-10T02:45:00.000Z,2026-09-10 10:45,78230.4,78286.7,78222.4,78286.5,224.951,1789008599999,futures
1789008600000,2026-09-10T02:50:00.000Z,2026-09-10 10:50,78286.5,78332.4,78253.7,78332.4,357.439,1789008899999,futures
1789008900000,2026-09-10T02:55:00.000Z,2026-09-10 10:55,78332.3,78340,78290.8,78323.7,335.477,1789009199999,futures
1789009200000,2026-09-10T03:00:00.000Z,2026-09-10 11:00,78323.7,78543.9,78303.7,78480.1,1727.46,1789009499999,futures
1789009500000,2026-09-10T03:05:00.000Z,2026-09-10 11:05,78480,78480.1,78373.3,78381.8,619.805,1789009799999,futures
1789009800000,2026-09-10T03:10:00.000Z,2026-09-10 11:10,78381.8,78397,78341.2,78350,282.145,1789010099999,futures
1789010100000,2026-09-10T03:15:00.000Z,2026-09-10 11:15,78350,78356.9,78301.5,78329.9,354.505,1789010399999,futures
1789010400000,2026-09-10T03:20:00.000Z,2026-09-10 11:20,78330,78368,78283,78303.6,287.55,1789010699999,futures
1789010700000,2026-09-10T03:25:00.000Z,2026-09-10 11:25,78303.6,78374.1,78274.6,78364.1,432.648,1789010999999,futures
1789011000000,2026-09-10T03:30:00.000Z,2026-09-10 11:30,78364.2,78429,78332,78361.8,258.706,1789011299999,futures
1789011300000,2026-09-10T03:35:00.000Z,2026-09-10 11:35,78361.8,78362.1,78300,78327.7,192.597,1789011599999,futures
1789011600000,2026-09-10T03:40:00.000Z,2026-09-10 11:40,78327.6,78369.8,78299,78342,266.939,1789011899999,futures
1789011900000,2026-09-10T03:45:00.000Z,2026-09-10 11:45,78341.9,78419.6,78340.6,78419.6,95.841,1789012199999,futures
1789012200000,2026-09-10T03:50:00.000Z,2026-09-10 11:50,78419.5,78419.6,78302.7,78311.3,231.538,1789012499999,futures
1789012500000,2026-09-10T03:55:00.000Z,2026-09-10 11:55,78311.3,78311.4,78242.6,78297.4,251.161,1789012799999,futures
1789012800000,2026-09-10T04:00:00.000Z,2026-09-10 12:00,78297.4,78326.3,78272.1,78326.2,134.029,1789013099999,futures
1789013100000,2026-09-10T04:05:00.000Z,2026-09-10 12:05,78326.2,78372.9,78326.2,78349,216.287,1789013399999,futures
1789013400000,2026-09-10T04:10:00.000Z,2026-09-10 12:10,78348.9,78354.2,78310,78311.8,171.464,1789013699999,futures
1789013700000,2026-09-10T04:15:00.000Z,2026-09-10 12:15,78311.7,78382.1,78311.7,78382.1,146.575,1789013999999,futures
1789014000000,2026-09-10T04:20:00.000Z,2026-09-10 12:20,78382,78400,78338,78349.4,179.935,1789014299999,futures
1789014300000,2026-09-10T04:25:00.000Z,2026-09-10 12:25,78349.4,78388.1,78334.7,78351.1,132.774,1789014599999,futures
1789014600000,2026-09-10T04:30:00.000Z,2026-09-10 12:30,78351.1,78380.4,78341.6,78376.8,85.751,1789014899999,futures
1789014900000,2026-09-10T04:35:00.000Z,2026-09-10 12:35,78376.7,78379.7,78321.1,78328,188.602,1789015199999,futures
1789015200000,2026-09-10T04:40:00.000Z,2026-09-10 12:40,78328,78338,78304.1,78304.1,129.515,1789015499999,futures
1789015500000,2026-09-10T04:45:00.000Z,2026-09-10 12:45,78304.1,78341.9,78304.1,78319.5,134.992,1789015799999,futures
1789015800000,2026-09-10T04:50:00.000Z,2026-09-10 12:50,78319.5,78334.6,78270,78310.6,166.225,1789016099999,futures
1789016100000,2026-09-10T04:55:00.000Z,2026-09-10 12:55,78310.7,78410.8,78292.9,78376.2,244.996,1789016399999,futures
1789016400000,2026-09-10T05:00:00.000Z,2026-09-10 13:00,78376.2,78395.3,78250,78254.1,333.936,1789016699999,futures
1789016700000,2026-09-10T05:05:00.000Z,2026-09-10 13:05,78254.1,78300,78245.8,78289.8,168.45,1789016999999,futures
1789017000000,2026-09-10T05:10:00.000Z,2026-09-10 13:10,78289.8,78468.1,78289.8,78443.4,447.692,1789017299999,futures
1789017300000,2026-09-10T05:15:00.000Z,2026-09-10 13:15,78443.4,78444.8,78348.3,78362.3,165.293,1789017599999,futures
1789017600000,2026-09-10T05:20:00.000Z,2026-09-10 13:20,78362.3,78364.8,78330,78352.8,152.588,1789017899999,futures
1789017900000,2026-09-10T05:25:00.000Z,2026-09-10 13:25,78352.8,78487.9,78329.8,78444.1,421.83,1789018199999,futures
1789018200000,2026-09-10T05:30:00.000Z,2026-09-10 13:30,78444.1,78492,78432.4,78445.8,592.845,1789018499999,futures
1789018500000,2026-09-10T05:35:00.000Z,2026-09-10 13:35,78445.8,78488.7,78420.6,78420.6,156.19,1789018799999,futures
1789018800000,2026-09-10T05:40:00.000Z,2026-09-10 13:40,78420.6,78420.7,78372.9,78390,94.867,1789019099999,futures
1789019100000,2026-09-10T05:45:00.000Z,2026-09-10 13:45,78390,78408.5,78376.9,78382.5,103.761,1789019399999,futures
1789019400000,2026-09-10T05:50:00.000Z,2026-09-10 13:50,78382.3,78515.2,78382.2,78502.1,702.372,1789019699999,futures
1789019700000,2026-09-10T05:55:00.000Z,2026-09-10 13:55,78502.1,78542,78449.3,78503.4,707.888,1789019999999,futures
1789020000000,2026-09-10T06:00:00.000Z,2026-09-10 14:00,78503.5,78510,78413.8,78413.8,197.756,1789020299999,futures
1789020300000,2026-09-10T06:05:00.000Z,2026-09-10 14:05,78413.8,78432,78379.9,78384.9,213.32,1789020599999,futures
1789020600000,2026-09-10T06:10:00.000Z,2026-09-10 14:10,78384.9,78384.9,78270,78279,327.453,1789020899999,futures
1789020900000,2026-09-10T06:15:00.000Z,2026-09-10 14:15,78278.9,78279,78127.7,78194.2,685.67,1789021199999,futures
1789021200000,2026-09-10T06:20:00.000Z,2026-09-10 14:20,78194.2,78205.5,78150,78191.1,308.232,1789021499999,futures
1789021500000,2026-09-10T06:25:00.000Z,2026-09-10 14:25,78191.2,78205.5,78173.7,78181.5,411.958,1789021799999,futures
1789021800000,2026-09-10T06:30:00.000Z,2026-09-10 14:30,78181.4,78200.1,78125,78125.3,379.066,1789022099999,futures
1789022100000,2026-09-10T06:35:00.000Z,2026-09-10 14:35,78125.2,78170.4,78122.2,78165.1,363.748,1789022399999,futures
1789022400000,2026-09-10T06:40:00.000Z,2026-09-10 14:40,78165.1,78233.6,78153.4,78165.9,311.222,1789022699999,futures
1789022700000,2026-09-10T06:45:00.000Z,2026-09-10 14:45,78166,78425,78165.9,78424.9,665.52,1789022999999,futures
1789023000000,2026-09-10T06:50:00.000Z,2026-09-10 14:50,78424.9,78496.1,78380,78394,552.726,1789023299999,futures
1789023300000,2026-09-10T06:55:00.000Z,2026-09-10 14:55,78393.9,78442.3,78383,78388.7,289.036,1789023599999,futures
1789023600000,2026-09-10T07:00:00.000Z,2026-09-10 15:00,78388.8,78393.9,78219.1,78229.9,700.169,1789023899999,futures
1789023900000,2026-09-10T07:05:00.000Z,2026-09-10 15:05,78229.9,78229.9,78120.8,78168,1120.606,1789024199999,futures
1789024200000,2026-09-10T07:10:00.000Z,2026-09-10 15:10,78167.9,78200.1,78161,78180.1,126.918,1789024499999,futures
1789024500000,2026-09-10T07:15:00.000Z,2026-09-10 15:15,78180.1,78186.8,78138,78159.8,266.455,1789024799999,futures
1789024800000,2026-09-10T07:20:00.000Z,2026-09-10 15:20,78159.9,78159.9,78052,78057.3,627.979,1789025099999,futures
1789025100000,2026-09-10T07:25:00.000Z,2026-09-10 15:25,78057.2,78070,77983.3,77986.5,601.51,1789025399999,futures
1789025400000,2026-09-10T07:30:00.000Z,2026-09-10 15:30,77986.4,78011.5,77867.5,77897.2,1122.912,1789025699999,futures
1789025700000,2026-09-10T07:35:00.000Z,2026-09-10 15:35,77897.2,77953.3,77875.3,77932.1,710.487,1789025999999,futures
1789026000000,2026-09-10T07:40:00.000Z,2026-09-10 15:40,77932,77985.7,77910.5,77980.9,533.072,1789026299999,futures
1789026300000,2026-09-10T07:45:00.000Z,2026-09-10 15:45,77980.9,78031.5,77973.3,78031.5,409.095,1789026599999,futures
1789026600000,2026-09-10T07:50:00.000Z,2026-09-10 15:50,78031.5,78119.9,78029.9,78095.3,521.166,1789026899999,futures
1789026900000,2026-09-10T07:55:00.000Z,2026-09-10 15:55,78095.5,78099,78050,78071.1,321.999,1789027199999,futures
1789027200000,2026-09-10T08:00:00.000Z,2026-09-10 16:00,78071,78118.5,78051.5,78082,302.418,1789027499999,futures
1789027500000,2026-09-10T08:05:00.000Z,2026-09-10 16:05,78082,78122.3,78061.2,78100,421.06,1789027799999,futures
1789027800000,2026-09-10T08:10:00.000Z,2026-09-10 16:10,78100,78105.9,78020.3,78039.9,198.257,1789028099999,futures
1789028100000,2026-09-10T08:15:00.000Z,2026-09-10 16:15,78040,78058,78000.7,78035.7,268.52,1789028399999,futures
1789028400000,2026-09-10T08:20:00.000Z,2026-09-10 16:20,78035.6,78126.4,78034.3,78118.6,199.061,1789028699999,futures
1789028700000,2026-09-10T08:25:00.000Z,2026-09-10 16:25,78118.6,78133.8,78053.8,78130.5,216.199,1789028999999,futures
1789029000000,2026-09-10T08:30:00.000Z,2026-09-10 16:30,78130.5,78132.8,77991.3,78076,270.23,1789029299999,futures
1789029300000,2026-09-10T08:35:00.000Z,2026-09-10 16:35,78076,78118,78063.1,78074.4,144.269,1789029599999,futures
1789029600000,2026-09-10T08:40:00.000Z,2026-09-10 16:40,78074.3,78092.2,78028.8,78073,154.248,1789029899999,futures
1789029900000,2026-09-10T08:45:00.000Z,2026-09-10 16:45,78073,78089.6,78050,78063.1,100.29,1789030199999,futures
1789030200000,2026-09-10T08:50:00.000Z,2026-09-10 16:50,78063.1,78136.2,78059.3,78127.3,457.326,1789030499999,futures
1789030500000,2026-09-10T08:55:00.000Z,2026-09-10 16:55,78127.3,78127.3,78068.1,78072.8,59.104,1789030799999,futures
1789030800000,2026-09-10T09:00:00.000Z,2026-09-10 17:00,78072.9,78155.4,78072.8,78138.7,175.593,1789031099999,futures
1789031100000,2026-09-10T09:05:00.000Z,2026-09-10 17:05,78140,78186.5,78073.6,78078.7,281.169,1789031399999,futures
1789031400000,2026-09-10T09:10:00.000Z,2026-09-10 17:10,78078.7,78121.2,78078.7,78121.1,73.376,1789031699999,futures
1789031700000,2026-09-10T09:15:00.000Z,2026-09-10 17:15,78121.2,78169.4,78108.7,78153.5,109.766,1789031999999,futures
1789032000000,2026-09-10T09:20:00.000Z,2026-09-10 17:20,78153.5,78170,78126.6,78150.5,220.481,1789032299999,futures
1789032300000,2026-09-10T09:25:00.000Z,2026-09-10 17:25,78150.5,78195.7,78116.8,78174.6,211.295,1789032599999,futures
1789032600000,2026-09-10T09:30:00.000Z,2026-09-10 17:30,78174.6,78174.6,78040,78094.5,242.907,1789032899999,futures
1789032900000,2026-09-10T09:35:00.000Z,2026-09-10 17:35,78094.5,78097.5,77967.6,77970,534.385,1789033199999,futures
1789033200000,2026-09-10T09:40:00.000Z,2026-09-10 17:40,77970,77971.4,77893.6,77932,757.52,1789033499999,futures
1789033500000,2026-09-10T09:45:00.000Z,2026-09-10 17:45,77932,77969.3,77920,77966.5,188.03,1789033799999,futures
1789033800000,2026-09-10T09:50:00.000Z,2026-09-10 17:50,77966.6,77997.5,77941.8,77967.3,295.096,1789034099999,futures
1789034100000,2026-09-10T09:55:00.000Z,2026-09-10 17:55,77967.3,77978.6,77920.8,77964.1,204.361,1789034399999,futures
1789034400000,2026-09-10T10:00:00.000Z,2026-09-10 18:00,77964.1,78010.7,77933.6,77953.2,323.068,1789034699999,futures
1789034700000,2026-09-10T10:05:00.000Z,2026-09-10 18:05,77953.2,78009.5,77929.5,77929.6,189.465,1789034999999,futures
1789035000000,2026-09-10T10:10:00.000Z,2026-09-10 18:10,77929.5,77981.2,77924.2,77959.8,177.584,1789035299999,futures
1789035300000,2026-09-10T10:15:00.000Z,2026-09-10 18:15,77959.9,77989.6,77945.8,77974,233.697,1789035599999,futures
1789035600000,2026-09-10T10:20:00.000Z,2026-09-10 18:20,77973.9,77995.2,77920,77920,82.009,1789035899999,futures
1789035900000,2026-09-10T10:25:00.000Z,2026-09-10 18:25,77920.1,77955,77900,77954.9,106.238,1789036199999,futures
1789036200000,2026-09-10T10:30:00.000Z,2026-09-10 18:30,77954.9,77955,77790.1,77864.9,792.591,1789036499999,futures
1789036500000,2026-09-10T10:35:00.000Z,2026-09-10 18:35,77864.9,78007.9,77864.9,77989.8,327.005,1789036799999,futures
1789036800000,2026-09-10T10:40:00.000Z,2026-09-10 18:40,77989.8,78017.8,77950.8,77962.3,260.611,1789037099999,futures
1789037100000,2026-09-10T10:45:00.000Z,2026-09-10 18:45,77962.2,77981.7,77935.8,77948.7,144.958,1789037399999,futures
1789037400000,2026-09-10T10:50:00.000Z,2026-09-10 18:50,77948.8,77948.8,77864.8,77865,157.38,1789037699999,futures
1789037700000,2026-09-10T10:55:00.000Z,2026-09-10 18:55,77864.9,78013.1,77837,77837,432.468,1789037999999,futures
1789038000000,2026-09-10T11:00:00.000Z,2026-09-10 19:00,77837,77837.1,77651.4,77711.5,1146.926,1789038299999,futures
1789038300000,2026-09-10T11:05:00.000Z,2026-09-10 19:05,77711.5,77828,77683,77781.5,957.473,1789038599999,futures
1789038600000,2026-09-10T11:10:00.000Z,2026-09-10 19:10,77781.5,77895.6,77781.5,77895.5,457.575,1789038899999,futures
1789038900000,2026-09-10T11:15:00.000Z,2026-09-10 19:15,77895.6,78028.8,77894.7,77943.6,660.582,1789039199999,futures
1789039200000,2026-09-10T11:20:00.000Z,2026-09-10 19:20,77943.6,77995.3,77938.7,77993.6,164.539,1789039499999,futures
1789039500000,2026-09-10T11:25:00.000Z,2026-09-10 19:25,77993.6,77993.7,77939.2,77979.9,165.062,1789039799999,futures
1789039800000,2026-09-10T11:30:00.000Z,2026-09-10 19:30,77980,78022.2,77967.6,78008.9,259.342,1789040099999,futures
1789040100000,2026-09-10T11:35:00.000Z,2026-09-10 19:35,78008.8,78025.5,77957.6,78019.4,194.786,1789040399999,futures
1789040400000,2026-09-10T11:40:00.000Z,2026-09-10 19:40,78019.4,78019.4,77952.5,77977.3,263.251,1789040699999,futures
1789040700000,2026-09-10T11:45:00.000Z,2026-09-10 19:45,77977.2,77999.5,77858,77935.1,336.094,1789040999999,futures
1789041000000,2026-09-10T11:50:00.000Z,2026-09-10 19:50,77935,77949.2,77832.2,77878.1,379.398,1789041299999,futures
1789041300000,2026-09-10T11:55:00.000Z,2026-09-10 19:55,77878.2,77881.9,77800.4,77816.4,232.381,1789041599999,futures
1789041600000,2026-09-10T12:00:00.000Z,2026-09-10 20:00,77816.2,77861.8,77735.6,77748.7,526.028,1789041899999,futures
1789041900000,2026-09-10T12:05:00.000Z,2026-09-10 20:05,77748.7,77791.7,77691.5,77695.9,888.769,1789042199999,futures
1789042200000,2026-09-10T12:10:00.000Z,2026-09-10 20:10,77695.9,77815.9,77689.5,77801.3,486.23,1789042499999,futures
1789042500000,2026-09-10T12:15:00.000Z,2026-09-10 20:15,77801.2,77815.3,77697.1,77697.9,508.287,1789042799999,futures
1789042800000,2026-09-10T12:20:00.000Z,2026-09-10 20:20,77697.9,77731.1,77634.9,77704.7,850.286,1789043099999,futures
1789043100000,2026-09-10T12:25:00.000Z,2026-09-10 20:25,77704.7,77806.2,77666.7,77779.7,449.144,1789043399999,futures
1789043400000,2026-09-10T12:30:00.000Z,2026-09-10 20:30,77782.2,77935.8,77300,77340.1,7768.164,1789043699999,futures
1789043700000,2026-09-10T12:35:00.000Z,2026-09-10 20:35,77340.1,77486.5,77008,77076.9,5975.289,1789043999999,futures
1789044000000,2026-09-10T12:40:00.000Z,2026-09-10 20:40,77077,77233.3,77048,77104.2,2186.99,1789044299999,futures
1789044300000,2026-09-10T12:45:00.000Z,2026-09-10 20:45,77104.2,77144,76634.3,76999.9,7024.412,1789044599999,futures
1789044600000,2026-09-10T12:50:00.000Z,2026-09-10 20:50,77000,77083.9,76812.3,76818.2,1979.301,1789044899999,futures
1789044900000,2026-09-10T12:55:00.000Z,2026-09-10 20:55,76818.3,76878.4,76650,76859.9,2334.899,1789045199999,futures
1789045200000,2026-09-10T13:00:00.000Z,2026-09-10 21:00,76859.9,77062.7,76838.5,77002.4,1731.017,1789045499999,futures
1789045500000,2026-09-10T13:05:00.000Z,2026-09-10 21:05,77002.5,77039,76860.4,76926.1,867.702,1789045799999,futures
1789045800000,2026-09-10T13:10:00.000Z,2026-09-10 21:10,76926.1,77000,76736,76800,1472.333,1789046099999,futures
1789046100000,2026-09-10T13:15:00.000Z,2026-09-10 21:15,76800,76868,76700,76708.9,2025.823,1789046399999,futures
1789046400000,2026-09-10T13:20:00.000Z,2026-09-10 21:20,76708.8,76927.7,76692.3,76851.1,1139.767,1789046699999,futures
1789046700000,2026-09-10T13:25:00.000Z,2026-09-10 21:25,76851,76940.3,76798.1,76893.1,636.281,1789046999999,futures
1789047000000,2026-09-10T13:30:00.000Z,2026-09-10 21:30,76893,76938.9,76730,76887.5,1310.496,1789047299999,futures
1789047300000,2026-09-10T13:35:00.000Z,2026-09-10 21:35,76887.6,77070.7,76844.1,77025.7,1758.202,1789047599999,futures
1789047600000,2026-09-10T13:40:00.000Z,2026-09-10 21:40,77025.6,77048.4,76903.4,76903.5,1370.902,1789047899999,futures
1789047900000,2026-09-10T13:45:00.000Z,2026-09-10 21:45,76903.4,77071,76890,77032.6,847.125,1789048199999,futures
1789048200000,2026-09-10T13:50:00.000Z,2026-09-10 21:50,77032.7,77207.4,76880.9,77110.3,1344.753,1789048499999,futures
1789048500000,2026-09-10T13:55:00.000Z,2026-09-10 21:55,77110.4,77198,77070.6,77137.6,788.294,1789048799999,futures
1789048800000,2026-09-10T14:00:00.000Z,2026-09-10 22:00,77137.7,77312,77137.6,77207.3,1233.77,1789049099999,futures
1789049100000,2026-09-10T14:05:00.000Z,2026-09-10 22:05,77207.2,77213.7,76926.1,77017.6,1175.862,1789049399999,futures
1789049400000,2026-09-10T14:10:00.000Z,2026-09-10 22:10,77017.7,77121.8,76966.6,77055.5,632.665,1789049699999,futures
1789049700000,2026-09-10T14:15:00.000Z,2026-09-10 22:15,77055.5,77058,76922.7,77005.4,543.931,1789049999999,futures
1789050000000,2026-09-10T14:20:00.000Z,2026-09-10 22:20,77005.3,77312.6,76962.1,77244.5,830.089,1789050299999,futures
1789050300000,2026-09-10T14:25:00.000Z,2026-09-10 22:25,77244.6,77349,77200.3,77245.6,1253.947,1789050599999,futures
1789050600000,2026-09-10T14:30:00.000Z,2026-09-10 22:30,77245.7,77285.8,77204.4,77268.6,570.146,1789050899999,futures
1789050900000,2026-09-10T14:35:00.000Z,2026-09-10 22:35,77268.5,77330,77207.4,77219.6,513.642,1789051199999,futures
1789051200000,2026-09-10T14:40:00.000Z,2026-09-10 22:40,77219.6,77314.7,77214,77252.4,399.207,1789051499999,futures
1789051500000,2026-09-10T14:45:00.000Z,2026-09-10 22:45,77252.4,77375.5,77241.1,77287.4,410.62,1789051799999,futures
1789051800000,2026-09-10T14:50:00.000Z,2026-09-10 22:50,77287.3,77357.2,77231.8,77357.2,340.609,1789052099999,futures
1789052100000,2026-09-10T14:55:00.000Z,2026-09-10 22:55,77357.1,77393.9,77324.8,77376.4,545.233,1789052399999,futures
1789052400000,2026-09-10T15:00:00.000Z,2026-09-10 23:00,77376.3,77381.1,77205.4,77239.4,575.397,1789052699999,futures
1789052700000,2026-09-10T15:05:00.000Z,2026-09-10 23:05,77239.4,77350,77239.4,77300.7,365.338,1789052999999,futures
1789053000000,2026-09-10T15:10:00.000Z,2026-09-10 23:10,77300.7,77379.4,77285,77305.7,209.511,1789053299999,futures
1789053300000,2026-09-10T15:15:00.000Z,2026-09-10 23:15,77305.7,77319,77206,77225.2,360.087,1789053599999,futures
1789053600000,2026-09-10T15:20:00.000Z,2026-09-10 23:20,77225.3,77230,77120,77139.8,416.17,1789053899999,futures
1789053900000,2026-09-10T15:25:00.000Z,2026-09-10 23:25,77139.8,77145.5,77066.2,77075.7,513.093,1789054199999,futures
1789054200000,2026-09-10T15:30:00.000Z,2026-09-10 23:30,77075.7,77186.3,77059.1,77130.8,383.86,1789054499999,futures
1789054500000,2026-09-10T15:35:00.000Z,2026-09-10 23:35,77130.8,77313.4,77122.9,77246.6,433.118,1789054799999,futures
1789054800000,2026-09-10T15:40:00.000Z,2026-09-10 23:40,77246.5,77250,77163.9,77186.3,201.442,1789055099999,futures
1789055100000,2026-09-10T15:45:00.000Z,2026-09-10 23:45,77186.3,77212.5,77078.7,77150,354.248,1789055399999,futures
1789055400000,2026-09-10T15:50:00.000Z,2026-09-10 23:50,77150,77187.1,77109,77109.3,261.192,1789055699999,futures
1789055700000,2026-09-10T15:55:00.000Z,2026-09-10 23:55,77109.2,77222.4,77082.4,77218.5,362.609,1789055999999,futures
1789056000000,2026-09-10T16:00:00.000Z,2026-09-11 00:00,77218.6,77280,77060,77060,490.766,1789056299999,futures
1789056300000,2026-09-10T16:05:00.000Z,2026-09-11 00:05,77060,77078.9,76889.6,76892.6,799.558,1789056599999,futures
1789056600000,2026-09-10T16:10:00.000Z,2026-09-11 00:10,76892.6,76978.2,76876.2,76953,566.99,1789056899999,futures
1789056900000,2026-09-10T16:15:00.000Z,2026-09-11 00:15,76953,76973,76841.7,76874.5,697.555,1789057199999,futures
1789057200000,2026-09-10T16:20:00.000Z,2026-09-11 00:20,76874.5,77049.6,76874.5,76948.9,427.985,1789057499999,futures
1789057500000,2026-09-10T16:25:00.000Z,2026-09-11 00:25,76949,76966.5,76892,76895.1,344.003,1789057799999,futures
1789057800000,2026-09-10T16:30:00.000Z,2026-09-11 00:30,76895.1,76944.5,76801.9,76802.4,497.384,1789058099999,futures
1789058100000,2026-09-10T16:35:00.000Z,2026-09-11 00:35,76802.4,76989,76760,76989,613.563,1789058399999,futures
1789058400000,2026-09-10T16:40:00.000Z,2026-09-11 00:40,76989,77030.2,76934,77007.3,343.508,1789058699999,futures
1789058700000,2026-09-10T16:45:00.000Z,2026-09-11 00:45,77007.4,77203.8,77007.4,77085.3,724.345,1789058999999,futures
1789059000000,2026-09-10T16:50:00.000Z,2026-09-11 00:50,77085.2,77103.7,77043.3,77071.9,184.613,1789059299999,futures
1789059300000,2026-09-10T16:55:00.000Z,2026-09-11 00:55,77071.9,77182.5,77054.6,77172,272.254,1789059599999,futures
1789059600000,2026-09-10T17:00:00.000Z,2026-09-11 01:00,77172.1,77187.7,77092.8,77113.7,286.465,1789059899999,futures
1789059900000,2026-09-10T17:05:00.000Z,2026-09-11 01:05,77113.9,77151.1,77100.1,77117.6,124.668,1789060199999,futures
1789060200000,2026-09-10T17:10:00.000Z,2026-09-11 01:10,77117.6,77223.7,77117.6,77150.1,454.719,1789060499999,futures
1789060500000,2026-09-10T17:15:00.000Z,2026-09-11 01:15,77150.2,77162.8,77110.9,77148.9,283.37,1789060799999,futures
1789060800000,2026-09-10T17:20:00.000Z,2026-09-11 01:20,77148.9,77282.8,77104.9,77279.9,795.44,1789061099999,futures
1789061100000,2026-09-10T17:25:00.000Z,2026-09-11 01:25,77280,77311.7,77206.3,77296.2,459.95,1789061399999,futures
1789061400000,2026-09-10T17:30:00.000Z,2026-09-11 01:30,77296.1,77486.4,77290,77476.4,1118.728,1789061699999,futures
1789061700000,2026-09-10T17:35:00.000Z,2026-09-11 01:35,77476.4,77518.6,77328.4,77328.5,859.512,1789061999999,futures
1789062000000,2026-09-10T17:40:00.000Z,2026-09-11 01:40,77328.5,77366.4,77282.6,77334.5,428.85,1789062299999,futures
1789062300000,2026-09-10T17:45:00.000Z,2026-09-11 01:45,77334.4,77387.7,77291.1,77359.7,248.835,1789062599999,futures
1789062600000,2026-09-10T17:50:00.000Z,2026-09-11 01:50,77359.7,77407.1,77331.7,77378,155.897,1789062899999,futures
1789062900000,2026-09-10T17:55:00.000Z,2026-09-11 01:55,77378,77378,77296.6,77296.6,173.717,1789063199999,futures
1789063200000,2026-09-10T18:00:00.000Z,2026-09-11 02:00,77296.6,77312.2,77130.9,77138.4,410.489,1789063499999,futures
1789063500000,2026-09-10T18:05:00.000Z,2026-09-11 02:05,77138.3,77163.9,76966.8,76978.4,709.754,1789063799999,futures
1789063800000,2026-09-10T18:10:00.000Z,2026-09-11 02:10,76978.5,77012.8,76942.6,76980.1,404.218,1789064099999,futures
1789064100000,2026-09-10T18:15:00.000Z,2026-09-11 02:15,76980.1,77060.1,76970.8,77026.1,428.129,1789064399999,futures
1789064400000,2026-09-10T18:20:00.000Z,2026-09-11 02:20,77026.1,77127.8,77025.8,77077.2,220.36,1789064699999,futures
1789064700000,2026-09-10T18:25:00.000Z,2026-09-11 02:25,77077.2,77108,77043.5,77043.8,255.561,1789064999999,futures
1789065000000,2026-09-10T18:30:00.000Z,2026-09-11 02:30,77043.7,77063.3,77019.1,77062.4,195.679,1789065299999,futures
1789065300000,2026-09-10T18:35:00.000Z,2026-09-11 02:35,77062.4,77135.1,77045.6,77126.7,129.247,1789065599999,futures
1789065600000,2026-09-10T18:40:00.000Z,2026-09-11 02:40,77126.7,77130.4,77088.8,77129.7,126.887,1789065899999,futures
1789065900000,2026-09-10T18:45:00.000Z,2026-09-11 02:45,77129.7,77150,77061.3,77092.3,291.918,1789066199999,futures
1789066200000,2026-09-10T18:50:00.000Z,2026-09-11 02:50,77092.1,77269.6,77063.5,77247.4,322.638,1789066499999,futures
1789066500000,2026-09-10T18:55:00.000Z,2026-09-11 02:55,77247.5,77247.5,77163.9,77222.7,108.311,1789066799999,futures
1789066800000,2026-09-10T19:00:00.000Z,2026-09-11 03:00,77222.7,77222.7,77141.1,77175.6,153.733,1789067099999,futures
1789067100000,2026-09-10T19:05:00.000Z,2026-09-11 03:05,77175.6,77197.5,77125,77171.9,170.853,1789067399999,futures
1789067400000,2026-09-10T19:10:00.000Z,2026-09-11 03:10,77171.9,77172,77089.3,77142.6,103.785,1789067699999,futures
1789067700000,2026-09-10T19:15:00.000Z,2026-09-11 03:15,77142.6,77163.9,77107.3,77124.8,82.202,1789067999999,futures
1789068000000,2026-09-10T19:20:00.000Z,2026-09-11 03:20,77124.8,77158.9,77073.3,77158.9,162.2,1789068299999,futures
1789068300000,2026-09-10T19:25:00.000Z,2026-09-11 03:25,77158.8,77226.1,77142,77165.1,258.422,1789068599999,futures
1789068600000,2026-09-10T19:30:00.000Z,2026-09-11 03:30,77165.2,77165.2,77072.7,77123.7,177.918,1789068899999,futures
1789068900000,2026-09-10T19:35:00.000Z,2026-09-11 03:35,77123.7,77170.9,77097.8,77149.9,169.435,1789069199999,futures
1789069200000,2026-09-10T19:40:00.000Z,2026-09-11 03:40,77149.9,77270.1,77149.9,77226.7,294.521,1789069499999,futures
1789069500000,2026-09-10T19:45:00.000Z,2026-09-11 03:45,77226.8,77232.7,77115.8,77119.5,127.617,1789069799999,futures
1789069800000,2026-09-10T19:50:00.000Z,2026-09-11 03:50,77119.4,77130.2,77044,77068.4,350.983,1789070099999,futures
1789070100000,2026-09-10T19:55:00.000Z,2026-09-11 03:55,77068.5,77162.7,77061.4,77129.1,160.681,1789070399999,futures
1789070400000,2026-09-10T20:00:00.000Z,2026-09-11 04:00,77129.2,77161,77070.5,77135.1,159.36,1789070699999,futures
1789070700000,2026-09-10T20:05:00.000Z,2026-09-11 04:05,77135,77250.1,77123.4,77250.1,126.43,1789070999999,futures
1789071000000,2026-09-10T20:10:00.000Z,2026-09-11 04:10,77250,77293.9,77231.9,77293.8,215.856,1789071299999,futures
1789071300000,2026-09-10T20:15:00.000Z,2026-09-11 04:15,77293.9,77306.7,77261.5,77293.2,114.329,1789071599999,futures
1789071600000,2026-09-10T20:20:00.000Z,2026-09-11 04:20,77293.1,77316,77241.9,77241.9,237.108,1789071899999,futures
1789071900000,2026-09-10T20:25:00.000Z,2026-09-11 04:25,77242,77263.1,77216.5,77248.3,105.772,1789072199999,futures
1789072200000,2026-09-10T20:30:00.000Z,2026-09-11 04:30,77248.3,77248.5,77193.5,77221.7,163.498,1789072499999,futures
1789072500000,2026-09-10T20:35:00.000Z,2026-09-11 04:35,77221.7,77239.1,77198.3,77239,88.006,1789072799999,futures
1789072800000,2026-09-10T20:40:00.000Z,2026-09-11 04:40,77239,77263.9,77221,77260.7,112.901,1789073099999,futures
1789073100000,2026-09-10T20:45:00.000Z,2026-09-11 04:45,77260.7,77267.1,77181.5,77221.5,84.296,1789073399999,futures
1789073400000,2026-09-10T20:50:00.000Z,2026-09-11 04:50,77221.5,77260,77221.5,77259.9,99.276,1789073699999,futures
1789073700000,2026-09-10T20:55:00.000Z,2026-09-11 04:55,77259.9,77266,77230,77233.2,141.245,1789073999999,futures
1789074000000,2026-09-10T21:00:00.000Z,2026-09-11 05:00,77233.3,77251.1,77199.7,77199.7,278.638,1789074299999,futures
1789074300000,2026-09-10T21:05:00.000Z,2026-09-11 05:05,77199.7,77249.2,77186.6,77247.4,81.581,1789074599999,futures
1789074600000,2026-09-10T21:10:00.000Z,2026-09-11 05:10,77247.3,77269.7,77214.6,77218,128.789,1789074899999,futures
1789074900000,2026-09-10T21:15:00.000Z,2026-09-11 05:15,77218.1,77218.1,77165.4,77169,93.718,1789075199999,futures
1789075200000,2026-09-10T21:20:00.000Z,2026-09-11 05:20,77168.9,77190.2,77156.6,77188.2,159.763,1789075499999,futures
1789075500000,2026-09-10T21:25:00.000Z,2026-09-11 05:25,77188.2,77195.1,77173,77195.1,28.018,1789075799999,futures
1789075800000,2026-09-10T21:30:00.000Z,2026-09-11 05:30,77195.1,77200,77159.7,77196.1,117.323,1789076099999,futures
1789076100000,2026-09-10T21:35:00.000Z,2026-09-11 05:35,77196.1,77196.1,77133,77150.9,153.975,1789076399999,futures
1789076400000,2026-09-10T21:40:00.000Z,2026-09-11 05:40,77150.9,77162.8,77057.7,77119.6,189.143,1789076699999,futures
1789076700000,2026-09-10T21:45:00.000Z,2026-09-11 05:45,77119.5,77167.8,77101.5,77116.1,161.049,1789076999999,futures
1789077000000,2026-09-10T21:50:00.000Z,2026-09-11 05:50,77116.1,77142.2,77103.5,77103.7,233.539,1789077299999,futures
1789077300000,2026-09-10T21:55:00.000Z,2026-09-11 05:55,77103.7,77115.7,77089.6,77113.5,132.683,1789077599999,futures
1789077600000,2026-09-10T22:00:00.000Z,2026-09-11 06:00,77113.6,77129.7,77035.6,77115.3,203.302,1789077899999,futures
1789077900000,2026-09-10T22:05:00.000Z,2026-09-11 06:05,77115.4,77136,77069.5,77136,72.971,1789078199999,futures
1789078200000,2026-09-10T22:10:00.000Z,2026-09-11 06:10,77136,77158.4,77058.8,77107.6,266.009,1789078499999,futures
1789078500000,2026-09-10T22:15:00.000Z,2026-09-11 06:15,77107.5,77167.5,77101.9,77147.3,94.406,1789078799999,futures
1789078800000,2026-09-10T22:20:00.000Z,2026-09-11 06:20,77147.3,77182.5,77111.4,77123.4,135.078,1789079099999,futures
1789079100000,2026-09-10T22:25:00.000Z,2026-09-11 06:25,77123.5,77123.5,77028.7,77028.7,124.967,1789079399999,futures
1789079400000,2026-09-10T22:30:00.000Z,2026-09-11 06:30,77028.8,77044.6,76930,76955,389.955,1789079699999,futures
1789079700000,2026-09-10T22:35:00.000Z,2026-09-11 06:35,76955,76969.1,76828,76870.7,515.763,1789079999999,futures
1789080000000,2026-09-10T22:40:00.000Z,2026-09-11 06:40,76870.7,76870.7,76789,76819,524.07,1789080299999,futures
1789080300000,2026-09-10T22:45:00.000Z,2026-09-11 06:45,76819.1,76934.5,76803.8,76926.7,528.961,1789080599999,futures
1789080600000,2026-09-10T22:50:00.000Z,2026-09-11 06:50,76926.8,76926.8,76863.8,76874.2,239.473,1789080899999,futures
1789080900000,2026-09-10T22:55:00.000Z,2026-09-11 06:55,76874.2,76874.3,76772.7,76794.1,261.109,1789081199999,futures
1789081200000,2026-09-10T23:00:00.000Z,2026-09-11 07:00,76794,76840,76667,76742.8,610.677,1789081499999,futures
1789081500000,2026-09-10T23:05:00.000Z,2026-09-11 07:05,76742.9,76840.8,76517.5,76662.5,1674.942,1789081799999,futures
1789081800000,2026-09-10T23:10:00.000Z,2026-09-11 07:10,76662.5,76733.4,76402.9,76473.6,1612.966,1789082099999,futures
1789082100000,2026-09-10T23:15:00.000Z,2026-09-11 07:15,76473.6,76656.3,76406.1,76619.4,1089.551,1789082399999,futures
1789082400000,2026-09-10T23:20:00.000Z,2026-09-11 07:20,76619.4,76737.8,76619.4,76674.7,334.429,1789082699999,futures
1789082700000,2026-09-10T23:25:00.000Z,2026-09-11 07:25,76674.7,76751.6,76663.3,76693.8,249.884,1789082999999,futures
1789083000000,2026-09-10T23:30:00.000Z,2026-09-11 07:30,76693.9,76755,76670,76734.4,259.366,1789083299999,futures
1789083300000,2026-09-10T23:35:00.000Z,2026-09-11 07:35,76734.4,76781.7,76696,76718.4,296.77,1789083599999,futures
1789083600000,2026-09-10T23:40:00.000Z,2026-09-11 07:40,76718.4,76759.2,76680,76734.1,240.156,1789083899999,futures
1789083900000,2026-09-10T23:45:00.000Z,2026-09-11 07:45,76734.1,76744.8,76662.7,76669.6,212.713,1789084199999,futures
1789084200000,2026-09-10T23:50:00.000Z,2026-09-11 07:50,76669.6,76705.9,76577.7,76608,526.933,1789084499999,futures
1789084500000,2026-09-10T23:55:00.000Z,2026-09-11 07:55,76608,76619.4,76500.2,76535.7,590.184,1789084799999,futures
1789084800000,2026-09-11T00:00:00.000Z,2026-09-11 08:00,76535.6,76679.5,76525,76629.1,887.066,1789085099999,futures
1789085100000,2026-09-11T00:05:00.000Z,2026-09-11 08:05,76629.1,76788.2,76555.1,76765.6,476.954,1789085399999,futures
1789085400000,2026-09-11T00:10:00.000Z,2026-09-11 08:10,76765.5,76822.7,76760,76785.9,374.741,1789085699999,futures
1789085700000,2026-09-11T00:15:00.000Z,2026-09-11 08:15,76785.8,76800,76746.1,76790.4,193.346,1789085999999,futures
1789086000000,2026-09-11T00:20:00.000Z,2026-09-11 08:20,76790.4,76834.7,76735.8,76807.2,358.133,1789086299999,futures
1789086300000,2026-09-11T00:25:00.000Z,2026-09-11 08:25,76807.2,76845.6,76758,76818,856.604,1789086599999,futures
1789086600000,2026-09-11T00:30:00.000Z,2026-09-11 08:30,76818,76818.1,76653.8,76757.9,443.235,1789086899999,futures
1789086900000,2026-09-11T00:35:00.000Z,2026-09-11 08:35,76757.9,76801.2,76729.5,76773.1,196.937,1789087199999,futures
1789087200000,2026-09-11T00:40:00.000Z,2026-09-11 08:40,76773,76773,76700,76732.1,199.34,1789087499999,futures
1789087500000,2026-09-11T00:45:00.000Z,2026-09-11 08:45,76732.1,76772.7,76710,76745.3,139.629,1789087799999,futures
1789087800000,2026-09-11T00:50:00.000Z,2026-09-11 08:50,76745.2,76873,76738.2,76869.9,301.498,1789088099999,futures
1789088100000,2026-09-11T00:55:00.000Z,2026-09-11 08:55,76870,76905.3,76850,76881,255.242,1789088399999,futures
1789088400000,2026-09-11T01:00:00.000Z,2026-09-11 09:00,76881,76979,76860,76972.2,334.436,1789088699999,futures
1789088700000,2026-09-11T01:05:00.000Z,2026-09-11 09:05,76971.8,76975.8,76906.1,76953.2,176.11,1789088999999,futures
1789089000000,2026-09-11T01:10:00.000Z,2026-09-11 09:10,76953.1,76967,76870.4,76870.5,149.383,1789089299999,futures
1789089300000,2026-09-11T01:15:00.000Z,2026-09-11 09:15,76870.5,76880,76807.5,76875.6,271.296,1789089599999,futures
1789089600000,2026-09-11T01:20:00.000Z,2026-09-11 09:20,76875.6,76925,76758.1,76841.9,350.329,1789089899999,futures
1789089900000,2026-09-11T01:25:00.000Z,2026-09-11 09:25,76841.8,76875.3,76777.7,76777.9,139.364,1789090199999,futures
1789090200000,2026-09-11T01:30:00.000Z,2026-09-11 09:30,76777.9,76789.1,76637.5,76719.8,493.973,1789090499999,futures
1789090500000,2026-09-11T01:35:00.000Z,2026-09-11 09:35,76719.9,76890.9,76718.3,76745.8,548.104,1789090799999,futures
1789090800000,2026-09-11T01:40:00.000Z,2026-09-11 09:40,76745.7,76864.9,76665.1,76864.9,569.667,1789091099999,futures
1789091100000,2026-09-11T01:45:00.000Z,2026-09-11 09:45,76864.9,76875,76765.5,76874.9,285.904,1789091399999,futures
1789091400000,2026-09-11T01:50:00.000Z,2026-09-11 09:50,76875,76940.5,76853,76935.9,170.015,1789091699999,futures
1789091700000,2026-09-11T01:55:00.000Z,2026-09-11 09:55,76935.8,76946.9,76911.9,76946.8,149.714,1789091999999,futures
1789092000000,2026-09-11T02:00:00.000Z,2026-09-11 10:00,76946.8,76964,76893.3,76959.9,256.585,1789092299999,futures
1789092300000,2026-09-11T02:05:00.000Z,2026-09-11 10:05,76959.9,76988,76866,76898.5,213.71,1789092599999,futures
1789092600000,2026-09-11T02:10:00.000Z,2026-09-11 10:10,76898.5,76960,76875,76955.3,343.372,1789092899999,futures
1789092900000,2026-09-11T02:15:00.000Z,2026-09-11 10:15,76955.3,76955.3,76841.8,76848.3,135.659,1789093199999,futures
1789093200000,2026-09-11T02:20:00.000Z,2026-09-11 10:20,76848.4,76894.5,76809.8,76813.7,114.21,1789093499999,futures
1789093500000,2026-09-11T02:25:00.000Z,2026-09-11 10:25,76813.7,76813.7,76738,76775.9,279.417,1789093799999,futures
1789093800000,2026-09-11T02:30:00.000Z,2026-09-11 10:30,76775.9,76787.4,76744.5,76762.4,153.668,1789094099999,futures
1789094100000,2026-09-11T02:35:00.000Z,2026-09-11 10:35,76762.4,76900,76748,76884.5,141.019,1789094399999,futures
1789094400000,2026-09-11T02:40:00.000Z,2026-09-11 10:40,76884.4,76893.6,76833,76836.3,109.91,1789094699999,futures
1789094700000,2026-09-11T02:45:00.000Z,2026-09-11 10:45,76836.2,76894.6,76817.1,76892.8,73.381,1789094999999,futures
1789095000000,2026-09-11T02:50:00.000Z,2026-09-11 10:50,76892.8,76900,76773.3,76823.4,106.606,1789095299999,futures
1789095300000,2026-09-11T02:55:00.000Z,2026-09-11 10:55,76823.4,76863.5,76805,76813.3,122.309,1789095599999,futures
1789095600000,2026-09-11T03:00:00.000Z,2026-09-11 11:00,76813.3,76839.9,76770,76770.1,113.051,1789095899999,futures
1789095900000,2026-09-11T03:05:00.000Z,2026-09-11 11:05,76770,76770.1,76670.2,76685.1,326.823,1789096199999,futures
1789096200000,2026-09-11T03:10:00.000Z,2026-09-11 11:10,76685,76862.7,76667,76854,756.319,1789096499999,futures
1789096500000,2026-09-11T03:15:00.000Z,2026-09-11 11:15,76854.1,76864,76736.1,76805,254.861,1789096799999,futures
1789096800000,2026-09-11T03:20:00.000Z,2026-09-11 11:20,76805.1,76817.1,76727.9,76740.4,134.714,1789097099999,futures
1789097100000,2026-09-11T03:25:00.000Z,2026-09-11 11:25,76740.4,76800,76725.9,76786.6,131.443,1789097399999,futures
1789097400000,2026-09-11T03:30:00.000Z,2026-09-11 11:30,76786.6,76786.6,76671.3,76740.3,223.253,1789097699999,futures
1789097700000,2026-09-11T03:35:00.000Z,2026-09-11 11:35,76740.2,76846.8,76718.3,76837.7,305.876,1789097999999,futures
1789098000000,2026-09-11T03:40:00.000Z,2026-09-11 11:40,76837.6,76862.7,76770,76845.5,972.141,1789098299999,futures
1789098300000,2026-09-11T03:45:00.000Z,2026-09-11 11:45,76845.6,76850.8,76760,76760.1,108.749,1789098599999,futures
1789098600000,2026-09-11T03:50:00.000Z,2026-09-11 11:50,76760,76793.3,76738.2,76783.6,339.594,1789098899999,futures
1789098900000,2026-09-11T03:55:00.000Z,2026-09-11 11:55,76783.5,76860.8,76760.5,76860.8,499.933,1789099199999,futures
1789099200000,2026-09-11T04:00:00.000Z,2026-09-11 12:00,76860.9,76920,76850,76911.7,342.005,1789099499999,futures
1789099500000,2026-09-11T04:05:00.000Z,2026-09-11 12:05,76911.7,76967.4,76910.6,76927.9,279.818,1789099799999,futures
1789099800000,2026-09-11T04:10:00.000Z,2026-09-11 12:10,76927.9,76957.4,76870.2,76943.4,215.714,1789100099999,futures
1789100100000,2026-09-11T04:15:00.000Z,2026-09-11 12:15,76943.4,76964.9,76904,76950.2,156.655,1789100399999,futures
1789100400000,2026-09-11T04:20:00.000Z,2026-09-11 12:20,76950.3,77045.4,76940.5,77045.2,399.081,1789100699999,futures
1789100700000,2026-09-11T04:25:00.000Z,2026-09-11 12:25,77045.3,77165.9,77045.2,77144.7,1039.287,1789100999999,futures
1789101000000,2026-09-11T04:30:00.000Z,2026-09-11 12:30,77144.7,77166.6,77111,77111,271.085,1789101299999,futures
1789101300000,2026-09-11T04:35:00.000Z,2026-09-11 12:35,77111,77112.6,77066.3,77082,169.839,1789101599999,futures
1789101600000,2026-09-11T04:40:00.000Z,2026-09-11 12:40,77082,77100,77055.9,77065,123.128,1789101899999,futures
1789101900000,2026-09-11T04:45:00.000Z,2026-09-11 12:45,77064.9,77085,77058.8,77081.4,106.68,1789102199999,futures
1789102200000,2026-09-11T04:50:00.000Z,2026-09-11 12:50,77081.4,77108,77078.6,77101.8,65.931,1789102499999,futures
1789102500000,2026-09-11T04:55:00.000Z,2026-09-11 12:55,77101.8,77122.6,77076.5,77076.5,114.591,1789102799999,futures
1789102800000,2026-09-11T05:00:00.000Z,2026-09-11 13:00,77076.5,77085.4,77033.5,77038.5,97.561,1789103099999,futures
1789103100000,2026-09-11T05:05:00.000Z,2026-09-11 13:05,77038.6,77072.5,77029.5,77063.8,130.195,1789103399999,futures
1789103400000,2026-09-11T05:10:00.000Z,2026-09-11 13:10,77063.8,77130,77051.3,77107.7,309.663,1789103699999,futures
1789103700000,2026-09-11T05:15:00.000Z,2026-09-11 13:15,77107.7,77119.5,77084.5,77088.3,118.118,1789103999999,futures
1789104000000,2026-09-11T05:20:00.000Z,2026-09-11 13:20,77088.3,77097.5,77060.1,77094.2,117.781,1789104299999,futures
1789104300000,2026-09-11T05:25:00.000Z,2026-09-11 13:25,77094.3,77094.3,77051.3,77061.6,110.727,1789104599999,futures
1789104600000,2026-09-11T05:30:00.000Z,2026-09-11 13:30,77061.6,77104.8,77044.9,77079.9,210.074,1789104899999,futures
1789104900000,2026-09-11T05:35:00.000Z,2026-09-11 13:35,77079.9,77151,77079.9,77137.5,249.828,1789105199999,futures
1789105200000,2026-09-11T05:40:00.000Z,2026-09-11 13:40,77137.5,77164.5,77118.3,77162.7,148.792,1789105499999,futures
1789105500000,2026-09-11T05:45:00.000Z,2026-09-11 13:45,77162.8,77163.9,77125.8,77163.9,164.428,1789105799999,futures
1789105800000,2026-09-11T05:50:00.000Z,2026-09-11 13:50,77163.9,77177,77150.3,77177,161.291,1789106099999,futures
1789106100000,2026-09-11T05:55:00.000Z,2026-09-11 13:55,77176.9,77227.4,77176.9,77220.2,245.335,1789106399999,futures
1789106400000,2026-09-11T06:00:00.000Z,2026-09-11 14:00,77220.2,77232.3,77193.3,77232.3,220.814,1789106699999,futures
1789106700000,2026-09-11T06:05:00.000Z,2026-09-11 14:05,77232.3,77255.6,77212.6,77245.3,261.078,1789106999999,futures
1789107000000,2026-09-11T06:10:00.000Z,2026-09-11 14:10,77245.4,77400,77245.3,77367.5,714.067,1789107299999,futures
1789107300000,2026-09-11T06:15:00.000Z,2026-09-11 14:15,77367.5,77367.5,77256.9,77276.7,391.968,1789107599999,futures
1789107600000,2026-09-11T06:20:00.000Z,2026-09-11 14:20,77276.8,77280.9,77226.3,77232.8,264.144,1789107899999,futures
1789107900000,2026-09-11T06:25:00.000Z,2026-09-11 14:25,77232.8,77242.8,77214.2,77238.6,199.96,1789108199999,futures
1789108200000,2026-09-11T06:30:00.000Z,2026-09-11 14:30,77238.6,77238.6,77140.2,77151.5,267.882,1789108499999,futures
1789108500000,2026-09-11T06:35:00.000Z,2026-09-11 14:35,77151.5,77216.5,77140.8,77216.5,147.987,1789108799999,futures
1789108800000,2026-09-11T06:40:00.000Z,2026-09-11 14:40,77216.5,77216.5,77184.2,77207,92.087,1789109099999,futures
1789109100000,2026-09-11T06:45:00.000Z,2026-09-11 14:45,77207,77249.5,77207,77249.5,137.376,1789109399999,futures
1789109400000,2026-09-11T06:50:00.000Z,2026-09-11 14:50,77249.5,77265.2,77237.5,77237.5,108.032,1789109699999,futures
1789109700000,2026-09-11T06:55:00.000Z,2026-09-11 14:55,77237.6,77264,77233.7,77263.9,85.356,1789109999999,futures
1789110000000,2026-09-11T07:00:00.000Z,2026-09-11 15:00,77264,77286,77250.6,77286,139.536,1789110299999,futures
1789110300000,2026-09-11T07:05:00.000Z,2026-09-11 15:05,77286,77335,77280.9,77334.9,181.218,1789110599999,futures
1789110600000,2026-09-11T07:10:00.000Z,2026-09-11 15:10,77335,77357,77272.2,77274.8,181.789,1789110899999,futures
1789110900000,2026-09-11T07:15:00.000Z,2026-09-11 15:15,77274.9,77324.4,77274.9,77303.3,113.794,1789111199999,futures
1789111200000,2026-09-11T07:20:00.000Z,2026-09-11 15:20,77303.4,77373.6,77293.8,77323.5,296.753,1789111499999,futures
1789111500000,2026-09-11T07:25:00.000Z,2026-09-11 15:25,77323.5,77323.6,77248.7,77297.4,410.554,1789111799999,futures
1789111800000,2026-09-11T07:30:00.000Z,2026-09-11 15:30,77297.3,77306,77236.1,77254.6,305.646,1789112099999,futures
1789112100000,2026-09-11T07:35:00.000Z,2026-09-11 15:35,77254.5,77261,77215.9,77220.7,247.123,1789112399999,futures
1789112400000,2026-09-11T07:40:00.000Z,2026-09-11 15:40,77220.8,77235.5,77217.9,77225.9,218.408,1789112699999,futures
1789112700000,2026-09-11T07:45:00.000Z,2026-09-11 15:45,77225.9,77226,77201.1,77202.3,183.073,1789112999999,futures
1789113000000,2026-09-11T07:50:00.000Z,2026-09-11 15:50,77202.4,77213.7,77174.7,77176.8,256.05,1789113299999,futures
1789113300000,2026-09-11T07:55:00.000Z,2026-09-11 15:55,77176.7,77231.1,77160,77188.1,200.309,1789113599999,futures
1789113600000,2026-09-11T08:00:00.000Z,2026-09-11 16:00,77188.2,77230,77141,77141,213.047,1789113899999,futures
1789113900000,2026-09-11T08:05:00.000Z,2026-09-11 16:05,77141,77141.1,77113.6,77113.6,258.515,1789114199999,futures
1789114200000,2026-09-11T08:10:00.000Z,2026-09-11 16:10,77113.6,77149.1,77100.5,77149,346.301,1789114499999,futures
1789114500000,2026-09-11T08:15:00.000Z,2026-09-11 16:15,77149,77219.6,77149,77200.4,311.256,1789114799999,futures
1789114800000,2026-09-11T08:20:00.000Z,2026-09-11 16:20,77200.5,77388,77200.4,77386.4,456.796,1789115099999,futures
1789115100000,2026-09-11T08:25:00.000Z,2026-09-11 16:25,77386.5,77430,77295.5,77356,564.754,1789115399999,futures
1789115400000,2026-09-11T08:30:00.000Z,2026-09-11 16:30,77355.9,77469.3,77347.9,77356.5,673.813,1789115699999,futures
1789115700000,2026-09-11T08:35:00.000Z,2026-09-11 16:35,77356.4,77380.4,77320,77352.9,280.769,1789115999999,futures
1789116000000,2026-09-11T08:40:00.000Z,2026-09-11 16:40,77352.8,77399.9,77352.8,77381.3,106.267,1789116299999,futures
1789116300000,2026-09-11T08:45:00.000Z,2026-09-11 16:45,77381.2,77382.3,77324.1,77330.6,144.171,1789116599999,futures
1789116600000,2026-09-11T08:50:00.000Z,2026-09-11 16:50,77330.7,77343.2,77283.6,77303.6,178.344,1789116899999,futures
1789116900000,2026-09-11T08:55:00.000Z,2026-09-11 16:55,77303.6,77324.2,77303.6,77324.1,59.285,1789117199999,futures
1789117200000,2026-09-11T09:00:00.000Z,2026-09-11 17:00,77324.1,77332.7,77290.2,77293.1,135.586,1789117499999,futures
1789117500000,2026-09-11T09:05:00.000Z,2026-09-11 17:05,77293.1,77293.2,77237.8,77237.8,126.476,1789117799999,futures
1789117800000,2026-09-11T09:10:00.000Z,2026-09-11 17:10,77237.8,77256.5,77222.8,77241,153.082,1789118099999,futures
1789118100000,2026-09-11T09:15:00.000Z,2026-09-11 17:15,77241.1,77257.4,77236.9,77237,133.51,1789118399999,futures
1789118400000,2026-09-11T09:20:00.000Z,2026-09-11 17:20,77237,77244,77174.5,77174.5,162.128,1789118699999,futures
1789118700000,2026-09-11T09:25:00.000Z,2026-09-11 17:25,77174.6,77174.6,77104.6,77104.6,204.53,1789118999999,futures
1789119000000,2026-09-11T09:30:00.000Z,2026-09-11 17:30,77104.7,77130.7,77054.8,77054.8,413.801,1789119299999,futures
1789119300000,2026-09-11T09:35:00.000Z,2026-09-11 17:35,77054.9,77054.9,76866,76891.9,1322.639,1789119599999,futures
1789119600000,2026-09-11T09:40:00.000Z,2026-09-11 17:40,76892,76938.4,76818.1,76931.4,730.778,1789119899999,futures
1789119900000,2026-09-11T09:45:00.000Z,2026-09-11 17:45,76931.4,76998.4,76925.4,76988.9,358.492,1789120199999,futures
1789120200000,2026-09-11T09:50:00.000Z,2026-09-11 17:50,76988.8,77017.2,76958.6,76987.2,336.964,1789120499999,futures
1789120500000,2026-09-11T09:55:00.000Z,2026-09-11 17:55,76987.2,77030.8,76980.7,77001.2,123.014,1789120799999,futures
1789120800000,2026-09-11T10:00:00.000Z,2026-09-11 18:00,77001.1,77129.7,76931.7,77121.4,573.219,1789121099999,futures
1789121100000,2026-09-11T10:05:00.000Z,2026-09-11 18:05,77121.4,77121.5,77044.7,77048.8,258.934,1789121399999,futures
1789121400000,2026-09-11T10:10:00.000Z,2026-09-11 18:10,77048.9,77075.6,76996.4,77046.8,299.544,1789121699999,futures
1789121700000,2026-09-11T10:15:00.000Z,2026-09-11 18:15,77046.8,77100.8,77046.8,77099.8,239.956,1789121999999,futures
1789122000000,2026-09-11T10:20:00.000Z,2026-09-11 18:20,77099.8,77101.5,77050,77061.7,182.12,1789122299999,futures
1789122300000,2026-09-11T10:25:00.000Z,2026-09-11 18:25,77061.7,77061.7,76999.8,76999.8,116.266,1789122599999,futures
1789122600000,2026-09-11T10:30:00.000Z,2026-09-11 18:30,76999.8,77014.2,76923.9,77004.1,199.467,1789122899999,futures
1789122900000,2026-09-11T10:35:00.000Z,2026-09-11 18:35,77004.2,77021.4,76969.5,77014,124.232,1789123199999,futures
1789123200000,2026-09-11T10:40:00.000Z,2026-09-11 18:40,77014.1,77017.2,76951,76982.3,394.196,1789123499999,futures
1789123500000,2026-09-11T10:45:00.000Z,2026-09-11 18:45,76982.3,77011.8,76978.4,76980.1,81.962,1789123799999,futures
1789123800000,2026-09-11T10:50:00.000Z,2026-09-11 18:50,76980.2,77009.2,76980.1,76994.8,69.585,1789124099999,futures
1789124100000,2026-09-11T10:55:00.000Z,2026-09-11 18:55,76994.7,77011.7,76960.1,76960.1,215.737,1789124399999,futures
1789124400000,2026-09-11T11:00:00.000Z,2026-09-11 19:00,76960.2,76963.6,76840.5,76845.6,617.455,1789124699999,futures
1789124700000,2026-09-11T11:05:00.000Z,2026-09-11 19:05,76845.7,76886.8,76728.8,76775.3,693.248,1789124999999,futures
1789125000000,2026-09-11T11:10:00.000Z,2026-09-11 19:10,76775.3,76819,76721.9,76756.3,750.233,1789125299999,futures
1789125300000,2026-09-11T11:15:00.000Z,2026-09-11 19:15,76756.3,76795.9,76699.1,76790.6,544.852,1789125599999,futures
1789125600000,2026-09-11T11:20:00.000Z,2026-09-11 19:20,76790.7,76801.4,76737.1,76783,235.578,1789125899999,futures
1789125900000,2026-09-11T11:25:00.000Z,2026-09-11 19:25,76783.1,76880,76783,76815,256.096,1789126199999,futures
1789126200000,2026-09-11T11:30:00.000Z,2026-09-11 19:30,76815.1,76825.5,76755,76755.4,242.015,1789126499999,futures
1789126500000,2026-09-11T11:35:00.000Z,2026-09-11 19:35,76755.5,76850,76755.4,76820.8,185.343,1789126799999,futures
1789126800000,2026-09-11T11:40:00.000Z,2026-09-11 19:40,76820.8,76880,76811.9,76880,220.462,1789127099999,futures
1789127100000,2026-09-11T11:45:00.000Z,2026-09-11 19:45,76879.9,76970.4,76869.2,76893.4,423.83,1789127399999,futures
1789127400000,2026-09-11T11:50:00.000Z,2026-09-11 19:50,76893.4,76977.1,76862.6,76946.5,312.152,1789127699999,futures
1789127700000,2026-09-11T11:55:00.000Z,2026-09-11 19:55,76946.4,77013.9,76921.2,77000.1,203.551,1789127999999,futures
1789128000000,2026-09-11T12:00:00.000Z,2026-09-11 20:00,77000.1,77093.5,76966.7,77020.3,442.034,1789128299999,futures
1789128300000,2026-09-11T12:05:00.000Z,2026-09-11 20:05,77020.4,77035,76883.9,76888.1,288.413,1789128599999,futures
1789128600000,2026-09-11T12:10:00.000Z,2026-09-11 20:10,76888.1,76965.7,76868.6,76884.3,313.929,1789128899999,futures
1789128900000,2026-09-11T12:15:00.000Z,2026-09-11 20:15,76884.3,77048.1,76862.2,76925.1,705.845,1789129199999,futures
1789129200000,2026-09-11T12:20:00.000Z,2026-09-11 20:20,76925.1,77032.6,76912.5,76930.4,461.466,1789129499999,futures
1789129500000,2026-09-11T12:25:00.000Z,2026-09-11 20:25,76930.3,77379.7,76890.9,77058,4214.11,1789129799999,futures
1789129800000,2026-09-11T12:30:00.000Z,2026-09-11 20:30,77058,77235.2,76000.3,77117.4,18863.245,1789130099999,futures
1789130100000,2026-09-11T12:35:00.000Z,2026-09-11 20:35,77117.4,77618.4,76960.8,77605,6501.214,1789130399999,futures
1789130400000,2026-09-11T12:40:00.000Z,2026-09-11 20:40,77604.9,77671.4,77367,77558.1,2950.347,1789130699999,futures
1789130700000,2026-09-11T12:45:00.000Z,2026-09-11 20:45,77558.1,77989.7,77527.8,77830.5,5658.463,1789130999999,futures
1789131000000,2026-09-11T12:50:00.000Z,2026-09-11 20:50,77830.6,78115.4,77820.4,77901,3529.224,1789131299999,futures
1789131300000,2026-09-11T12:55:00.000Z,2026-09-11 20:55,77901.1,77997.4,77828.1,77992.7,1687.176,1789131599999,futures
1789131600000,2026-09-11T13:00:00.000Z,2026-09-11 21:00,77992.7,77997.1,77703.2,77723.4,1833.927,1789131899999,futures
1789131900000,2026-09-11T13:05:00.000Z,2026-09-11 21:05,77723.3,77875.9,77526.4,77535.7,1704.305,1789132199999,futures
1789132200000,2026-09-11T13:10:00.000Z,2026-09-11 21:10,77535.7,77700,77530,77700,971.006,1789132499999,futures
1789132500000,2026-09-11T13:15:00.000Z,2026-09-11 21:15,77700,77700,77578,77677.5,529.941,1789132799999,futures
1789132800000,2026-09-11T13:20:00.000Z,2026-09-11 21:20,77677.5,77805.5,77641.9,77686.2,634.508,1789133099999,futures
1789133100000,2026-09-11T13:25:00.000Z,2026-09-11 21:25,77686.3,77689.7,77464.6,77486.7,1062.764,1789133399999,futures
1789133400000,2026-09-11T13:30:00.000Z,2026-09-11 21:30,77486.6,77735,77358.1,77499.9,1990.138,1789133699999,futures
1789133700000,2026-09-11T13:35:00.000Z,2026-09-11 21:35,77500,77619.2,77211.4,77619.2,2346.36,1789133999999,futures
1789134000000,2026-09-11T13:40:00.000Z,2026-09-11 21:40,77619.2,77900,77543.2,77836.1,2894.917,1789134299999,futures
1789134300000,2026-09-11T13:45:00.000Z,2026-09-11 21:45,77836.1,78596.1,77720,78494.1,4872.37,1789134599999,futures
1789134600000,2026-09-11T13:50:00.000Z,2026-09-11 21:50,78494.1,78779.5,78392.8,78632.4,5452.753,1789134899999,futures
1789134900000,2026-09-11T13:55:00.000Z,2026-09-11 21:55,78632.5,79300.7,78632.4,79208,5751.967,1789135199999,futures
1789135200000,2026-09-11T14:00:00.000Z,2026-09-11 22:00,79208,79859.8,79093.7,79507.7,7807.626,1789135499999,futures
1789135500000,2026-09-11T14:05:00.000Z,2026-09-11 22:05,79507.8,79541.9,78822,79002.1,4643.744,1789135799999,futures
1789135800000,2026-09-11T14:10:00.000Z,2026-09-11 22:10,79002.2,79163.4,78765.1,79027.8,3222.152,1789136099999,futures
1789136100000,2026-09-11T14:15:00.000Z,2026-09-11 22:15,79027.9,79150,78925,79141.3,1672.398,1789136399999,futures
1789136400000,2026-09-11T14:20:00.000Z,2026-09-11 22:20,79141.2,79150.7,78968.5,79006.9,951.751,1789136699999,futures
1789136700000,2026-09-11T14:25:00.000Z,2026-09-11 22:25,79007,79074.9,78899.3,78998.6,1485.23,1789136999999,futures
1789137000000,2026-09-11T14:30:00.000Z,2026-09-11 22:30,78998.6,79005.6,78707,78715.2,1368.691,1789137299999,futures
1789137300000,2026-09-11T14:35:00.000Z,2026-09-11 22:35,78715.2,78787.9,78530.8,78714.6,2160.93,1789137599999,futures
1789137600000,2026-09-11T14:40:00.000Z,2026-09-11 22:40,78714.6,78747,78520,78623.4,1287.387,1789137899999,futures
1789137900000,2026-09-11T14:45:00.000Z,2026-09-11 22:45,78623.5,78776.3,78470.6,78647.2,1917.001,1789138199999,futures
1789138200000,2026-09-11T14:50:00.000Z,2026-09-11 22:50,78647.2,78839.2,78532.1,78799.2,835.097,1789138499999,futures
1789138500000,2026-09-11T14:55:00.000Z,2026-09-11 22:55,78799.2,78820,78714,78757.7,584.136,1789138799999,futures
1789138800000,2026-09-11T15:00:00.000Z,2026-09-11 23:00,78757.8,78810.6,78516.1,78633,817.725,1789139099999,futures
1789139100000,2026-09-11T15:05:00.000Z,2026-09-11 23:05,78632.9,78731.9,78547.8,78611.6,406.355,1789139399999,futures
1789139400000,2026-09-11T15:10:00.000Z,2026-09-11 23:10,78611.6,78611.6,78458.2,78467.7,787.006,1789139699999,futures
1789139700000,2026-09-11T15:15:00.000Z,2026-09-11 23:15,78467.6,78659.5,78432.1,78639.7,622.328,1789139999999,futures
1789140000000,2026-09-11T15:20:00.000Z,2026-09-11 23:20,78639.8,78699,78536.2,78652.5,576.221,1789140299999,futures
1789140300000,2026-09-11T15:25:00.000Z,2026-09-11 23:25,78652.4,78744.2,78618.2,78674.6,546.466,1789140599999,futures
1789140600000,2026-09-11T15:30:00.000Z,2026-09-11 23:30,78674.5,78793.8,78647.3,78793.8,445.217,1789140899999,futures
1789140900000,2026-09-11T15:35:00.000Z,2026-09-11 23:35,78793.7,78793.8,78619,78739.9,441.284,1789141199999,futures
1789141200000,2026-09-11T15:40:00.000Z,2026-09-11 23:40,78740,78757,78600,78613.3,324.243,1789141499999,futures
1789141500000,2026-09-11T15:45:00.000Z,2026-09-11 23:45,78613.4,78623,78487.2,78509.9,566.387,1789141799999,futures
1789141800000,2026-09-11T15:50:00.000Z,2026-09-11 23:50,78510,78529,77440.2,77577.9,6864.183,1789142099999,futures
1789142100000,2026-09-11T15:55:00.000Z,2026-09-11 23:55,77577.9,77723.5,77263.3,77682.9,4697.82,1789142399999,futures
1789142400000,2026-09-11T16:00:00.000Z,2026-09-12 00:00,77682.9,77959.9,77599.9,77799.8,3415.593,1789142699999,futures
1789142700000,2026-09-11T16:05:00.000Z,2026-09-12 00:05,77799.8,78031.2,77799.7,77916,1598.071,1789142999999,futures
1789143000000,2026-09-11T16:10:00.000Z,2026-09-12 00:10,77916,77944.8,77740.6,77755,818.537,1789143299999,futures
1789143300000,2026-09-11T16:15:00.000Z,2026-09-12 00:15,77755,77797.5,77470.7,77474.7,1347.449,1789143599999,futures
1789143600000,2026-09-11T16:20:00.000Z,2026-09-12 00:20,77474.6,77524.2,77300,77457.6,1807.014,1789143899999,futures
1789143900000,2026-09-11T16:25:00.000Z,2026-09-12 00:25,77457.6,77710.5,77439.3,77635.2,1337.542,1789144199999,futures
1789144200000,2026-09-11T16:30:00.000Z,2026-09-12 00:30,77635.3,77733.3,77495.2,77720,592.002,1789144499999,futures
1789144500000,2026-09-11T16:35:00.000Z,2026-09-12 00:35,77719.9,77719.9,77590.1,77608,308.624,1789144799999,futures
1789144800000,2026-09-11T16:40:00.000Z,2026-09-12 00:40,77608,77765.2,77592.4,77765.2,313.014,1789145099999,futures
1789145100000,2026-09-11T16:45:00.000Z,2026-09-12 00:45,77765.2,77957.7,77758.3,77855,1042.791,1789145399999,futures
1789145400000,2026-09-11T16:50:00.000Z,2026-09-12 00:50,77855,77907.9,77811.3,77860.1,619.825,1789145699999,futures
1789145700000,2026-09-11T16:55:00.000Z,2026-09-12 00:55,77860,77918.9,77795.6,77873,414.358,1789145999999,futures
1789146000000,2026-09-11T17:00:00.000Z,2026-09-12 01:00,77873,77924.1,77780,77825,532.709,1789146299999,futures
1789146300000,2026-09-11T17:05:00.000Z,2026-09-12 01:05,77825,77892.4,77742.1,77760.9,414.697,1789146599999,futures
1789146600000,2026-09-11T17:10:00.000Z,2026-09-12 01:10,77760.9,77814.2,77707.6,77714.5,284.649,1789146899999,futures
1789146900000,2026-09-11T17:15:00.000Z,2026-09-12 01:15,77714.5,77815.1,77714.5,77793.2,164.309,1789147199999,futures
1789147200000,2026-09-11T17:20:00.000Z,2026-09-12 01:20,77793.2,77817.4,77652.3,77817.3,224.354,1789147499999,futures
1789147500000,2026-09-11T17:25:00.000Z,2026-09-12 01:25,77817.4,77874.1,77785.5,77800.1,195.654,1789147799999,futures
1789147800000,2026-09-11T17:30:00.000Z,2026-09-12 01:30,77800,77834.6,77754.4,77775.9,215.935,1789148099999,futures
1789148100000,2026-09-11T17:35:00.000Z,2026-09-12 01:35,77776,77776,77537.4,77551.7,416.709,1789148399999,futures
1789148400000,2026-09-11T17:40:00.000Z,2026-09-12 01:40,77551.7,77621.6,77537.4,77571.3,388.073,1789148699999,futures
1789148700000,2026-09-11T17:45:00.000Z,2026-09-12 01:45,77571.2,77598,77537,77555.4,216.303,1789148999999,futures
1789149000000,2026-09-11T17:50:00.000Z,2026-09-12 01:50,77555.4,77559.1,77462.7,77466.3,261.685,1789149299999,futures
1789149300000,2026-09-11T17:55:00.000Z,2026-09-12 01:55,77466.3,77558.3,77450,77493.9,306.326,1789149599999,futures
1789149600000,2026-09-11T18:00:00.000Z,2026-09-12 02:00,77494,77509.1,77050.4,77116.1,2620.325,1789149899999,futures
1789149900000,2026-09-11T18:05:00.000Z,2026-09-12 02:05,77116.2,77126.9,76837.8,77030.1,2175.004,1789150199999,futures
1789150200000,2026-09-11T18:10:00.000Z,2026-09-12 02:10,77030.1,77086,76931.9,77049.7,860.408,1789150499999,futures
1789150500000,2026-09-11T18:15:00.000Z,2026-09-12 02:15,77049.7,77214.9,77013.3,77194.4,666.08,1789150799999,futures
1789150800000,2026-09-11T18:20:00.000Z,2026-09-12 02:20,77194.4,77205.2,77083.9,77136.1,456.269,1789151099999,futures
1789151100000,2026-09-11T18:25:00.000Z,2026-09-12 02:25,77136.1,77193.1,77051.5,77173.6,373.734,1789151399999,futures
1789151400000,2026-09-11T18:30:00.000Z,2026-09-12 02:30,77173.6,77233.3,77110,77221.7,442.883,1789151699999,futures
1789151700000,2026-09-11T18:35:00.000Z,2026-09-12 02:35,77221.8,77257.3,77149.2,77195.5,266.936,1789151999999,futures
1789152000000,2026-09-11T18:40:00.000Z,2026-09-12 02:40,77195.6,77213.4,77064.3,77078.6,250.389,1789152299999,futures
1789152300000,2026-09-11T18:45:00.000Z,2026-09-12 02:45,77078.7,77180.4,76994.1,77046.2,439.961,1789152599999,futures
1789152600000,2026-09-11T18:50:00.000Z,2026-09-12 02:50,77046.3,77046.3,76913.5,76933.5,440.156,1789152899999,futures
1789152900000,2026-09-11T18:55:00.000Z,2026-09-12 02:55,76933.6,77029.6,76926,77020.7,296.444,1789153199999,futures
1789153200000,2026-09-11T19:00:00.000Z,2026-09-12 03:00,77020.7,77130,76967,77129.9,355.997,1789153499999,futures
1789153500000,2026-09-11T19:05:00.000Z,2026-09-12 03:05,77129.9,77207.8,77125.8,77136.4,385.155,1789153799999,futures
1789153800000,2026-09-11T19:10:00.000Z,2026-09-12 03:10,77136.5,77192.7,77080.1,77174.9,217.989,1789154099999,futures
1789154100000,2026-09-11T19:15:00.000Z,2026-09-12 03:15,77174.8,77184,77050,77108.6,284.752,1789154399999,futures
1789154400000,2026-09-11T19:20:00.000Z,2026-09-12 03:20,77108.6,77235.2,77075,77233.8,151.777,1789154699999,futures
1789154700000,2026-09-11T19:25:00.000Z,2026-09-12 03:25,77233.7,77255.2,77192.9,77192.9,242.061,1789154999999,futures
1789155000000,2026-09-11T19:30:00.000Z,2026-09-12 03:30,77192.9,77206.2,77164.3,77193.6,208.188,1789155299999,futures
1789155300000,2026-09-11T19:35:00.000Z,2026-09-12 03:35,77193.6,77242.7,77153.4,77228.5,328.135,1789155599999,futures
1789155600000,2026-09-11T19:40:00.000Z,2026-09-12 03:40,77228.5,77301.1,77228.5,77271.1,282.412,1789155899999,futures
1789155900000,2026-09-11T19:45:00.000Z,2026-09-12 03:45,77271.1,77290.5,77207,77280,232.938,1789156199999,futures
1789156200000,2026-09-11T19:50:00.000Z,2026-09-12 03:50,77280,77339.1,77250.7,77314.1,363.581,1789156499999,futures
1789156500000,2026-09-11T19:55:00.000Z,2026-09-12 03:55,77314.1,77337,77243,77250.7,360.979,1789156799999,futures
1789156800000,2026-09-11T20:00:00.000Z,2026-09-12 04:00,77250.6,77415.8,77242,77415,886.558,1789157099999,futures
1789157100000,2026-09-11T20:05:00.000Z,2026-09-12 04:05,77415,77429.1,77380,77380.1,267.643,1789157399999,futures
1789157400000,2026-09-11T20:10:00.000Z,2026-09-12 04:10,77380,77495.3,77380,77421.5,632.391,1789157699999,futures
1789157700000,2026-09-11T20:15:00.000Z,2026-09-12 04:15,77421.6,77421.6,77331.7,77352.9,201.232,1789157999999,futures
1789158000000,2026-09-11T20:20:00.000Z,2026-09-12 04:20,77353,77399.2,77344.5,77399.1,111.463,1789158299999,futures
1789158300000,2026-09-11T20:25:00.000Z,2026-09-12 04:25,77399,77417.2,77338.2,77354.7,145.138,1789158599999,futures
1789158600000,2026-09-11T20:30:00.000Z,2026-09-12 04:30,77354.8,77354.8,77240.5,77338.8,372.815,1789158899999,futures
1789158900000,2026-09-11T20:35:00.000Z,2026-09-12 04:35,77338.8,77413.4,77335.2,77413.3,101.431,1789159199999,futures
1789159200000,2026-09-11T20:40:00.000Z,2026-09-12 04:40,77413.3,77429.6,77346.8,77378.4,296.723,1789159499999,futures
1789159500000,2026-09-11T20:45:00.000Z,2026-09-12 04:45,77378.4,77386.8,77211.5,77237.1,194.464,1789159799999,futures
1789159800000,2026-09-11T20:50:00.000Z,2026-09-12 04:50,77237.2,77290.7,77162.7,77247.7,404.027,1789160099999,futures
1789160100000,2026-09-11T20:55:00.000Z,2026-09-12 04:55,77247.7,77324,77229.4,77295.6,189.325,1789160399999,futures
1789160400000,2026-09-11T21:00:00.000Z,2026-09-12 05:00,77295.7,77318.7,77284.7,77318.3,71.9,1789160699999,futures
1789160700000,2026-09-11T21:05:00.000Z,2026-09-12 05:05,77318.3,77370.5,77304,77362.8,106.206,1789160999999,futures
1789161000000,2026-09-11T21:10:00.000Z,2026-09-12 05:10,77362.8,77396.9,77280,77336.3,325.483,1789161299999,futures
1789161300000,2026-09-11T21:15:00.000Z,2026-09-12 05:15,77336.5,77380.9,77334.6,77365.4,76.762,1789161599999,futures
1789161600000,2026-09-11T21:20:00.000Z,2026-09-12 05:20,77365.4,77384.9,77350,77379.5,111.252,1789161899999,futures
1789161900000,2026-09-11T21:25:00.000Z,2026-09-12 05:25,77379.4,77397,77312.2,77331.4,101.89,1789162199999,futures
1789162200000,2026-09-11T21:30:00.000Z,2026-09-12 05:30,77331.4,77345.4,77299.1,77345.4,126.651,1789162499999,futures
1789162500000,2026-09-11T21:35:00.000Z,2026-09-12 05:35,77345.3,77364.6,77304.4,77358.7,100.045,1789162799999,futures
1789162800000,2026-09-11T21:40:00.000Z,2026-09-12 05:40,77358.6,77366.8,77294.3,77309.9,86.479,1789163099999,futures
1789163100000,2026-09-11T21:45:00.000Z,2026-09-12 05:45,77310,77321.8,77228,77242.5,93.798,1789163399999,futures
1789163400000,2026-09-11T21:50:00.000Z,2026-09-12 05:50,77242.5,77242.6,77181.2,77189,186.432,1789163699999,futures
1789163700000,2026-09-11T21:55:00.000Z,2026-09-12 05:55,77189,77189,77038.7,77080.3,457.828,1789163999999,futures
1789164000000,2026-09-11T22:00:00.000Z,2026-09-12 06:00,77080.3,77141.9,76942.7,77137.7,828.263,1789164299999,futures
1789164300000,2026-09-11T22:05:00.000Z,2026-09-12 06:05,77137.6,77147.2,77043.7,77048.3,266.023,1789164599999,futures
1789164600000,2026-09-11T22:10:00.000Z,2026-09-12 06:10,77048.4,77149,77048.3,77149,211.379,1789164899999,futures
1789164900000,2026-09-11T22:15:00.000Z,2026-09-12 06:15,77148.9,77160,77076.1,77159.9,164.353,1789165199999,futures
1789165200000,2026-09-11T22:20:00.000Z,2026-09-12 06:20,77160,77193.2,77136.5,77162.8,186.44,1789165499999,futures
1789165500000,2026-09-11T22:25:00.000Z,2026-09-12 06:25,77162.7,77208.2,77070,77089.3,803.854,1789165799999,futures
1789165800000,2026-09-11T22:30:00.000Z,2026-09-12 06:30,77089.2,77127.3,76957.7,76989.8,546.869,1789166099999,futures
1789166100000,2026-09-11T22:35:00.000Z,2026-09-12 06:35,76989.7,77149.2,76953.4,77139,590.965,1789166399999,futures
1789166400000,2026-09-11T22:40:00.000Z,2026-09-12 06:40,77139,77175.4,77068.8,77088.2,356.436,1789166699999,futures
1789166700000,2026-09-11T22:45:00.000Z,2026-09-12 06:45,77088.3,77088.3,77019.4,77019.4,114.439,1789166999999,futures
1789167000000,2026-09-11T22:50:00.000Z,2026-09-12 06:50,77019.3,77067.7,76960.7,77042.2,583.838,1789167299999,futures
1789167300000,2026-09-11T22:55:00.000Z,2026-09-12 06:55,77042.1,77130.4,77018.7,77110.1,1037.533,1789167599999,futures
1789167600000,2026-09-11T23:00:00.000Z,2026-09-12 07:00,77110,77162.9,77085.3,77162.9,178.482,1789167899999,futures
1789167900000,2026-09-11T23:05:00.000Z,2026-09-12 07:05,77162.9,77180.5,77101.1,77157.9,608.679,1789168199999,futures
1789168200000,2026-09-11T23:10:00.000Z,2026-09-12 07:10,77157.9,77189.8,77090,77097.5,1402.942,1789168499999,futures
1789168500000,2026-09-11T23:15:00.000Z,2026-09-12 07:15,77097.5,77129,77097.5,77118.8,106.539,1789168799999,futures
1789168800000,2026-09-11T23:20:00.000Z,2026-09-12 07:20,77118.7,77138.1,77111.4,77127.1,336.006,1789169099999,futures
1789169100000,2026-09-11T23:25:00.000Z,2026-09-12 07:25,77127.1,77163.2,77127.1,77160,87.305,1789169399999,futures
1789169400000,2026-09-11T23:30:00.000Z,2026-09-12 07:30,77160,77179.4,77160,77165.8,113.981,1789169699999,futures
1789169700000,2026-09-11T23:35:00.000Z,2026-09-12 07:35,77165.8,77179.8,77165.8,77169.9,88.871,1789169999999,futures
1789170000000,2026-09-11T23:40:00.000Z,2026-09-12 07:40,77169.9,77190.2,77107.3,77146,1304.635,1789170299999,futures
1789170300000,2026-09-11T23:45:00.000Z,2026-09-12 07:45,77146,77174.2,77133.2,77146,121.421,1789170599999,futures
1789170600000,2026-09-11T23:50:00.000Z,2026-09-12 07:50,77145.9,77165.9,77134.3,77165,108.399,1789170899999,futures
1789170900000,2026-09-11T23:55:00.000Z,2026-09-12 07:55,77164.9,77195.3,77164.9,77191.1,134.509,1789171199999,futures
1789171200000,2026-09-12T00:00:00.000Z,2026-09-12 08:00,77191.1,77273.2,77170.3,77264.9,765.147,1789171499999,futures
1789171500000,2026-09-12T00:05:00.000Z,2026-09-12 08:05,77264.9,77275,77226.6,77258.7,273.727,1789171799999,futures
1789171800000,2026-09-12T00:10:00.000Z,2026-09-12 08:10,77258.8,77258.8,77238.1,77258.2,248.285,1789172099999,futures
1789172100000,2026-09-12T00:15:00.000Z,2026-09-12 08:15,77258.2,77273.8,77252.5,77263,154.383,1789172399999,futures
1789172400000,2026-09-12T00:20:00.000Z,2026-09-12 08:20,77262.9,77263,77244.8,77262.1,174.785,1789172699999,futures
1789172700000,2026-09-12T00:25:00.000Z,2026-09-12 08:25,77262.1,77277.4,77240.6,77240.6,111.674,1789172999999,futures
1789173000000,2026-09-12T00:30:00.000Z,2026-09-12 08:30,77240.6,77240.7,77205.4,77235.6,119.472,1789173299999,futures
1789173300000,2026-09-12T00:35:00.000Z,2026-09-12 08:35,77235.5,77235.6,77206.8,77229.3,169.02,1789173599999,futures
1789173600000,2026-09-12T00:40:00.000Z,2026-09-12 08:40,77229.2,77259.1,77229.2,77248.6,151.127,1789173899999,futures
1789173900000,2026-09-12T00:45:00.000Z,2026-09-12 08:45,77248.6,77258.7,77238.5,77250.2,99.664,1789174199999,futures
1789174200000,2026-09-12T00:50:00.000Z,2026-09-12 08:50,77250.2,77287.5,77235.4,77287.4,164.732,1789174499999,futures
1789174500000,2026-09-12T00:55:00.000Z,2026-09-12 08:55,77287.4,77287.9,77251.7,77251.8,228.502,1789174799999,futures
1789174800000,2026-09-12T01:00:00.000Z,2026-09-12 09:00,77251.7,77256.8,77220,77256.8,200.831,1789175099999,futures
1789175100000,2026-09-12T01:05:00.000Z,2026-09-12 09:05,77256.9,77321.6,77256.8,77317.6,168.771,1789175399999,futures
1789175400000,2026-09-12T01:10:00.000Z,2026-09-12 09:10,77317.5,77336.7,77317.5,77336.7,126.908,1789175699999,futures
1789175700000,2026-09-12T01:15:00.000Z,2026-09-12 09:15,77336.6,77346.8,77323.6,77323.6,117.276,1789175999999,futures
1789176000000,2026-09-12T01:20:00.000Z,2026-09-12 09:20,77323.6,77323.6,77285.6,77292.2,146.974,1789176299999,futures
1789176300000,2026-09-12T01:25:00.000Z,2026-09-12 09:25,77292.2,77298.4,77260,77287.3,108.997,1789176599999,futures
1789176600000,2026-09-12T01:30:00.000Z,2026-09-12 09:30,77287.4,77288.1,77275.4,77288,35.919,1789176899999,futures
1789176900000,2026-09-12T01:35:00.000Z,2026-09-12 09:35,77288,77288.1,77224,77263.4,131.218,1789177199999,futures
1789177200000,2026-09-12T01:40:00.000Z,2026-09-12 09:40,77263.4,77282.8,77236.3,77241.9,75.395,1789177499999,futures
1789177500000,2026-09-12T01:45:00.000Z,2026-09-12 09:45,77242,77286.2,77241.9,77282.9,154.843,1789177799999,futures
1789177800000,2026-09-12T01:50:00.000Z,2026-09-12 09:50,77282.8,77300,77233.3,77260.3,114.646,1789178099999,futures
1789178100000,2026-09-12T01:55:00.000Z,2026-09-12 09:55,77260.3,77262.6,77224.2,77236.4,246.455,1789178399999,futures
1789178400000,2026-09-12T02:00:00.000Z,2026-09-12 10:00,77236.3,77274.2,77231.9,77263.2,79.667,1789178699999,futures
1789178700000,2026-09-12T02:05:00.000Z,2026-09-12 10:05,77263.2,77290.8,77263.2,77281.5,84.605,1789178999999,futures
1789179000000,2026-09-12T02:10:00.000Z,2026-09-12 10:10,77281.5,77285.9,77265.6,77265.7,34.627,1789179299999,futures
1789179300000,2026-09-12T02:15:00.000Z,2026-09-12 10:15,77265.7,77268.9,77265.6,77268.9,22.32,1789179599999,futures
1789179600000,2026-09-12T02:20:00.000Z,2026-09-12 10:20,77268.9,77289,77268.8,77288.9,41.25,1789179899999,futures
1789179900000,2026-09-12T02:25:00.000Z,2026-09-12 10:25,77288.9,77293.5,77239.8,77250.4,213.455,1789180199999,futures
1789180200000,2026-09-12T02:30:00.000Z,2026-09-12 10:30,77250.4,77257.7,77228.8,77228.8,69.294,1789180499999,futures
1789180500000,2026-09-12T02:35:00.000Z,2026-09-12 10:35,77228.8,77255.2,77176.5,77206.7,177.208,1789180799999,futures
1789180800000,2026-09-12T02:40:00.000Z,2026-09-12 10:40,77206.7,77246.8,77194.4,77194.4,168.903,1789181099999,futures
1789181100000,2026-09-12T02:45:00.000Z,2026-09-12 10:45,77194.5,77229.4,77180,77229.4,72.142,1789181399999,futures
1789181400000,2026-09-12T02:50:00.000Z,2026-09-12 10:50,77229.4,77242.3,77196.8,77222.3,79.749,1789181699999,futures
1789181700000,2026-09-12T02:55:00.000Z,2026-09-12 10:55,77222.3,77284.8,77189.8,77248.4,419.911,1789181999999,futures
1789182000000,2026-09-12T03:00:00.000Z,2026-09-12 11:00,77248.4,77281.6,77216.5,77281.6,60.767,1789182299999,futures
1789182300000,2026-09-12T03:05:00.000Z,2026-09-12 11:05,77281.6,77315,77237.6,77254.7,172.002,1789182599999,futures
1789182600000,2026-09-12T03:10:00.000Z,2026-09-12 11:10,77254.7,77282.9,77229.6,77244,89.174,1789182899999,futures
1789182900000,2026-09-12T03:15:00.000Z,2026-09-12 11:15,77244,77280,77232.1,77257.8,101.347,1789183199999,futures
1789183200000,2026-09-12T03:20:00.000Z,2026-09-12 11:20,77257.8,77257.9,77195.5,77207,102.788,1789183499999,futures
1789183500000,2026-09-12T03:25:00.000Z,2026-09-12 11:25,77207,77249.5,77196.7,77249.5,175.07,1789183799999,futures
1789183800000,2026-09-12T03:30:00.000Z,2026-09-12 11:30,77249.4,77249.5,77229.6,77229.7,30.066,1789184099999,futures
1789184100000,2026-09-12T03:35:00.000Z,2026-09-12 11:35,77229.6,77229.7,77218,77218.1,28.668,1789184399999,futures
1789184400000,2026-09-12T03:40:00.000Z,2026-09-12 11:40,77218,77229.6,77201.6,77214.8,92.53,1789184699999,futures
1789184700000,2026-09-12T03:45:00.000Z,2026-09-12 11:45,77214.8,77214.9,77203.7,77205.3,33.457,1789184999999,futures
1789185000000,2026-09-12T03:50:00.000Z,2026-09-12 11:50,77205.3,77242.4,77205.2,77236.8,76.849,1789185299999,futures
1789185300000,2026-09-12T03:55:00.000Z,2026-09-12 11:55,77236.9,77236.9,77236.8,77236.8,8.881,1789185599999,futures
1789185600000,2026-09-12T04:00:00.000Z,2026-09-12 12:00,77236.8,77276.6,77236.8,77263.6,107.308,1789185899999,futures
1789185900000,2026-09-12T04:05:00.000Z,2026-09-12 12:05,77263.5,77288.8,77263.5,77267.3,74.87,1789186199999,futures
1789186200000,2026-09-12T04:10:00.000Z,2026-09-12 12:10,77267.4,77267.4,77249.9,77257.3,58.713,1789186499999,futures
1789186500000,2026-09-12T04:15:00.000Z,2026-09-12 12:15,77257.3,77261.1,77188.8,77196.1,138.562,1789186799999,futures
1789186800000,2026-09-12T04:20:00.000Z,2026-09-12 12:20,77196.1,77224,77185.6,77204.6,93.19,1789187099999,futures
1789187100000,2026-09-12T04:25:00.000Z,2026-09-12 12:25,77204.6,77221,77192.2,77220.9,49.578,1789187399999,futures
1789187400000,2026-09-12T04:30:00.000Z,2026-09-12 12:30,77220.9,77249.5,77220.9,77245.7,39.802,1789187699999,futures
1789187700000,2026-09-12T04:35:00.000Z,2026-09-12 12:35,77245.7,77261.7,77245.6,77261.6,68.589,1789187999999,futures
1789188000000,2026-09-12T04:40:00.000Z,2026-09-12 12:40,77261.7,77261.7,77206.6,77213.2,459.85,1789188299999,futures
1789188300000,2026-09-12T04:45:00.000Z,2026-09-12 12:45,77213.1,77233.1,77197,77228.9,83.516,1789188599999,futures
1789188600000,2026-09-12T04:50:00.000Z,2026-09-12 12:50,77229,77229,77200.2,77200.3,60.51,1789188899999,futures
1789188900000,2026-09-12T04:55:00.000Z,2026-09-12 12:55,77200.4,77204.9,77186.2,77186.4,103.377,1789189199999,futures
1789189200000,2026-09-12T05:00:00.000Z,2026-09-12 13:00,77186.4,77186.4,77158,77166.3,268.222,1789189499999,futures
1789189500000,2026-09-12T05:05:00.000Z,2026-09-12 13:05,77166.3,77170.7,77139,77150.3,314.852,1789189799999,futures
1789189800000,2026-09-12T05:10:00.000Z,2026-09-12 13:10,77150.3,77206.9,77129,77190.8,409.431,1789190099999,futures
1789190100000,2026-09-12T05:15:00.000Z,2026-09-12 13:15,77190.9,77199.6,77154.5,77199.5,118.235,1789190399999,futures
1789190400000,2026-09-12T05:20:00.000Z,2026-09-12 13:20,77199.5,77206.5,77166,77185.1,118.214,1789190699999,futures
1789190700000,2026-09-12T05:25:00.000Z,2026-09-12 13:25,77185.1,77206.7,77157.4,77157.4,239.889,1789190999999,futures
1789191000000,2026-09-12T05:30:00.000Z,2026-09-12 13:30,77157.5,77200,77152.2,77200,93.431,1789191299999,futures
1789191300000,2026-09-12T05:35:00.000Z,2026-09-12 13:35,77199.9,77226.2,77187,77193,118.808,1789191599999,futures
1789191600000,2026-09-12T05:40:00.000Z,2026-09-12 13:40,77193,77211.5,77186.5,77199.9,145.639,1789191899999,futures
1789191900000,2026-09-12T05:45:00.000Z,2026-09-12 13:45,77199.9,77200,77199.9,77199.9,39.801,1789192199999,futures
1789192200000,2026-09-12T05:50:00.000Z,2026-09-12 13:50,77200,77213.8,77196.4,77198.3,98.453,1789192499999,futures
1789192500000,2026-09-12T05:55:00.000Z,2026-09-12 13:55,77198.2,77222.8,77176.9,77177.7,557.957,1789192799999,futures
1789192800000,2026-09-12T06:00:00.000Z,2026-09-12 14:00,77177.7,77194.5,77175.3,77177,91.821,1789193099999,futures
1789193100000,2026-09-12T06:05:00.000Z,2026-09-12 14:05,77177,77188.7,77174.6,77184.7,70.983,1789193399999,futures
1789193400000,2026-09-12T06:10:00.000Z,2026-09-12 14:10,77184.8,77199.5,77175.6,77178.4,56.729,1789193699999,futures
1789193700000,2026-09-12T06:15:00.000Z,2026-09-12 14:15,77178.4,77205.9,77178.4,77205.8,52.178,1789193999999,futures
1789194000000,2026-09-12T06:20:00.000Z,2026-09-12 14:20,77205.8,77205.9,77205.7,77205.8,19.636,1789194299999,futures
1789194300000,2026-09-12T06:25:00.000Z,2026-09-12 14:25,77205.7,77205.8,77205.7,77205.7,22.48,1789194599999,futures
1789194600000,2026-09-12T06:30:00.000Z,2026-09-12 14:30,77205.8,77259.7,77205.8,77231.5,160.519,1789194899999,futures
1789194900000,2026-09-12T06:35:00.000Z,2026-09-12 14:35,77231.5,77259.7,77221.8,77259.6,42.728,1789195199999,futures
1789195200000,2026-09-12T06:40:00.000Z,2026-09-12 14:40,77259.7,77297.9,77258,77286.8,163.991,1789195499999,futures
1789195500000,2026-09-12T06:45:00.000Z,2026-09-12 14:45,77286.8,77327.1,77280,77298.8,242.266,1789195799999,futures
1789195800000,2026-09-12T06:50:00.000Z,2026-09-12 14:50,77298.8,77298.9,77269.9,77274.4,112.972,1789196099999,futures
1789196100000,2026-09-12T06:55:00.000Z,2026-09-12 14:55,77274.3,77274.4,77258,77260.1,44.403,1789196399999,futures
1789196400000,2026-09-12T07:00:00.000Z,2026-09-12 15:00,77260.1,77296.4,77260,77293.8,68.538,1789196699999,futures
1789196700000,2026-09-12T07:05:00.000Z,2026-09-12 15:05,77293.8,77310,77293.7,77310,73.685,1789196999999,futures
1789197000000,2026-09-12T07:10:00.000Z,2026-09-12 15:10,77310,77310,77304.3,77304.4,70.044,1789197299999,futures
1789197300000,2026-09-12T07:15:00.000Z,2026-09-12 15:15,77304.4,77304.4,77282.1,77282.2,90.087,1789197599999,futures
1789197600000,2026-09-12T07:20:00.000Z,2026-09-12 15:20,77282.1,77303.4,77282.1,77288.1,96.845,1789197899999,futures
1789197900000,2026-09-12T07:25:00.000Z,2026-09-12 15:25,77288.1,77288.1,77268.6,77271.5,113.612,1789198199999,futures
1789198200000,2026-09-12T07:30:00.000Z,2026-09-12 15:30,77271.5,77271.6,77255.3,77255.3,105.926,1789198499999,futures
1789198500000,2026-09-12T07:35:00.000Z,2026-09-12 15:35,77255.4,77255.4,77242.7,77242.7,82.298,1789198799999,futures
1789198800000,2026-09-12T07:40:00.000Z,2026-09-12 15:40,77242.8,77250,77242.6,77243.9,88.388,1789199099999,futures
1789199100000,2026-09-12T07:45:00.000Z,2026-09-12 15:45,77243.9,77244,77223.9,77241.8,119.191,1789199399999,futures
1789199400000,2026-09-12T07:50:00.000Z,2026-09-12 15:50,77241.9,77260.8,77241.7,77249,124.291,1789199699999,futures
1789199700000,2026-09-12T07:55:00.000Z,2026-09-12 15:55,77249,77272.9,77232,77236.9,414.665,1789199999999,futures
1789200000000,2026-09-12T08:00:00.000Z,2026-09-12 16:00,77236.8,77275.1,77231.8,77259,262.386,1789200299999,futures
1789200300000,2026-09-12T08:05:00.000Z,2026-09-12 16:05,77259.1,77307.6,77246.4,77293,143.404,1789200599999,futures
1789200600000,2026-09-12T08:10:00.000Z,2026-09-12 16:10,77293.1,77311,77220.8,77264.9,448.799,1789200899999,futures
1789200900000,2026-09-12T08:15:00.000Z,2026-09-12 16:15,77264.9,77308.5,77264.9,77277.2,99.262,1789201199999,futures
1789201200000,2026-09-12T08:20:00.000Z,2026-09-12 16:20,77277.1,77286.9,77269.4,77269.5,129.365,1789201499999,futures
1789201500000,2026-09-12T08:25:00.000Z,2026-09-12 16:25,77269.4,77272.8,77255.2,77267.3,58.517,1789201799999,futures
1789201800000,2026-09-12T08:30:00.000Z,2026-09-12 16:30,77267.4,77283.2,77267.3,77275.3,37.878,1789202099999,futures
1789202100000,2026-09-12T08:35:00.000Z,2026-09-12 16:35,77275.3,77311.4,77275.2,77310.5,60.862,1789202399999,futures
1789202400000,2026-09-12T08:40:00.000Z,2026-09-12 16:40,77310.5,77310.7,77309.9,77310.7,114.869,1789202699999,futures
1789202700000,2026-09-12T08:45:00.000Z,2026-09-12 16:45,77310.6,77322.3,77310.5,77322.3,69.288,1789202999999,futures
1789203000000,2026-09-12T08:50:00.000Z,2026-09-12 16:50,77322.3,77339.9,77301.7,77301.8,328.639,1789203299999,futures
1789203300000,2026-09-12T08:55:00.000Z,2026-09-12 16:55,77301.8,77329.1,77290.5,77325.1,238.348,1789203599999,futures
1789203600000,2026-09-12T09:00:00.000Z,2026-09-12 17:00,77325.1,77331.8,77303,77331.8,138.495,1789203899999,futures
1789203900000,2026-09-12T09:05:00.000Z,2026-09-12 17:05,77331.8,77350,77302.3,77309.9,112.072,1789204199999,futures
1789204200000,2026-09-12T09:10:00.000Z,2026-09-12 17:10,77309.9,77336.9,77304.8,77336.9,266.322,1789204499999,futures
1789204500000,2026-09-12T09:15:00.000Z,2026-09-12 17:15,77336.9,77348.8,77313.6,77323.3,130.141,1789204799999,futures
1789204800000,2026-09-12T09:20:00.000Z,2026-09-12 17:20,77323.4,77350,77310.6,77342.6,108.468,1789205099999,futures
1789205100000,2026-09-12T09:25:00.000Z,2026-09-12 17:25,77342.6,77347.8,77313.4,77337,161.487,1789205399999,futures
1789205400000,2026-09-12T09:30:00.000Z,2026-09-12 17:30,77337.1,77347.4,77314.7,77314.7,84.901,1789205699999,futures
1789205700000,2026-09-12T09:35:00.000Z,2026-09-12 17:35,77314.7,77340,77291.1,77332.8,121.707,1789205999999,futures
1789206000000,2026-09-12T09:40:00.000Z,2026-09-12 17:40,77332.7,77347.9,77304.7,77306.2,139.562,1789206299999,futures
1789206300000,2026-09-12T09:45:00.000Z,2026-09-12 17:45,77306.3,77323.5,77296.1,77296.1,44.873,1789206599999,futures
1789206600000,2026-09-12T09:50:00.000Z,2026-09-12 17:50,77296.1,77335.4,77295.9,77296,98.162,1789206899999,futures
1789206900000,2026-09-12T09:55:00.000Z,2026-09-12 17:55,77295.9,77320,77295.9,77320,76.471,1789207199999,futures
1789207200000,2026-09-12T10:00:00.000Z,2026-09-12 18:00,77319.9,77361,77319.9,77347.7,72.884,1789207499999,futures
1789207500000,2026-09-12T10:05:00.000Z,2026-09-12 18:05,77347.7,77366.7,77347.6,77358.9,85.83,1789207799999,futures
1789207800000,2026-09-12T10:10:00.000Z,2026-09-12 18:10,77358.9,77369.3,77358.8,77365.6,60.409,1789208099999,futures
1789208100000,2026-09-12T10:15:00.000Z,2026-09-12 18:15,77365.6,77365.6,77350,77358.1,57.897,1789208399999,futures
1789208400000,2026-09-12T10:20:00.000Z,2026-09-12 18:20,77358.2,77358.2,77338.3,77342.1,112.376,1789208699999,futures
1789208700000,2026-09-12T10:25:00.000Z,2026-09-12 18:25,77342.1,77342.1,77342,77342.1,65.815,1789208999999,futures
1789209000000,2026-09-12T10:30:00.000Z,2026-09-12 18:30,77342.1,77342.1,77314.2,77314.3,88.133,1789209299999,futures
1789209300000,2026-09-12T10:35:00.000Z,2026-09-12 18:35,77314.2,77333.2,77314.2,77331.4,50.621,1789209599999,futures
1789209600000,2026-09-12T10:40:00.000Z,2026-09-12 18:40,77331.3,77341.4,77322.2,77332,97.28,1789209899999,futures
1789209900000,2026-09-12T10:45:00.000Z,2026-09-12 18:45,77332,77349.8,77317.5,77321,106.251,1789210199999,futures
1789210200000,2026-09-12T10:50:00.000Z,2026-09-12 18:50,77321.1,77321.1,77271.3,77275.6,117.029,1789210499999,futures
1789210500000,2026-09-12T10:55:00.000Z,2026-09-12 18:55,77275.7,77324.4,77275.6,77298.6,124.286,1789210799999,futures
1789210800000,2026-09-12T11:00:00.000Z,2026-09-12 19:00,77298.7,77317,77277.7,77295.4,127.956,1789211099999,futures
1789211100000,2026-09-12T11:05:00.000Z,2026-09-12 19:05,77295.5,77296.7,77277.1,77279.8,56.003,1789211399999,futures
1789211400000,2026-09-12T11:10:00.000Z,2026-09-12 19:10,77279.7,77302.1,77279.7,77297.3,80.744,1789211699999,futures
1789211700000,2026-09-12T11:15:00.000Z,2026-09-12 19:15,77297.3,77297.3,77268.1,77268.1,66.627,1789211999999,futures
1789212000000,2026-09-12T11:20:00.000Z,2026-09-12 19:20,77268.1,77275,77262.6,77273.3,94.478,1789212299999,futures
1789212300000,2026-09-12T11:25:00.000Z,2026-09-12 19:25,77273.2,77273.3,77260,77264.4,58.052,1789212599999,futures
1789212600000,2026-09-12T11:30:00.000Z,2026-09-12 19:30,77264.5,77274.4,77261.1,77274.4,99.895,1789212899999,futures
1789212900000,2026-09-12T11:35:00.000Z,2026-09-12 19:35,77274.4,77300,77274.3,77292.1,45.558,1789213199999,futures
1789213200000,2026-09-12T11:40:00.000Z,2026-09-12 19:40,77292.1,77321.7,77292.1,77313.5,65.946,1789213499999,futures
1789213500000,2026-09-12T11:45:00.000Z,2026-09-12 19:45,77313.5,77316.2,77313.4,77316.2,21.207,1789213799999,futures
1789213800000,2026-09-12T11:50:00.000Z,2026-09-12 19:50,77316.1,77331.8,77316.1,77329.7,67.017,1789214099999,futures
1789214100000,2026-09-12T11:55:00.000Z,2026-09-12 19:55,77329.7,77329.7,77324,77325.8,35.654,1789214399999,futures
1789214400000,2026-09-12T12:00:00.000Z,2026-09-12 20:00,77325.8,77326.5,77312.3,77312.4,61.604,1789214699999,futures
1789214700000,2026-09-12T12:05:00.000Z,2026-09-12 20:05,77312.5,77333.5,77312.4,77324,60.977,1789214999999,futures
1789215000000,2026-09-12T12:10:00.000Z,2026-09-12 20:10,77324,77324,77279,77293.4,146.741,1789215299999,futures
1789215300000,2026-09-12T12:15:00.000Z,2026-09-12 20:15,77293.4,77308.7,77272.9,77282.8,103.513,1789215599999,futures
1789215600000,2026-09-12T12:20:00.000Z,2026-09-12 20:20,77282.9,77289.4,77282.8,77285.3,32.699,1789215899999,futures
1789215900000,2026-09-12T12:25:00.000Z,2026-09-12 20:25,77285.3,77315.3,77285,77294.4,309.951,1789216199999,futures
1789216200000,2026-09-12T12:30:00.000Z,2026-09-12 20:30,77294.4,77300.9,77294.3,77300.9,19.009,1789216499999,futures
1789216500000,2026-09-12T12:35:00.000Z,2026-09-12 20:35,77300.9,77313.5,77300.8,77313.5,37.203,1789216799999,futures
1789216800000,2026-09-12T12:40:00.000Z,2026-09-12 20:40,77313.5,77313.6,77292.3,77292.4,160.09,1789217099999,futures
1789217100000,2026-09-12T12:45:00.000Z,2026-09-12 20:45,77292.3,77307,77282.4,77288.7,105.333,1789217399999,futures
1789217400000,2026-09-12T12:50:00.000Z,2026-09-12 20:50,77288.6,77288.7,77251.6,77256.2,174.771,1789217699999,futures
1789217700000,2026-09-12T12:55:00.000Z,2026-09-12 20:55,77256.2,77310.3,77250.3,77294.9,280.537,1789217999999,futures
1789218000000,2026-09-12T13:00:00.000Z,2026-09-12 21:00,77294.9,77301.4,77266.6,77301.4,107.008,1789218299999,futures
1789218300000,2026-09-12T13:05:00.000Z,2026-09-12 21:05,77301.3,77364.5,77290.5,77330.8,182.446,1789218599999,futures
1789218600000,2026-09-12T13:10:00.000Z,2026-09-12 21:10,77330.9,77330.9,77277.7,77284,693.164,1789218899999,futures
1789218900000,2026-09-12T13:15:00.000Z,2026-09-12 21:15,77284.1,77284.1,77238,77264.8,232.043,1789219199999,futures
1789219200000,2026-09-12T13:20:00.000Z,2026-09-12 21:20,77264.8,77268.6,77229,77244.1,397.838,1789219499999,futures
1789219500000,2026-09-12T13:25:00.000Z,2026-09-12 21:25,77244,77286.4,77208,77268.8,558.329,1789219799999,futures
1789219800000,2026-09-12T13:30:00.000Z,2026-09-12 21:30,77268.8,77268.9,77228.3,77264.9,163.298,1789220099999,futures
1789220100000,2026-09-12T13:35:00.000Z,2026-09-12 21:35,77264.9,77278.5,77252.6,77252.6,59.993,1789220399999,futures
1789220400000,2026-09-12T13:40:00.000Z,2026-09-12 21:40,77252.7,77296.1,77250.1,77265.5,336.44,1789220699999,futures
1789220700000,2026-09-12T13:45:00.000Z,2026-09-12 21:45,77265.5,77268.4,77234.8,77266.5,129.655,1789220999999,futures
1789221000000,2026-09-12T13:50:00.000Z,2026-09-12 21:50,77266.4,77298.4,77266.4,77298.2,88.183,1789221299999,futures
1789221300000,2026-09-12T13:55:00.000Z,2026-09-12 21:55,77298.2,77329.4,77298.1,77329.2,94.575,1789221599999,futures
1789221600000,2026-09-12T14:00:00.000Z,2026-09-12 22:00,77329.1,77334,77329.1,77333.9,59.044,1789221899999,futures
1789221900000,2026-09-12T14:05:00.000Z,2026-09-12 22:05,77333.9,77355.4,77333.9,77346.6,112.947,1789222199999,futures
1789222200000,2026-09-12T14:10:00.000Z,2026-09-12 22:10,77346.7,77346.7,77333.9,77333.9,73.345,1789222499999,futures
1789222500000,2026-09-12T14:15:00.000Z,2026-09-12 22:15,77334,77339.2,77333.9,77339.1,38.134,1789222799999,futures
1789222800000,2026-09-12T14:20:00.000Z,2026-09-12 22:20,77339.2,77373.1,77339.1,77353.8,142.784,1789223099999,futures
1789223100000,2026-09-12T14:25:00.000Z,2026-09-12 22:25,77353.7,77395.5,77353.7,77394.1,233.068,1789223399999,futures
1789223400000,2026-09-12T14:30:00.000Z,2026-09-12 22:30,77394,77446.6,77394,77405.8,349.752,1789223699999,futures
1789223700000,2026-09-12T14:35:00.000Z,2026-09-12 22:35,77405.8,77439.9,77405.7,77439.8,132.929,1789223999999,futures
1789224000000,2026-09-12T14:40:00.000Z,2026-09-12 22:40,77439.8,77449.8,77413,77413,149.309,1789224299999,futures
1789224300000,2026-09-12T14:45:00.000Z,2026-09-12 22:45,77413,77450.9,77413,77450.8,82.331,1789224599999,futures
1789224600000,2026-09-12T14:50:00.000Z,2026-09-12 22:50,77450.8,77477.4,77436.8,77436.8,339.845,1789224899999,futures
1789224900000,2026-09-12T14:55:00.000Z,2026-09-12 22:55,77436.9,77436.9,77416.6,77430.5,260.949,1789225199999,futures
1789225200000,2026-09-12T15:00:00.000Z,2026-09-12 23:00,77430.4,77433.8,77416,77416,58.863,1789225499999,futures
1789225500000,2026-09-12T15:05:00.000Z,2026-09-12 23:05,77416,77416.1,77383.8,77395.3,182.146,1789225799999,futures
1789225800000,2026-09-12T15:10:00.000Z,2026-09-12 23:10,77395.4,77407.5,77377.8,77396.8,176.189,1789226099999,futures
1789226100000,2026-09-12T15:15:00.000Z,2026-09-12 23:15,77396.7,77446.8,77391.2,77409.1,228.026,1789226399999,futures
1789226400000,2026-09-12T15:20:00.000Z,2026-09-12 23:20,77409.2,77418.1,77399.9,77416.8,80.352,1789226699999,futures
1789226700000,2026-09-12T15:25:00.000Z,2026-09-12 23:25,77416.9,77449.2,77416.8,77419,112.057,1789226999999,futures
1789227000000,2026-09-12T15:30:00.000Z,2026-09-12 23:30,77419.1,77420.2,77367.5,77375.2,128.743,1789227299999,futures
1789227300000,2026-09-12T15:35:00.000Z,2026-09-12 23:35,77375.2,77403.2,77336.7,77393.1,213.373,1789227599999,futures
1789227600000,2026-09-12T15:40:00.000Z,2026-09-12 23:40,77393.1,77393.2,77366.7,77366.7,51.374,1789227899999,futures
1789227900000,2026-09-12T15:45:00.000Z,2026-09-12 23:45,77366.8,77383.5,77340.1,77348.8,103.134,1789228199999,futures
1789228200000,2026-09-12T15:50:00.000Z,2026-09-12 23:50,77348.7,77372.3,77348.7,77353,103.764,1789228499999,futures
1789228500000,2026-09-12T15:55:00.000Z,2026-09-12 23:55,77352.9,77409.3,77339.7,77343.7,366.416,1789228799999,futures
