openTimeMs,openTimeUtc,openTimeLocal,open,high,low,close,volume,closeTime,source
1788407100000,2026-09-03T03:45:00.000Z,2026-09-03 11:45,2399.3,2401.75,2398.6,2400.84,6551.681,1788407399999,futures
1788407400000,2026-09-03T03:50:00.000Z,2026-09-03 11:50,2400.84,2402.23,2400.74,2402.23,4286.098,1788407699999,futures
1788407700000,2026-09-03T03:55:00.000Z,2026-09-03 11:55,2402.23,2402.62,2401.24,2402.39,3334.702,1788407999999,futures
1788408000000,2026-09-03T04:00:00.000Z,2026-09-03 12:00,2402.39,2404.8,2402.38,2403.3,4660.63,1788408299999,futures
1788408300000,2026-09-03T04:05:00.000Z,2026-09-03 12:05,2403.29,2405.38,2402.91,2404.9,3658.63,1788408599999,futures
1788408600000,2026-09-03T04:10:00.000Z,2026-09-03 12:10,2404.89,2406.6,2400.22,2400.75,11204.271,1788408899999,futures
1788408900000,2026-09-03T04:15:00.000Z,2026-09-03 12:15,2400.76,2401.25,2396.77,2397.88,10975.873,1788409199999,futures
1788409200000,2026-09-03T04:20:00.000Z,2026-09-03 12:20,2397.87,2399.36,2395.24,2398.56,10691.434,1788409499999,futures
1788409500000,2026-09-03T04:25:00.000Z,2026-09-03 12:25,2398.55,2398.85,2396.87,2397.3,3989.019,1788409799999,futures
1788409800000,2026-09-03T04:30:00.000Z,2026-09-03 12:30,2397.3,2398.96,2397.3,2397.73,3256.071,1788410099999,futures
1788410100000,2026-09-03T04:35:00.000Z,2026-09-03 12:35,2397.73,2398,2397.01,2397.78,2463.523,1788410399999,futures
1788410400000,2026-09-03T04:40:00.000Z,2026-09-03 12:40,2397.77,2398.15,2396.36,2396.47,2076.185,1788410699999,futures
1788410700000,2026-09-03T04:45:00.000Z,2026-09-03 12:45,2396.48,2399.5,2396.48,2399.19,4375.322,1788410999999,futures
1788411000000,2026-09-03T04:50:00.000Z,2026-09-03 12:50,2399.19,2407.75,2399.18,2406.3,22722.908,1788411299999,futures
1788411300000,2026-09-03T04:55:00.000Z,2026-09-03 12:55,2406.3,2407.56,2402.96,2407.55,24920.966,1788411599999,futures
1788411600000,2026-09-03T05:00:00.000Z,2026-09-03 13:00,2407.56,2409.33,2406.52,2406.73,28531.157,1788411899999,futures
1788411900000,2026-09-03T05:05:00.000Z,2026-09-03 13:05,2406.73,2407.01,2402.23,2403.37,8845.098,1788412199999,futures
1788412200000,2026-09-03T05:10:00.000Z,2026-09-03 13:10,2403.38,2404.6,2399.6,2401.11,5830.688,1788412499999,futures
1788412500000,2026-09-03T05:15:00.000Z,2026-09-03 13:15,2401.1,2401.79,2395.44,2396.23,18612.11,1788412799999,futures
1788412800000,2026-09-03T05:20:00.000Z,2026-09-03 13:20,2396.23,2396.24,2377.44,2383.69,67986.982,1788413099999,futures
1788413100000,2026-09-03T05:25:00.000Z,2026-09-03 13:25,2383.69,2384.36,2378,2384.1,30560.309,1788413399999,futures
1788413400000,2026-09-03T05:30:00.000Z,2026-09-03 13:30,2384.11,2390.4,2383,2389.28,18343.453,1788413699999,futures
1788413700000,2026-09-03T05:35:00.000Z,2026-09-03 13:35,2389.27,2395.84,2389.27,2394.62,23910.98,1788413999999,futures
1788414000000,2026-09-03T05:40:00.000Z,2026-09-03 13:40,2394.63,2396.58,2392.83,2395.37,8221.614,1788414299999,futures
1788414300000,2026-09-03T05:45:00.000Z,2026-09-03 13:45,2395.38,2397.32,2392.75,2397.23,7652.911,1788414599999,futures
1788414600000,2026-09-03T05:50:00.000Z,2026-09-03 13:50,2397.24,2404.33,2397.11,2401.2,26705.922,1788414899999,futures
1788414900000,2026-09-03T05:55:00.000Z,2026-09-03 13:55,2401.2,2404.63,2401.18,2403.87,11905.602,1788415199999,futures
1788415200000,2026-09-03T06:00:00.000Z,2026-09-03 14:00,2403.86,2405.99,2400.22,2400.68,11482.216,1788415499999,futures
1788415500000,2026-09-03T06:05:00.000Z,2026-09-03 14:05,2400.68,2402.73,2399.51,2400.05,6544.836,1788415799999,futures
1788415800000,2026-09-03T06:10:00.000Z,2026-09-03 14:10,2400.06,2402.48,2399.95,2400.48,5089.234,1788416099999,futures
1788416100000,2026-09-03T06:15:00.000Z,2026-09-03 14:15,2400.48,2404.67,2399.88,2404.42,8737.51,1788416399999,futures
1788416400000,2026-09-03T06:20:00.000Z,2026-09-03 14:20,2404.41,2405.22,2402.54,2404.24,5987.316,1788416699999,futures
1788416700000,2026-09-03T06:25:00.000Z,2026-09-03 14:25,2404.23,2407.71,2403.85,2406.87,13599.064,1788416999999,futures
1788417000000,2026-09-03T06:30:00.000Z,2026-09-03 14:30,2406.86,2408.2,2404.8,2408.07,8683.454,1788417299999,futures
1788417300000,2026-09-03T06:35:00.000Z,2026-09-03 14:35,2408.06,2408.58,2406.5,2407.41,7200.027,1788417599999,futures
1788417600000,2026-09-03T06:40:00.000Z,2026-09-03 14:40,2407.41,2408.99,2406.24,2408.94,5129.678,1788417899999,futures
1788417900000,2026-09-03T06:45:00.000Z,2026-09-03 14:45,2408.94,2409.29,2406.59,2407.89,8423.314,1788418199999,futures
1788418200000,2026-09-03T06:50:00.000Z,2026-09-03 14:50,2407.88,2408.15,2405.85,2406.65,5893.382,1788418499999,futures
1788418500000,2026-09-03T06:55:00.000Z,2026-09-03 14:55,2406.64,2407.79,2406.64,2407.33,3468.022,1788418799999,futures
1788418800000,2026-09-03T07:00:00.000Z,2026-09-03 15:00,2407.32,2418.82,2406.55,2417.69,31715.222,1788419099999,futures
1788419100000,2026-09-03T07:05:00.000Z,2026-09-03 15:05,2417.69,2418.45,2410.54,2410.63,37470.298,1788419399999,futures
1788419400000,2026-09-03T07:10:00.000Z,2026-09-03 15:10,2410.63,2413.47,2408.08,2411.82,27270.671,1788419699999,futures
1788419700000,2026-09-03T07:15:00.000Z,2026-09-03 15:15,2411.82,2412.02,2408,2410,10722.922,1788419999999,futures
1788420000000,2026-09-03T07:20:00.000Z,2026-09-03 15:20,2410,2411.8,2407.08,2407.3,9593.6,1788420299999,futures
1788420300000,2026-09-03T07:25:00.000Z,2026-09-03 15:25,2407.3,2408.4,2403.85,2406.89,24593.547,1788420599999,futures
1788420600000,2026-09-03T07:30:00.000Z,2026-09-03 15:30,2406.89,2407.14,2402.53,2405.67,15239.809,1788420899999,futures
1788420900000,2026-09-03T07:35:00.000Z,2026-09-03 15:35,2405.66,2408.61,2404.76,2408.61,4709.092,1788421199999,futures
1788421200000,2026-09-03T07:40:00.000Z,2026-09-03 15:40,2408.61,2411.99,2406.63,2406.87,11729.276,1788421499999,futures
1788421500000,2026-09-03T07:45:00.000Z,2026-09-03 15:45,2406.87,2408.37,2401.24,2401.47,15414.322,1788421799999,futures
1788421800000,2026-09-03T07:50:00.000Z,2026-09-03 15:50,2401.46,2401.84,2397.95,2398.49,16691.396,1788422099999,futures
1788422100000,2026-09-03T07:55:00.000Z,2026-09-03 15:55,2398.5,2398.5,2394.07,2397.33,23437.635,1788422399999,futures
1788422400000,2026-09-03T08:00:00.000Z,2026-09-03 16:00,2397.33,2405.81,2397.33,2404,16557.126,1788422699999,futures
1788422700000,2026-09-03T08:05:00.000Z,2026-09-03 16:05,2404,2412.23,2404,2406.27,16618.32,1788422999999,futures
1788423000000,2026-09-03T08:10:00.000Z,2026-09-03 16:10,2406.28,2408.63,2402.8,2404.56,10101.562,1788423299999,futures
1788423300000,2026-09-03T08:15:00.000Z,2026-09-03 16:15,2404.55,2404.69,2401.26,2403.39,3938.51,1788423599999,futures
1788423600000,2026-09-03T08:20:00.000Z,2026-09-03 16:20,2403.4,2404.41,2399.27,2401.37,6256.577,1788423899999,futures
1788423900000,2026-09-03T08:25:00.000Z,2026-09-03 16:25,2401.36,2408.49,2400.45,2407.91,15514.354,1788424199999,futures
1788424200000,2026-09-03T08:30:00.000Z,2026-09-03 16:30,2407.9,2408.85,2405.33,2405.71,6088.132,1788424499999,futures
1788424500000,2026-09-03T08:35:00.000Z,2026-09-03 16:35,2405.7,2407.28,2405.14,2405.46,3503.059,1788424799999,futures
1788424800000,2026-09-03T08:40:00.000Z,2026-09-03 16:40,2405.45,2406.13,2404.12,2404.72,3307.446,1788425099999,futures
1788425100000,2026-09-03T08:45:00.000Z,2026-09-03 16:45,2404.73,2406.81,2402.65,2403.52,13454.747,1788425399999,futures
1788425400000,2026-09-03T08:50:00.000Z,2026-09-03 16:50,2403.52,2404.42,2399.89,2402.33,16040.159,1788425699999,futures
1788425700000,2026-09-03T08:55:00.000Z,2026-09-03 16:55,2402.33,2403.6,2402.32,2402.65,2306.556,1788425999999,futures
1788426000000,2026-09-03T09:00:00.000Z,2026-09-03 17:00,2402.65,2402.99,2401,2402.03,3380.278,1788426299999,futures
1788426300000,2026-09-03T09:05:00.000Z,2026-09-03 17:05,2402.02,2404.26,2400.21,2403.85,5086.314,1788426599999,futures
1788426600000,2026-09-03T09:10:00.000Z,2026-09-03 17:10,2403.85,2406.85,2402.88,2403.9,6756.69,1788426899999,futures
1788426900000,2026-09-03T09:15:00.000Z,2026-09-03 17:15,2403.9,2405.53,2400.8,2401.15,4155.763,1788427199999,futures
1788427200000,2026-09-03T09:20:00.000Z,2026-09-03 17:20,2401.16,2402.34,2399.94,2401.44,5248.996,1788427499999,futures
1788427500000,2026-09-03T09:25:00.000Z,2026-09-03 17:25,2401.45,2402,2397.81,2398,6102.722,1788427799999,futures
1788427800000,2026-09-03T09:30:00.000Z,2026-09-03 17:30,2397.99,2398.82,2396.83,2397.33,7043.655,1788428099999,futures
1788428100000,2026-09-03T09:35:00.000Z,2026-09-03 17:35,2397.33,2398.08,2395.36,2395.76,6427.006,1788428399999,futures
1788428400000,2026-09-03T09:40:00.000Z,2026-09-03 17:40,2395.75,2396.57,2392.49,2395.88,14870.994,1788428699999,futures
1788428700000,2026-09-03T09:45:00.000Z,2026-09-03 17:45,2395.88,2398.29,2393.6,2393.85,11514.375,1788428999999,futures
1788429000000,2026-09-03T09:50:00.000Z,2026-09-03 17:50,2393.85,2396.09,2393.35,2394.35,4614.613,1788429299999,futures
1788429300000,2026-09-03T09:55:00.000Z,2026-09-03 17:55,2394.35,2394.47,2392.28,2392.65,5158.344,1788429599999,futures
1788429600000,2026-09-03T10:00:00.000Z,2026-09-03 18:00,2392.65,2393.75,2391.01,2393.37,11666.808,1788429899999,futures
1788429900000,2026-09-03T10:05:00.000Z,2026-09-03 18:05,2393.36,2396.04,2390.4,2393.52,12739.027,1788430199999,futures
1788430200000,2026-09-03T10:10:00.000Z,2026-09-03 18:10,2393.52,2393.69,2389.27,2390.47,8238.513,1788430499999,futures
1788430500000,2026-09-03T10:15:00.000Z,2026-09-03 18:15,2390.47,2394.43,2388.79,2394.43,10354.86,1788430799999,futures
1788430800000,2026-09-03T10:20:00.000Z,2026-09-03 18:20,2394.43,2397.81,2394.42,2395.35,9258.538,1788431099999,futures
1788431100000,2026-09-03T10:25:00.000Z,2026-09-03 18:25,2395.36,2396.4,2393.72,2395.23,3568.051,1788431399999,futures
1788431400000,2026-09-03T10:30:00.000Z,2026-09-03 18:30,2395.23,2396,2391.32,2391.43,4354.06,1788431699999,futures
1788431700000,2026-09-03T10:35:00.000Z,2026-09-03 18:35,2391.44,2391.86,2389.13,2391.84,9907.705,1788431999999,futures
1788432000000,2026-09-03T10:40:00.000Z,2026-09-03 18:40,2391.83,2391.84,2388.37,2390.44,9297.129,1788432299999,futures
1788432300000,2026-09-03T10:45:00.000Z,2026-09-03 18:45,2390.44,2392.2,2390,2390.89,5633.897,1788432599999,futures
1788432600000,2026-09-03T10:50:00.000Z,2026-09-03 18:50,2390.88,2396.37,2390.88,2394.61,6288.046,1788432899999,futures
1788432900000,2026-09-03T10:55:00.000Z,2026-09-03 18:55,2394.61,2396.43,2394.51,2395.74,4507.276,1788433199999,futures
1788433200000,2026-09-03T11:00:00.000Z,2026-09-03 19:00,2395.73,2397.8,2394.5,2396.61,7909.979,1788433499999,futures
1788433500000,2026-09-03T11:05:00.000Z,2026-09-03 19:05,2396.61,2399.28,2395.39,2399,11437.183,1788433799999,futures
1788433800000,2026-09-03T11:10:00.000Z,2026-09-03 19:10,2399.01,2399.04,2396.54,2398.6,4165.001,1788434099999,futures
1788434100000,2026-09-03T11:15:00.000Z,2026-09-03 19:15,2398.61,2403.43,2398.6,2403.25,14976.395,1788434399999,futures
1788434400000,2026-09-03T11:20:00.000Z,2026-09-03 19:20,2403.26,2403.6,2400.14,2402.3,5436.022,1788434699999,futures
1788434700000,2026-09-03T11:25:00.000Z,2026-09-03 19:25,2402.3,2405.27,2401.88,2404.67,7462.108,1788434999999,futures
1788435000000,2026-09-03T11:30:00.000Z,2026-09-03 19:30,2404.68,2406.07,2401.31,2405.39,12884.629,1788435299999,futures
1788435300000,2026-09-03T11:35:00.000Z,2026-09-03 19:35,2405.4,2405.4,2403.38,2404.49,4189.398,1788435599999,futures
1788435600000,2026-09-03T11:40:00.000Z,2026-09-03 19:40,2404.49,2408.28,2403.93,2407.68,12655.49,1788435899999,futures
1788435900000,2026-09-03T11:45:00.000Z,2026-09-03 19:45,2407.68,2410.49,2404.67,2405.74,25914.076,1788436199999,futures
1788436200000,2026-09-03T11:50:00.000Z,2026-09-03 19:50,2405.74,2407.52,2404.46,2404.93,4952.108,1788436499999,futures
1788436500000,2026-09-03T11:55:00.000Z,2026-09-03 19:55,2404.93,2407.77,2404.77,2406.12,8492.64,1788436799999,futures
1788436800000,2026-09-03T12:00:00.000Z,2026-09-03 20:00,2406.12,2406.88,2404.35,2406.29,5717.602,1788437099999,futures
1788437100000,2026-09-03T12:05:00.000Z,2026-09-03 20:05,2406.3,2406.63,2404.53,2406.45,5218.999,1788437399999,futures
1788437400000,2026-09-03T12:10:00.000Z,2026-09-03 20:10,2406.44,2410.19,2406.05,2408.74,8416.514,1788437699999,futures
1788437700000,2026-09-03T12:15:00.000Z,2026-09-03 20:15,2408.75,2411.41,2405.72,2406.48,10825.4,1788437999999,futures
1788438000000,2026-09-03T12:20:00.000Z,2026-09-03 20:20,2406.47,2407.88,2404.6,2407.29,4985.001,1788438299999,futures
1788438300000,2026-09-03T12:25:00.000Z,2026-09-03 20:25,2407.28,2407.68,2406.37,2406.85,2237.092,1788438599999,futures
1788438600000,2026-09-03T12:30:00.000Z,2026-09-03 20:30,2406.85,2422.71,2406.85,2415.86,77839.902,1788438899999,futures
1788438900000,2026-09-03T12:35:00.000Z,2026-09-03 20:35,2415.86,2417.65,2412.33,2415.23,20281.524,1788439199999,futures
1788439200000,2026-09-03T12:40:00.000Z,2026-09-03 20:40,2415.24,2416.18,2410.7,2412.45,14943.101,1788439499999,futures
1788439500000,2026-09-03T12:45:00.000Z,2026-09-03 20:45,2412.44,2417.51,2412,2416.49,13461.215,1788439799999,futures
1788439800000,2026-09-03T12:50:00.000Z,2026-09-03 20:50,2416.49,2423.91,2414.88,2421.63,23322.441,1788440099999,futures
1788440100000,2026-09-03T12:55:00.000Z,2026-09-03 20:55,2421.63,2426.22,2421.41,2422.35,41115.287,1788440399999,futures
1788440400000,2026-09-03T13:00:00.000Z,2026-09-03 21:00,2422.35,2424.14,2417.88,2419.3,26778.864,1788440699999,futures
1788440700000,2026-09-03T13:05:00.000Z,2026-09-03 21:05,2419.3,2419.61,2415.84,2417.51,12775.531,1788440999999,futures
1788441000000,2026-09-03T13:10:00.000Z,2026-09-03 21:10,2417.52,2421.41,2417,2418.54,8922.662,1788441299999,futures
1788441300000,2026-09-03T13:15:00.000Z,2026-09-03 21:15,2418.54,2419.93,2416.19,2416.77,8905.787,1788441599999,futures
1788441600000,2026-09-03T13:20:00.000Z,2026-09-03 21:20,2416.76,2420.58,2414.88,2420.21,14518.418,1788441899999,futures
1788441900000,2026-09-03T13:25:00.000Z,2026-09-03 21:25,2420.21,2420.21,2416.99,2418.8,9759.783,1788442199999,futures
1788442200000,2026-09-03T13:30:00.000Z,2026-09-03 21:30,2418.8,2433.56,2417.05,2425.66,56323.112,1788442499999,futures
1788442500000,2026-09-03T13:35:00.000Z,2026-09-03 21:35,2425.66,2431.49,2421.12,2431,38456.98,1788442799999,futures
1788442800000,2026-09-03T13:40:00.000Z,2026-09-03 21:40,2431,2434.84,2429.4,2433.75,33314.564,1788443099999,futures
1788443100000,2026-09-03T13:45:00.000Z,2026-09-03 21:45,2433.75,2435.35,2426.46,2427.62,29184.966,1788443399999,futures
1788443400000,2026-09-03T13:50:00.000Z,2026-09-03 21:50,2427.62,2431.3,2425.26,2425.36,13134.23,1788443699999,futures
1788443700000,2026-09-03T13:55:00.000Z,2026-09-03 21:55,2425.36,2429.31,2423.22,2428.75,9805.447,1788443999999,futures
1788444000000,2026-09-03T14:00:00.000Z,2026-09-03 22:00,2428.75,2430.76,2424.27,2430.36,16035.264,1788444299999,futures
1788444300000,2026-09-03T14:05:00.000Z,2026-09-03 22:05,2430.37,2435,2428.88,2432.52,20215.214,1788444599999,futures
1788444600000,2026-09-03T14:10:00.000Z,2026-09-03 22:10,2432.52,2438.81,2429.58,2438.81,29748.435,1788444899999,futures
1788444900000,2026-09-03T14:15:00.000Z,2026-09-03 22:15,2438.81,2444,2437,2437.67,40262.859,1788445199999,futures
1788445200000,2026-09-03T14:20:00.000Z,2026-09-03 22:20,2437.68,2447,2437.46,2445.13,31017.019,1788445499999,futures
1788445500000,2026-09-03T14:25:00.000Z,2026-09-03 22:25,2445.13,2450.66,2445.12,2449.54,45268.704,1788445799999,futures
1788445800000,2026-09-03T14:30:00.000Z,2026-09-03 22:30,2449.54,2464.42,2447,2458.82,88975.335,1788446099999,futures
1788446100000,2026-09-03T14:35:00.000Z,2026-09-03 22:35,2458.82,2460.89,2453.47,2454.18,54202.553,1788446399999,futures
1788446400000,2026-09-03T14:40:00.000Z,2026-09-03 22:40,2454.19,2460.23,2450.43,2455.9,33089.519,1788446699999,futures
1788446700000,2026-09-03T14:45:00.000Z,2026-09-03 22:45,2455.89,2487.45,2455.28,2479.82,128095.997,1788446999999,futures
1788447000000,2026-09-03T14:50:00.000Z,2026-09-03 22:50,2479.83,2484.35,2472.9,2478.83,59834.225,1788447299999,futures
1788447300000,2026-09-03T14:55:00.000Z,2026-09-03 22:55,2478.83,2489,2472.68,2488.32,55045.643,1788447599999,futures
1788447600000,2026-09-03T15:00:00.000Z,2026-09-03 23:00,2488.33,2504.75,2486.65,2493.47,150546.691,1788447899999,futures
1788447900000,2026-09-03T15:05:00.000Z,2026-09-03 23:05,2493.47,2495.17,2488.12,2489.58,43471.877,1788448199999,futures
1788448200000,2026-09-03T15:10:00.000Z,2026-09-03 23:10,2489.58,2490,2478.44,2485.37,66758.399,1788448499999,futures
1788448500000,2026-09-03T15:15:00.000Z,2026-09-03 23:15,2485.37,2488.74,2482.77,2485.94,27014.406,1788448799999,futures
1788448800000,2026-09-03T15:20:00.000Z,2026-09-03 23:20,2485.94,2492.54,2481.17,2489.34,28479.782,1788449099999,futures
1788449100000,2026-09-03T15:25:00.000Z,2026-09-03 23:25,2489.33,2490.96,2485.8,2489.43,13587.378,1788449399999,futures
1788449400000,2026-09-03T15:30:00.000Z,2026-09-03 23:30,2489.42,2496.62,2487.3,2494.4,38775.332,1788449699999,futures
1788449700000,2026-09-03T15:35:00.000Z,2026-09-03 23:35,2494.4,2495.5,2490.9,2494.06,18045.817,1788449999999,futures
1788450000000,2026-09-03T15:40:00.000Z,2026-09-03 23:40,2494.07,2496.77,2491.52,2491.81,25254.327,1788450299999,futures
1788450300000,2026-09-03T15:45:00.000Z,2026-09-03 23:45,2491.81,2493.72,2486,2489.79,25803.984,1788450599999,futures
1788450600000,2026-09-03T15:50:00.000Z,2026-09-03 23:50,2489.78,2511.58,2489.68,2511.04,89543.963,1788450899999,futures
1788450900000,2026-09-03T15:55:00.000Z,2026-09-03 23:55,2511.04,2516.64,2505.85,2515.99,46898.052,1788451199999,futures
1788451200000,2026-09-03T16:00:00.000Z,2026-09-04 00:00,2516,2518,2496.11,2497.9,73600.479,1788451499999,futures
1788451500000,2026-09-03T16:05:00.000Z,2026-09-04 00:05,2497.91,2505.44,2495.38,2500.6,38729.978,1788451799999,futures
1788451800000,2026-09-03T16:10:00.000Z,2026-09-04 00:10,2500.6,2503,2498,2499.91,20626.056,1788452099999,futures
1788452100000,2026-09-03T16:15:00.000Z,2026-09-04 00:15,2499.91,2500.25,2492.27,2492.65,38676.533,1788452399999,futures
1788452400000,2026-09-03T16:20:00.000Z,2026-09-04 00:20,2492.66,2496.5,2490.74,2491.41,20114.946,1788452699999,futures
1788452700000,2026-09-03T16:25:00.000Z,2026-09-04 00:25,2491.41,2492.49,2487.3,2491.1,28379.455,1788452999999,futures
1788453000000,2026-09-03T16:30:00.000Z,2026-09-04 00:30,2491.11,2497.37,2491.11,2496.64,23974.312,1788453299999,futures
1788453300000,2026-09-03T16:35:00.000Z,2026-09-04 00:35,2496.64,2496.77,2491.07,2491.58,15344.339,1788453599999,futures
1788453600000,2026-09-03T16:40:00.000Z,2026-09-04 00:40,2491.57,2491.98,2487.64,2488.12,11313.699,1788453899999,futures
1788453900000,2026-09-03T16:45:00.000Z,2026-09-04 00:45,2488.11,2494.98,2487.53,2493.64,12312.449,1788454199999,futures
1788454200000,2026-09-03T16:50:00.000Z,2026-09-04 00:50,2493.65,2495,2492,2494.21,7708.232,1788454499999,futures
1788454500000,2026-09-03T16:55:00.000Z,2026-09-04 00:55,2494.2,2495.29,2491.79,2493.29,7431.823,1788454799999,futures
1788454800000,2026-09-03T17:00:00.000Z,2026-09-04 01:00,2493.3,2494.33,2490.8,2494.32,8328.283,1788455099999,futures
1788455100000,2026-09-03T17:05:00.000Z,2026-09-04 01:05,2494.32,2496.24,2491.01,2494.48,9764.785,1788455399999,futures
1788455400000,2026-09-03T17:10:00.000Z,2026-09-04 01:10,2494.48,2498.72,2494.34,2498.28,12394.864,1788455699999,futures
1788455700000,2026-09-03T17:15:00.000Z,2026-09-04 01:15,2498.29,2500.72,2496,2496.14,20716.782,1788455999999,futures
1788456000000,2026-09-03T17:20:00.000Z,2026-09-04 01:20,2496.14,2498.54,2495.1,2497.75,8279.616,1788456299999,futures
1788456300000,2026-09-03T17:25:00.000Z,2026-09-04 01:25,2497.75,2502.82,2496.67,2498.75,13964.693,1788456599999,futures
1788456600000,2026-09-03T17:30:00.000Z,2026-09-04 01:30,2498.76,2503,2497.68,2503,8788.876,1788456899999,futures
1788456900000,2026-09-03T17:35:00.000Z,2026-09-04 01:35,2502.99,2504.5,2500.48,2504.49,10392.97,1788457199999,futures
1788457200000,2026-09-03T17:40:00.000Z,2026-09-04 01:40,2504.5,2505.73,2501.04,2501.04,9713.096,1788457499999,futures
1788457500000,2026-09-03T17:45:00.000Z,2026-09-04 01:45,2501.05,2504.73,2500.42,2502.87,7165.843,1788457799999,futures
1788457800000,2026-09-03T17:50:00.000Z,2026-09-04 01:50,2502.87,2503,2498.38,2499.34,7121.422,1788458099999,futures
1788458100000,2026-09-03T17:55:00.000Z,2026-09-04 01:55,2499.35,2501.01,2499.07,2499.36,6243.556,1788458399999,futures
1788458400000,2026-09-03T18:00:00.000Z,2026-09-04 02:00,2499.37,2504.68,2499.06,2502.95,7446.229,1788458699999,futures
1788458700000,2026-09-03T18:05:00.000Z,2026-09-04 02:05,2502.94,2508.96,2501.4,2507.62,11445.353,1788458999999,futures
1788459000000,2026-09-03T18:10:00.000Z,2026-09-04 02:10,2507.61,2510.85,2503.15,2507.01,31447.609,1788459299999,futures
1788459300000,2026-09-03T18:15:00.000Z,2026-09-04 02:15,2507.01,2508.25,2503.64,2504.19,6663.377,1788459599999,futures
1788459600000,2026-09-03T18:20:00.000Z,2026-09-04 02:20,2504.19,2505.73,2501.76,2503.98,9639.198,1788459899999,futures
1788459900000,2026-09-03T18:25:00.000Z,2026-09-04 02:25,2503.97,2503.97,2498.39,2499.57,14927.817,1788460199999,futures
1788460200000,2026-09-03T18:30:00.000Z,2026-09-04 02:30,2499.57,2502.33,2498.42,2500.43,8193.357,1788460499999,futures
1788460500000,2026-09-03T18:35:00.000Z,2026-09-04 02:35,2500.43,2501.08,2498.5,2500.27,4822.427,1788460799999,futures
1788460800000,2026-09-03T18:40:00.000Z,2026-09-04 02:40,2500.26,2500.26,2497.31,2498.16,6363.1,1788461099999,futures
1788461100000,2026-09-03T18:45:00.000Z,2026-09-04 02:45,2498.15,2504.61,2497.93,2504.26,4939.194,1788461399999,futures
1788461400000,2026-09-03T18:50:00.000Z,2026-09-04 02:50,2504.25,2509.89,2504.23,2507.28,11232.847,1788461699999,futures
1788461700000,2026-09-03T18:55:00.000Z,2026-09-04 02:55,2507.28,2514.44,2507.28,2511.92,12721.175,1788461999999,futures
1788462000000,2026-09-03T19:00:00.000Z,2026-09-04 03:00,2511.93,2524.8,2511.08,2524.8,52462.948,1788462299999,futures
1788462300000,2026-09-03T19:05:00.000Z,2026-09-04 03:05,2524.8,2528.31,2509.61,2510.99,61499.293,1788462599999,futures
1788462600000,2026-09-03T19:10:00.000Z,2026-09-04 03:10,2511,2511.98,2507.68,2508.19,17163.809,1788462899999,futures
1788462900000,2026-09-03T19:15:00.000Z,2026-09-04 03:15,2508.18,2512.68,2506.22,2512.68,13616.098,1788463199999,futures
1788463200000,2026-09-03T19:20:00.000Z,2026-09-04 03:20,2512.68,2518.56,2511.92,2515.06,20802.525,1788463499999,futures
1788463500000,2026-09-03T19:25:00.000Z,2026-09-04 03:25,2515.07,2515.4,2510.37,2513.66,11034.781,1788463799999,futures
1788463800000,2026-09-03T19:30:00.000Z,2026-09-04 03:30,2513.67,2513.8,2506.98,2510.51,11311.012,1788464099999,futures
1788464100000,2026-09-03T19:35:00.000Z,2026-09-04 03:35,2510.52,2512.67,2508.32,2512.25,5113.55,1788464399999,futures
1788464400000,2026-09-03T19:40:00.000Z,2026-09-04 03:40,2512.24,2516.81,2511.56,2514.78,10306.642,1788464699999,futures
1788464700000,2026-09-03T19:45:00.000Z,2026-09-04 03:45,2514.78,2515.91,2508.9,2510.05,9444.385,1788464999999,futures
1788465000000,2026-09-03T19:50:00.000Z,2026-09-04 03:50,2510.06,2516.53,2510.06,2514.18,11047.897,1788465299999,futures
1788465300000,2026-09-03T19:55:00.000Z,2026-09-04 03:55,2514.18,2517.44,2513.06,2517.03,17932.255,1788465599999,futures
1788465600000,2026-09-03T20:00:00.000Z,2026-09-04 04:00,2517.02,2517.34,2504.7,2513.17,29993.581,1788465899999,futures
1788465900000,2026-09-03T20:05:00.000Z,2026-09-04 04:05,2513.17,2517.2,2511.4,2514.47,6836.862,1788466199999,futures
1788466200000,2026-09-03T20:10:00.000Z,2026-09-04 04:10,2514.47,2514.47,2509.3,2510,7144.621,1788466499999,futures
1788466500000,2026-09-03T20:15:00.000Z,2026-09-04 04:15,2510,2513.42,2509.1,2509.31,7563.481,1788466799999,futures
1788466800000,2026-09-03T20:20:00.000Z,2026-09-04 04:20,2509.31,2509.64,2505.53,2506.6,6097.367,1788467099999,futures
1788467100000,2026-09-03T20:25:00.000Z,2026-09-04 04:25,2506.6,2510.84,2505.5,2509.19,6276.924,1788467399999,futures
1788467400000,2026-09-03T20:30:00.000Z,2026-09-04 04:30,2509.2,2510.46,2504,2504.48,9824.608,1788467699999,futures
1788467700000,2026-09-03T20:35:00.000Z,2026-09-04 04:35,2504.48,2507.24,2501.11,2506.41,12689.288,1788467999999,futures
1788468000000,2026-09-03T20:40:00.000Z,2026-09-04 04:40,2506.41,2506.41,2502.5,2502.51,4192.107,1788468299999,futures
1788468300000,2026-09-03T20:45:00.000Z,2026-09-04 04:45,2502.51,2506.58,2502.17,2506.08,5701.656,1788468599999,futures
1788468600000,2026-09-03T20:50:00.000Z,2026-09-04 04:50,2506.08,2507.76,2503.67,2504.43,4260.486,1788468899999,futures
1788468900000,2026-09-03T20:55:00.000Z,2026-09-04 04:55,2504.44,2504.9,2502.65,2503.82,4798.997,1788469199999,futures
1788469200000,2026-09-03T21:00:00.000Z,2026-09-04 05:00,2503.82,2505.47,2499.09,2500.39,13146.24,1788469499999,futures
1788469500000,2026-09-03T21:05:00.000Z,2026-09-04 05:05,2500.39,2503.99,2499.57,2503.63,5084.032,1788469799999,futures
1788469800000,2026-09-03T21:10:00.000Z,2026-09-04 05:10,2503.64,2511.29,2503.64,2510.66,11801.629,1788470099999,futures
1788470100000,2026-09-03T21:15:00.000Z,2026-09-04 05:15,2510.67,2512.49,2508.72,2509.26,8518.106,1788470399999,futures
1788470400000,2026-09-03T21:20:00.000Z,2026-09-04 05:20,2509.27,2510.36,2506.17,2506.44,4724.587,1788470699999,futures
1788470700000,2026-09-03T21:25:00.000Z,2026-09-04 05:25,2506.45,2512.37,2506.17,2512.36,7949,1788470999999,futures
1788471000000,2026-09-03T21:30:00.000Z,2026-09-04 05:30,2512.36,2525.75,2512.21,2521.9,42091.71,1788471299999,futures
1788471300000,2026-09-03T21:35:00.000Z,2026-09-04 05:35,2521.9,2521.9,2509.57,2510.87,20940.164,1788471599999,futures
1788471600000,2026-09-03T21:40:00.000Z,2026-09-04 05:40,2510.88,2511.72,2507.57,2507.72,8280.787,1788471899999,futures
1788471900000,2026-09-03T21:45:00.000Z,2026-09-04 05:45,2507.71,2511.98,2505.13,2511.97,13935.341,1788472199999,futures
1788472200000,2026-09-03T21:50:00.000Z,2026-09-04 05:50,2511.97,2515.52,2511.51,2514.56,7487.165,1788472499999,futures
1788472500000,2026-09-03T21:55:00.000Z,2026-09-04 05:55,2514.56,2514.57,2509.49,2510.13,5762.19,1788472799999,futures
1788472800000,2026-09-03T22:00:00.000Z,2026-09-04 06:00,2510.14,2511.57,2504.52,2509.82,14270.285,1788473099999,futures
1788473100000,2026-09-03T22:05:00.000Z,2026-09-04 06:05,2509.81,2511.2,2504.61,2505.61,4567.336,1788473399999,futures
1788473400000,2026-09-03T22:10:00.000Z,2026-09-04 06:10,2505.6,2506.2,2500.32,2503.06,12107.174,1788473699999,futures
1788473700000,2026-09-03T22:15:00.000Z,2026-09-04 06:15,2503.07,2504.97,2502.37,2502.48,6608.745,1788473999999,futures
1788474000000,2026-09-03T22:20:00.000Z,2026-09-04 06:20,2502.48,2504.33,2500.8,2500.8,5330.732,1788474299999,futures
1788474300000,2026-09-03T22:25:00.000Z,2026-09-04 06:25,2500.81,2500.81,2493.01,2493.76,28490.496,1788474599999,futures
1788474600000,2026-09-03T22:30:00.000Z,2026-09-04 06:30,2493.76,2495.7,2488.55,2491.77,26962.187,1788474899999,futures
1788474900000,2026-09-03T22:35:00.000Z,2026-09-04 06:35,2491.76,2495.87,2490.7,2491.69,9582.062,1788475199999,futures
1788475200000,2026-09-03T22:40:00.000Z,2026-09-04 06:40,2491.7,2496.17,2491.69,2496.08,9885.194,1788475499999,futures
1788475500000,2026-09-03T22:45:00.000Z,2026-09-04 06:45,2496.09,2499.62,2495.9,2498.16,9880.776,1788475799999,futures
1788475800000,2026-09-03T22:50:00.000Z,2026-09-04 06:50,2498.16,2500.44,2496.99,2497.55,8569.262,1788476099999,futures
1788476100000,2026-09-03T22:55:00.000Z,2026-09-04 06:55,2497.56,2497.59,2495.05,2495.52,4266.494,1788476399999,futures
1788476400000,2026-09-03T23:00:00.000Z,2026-09-04 07:00,2495.53,2496.27,2494.14,2495.54,4601.604,1788476699999,futures
1788476700000,2026-09-03T23:05:00.000Z,2026-09-04 07:05,2495.53,2498.33,2495.38,2498.16,11607.089,1788476999999,futures
1788477000000,2026-09-03T23:10:00.000Z,2026-09-04 07:10,2498.15,2498.18,2494.22,2495.85,10149.301,1788477299999,futures
1788477300000,2026-09-03T23:15:00.000Z,2026-09-04 07:15,2495.85,2498.22,2495.54,2496.91,5498.022,1788477599999,futures
1788477600000,2026-09-03T23:20:00.000Z,2026-09-04 07:20,2496.91,2498,2495.52,2495.69,6768.745,1788477899999,futures
1788477900000,2026-09-03T23:25:00.000Z,2026-09-04 07:25,2495.7,2501.2,2494.57,2501.1,5737.411,1788478199999,futures
1788478200000,2026-09-03T23:30:00.000Z,2026-09-04 07:30,2501.11,2501.17,2496.69,2500.1,6993.968,1788478499999,futures
1788478500000,2026-09-03T23:35:00.000Z,2026-09-04 07:35,2500.11,2506.27,2500,2505.17,11738.291,1788478799999,futures
1788478800000,2026-09-03T23:40:00.000Z,2026-09-04 07:40,2505.17,2507.24,2503.53,2505.68,15975.06,1788479099999,futures
1788479100000,2026-09-03T23:45:00.000Z,2026-09-04 07:45,2505.69,2507.4,2502.14,2504.89,13323.232,1788479399999,futures
1788479400000,2026-09-03T23:50:00.000Z,2026-09-04 07:50,2504.9,2508.16,2504.29,2507.44,9616.467,1788479699999,futures
1788479700000,2026-09-03T23:55:00.000Z,2026-09-04 07:55,2507.44,2508.22,2505.35,2506.42,4852.085,1788479999999,futures
1788480000000,2026-09-04T00:00:00.000Z,2026-09-04 08:00,2506.42,2506.73,2502.76,2504.01,10046.741,1788480299999,futures
1788480300000,2026-09-04T00:05:00.000Z,2026-09-04 08:05,2504.02,2506.54,2501.96,2505.8,10011.003,1788480599999,futures
1788480600000,2026-09-04T00:10:00.000Z,2026-09-04 08:10,2505.8,2508.8,2503.3,2506.83,11244.716,1788480899999,futures
1788480900000,2026-09-04T00:15:00.000Z,2026-09-04 08:15,2506.84,2511.21,2504.59,2505.9,11722.571,1788481199999,futures
1788481200000,2026-09-04T00:20:00.000Z,2026-09-04 08:20,2505.9,2509.23,2505.15,2507.95,9688.917,1788481499999,futures
1788481500000,2026-09-04T00:25:00.000Z,2026-09-04 08:25,2507.95,2507.96,2503.94,2505.4,8397.089,1788481799999,futures
1788481800000,2026-09-04T00:30:00.000Z,2026-09-04 08:30,2505.39,2511.77,2503.66,2511.4,10878.305,1788482099999,futures
1788482100000,2026-09-04T00:35:00.000Z,2026-09-04 08:35,2511.41,2513.98,2510.41,2513.04,10842.226,1788482399999,futures
1788482400000,2026-09-04T00:40:00.000Z,2026-09-04 08:40,2513.05,2514.95,2504.01,2505.56,34044.267,1788482699999,futures
1788482700000,2026-09-04T00:45:00.000Z,2026-09-04 08:45,2505.55,2507.07,2502.21,2503.12,16461.67,1788482999999,futures
1788483000000,2026-09-04T00:50:00.000Z,2026-09-04 08:50,2503.13,2506.64,2500.45,2504.15,15190.148,1788483299999,futures
1788483300000,2026-09-04T00:55:00.000Z,2026-09-04 08:55,2504.14,2504.5,2499.69,2500.49,16515.196,1788483599999,futures
1788483600000,2026-09-04T01:00:00.000Z,2026-09-04 09:00,2500.5,2504.08,2497.35,2497.35,15043.544,1788483899999,futures
1788483900000,2026-09-04T01:05:00.000Z,2026-09-04 09:05,2497.36,2505.46,2496.05,2504.45,10025.694,1788484199999,futures
1788484200000,2026-09-04T01:10:00.000Z,2026-09-04 09:10,2504.45,2506.98,2502.25,2503.19,3951.916,1788484499999,futures
1788484500000,2026-09-04T01:15:00.000Z,2026-09-04 09:15,2503.19,2507.18,2503.19,2505.22,5626.974,1788484799999,futures
1788484800000,2026-09-04T01:20:00.000Z,2026-09-04 09:20,2505.23,2508.87,2501.17,2502.06,10247.782,1788485099999,futures
1788485100000,2026-09-04T01:25:00.000Z,2026-09-04 09:25,2502.06,2506.4,2501.46,2503.54,6507.486,1788485399999,futures
1788485400000,2026-09-04T01:30:00.000Z,2026-09-04 09:30,2503.54,2507.62,2500.23,2500.62,12606.702,1788485699999,futures
1788485700000,2026-09-04T01:35:00.000Z,2026-09-04 09:35,2500.62,2503,2499.2,2499.21,8040.343,1788485999999,futures
1788486000000,2026-09-04T01:40:00.000Z,2026-09-04 09:40,2499.2,2499.66,2497.32,2498.59,5633.293,1788486299999,futures
1788486300000,2026-09-04T01:45:00.000Z,2026-09-04 09:45,2498.59,2501.9,2497.33,2500.57,5446.199,1788486599999,futures
1788486600000,2026-09-04T01:50:00.000Z,2026-09-04 09:50,2500.57,2505.73,2500.14,2505.5,3147.164,1788486899999,futures
1788486900000,2026-09-04T01:55:00.000Z,2026-09-04 09:55,2505.5,2507.47,2504.08,2505.88,4551.839,1788487199999,futures
1788487200000,2026-09-04T02:00:00.000Z,2026-09-04 10:00,2505.88,2505.88,2499.24,2499.24,4411.166,1788487499999,futures
1788487500000,2026-09-04T02:05:00.000Z,2026-09-04 10:05,2499.24,2501.46,2499,2499.94,2853.916,1788487799999,futures
1788487800000,2026-09-04T02:10:00.000Z,2026-09-04 10:10,2499.94,2501.91,2499.94,2501.82,2910.73,1788488099999,futures
1788488100000,2026-09-04T02:15:00.000Z,2026-09-04 10:15,2501.83,2504.55,2500,2500.65,3933.415,1788488399999,futures
1788488400000,2026-09-04T02:20:00.000Z,2026-09-04 10:20,2500.66,2501.39,2498.7,2498.7,6479.313,1788488699999,futures
1788488700000,2026-09-04T02:25:00.000Z,2026-09-04 10:25,2498.7,2499.81,2497.55,2498.3,7450.297,1788488999999,futures
1788489000000,2026-09-04T02:30:00.000Z,2026-09-04 10:30,2498.29,2501.62,2498.29,2499.71,3722.068,1788489299999,futures
1788489300000,2026-09-04T02:35:00.000Z,2026-09-04 10:35,2499.71,2504,2497.14,2503.66,6913.498,1788489599999,futures
1788489600000,2026-09-04T02:40:00.000Z,2026-09-04 10:40,2503.67,2503.84,2499.53,2499.71,3218.971,1788489899999,futures
1788489900000,2026-09-04T02:45:00.000Z,2026-09-04 10:45,2499.71,2499.72,2498.69,2498.89,3675.119,1788490199999,futures
1788490200000,2026-09-04T02:50:00.000Z,2026-09-04 10:50,2498.88,2503.48,2498.88,2503.47,3817.84,1788490499999,futures
1788490500000,2026-09-04T02:55:00.000Z,2026-09-04 10:55,2503.48,2507,2503.4,2506.99,9273.123,1788490799999,futures
1788490800000,2026-09-04T03:00:00.000Z,2026-09-04 11:00,2507,2512.49,2506.62,2510.05,28191.605,1788491099999,futures
1788491100000,2026-09-04T03:05:00.000Z,2026-09-04 11:05,2510.06,2516.52,2510,2512.87,30981.72,1788491399999,futures
1788491400000,2026-09-04T03:10:00.000Z,2026-09-04 11:10,2512.88,2513.16,2509.39,2510.2,7105.827,1788491699999,futures
1788491700000,2026-09-04T03:15:00.000Z,2026-09-04 11:15,2510.2,2510.73,2508.3,2510.02,7214.183,1788491999999,futures
1788492000000,2026-09-04T03:20:00.000Z,2026-09-04 11:20,2510.02,2511,2509.44,2509.59,3663.005,1788492299999,futures
1788492300000,2026-09-04T03:25:00.000Z,2026-09-04 11:25,2509.59,2509.6,2506.25,2506.37,4639.007,1788492599999,futures
1788492600000,2026-09-04T03:30:00.000Z,2026-09-04 11:30,2506.37,2508.25,2504.67,2504.9,4595.243,1788492899999,futures
1788492900000,2026-09-04T03:35:00.000Z,2026-09-04 11:35,2504.9,2506.72,2504.32,2505.27,4919.053,1788493199999,futures
1788493200000,2026-09-04T03:40:00.000Z,2026-09-04 11:40,2505.27,2505.7,2503.95,2505.7,5570.2,1788493499999,futures
1788493500000,2026-09-04T03:45:00.000Z,2026-09-04 11:45,2505.69,2507.22,2504.08,2505.44,4617.941,1788493799999,futures
1788493800000,2026-09-04T03:50:00.000Z,2026-09-04 11:50,2505.43,2506.1,2504.19,2505.04,1779.809,1788494099999,futures
1788494100000,2026-09-04T03:55:00.000Z,2026-09-04 11:55,2505.05,2505.5,2503.52,2503.73,2726.807,1788494399999,futures
1788494400000,2026-09-04T04:00:00.000Z,2026-09-04 12:00,2503.74,2503.81,2501.12,2502.53,9532.036,1788494699999,futures
1788494700000,2026-09-04T04:05:00.000Z,2026-09-04 12:05,2502.53,2503.47,2501.81,2502.1,3688.398,1788494999999,futures
1788495000000,2026-09-04T04:10:00.000Z,2026-09-04 12:10,2502.09,2506.75,2501.85,2506.5,9718.63,1788495299999,futures
1788495300000,2026-09-04T04:15:00.000Z,2026-09-04 12:15,2506.49,2511,2505.9,2509.63,9031.55,1788495599999,futures
1788495600000,2026-09-04T04:20:00.000Z,2026-09-04 12:20,2509.64,2516.88,2509.63,2516.87,26829.328,1788495899999,futures
1788495900000,2026-09-04T04:25:00.000Z,2026-09-04 12:25,2516.88,2523.57,2514.04,2522.74,57554.953,1788496199999,futures
1788496200000,2026-09-04T04:30:00.000Z,2026-09-04 12:30,2522.74,2524.63,2517.22,2520.41,36358.253,1788496499999,futures
1788496500000,2026-09-04T04:35:00.000Z,2026-09-04 12:35,2520.42,2520.62,2515.87,2516.35,13807.207,1788496799999,futures
1788496800000,2026-09-04T04:40:00.000Z,2026-09-04 12:40,2516.34,2516.8,2510.87,2511.44,15734.791,1788497099999,futures
1788497100000,2026-09-04T04:45:00.000Z,2026-09-04 12:45,2511.45,2512.76,2508.62,2508.67,10453.039,1788497399999,futures
1788497400000,2026-09-04T04:50:00.000Z,2026-09-04 12:50,2508.68,2509.13,2507.26,2507.39,8846.268,1788497699999,futures
1788497700000,2026-09-04T04:55:00.000Z,2026-09-04 12:55,2507.39,2509.89,2507.38,2508.48,3722.365,1788497999999,futures
1788498000000,2026-09-04T05:00:00.000Z,2026-09-04 13:00,2508.48,2508.49,2505.42,2506.85,8464.619,1788498299999,futures
1788498300000,2026-09-04T05:05:00.000Z,2026-09-04 13:05,2506.86,2513.3,2506.13,2511.53,12914.056,1788498599999,futures
1788498600000,2026-09-04T05:10:00.000Z,2026-09-04 13:10,2511.53,2513.51,2509.47,2510.38,8867.45,1788498899999,futures
1788498900000,2026-09-04T05:15:00.000Z,2026-09-04 13:15,2510.37,2514.96,2509.64,2514.22,7091.185,1788499199999,futures
1788499200000,2026-09-04T05:20:00.000Z,2026-09-04 13:20,2514.22,2515.43,2511.15,2514.97,5444.259,1788499499999,futures
1788499500000,2026-09-04T05:25:00.000Z,2026-09-04 13:25,2514.98,2515.61,2509.75,2509.75,6719.629,1788499799999,futures
1788499800000,2026-09-04T05:30:00.000Z,2026-09-04 13:30,2509.75,2510.64,2506,2509.66,11999.613,1788500099999,futures
1788500100000,2026-09-04T05:35:00.000Z,2026-09-04 13:35,2509.65,2511.04,2507.37,2507.55,5746.867,1788500399999,futures
1788500400000,2026-09-04T05:40:00.000Z,2026-09-04 13:40,2507.55,2511.6,2507.54,2511.09,5701.289,1788500699999,futures
1788500700000,2026-09-04T05:45:00.000Z,2026-09-04 13:45,2511.1,2513,2506.42,2506.43,10792.904,1788500999999,futures
1788501000000,2026-09-04T05:50:00.000Z,2026-09-04 13:50,2506.43,2506.79,2503.19,2503.63,15108.839,1788501299999,futures
1788501300000,2026-09-04T05:55:00.000Z,2026-09-04 13:55,2503.63,2509,2503.44,2507.94,7679.692,1788501599999,futures
1788501600000,2026-09-04T06:00:00.000Z,2026-09-04 14:00,2507.94,2507.94,2505.77,2507.54,4369.172,1788501899999,futures
1788501900000,2026-09-04T06:05:00.000Z,2026-09-04 14:05,2507.53,2509.32,2505.89,2508.98,5396.458,1788502199999,futures
1788502200000,2026-09-04T06:10:00.000Z,2026-09-04 14:10,2508.98,2518,2508.98,2513.83,45783.499,1788502499999,futures
1788502500000,2026-09-04T06:15:00.000Z,2026-09-04 14:15,2513.83,2513.84,2510.75,2511.53,4276.275,1788502799999,futures
1788502800000,2026-09-04T06:20:00.000Z,2026-09-04 14:20,2511.52,2511.53,2507.3,2507.49,5716.348,1788503099999,futures
1788503100000,2026-09-04T06:25:00.000Z,2026-09-04 14:25,2507.49,2507.92,2503.4,2504.42,15113.709,1788503399999,futures
1788503400000,2026-09-04T06:30:00.000Z,2026-09-04 14:30,2504.42,2505.69,2503.52,2503.66,9884.717,1788503699999,futures
1788503700000,2026-09-04T06:35:00.000Z,2026-09-04 14:35,2503.65,2505.68,2498.2,2505.17,28445.635,1788503999999,futures
1788504000000,2026-09-04T06:40:00.000Z,2026-09-04 14:40,2505.16,2507.66,2505.16,2507.66,7462.748,1788504299999,futures
1788504300000,2026-09-04T06:45:00.000Z,2026-09-04 14:45,2507.65,2507.99,2504.08,2504.79,5087.47,1788504599999,futures
1788504600000,2026-09-04T06:50:00.000Z,2026-09-04 14:50,2504.79,2506.03,2503.01,2506.03,3158.623,1788504899999,futures
1788504900000,2026-09-04T06:55:00.000Z,2026-09-04 14:55,2506.02,2507.13,2505.3,2506.65,3710.31,1788505199999,futures
1788505200000,2026-09-04T07:00:00.000Z,2026-09-04 15:00,2506.66,2512.34,2506.32,2512.34,11196.964,1788505499999,futures
1788505500000,2026-09-04T07:05:00.000Z,2026-09-04 15:05,2512.33,2513.98,2511.39,2513.92,12504.834,1788505799999,futures
1788505800000,2026-09-04T07:10:00.000Z,2026-09-04 15:10,2513.91,2515.24,2512.76,2514.02,11978.763,1788506099999,futures
1788506100000,2026-09-04T07:15:00.000Z,2026-09-04 15:15,2514.02,2514.09,2511.35,2513.53,10323.405,1788506399999,futures
1788506400000,2026-09-04T07:20:00.000Z,2026-09-04 15:20,2513.52,2514.66,2508.72,2509.36,7396.431,1788506699999,futures
1788506700000,2026-09-04T07:25:00.000Z,2026-09-04 15:25,2509.36,2512.11,2509.36,2510.3,3197.765,1788506999999,futures
1788507000000,2026-09-04T07:30:00.000Z,2026-09-04 15:30,2510.31,2511.8,2508.11,2508.61,7212.931,1788507299999,futures
1788507300000,2026-09-04T07:35:00.000Z,2026-09-04 15:35,2508.6,2508.74,2504.2,2505.58,11980.276,1788507599999,futures
1788507600000,2026-09-04T07:40:00.000Z,2026-09-04 15:40,2505.58,2506.78,2504.79,2506.18,11285.911,1788507899999,futures
1788507900000,2026-09-04T07:45:00.000Z,2026-09-04 15:45,2506.18,2507.96,2503.77,2506.64,9077.265,1788508199999,futures
1788508200000,2026-09-04T07:50:00.000Z,2026-09-04 15:50,2506.64,2506.8,2503.58,2503.62,9345.019,1788508499999,futures
1788508500000,2026-09-04T07:55:00.000Z,2026-09-04 15:55,2503.62,2504.64,2503.1,2503.53,10495.505,1788508799999,futures
1788508800000,2026-09-04T08:00:00.000Z,2026-09-04 16:00,2503.53,2505.46,2502.24,2504.87,14093.629,1788509099999,futures
1788509100000,2026-09-04T08:05:00.000Z,2026-09-04 16:05,2504.86,2508.93,2502.35,2508.48,12878.055,1788509399999,futures
1788509400000,2026-09-04T08:10:00.000Z,2026-09-04 16:10,2508.48,2512.62,2508.37,2512,9833.492,1788509699999,futures
1788509700000,2026-09-04T08:15:00.000Z,2026-09-04 16:15,2511.99,2515,2510.3,2514.72,18819.182,1788509999999,futures
1788510000000,2026-09-04T08:20:00.000Z,2026-09-04 16:20,2514.71,2515,2512.18,2514.23,9835.932,1788510299999,futures
1788510300000,2026-09-04T08:25:00.000Z,2026-09-04 16:25,2514.23,2516.39,2513.83,2515.8,11494.689,1788510599999,futures
1788510600000,2026-09-04T08:30:00.000Z,2026-09-04 16:30,2515.81,2519.26,2513.32,2518.5,29337.783,1788510899999,futures
1788510900000,2026-09-04T08:35:00.000Z,2026-09-04 16:35,2518.5,2520.05,2516.57,2518.83,25766.775,1788511199999,futures
1788511200000,2026-09-04T08:40:00.000Z,2026-09-04 16:40,2518.82,2521.16,2516.66,2518.2,14797.874,1788511499999,futures
1788511500000,2026-09-04T08:45:00.000Z,2026-09-04 16:45,2518.19,2536,2515.13,2524.33,112151.61,1788511799999,futures
1788511800000,2026-09-04T08:50:00.000Z,2026-09-04 16:50,2524.33,2532.05,2521.62,2528.57,32008.024,1788512099999,futures
1788512100000,2026-09-04T08:55:00.000Z,2026-09-04 16:55,2528.57,2528.57,2523.1,2526.43,16185.182,1788512399999,futures
1788512400000,2026-09-04T09:00:00.000Z,2026-09-04 17:00,2526.44,2532.49,2524.62,2529.92,24199.461,1788512699999,futures
1788512700000,2026-09-04T09:05:00.000Z,2026-09-04 17:05,2529.93,2531,2526.4,2527.85,14226.06,1788512999999,futures
1788513000000,2026-09-04T09:10:00.000Z,2026-09-04 17:10,2527.85,2536,2526.42,2529.12,39093.409,1788513299999,futures
1788513300000,2026-09-04T09:15:00.000Z,2026-09-04 17:15,2529.12,2547,2529.12,2537.5,93555.921,1788513599999,futures
1788513600000,2026-09-04T09:20:00.000Z,2026-09-04 17:20,2537.51,2538.55,2521.26,2521.61,49930.748,1788513899999,futures
1788513900000,2026-09-04T09:25:00.000Z,2026-09-04 17:25,2521.6,2524.14,2517.87,2521.45,22463.829,1788514199999,futures
1788514200000,2026-09-04T09:30:00.000Z,2026-09-04 17:30,2521.44,2527.64,2518.69,2526.09,18354.435,1788514499999,futures
1788514500000,2026-09-04T09:35:00.000Z,2026-09-04 17:35,2526.09,2532.48,2523.79,2529.47,18077.971,1788514799999,futures
1788514800000,2026-09-04T09:40:00.000Z,2026-09-04 17:40,2529.47,2531.28,2527.65,2528.5,6629.598,1788515099999,futures
1788515100000,2026-09-04T09:45:00.000Z,2026-09-04 17:45,2528.5,2530.1,2521.62,2523.51,16028.626,1788515399999,futures
1788515400000,2026-09-04T09:50:00.000Z,2026-09-04 17:50,2523.51,2523.57,2518.96,2523.01,18180.118,1788515699999,futures
1788515700000,2026-09-04T09:55:00.000Z,2026-09-04 17:55,2523.01,2525.31,2519.56,2520,7873.875,1788515999999,futures
1788516000000,2026-09-04T10:00:00.000Z,2026-09-04 18:00,2520.01,2523.78,2517.16,2523.65,10609.559,1788516299999,futures
1788516300000,2026-09-04T10:05:00.000Z,2026-09-04 18:05,2523.64,2523.65,2516.28,2517.38,9333.279,1788516599999,futures
1788516600000,2026-09-04T10:10:00.000Z,2026-09-04 18:10,2517.39,2520.35,2515.53,2518.97,8102.978,1788516899999,futures
1788516900000,2026-09-04T10:15:00.000Z,2026-09-04 18:15,2518.97,2519.19,2513.58,2515.47,16227.934,1788517199999,futures
1788517200000,2026-09-04T10:20:00.000Z,2026-09-04 18:20,2515.48,2517.87,2514.8,2515.91,5473.176,1788517499999,futures
1788517500000,2026-09-04T10:25:00.000Z,2026-09-04 18:25,2515.9,2521.25,2514.91,2519.99,9975.226,1788517799999,futures
1788517800000,2026-09-04T10:30:00.000Z,2026-09-04 18:30,2519.99,2524.5,2518.5,2521.25,8412.833,1788518099999,futures
1788518100000,2026-09-04T10:35:00.000Z,2026-09-04 18:35,2521.24,2526.64,2521.21,2526.31,9599.562,1788518399999,futures
1788518400000,2026-09-04T10:40:00.000Z,2026-09-04 18:40,2526.31,2527.23,2524.25,2526.76,7750.102,1788518699999,futures
1788518700000,2026-09-04T10:45:00.000Z,2026-09-04 18:45,2526.77,2527.2,2524.45,2524.45,4822.788,1788518999999,futures
1788519000000,2026-09-04T10:50:00.000Z,2026-09-04 18:50,2524.45,2524.88,2521.56,2523.79,6475.491,1788519299999,futures
1788519300000,2026-09-04T10:55:00.000Z,2026-09-04 18:55,2523.78,2525.44,2523.6,2525,3830.126,1788519599999,futures
1788519600000,2026-09-04T11:00:00.000Z,2026-09-04 19:00,2525,2525.29,2519,2520.68,6427.751,1788519899999,futures
1788519900000,2026-09-04T11:05:00.000Z,2026-09-04 19:05,2520.69,2523.88,2520.68,2522.26,5805.072,1788520199999,futures
1788520200000,2026-09-04T11:10:00.000Z,2026-09-04 19:10,2522.27,2523.39,2520.82,2521.36,4412.48,1788520499999,futures
1788520500000,2026-09-04T11:15:00.000Z,2026-09-04 19:15,2521.36,2523.87,2520.43,2521.41,5019.277,1788520799999,futures
1788520800000,2026-09-04T11:20:00.000Z,2026-09-04 19:20,2521.41,2524.49,2520.49,2523.41,9514.392,1788521099999,futures
1788521100000,2026-09-04T11:25:00.000Z,2026-09-04 19:25,2523.41,2525.79,2522.77,2524.27,7540.461,1788521399999,futures
1788521400000,2026-09-04T11:30:00.000Z,2026-09-04 19:30,2524.27,2524.27,2521.65,2521.9,6761.431,1788521699999,futures
1788521700000,2026-09-04T11:35:00.000Z,2026-09-04 19:35,2521.9,2526.86,2521.9,2525.37,5865.91,1788521999999,futures
1788522000000,2026-09-04T11:40:00.000Z,2026-09-04 19:40,2525.37,2525.37,2521.69,2524.12,6660.449,1788522299999,futures
1788522300000,2026-09-04T11:45:00.000Z,2026-09-04 19:45,2524.11,2525.1,2523.15,2524.21,2388.2,1788522599999,futures
1788522600000,2026-09-04T11:50:00.000Z,2026-09-04 19:50,2524.22,2526.76,2522.71,2523.37,3889.565,1788522899999,futures
1788522900000,2026-09-04T11:55:00.000Z,2026-09-04 19:55,2523.36,2524.5,2520.68,2521.89,4289.652,1788523199999,futures
1788523200000,2026-09-04T12:00:00.000Z,2026-09-04 20:00,2521.88,2523.75,2519.68,2522.53,9814.576,1788523499999,futures
1788523500000,2026-09-04T12:05:00.000Z,2026-09-04 20:05,2522.53,2524.49,2519.44,2523.15,7705.988,1788523799999,futures
1788523800000,2026-09-04T12:10:00.000Z,2026-09-04 20:10,2523.15,2524.06,2519.52,2523.4,7355.146,1788524099999,futures
1788524100000,2026-09-04T12:15:00.000Z,2026-09-04 20:15,2523.39,2523.4,2518.28,2520.12,7950.314,1788524399999,futures
1788524400000,2026-09-04T12:20:00.000Z,2026-09-04 20:20,2520.12,2521.32,2518.01,2520.92,7308.316,1788524699999,futures
1788524700000,2026-09-04T12:25:00.000Z,2026-09-04 20:25,2520.93,2531.4,2520.17,2528.8,21654.224,1788524999999,futures
1788525000000,2026-09-04T12:30:00.000Z,2026-09-04 20:30,2528.8,2528.8,2431.93,2457.26,515461.094,1788525299999,futures
1788525300000,2026-09-04T12:35:00.000Z,2026-09-04 20:35,2457.26,2461.53,2437.7,2459.37,137278.42,1788525599999,futures
1788525600000,2026-09-04T12:40:00.000Z,2026-09-04 20:40,2459.37,2467.55,2445.16,2449.94,97754.24,1788525899999,futures
1788525900000,2026-09-04T12:45:00.000Z,2026-09-04 20:45,2449.94,2450.04,2432.75,2447.31,123838.305,1788526199999,futures
1788526200000,2026-09-04T12:50:00.000Z,2026-09-04 20:50,2447.3,2457.14,2442.25,2456.17,56389.609,1788526499999,futures
1788526500000,2026-09-04T12:55:00.000Z,2026-09-04 20:55,2456.17,2456.42,2445.1,2450.12,35089.282,1788526799999,futures
1788526800000,2026-09-04T13:00:00.000Z,2026-09-04 21:00,2450.12,2453.26,2445.1,2446.84,43657.749,1788527099999,futures
1788527100000,2026-09-04T13:05:00.000Z,2026-09-04 21:05,2446.84,2452.31,2444,2447,32895.721,1788527399999,futures
1788527400000,2026-09-04T13:10:00.000Z,2026-09-04 21:10,2447,2448.24,2443.02,2444.66,20194.13,1788527699999,futures
1788527700000,2026-09-04T13:15:00.000Z,2026-09-04 21:15,2444.67,2453.34,2443.56,2450,22274.294,1788527999999,futures
1788528000000,2026-09-04T13:20:00.000Z,2026-09-04 21:20,2450,2453.62,2449.78,2451.15,17329.11,1788528299999,futures
1788528300000,2026-09-04T13:25:00.000Z,2026-09-04 21:25,2451.15,2454.54,2447.58,2448.88,13734.263,1788528599999,futures
1788528600000,2026-09-04T13:30:00.000Z,2026-09-04 21:30,2448.88,2455.71,2440.32,2444.52,35183.562,1788528899999,futures
1788528900000,2026-09-04T13:35:00.000Z,2026-09-04 21:35,2444.51,2449.77,2434.17,2447.17,50185.598,1788529199999,futures
1788529200000,2026-09-04T13:40:00.000Z,2026-09-04 21:40,2447.17,2450.91,2443.78,2449.51,30014.203,1788529499999,futures
1788529500000,2026-09-04T13:45:00.000Z,2026-09-04 21:45,2449.51,2462.97,2446.95,2459.97,67056.727,1788529799999,futures
1788529800000,2026-09-04T13:50:00.000Z,2026-09-04 21:50,2459.97,2461,2446.38,2449.01,34620.71,1788530099999,futures
1788530100000,2026-09-04T13:55:00.000Z,2026-09-04 21:55,2449.02,2455.91,2448.32,2451.02,16707.987,1788530399999,futures
1788530400000,2026-09-04T14:00:00.000Z,2026-09-04 22:00,2451.03,2457.52,2450.12,2453.11,14235.923,1788530699999,futures
1788530700000,2026-09-04T14:05:00.000Z,2026-09-04 22:05,2453.12,2455.65,2447.48,2449.27,11550.539,1788530999999,futures
1788531000000,2026-09-04T14:10:00.000Z,2026-09-04 22:10,2449.28,2454.02,2446.11,2452.84,16437.896,1788531299999,futures
1788531300000,2026-09-04T14:15:00.000Z,2026-09-04 22:15,2452.83,2455,2444.18,2444.19,12038.532,1788531599999,futures
1788531600000,2026-09-04T14:20:00.000Z,2026-09-04 22:20,2444.18,2453.5,2441.69,2451.61,21804.183,1788531899999,futures
1788531900000,2026-09-04T14:25:00.000Z,2026-09-04 22:25,2451.6,2454.57,2450.34,2452.47,10044.302,1788532199999,futures
1788532200000,2026-09-04T14:30:00.000Z,2026-09-04 22:30,2452.47,2454.89,2451,2454.32,9604.736,1788532499999,futures
1788532500000,2026-09-04T14:35:00.000Z,2026-09-04 22:35,2454.31,2457.4,2447.7,2450.84,18387.698,1788532799999,futures
1788532800000,2026-09-04T14:40:00.000Z,2026-09-04 22:40,2450.84,2450.99,2437.08,2442.85,33042.026,1788533099999,futures
1788533100000,2026-09-04T14:45:00.000Z,2026-09-04 22:45,2442.85,2446.53,2433.01,2433.74,31270.548,1788533399999,futures
1788533400000,2026-09-04T14:50:00.000Z,2026-09-04 22:50,2433.74,2441.2,2430.67,2436.83,42782.28,1788533699999,futures
1788533700000,2026-09-04T14:55:00.000Z,2026-09-04 22:55,2436.83,2442.28,2436.83,2438.84,15534.589,1788533999999,futures
1788534000000,2026-09-04T15:00:00.000Z,2026-09-04 23:00,2438.84,2442,2436.5,2441.5,12377.869,1788534299999,futures
1788534300000,2026-09-04T15:05:00.000Z,2026-09-04 23:05,2441.5,2447.1,2438.83,2446.98,22770.104,1788534599999,futures
1788534600000,2026-09-04T15:10:00.000Z,2026-09-04 23:10,2446.98,2447.76,2444.28,2447.75,9826.958,1788534899999,futures
1788534900000,2026-09-04T15:15:00.000Z,2026-09-04 23:15,2447.76,2450.41,2446.74,2448.77,11031.658,1788535199999,futures
1788535200000,2026-09-04T15:20:00.000Z,2026-09-04 23:20,2448.76,2452,2448.33,2452,10512.743,1788535499999,futures
1788535500000,2026-09-04T15:25:00.000Z,2026-09-04 23:25,2451.99,2455.52,2451.99,2453.56,20338.525,1788535799999,futures
1788535800000,2026-09-04T15:30:00.000Z,2026-09-04 23:30,2453.56,2455.28,2451.5,2451.9,12568.914,1788536099999,futures
1788536100000,2026-09-04T15:35:00.000Z,2026-09-04 23:35,2451.91,2455.92,2451.5,2455.92,7396.263,1788536399999,futures
1788536400000,2026-09-04T15:40:00.000Z,2026-09-04 23:40,2455.92,2458.24,2454.38,2454.71,11562.488,1788536699999,futures
1788536700000,2026-09-04T15:45:00.000Z,2026-09-04 23:45,2454.71,2455.36,2448.11,2450.68,12488.494,1788536999999,futures
1788537000000,2026-09-04T15:50:00.000Z,2026-09-04 23:50,2450.68,2454.31,2450.68,2452.69,4779.808,1788537299999,futures
1788537300000,2026-09-04T15:55:00.000Z,2026-09-04 23:55,2452.69,2454.73,2450.48,2450.95,5670.508,1788537599999,futures
1788537600000,2026-09-04T16:00:00.000Z,2026-09-05 00:00,2450.96,2451.69,2449.4,2449.6,8295.702,1788537899999,futures
1788537900000,2026-09-04T16:05:00.000Z,2026-09-05 00:05,2449.6,2453.23,2449.6,2451,4688.116,1788538199999,futures
1788538200000,2026-09-04T16:10:00.000Z,2026-09-05 00:10,2451.01,2452.19,2448.35,2449.33,11501.479,1788538499999,futures
1788538500000,2026-09-04T16:15:00.000Z,2026-09-05 00:15,2449.33,2451.66,2449.21,2450.24,5767.102,1788538799999,futures
1788538800000,2026-09-04T16:20:00.000Z,2026-09-05 00:20,2450.24,2452.92,2450.03,2450.55,5069.902,1788539099999,futures
1788539100000,2026-09-04T16:25:00.000Z,2026-09-05 00:25,2450.55,2453.21,2449.66,2453.2,5939.58,1788539399999,futures
1788539400000,2026-09-04T16:30:00.000Z,2026-09-05 00:30,2453.21,2461,2452.88,2457.84,26835.293,1788539699999,futures
1788539700000,2026-09-04T16:35:00.000Z,2026-09-05 00:35,2457.83,2459.05,2454.84,2455.76,10491.19,1788539999999,futures
1788540000000,2026-09-04T16:40:00.000Z,2026-09-05 00:40,2455.76,2460,2455.62,2459.83,10238.286,1788540299999,futures
1788540300000,2026-09-04T16:45:00.000Z,2026-09-05 00:45,2459.83,2460.5,2458.1,2459.79,12425.647,1788540599999,futures
1788540600000,2026-09-04T16:50:00.000Z,2026-09-05 00:50,2459.79,2463.9,2459.16,2459.97,16451.545,1788540899999,futures
1788540900000,2026-09-04T16:55:00.000Z,2026-09-05 00:55,2459.97,2461.56,2457.8,2459.15,10500.087,1788541199999,futures
1788541200000,2026-09-04T17:00:00.000Z,2026-09-05 01:00,2459.15,2459.64,2454.24,2455.54,13803.18,1788541499999,futures
1788541500000,2026-09-04T17:05:00.000Z,2026-09-05 01:05,2455.54,2456.82,2454.23,2454.35,6837.495,1788541799999,futures
1788541800000,2026-09-04T17:10:00.000Z,2026-09-05 01:10,2454.35,2455.06,2450.72,2450.79,8752.141,1788542099999,futures
1788542100000,2026-09-04T17:15:00.000Z,2026-09-05 01:15,2450.79,2450.8,2447.65,2449.34,14008.614,1788542399999,futures
1788542400000,2026-09-04T17:20:00.000Z,2026-09-05 01:20,2449.33,2450.96,2448.14,2448.94,7368.687,1788542699999,futures
1788542700000,2026-09-04T17:25:00.000Z,2026-09-05 01:25,2448.95,2449.64,2446.03,2446.48,6150.545,1788542999999,futures
1788543000000,2026-09-04T17:30:00.000Z,2026-09-05 01:30,2446.48,2449.05,2446.48,2447.72,5325.557,1788543299999,futures
1788543300000,2026-09-04T17:35:00.000Z,2026-09-05 01:35,2447.72,2448.54,2445.36,2447.53,6624.889,1788543599999,futures
1788543600000,2026-09-04T17:40:00.000Z,2026-09-05 01:40,2447.53,2447.54,2442.84,2445.86,10030.212,1788543899999,futures
1788543900000,2026-09-04T17:45:00.000Z,2026-09-05 01:45,2445.86,2446.03,2443.77,2443.96,5517.999,1788544199999,futures
1788544200000,2026-09-04T17:50:00.000Z,2026-09-05 01:50,2443.97,2445.47,2442,2445.47,8733.764,1788544499999,futures
1788544500000,2026-09-04T17:55:00.000Z,2026-09-05 01:55,2445.47,2445.8,2444,2444.07,4765.52,1788544799999,futures
1788544800000,2026-09-04T18:00:00.000Z,2026-09-05 02:00,2444.06,2448.5,2444.06,2447.51,10363.849,1788545099999,futures
1788545100000,2026-09-04T18:05:00.000Z,2026-09-05 02:05,2447.51,2449.08,2445.73,2447.46,7037.747,1788545399999,futures
1788545400000,2026-09-04T18:10:00.000Z,2026-09-05 02:10,2447.46,2447.46,2443.54,2444.06,5857.192,1788545699999,futures
1788545700000,2026-09-04T18:15:00.000Z,2026-09-05 02:15,2444.05,2448,2444.05,2447.22,6054.73,1788545999999,futures
1788546000000,2026-09-04T18:20:00.000Z,2026-09-05 02:20,2447.22,2448.48,2447.22,2447.52,2179.099,1788546299999,futures
1788546300000,2026-09-04T18:25:00.000Z,2026-09-05 02:25,2447.52,2448.1,2446.55,2447,2182.013,1788546599999,futures
1788546600000,2026-09-04T18:30:00.000Z,2026-09-05 02:30,2447,2450,2447,2450,4375.444,1788546899999,futures
1788546900000,2026-09-04T18:35:00.000Z,2026-09-05 02:35,2450,2450,2447.87,2449.68,2709.332,1788547199999,futures
1788547200000,2026-09-04T18:40:00.000Z,2026-09-05 02:40,2449.67,2451,2449.52,2450.1,3133.032,1788547499999,futures
1788547500000,2026-09-04T18:45:00.000Z,2026-09-05 02:45,2450.11,2450.53,2448.82,2448.83,2461.871,1788547799999,futures
1788547800000,2026-09-04T18:50:00.000Z,2026-09-05 02:50,2448.82,2449.55,2448.11,2449.18,1932.955,1788548099999,futures
1788548100000,2026-09-04T18:55:00.000Z,2026-09-05 02:55,2449.17,2450.15,2448.24,2449.47,2698.154,1788548399999,futures
1788548400000,2026-09-04T19:00:00.000Z,2026-09-05 03:00,2449.47,2453.95,2449.47,2452.95,9511.599,1788548699999,futures
1788548700000,2026-09-04T19:05:00.000Z,2026-09-05 03:05,2452.96,2454.32,2452.51,2453,7512.486,1788548999999,futures
1788549000000,2026-09-04T19:10:00.000Z,2026-09-05 03:10,2452.99,2453.23,2450.85,2453.23,3324.426,1788549299999,futures
1788549300000,2026-09-04T19:15:00.000Z,2026-09-05 03:15,2453.23,2455.97,2452.72,2454.99,5345.194,1788549599999,futures
1788549600000,2026-09-04T19:20:00.000Z,2026-09-05 03:20,2454.99,2455.96,2453.86,2455.95,2702.984,1788549899999,futures
1788549900000,2026-09-04T19:25:00.000Z,2026-09-05 03:25,2455.94,2456.82,2455,2456.3,3994.443,1788550199999,futures
1788550200000,2026-09-04T19:30:00.000Z,2026-09-05 03:30,2456.3,2456.3,2453.77,2455.77,3780.81,1788550499999,futures
1788550500000,2026-09-04T19:35:00.000Z,2026-09-05 03:35,2455.77,2455.77,2452.68,2453.31,4099.365,1788550799999,futures
1788550800000,2026-09-04T19:40:00.000Z,2026-09-05 03:40,2453.31,2455,2452.54,2453.63,3382.337,1788551099999,futures
1788551100000,2026-09-04T19:45:00.000Z,2026-09-05 03:45,2453.64,2455.82,2453.04,2455.61,2556.798,1788551399999,futures
1788551400000,2026-09-04T19:50:00.000Z,2026-09-05 03:50,2455.61,2456,2452.65,2454.53,5684.839,1788551699999,futures
1788551700000,2026-09-04T19:55:00.000Z,2026-09-05 03:55,2454.53,2456.33,2453.61,2454.67,8575.232,1788551999999,futures
1788552000000,2026-09-04T20:00:00.000Z,2026-09-05 04:00,2454.71,2457.68,2453.98,2455.79,5598.975,1788552299999,futures
1788552300000,2026-09-04T20:05:00.000Z,2026-09-05 04:05,2455.79,2456.19,2452.26,2453.75,4840.417,1788552599999,futures
1788552600000,2026-09-04T20:10:00.000Z,2026-09-05 04:10,2453.75,2454.89,2451.7,2452.6,2254.893,1788552899999,futures
1788552900000,2026-09-04T20:15:00.000Z,2026-09-05 04:15,2452.6,2454.75,2452.07,2454.75,1927.459,1788553199999,futures
1788553200000,2026-09-04T20:20:00.000Z,2026-09-05 04:20,2454.75,2456.3,2451.85,2451.86,5170.326,1788553499999,futures
1788553500000,2026-09-04T20:25:00.000Z,2026-09-05 04:25,2451.85,2453.22,2451.11,2452.08,5408.971,1788553799999,futures
1788553800000,2026-09-04T20:30:00.000Z,2026-09-05 04:30,2452.08,2452.38,2450.71,2451.81,2559.142,1788554099999,futures
1788554100000,2026-09-04T20:35:00.000Z,2026-09-05 04:35,2451.81,2453.78,2451.69,2452.7,2473.822,1788554399999,futures
1788554400000,2026-09-04T20:40:00.000Z,2026-09-05 04:40,2452.7,2453.07,2451.17,2452.74,2869.319,1788554699999,futures
1788554700000,2026-09-04T20:45:00.000Z,2026-09-05 04:45,2452.75,2454.38,2452.21,2453.31,1695.155,1788554999999,futures
1788555000000,2026-09-04T20:50:00.000Z,2026-09-05 04:50,2453.32,2453.32,2449.4,2451.24,5436.893,1788555299999,futures
1788555300000,2026-09-04T20:55:00.000Z,2026-09-05 04:55,2451.25,2451.73,2449.5,2450.15,3162.449,1788555599999,futures
1788555600000,2026-09-04T21:00:00.000Z,2026-09-05 05:00,2450.16,2452.12,2449.19,2451.72,4217.75,1788555899999,futures
1788555900000,2026-09-04T21:05:00.000Z,2026-09-05 05:05,2451.72,2453.5,2451.3,2452.27,2980.718,1788556199999,futures
1788556200000,2026-09-04T21:10:00.000Z,2026-09-05 05:10,2452.27,2453.4,2452.21,2452.22,1796.767,1788556499999,futures
1788556500000,2026-09-04T21:15:00.000Z,2026-09-05 05:15,2452.21,2453.37,2452.02,2452.85,1001.397,1788556799999,futures
1788556800000,2026-09-04T21:20:00.000Z,2026-09-05 05:20,2452.84,2453.79,2452.33,2452.51,1678.001,1788557099999,futures
1788557100000,2026-09-04T21:25:00.000Z,2026-09-05 05:25,2452.51,2452.8,2451.03,2451.7,4380.466,1788557399999,futures
1788557400000,2026-09-04T21:30:00.000Z,2026-09-05 05:30,2451.7,2454.13,2451.47,2453.74,3835.687,1788557699999,futures
1788557700000,2026-09-04T21:35:00.000Z,2026-09-05 05:35,2453.74,2454.66,2453.61,2453.62,1925.678,1788557999999,futures
1788558000000,2026-09-04T21:40:00.000Z,2026-09-05 05:40,2453.62,2455.65,2453.62,2455.26,2927.809,1788558299999,futures
1788558300000,2026-09-04T21:45:00.000Z,2026-09-05 05:45,2455.26,2455.8,2453.01,2453.23,3750.914,1788558599999,futures
1788558600000,2026-09-04T21:50:00.000Z,2026-09-05 05:50,2453.23,2454.54,2448.29,2451.64,5720.771,1788558899999,futures
1788558900000,2026-09-04T21:55:00.000Z,2026-09-05 05:55,2451.63,2452.36,2449.78,2450.7,4509.769,1788559199999,futures
1788559200000,2026-09-04T22:00:00.000Z,2026-09-05 06:00,2450.7,2453.15,2450.64,2451.88,4346.465,1788559499999,futures
1788559500000,2026-09-04T22:05:00.000Z,2026-09-05 06:05,2451.87,2452.2,2450.97,2451.19,1253.566,1788559799999,futures
1788559800000,2026-09-04T22:10:00.000Z,2026-09-05 06:10,2451.2,2452.06,2450.11,2451.65,3496.88,1788560099999,futures
1788560100000,2026-09-04T22:15:00.000Z,2026-09-05 06:15,2451.66,2451.66,2449.73,2451,1925.194,1788560399999,futures
1788560400000,2026-09-04T22:20:00.000Z,2026-09-05 06:20,2451.01,2452.01,2449.88,2450.12,2304.967,1788560699999,futures
1788560700000,2026-09-04T22:25:00.000Z,2026-09-05 06:25,2450.13,2451.57,2450.12,2451.45,2272.022,1788560999999,futures
1788561000000,2026-09-04T22:30:00.000Z,2026-09-05 06:30,2451.44,2452,2451.35,2451.71,1365.276,1788561299999,futures
1788561300000,2026-09-04T22:35:00.000Z,2026-09-05 06:35,2451.71,2453.26,2451.7,2452.31,1484.101,1788561599999,futures
1788561600000,2026-09-04T22:40:00.000Z,2026-09-05 06:40,2452.31,2452.37,2450.88,2450.88,865.984,1788561899999,futures
1788561900000,2026-09-04T22:45:00.000Z,2026-09-05 06:45,2450.89,2451.06,2449.77,2450.43,2853.148,1788562199999,futures
1788562200000,2026-09-04T22:50:00.000Z,2026-09-05 06:50,2450.44,2451.31,2449.97,2450.15,1189.844,1788562499999,futures
1788562500000,2026-09-04T22:55:00.000Z,2026-09-05 06:55,2450.14,2450.47,2449.39,2449.99,1449.357,1788562799999,futures
1788562800000,2026-09-04T23:00:00.000Z,2026-09-05 07:00,2450,2450.32,2448.66,2450.32,2261.448,1788563099999,futures
1788563100000,2026-09-04T23:05:00.000Z,2026-09-05 07:05,2450.32,2450.72,2449.38,2449.56,1759.006,1788563399999,futures
1788563400000,2026-09-04T23:10:00.000Z,2026-09-05 07:10,2449.56,2449.95,2449.06,2449.35,1474.594,1788563699999,futures
1788563700000,2026-09-04T23:15:00.000Z,2026-09-05 07:15,2449.34,2450,2448.96,2449.76,2116.418,1788563999999,futures
1788564000000,2026-09-04T23:20:00.000Z,2026-09-05 07:20,2449.77,2453.16,2449.76,2452.72,3839.376,1788564299999,futures
1788564300000,2026-09-04T23:25:00.000Z,2026-09-05 07:25,2452.72,2454.1,2452.49,2452.56,2626.165,1788564599999,futures
1788564600000,2026-09-04T23:30:00.000Z,2026-09-05 07:30,2452.57,2452.57,2451.45,2451.76,1070.536,1788564899999,futures
1788564900000,2026-09-04T23:35:00.000Z,2026-09-05 07:35,2451.77,2452.6,2451.76,2452.33,876.443,1788565199999,futures
1788565200000,2026-09-04T23:40:00.000Z,2026-09-05 07:40,2452.34,2452.34,2452.01,2452.33,729.373,1788565499999,futures
1788565500000,2026-09-04T23:45:00.000Z,2026-09-05 07:45,2452.32,2453.24,2452.32,2453.1,1037.046,1788565799999,futures
1788565800000,2026-09-04T23:50:00.000Z,2026-09-05 07:50,2453.1,2453.95,2452.87,2453.48,2956.3,1788566099999,futures
1788566100000,2026-09-04T23:55:00.000Z,2026-09-05 07:55,2453.48,2454.72,2453.2,2454.57,1831.824,1788566399999,futures
1788566400000,2026-09-05T00:00:00.000Z,2026-09-05 08:00,2454.56,2454.57,2453.6,2453.8,1198.437,1788566699999,futures
1788566700000,2026-09-05T00:05:00.000Z,2026-09-05 08:05,2453.8,2453.8,2452.27,2453.63,1759.132,1788566999999,futures
1788567000000,2026-09-05T00:10:00.000Z,2026-09-05 08:10,2453.63,2455.36,2453.05,2453.37,2865.139,1788567299999,futures
1788567300000,2026-09-05T00:15:00.000Z,2026-09-05 08:15,2453.38,2453.38,2452.01,2452.08,902.578,1788567599999,futures
1788567600000,2026-09-05T00:20:00.000Z,2026-09-05 08:20,2452.08,2452.75,2451.82,2451.83,1823.425,1788567899999,futures
1788567900000,2026-09-05T00:25:00.000Z,2026-09-05 08:25,2451.82,2452.36,2451.32,2451.81,2103.927,1788568199999,futures
1788568200000,2026-09-05T00:30:00.000Z,2026-09-05 08:30,2451.8,2452.73,2450.72,2451.11,1747.692,1788568499999,futures
1788568500000,2026-09-05T00:35:00.000Z,2026-09-05 08:35,2451.12,2453.1,2451.11,2453.1,1764.479,1788568799999,futures
1788568800000,2026-09-05T00:40:00.000Z,2026-09-05 08:40,2453.1,2454.64,2452.94,2452.94,2510.175,1788569099999,futures
1788569100000,2026-09-05T00:45:00.000Z,2026-09-05 08:45,2452.95,2452.95,2450.6,2451.87,3666.163,1788569399999,futures
1788569400000,2026-09-05T00:50:00.000Z,2026-09-05 08:50,2451.88,2453.97,2451.87,2453.89,1948.725,1788569699999,futures
1788569700000,2026-09-05T00:55:00.000Z,2026-09-05 08:55,2453.9,2454.18,2450.36,2450.95,5437.156,1788569999999,futures
1788570000000,2026-09-05T01:00:00.000Z,2026-09-05 09:00,2450.96,2452.82,2450.37,2452.51,5129.21,1788570299999,futures
1788570300000,2026-09-05T01:05:00.000Z,2026-09-05 09:05,2452.51,2454,2452.34,2453.84,1783.576,1788570599999,futures
1788570600000,2026-09-05T01:10:00.000Z,2026-09-05 09:10,2453.85,2454.82,2452.34,2452.43,4331.291,1788570899999,futures
1788570900000,2026-09-05T01:15:00.000Z,2026-09-05 09:15,2452.43,2454.66,2452.43,2452.98,2109.365,1788571199999,futures
1788571200000,2026-09-05T01:20:00.000Z,2026-09-05 09:20,2452.97,2452.98,2451.69,2452.66,1332.107,1788571499999,futures
1788571500000,2026-09-05T01:25:00.000Z,2026-09-05 09:25,2452.66,2455,2451.26,2454.99,4487.885,1788571799999,futures
1788571800000,2026-09-05T01:30:00.000Z,2026-09-05 09:30,2455,2455,2453.75,2454.04,1958.438,1788572099999,futures
1788572100000,2026-09-05T01:35:00.000Z,2026-09-05 09:35,2454.04,2454.04,2452.05,2452.88,2218.276,1788572399999,futures
1788572400000,2026-09-05T01:40:00.000Z,2026-09-05 09:40,2452.88,2453.48,2452.19,2452.64,1565.506,1788572699999,futures
1788572700000,2026-09-05T01:45:00.000Z,2026-09-05 09:45,2452.65,2453.75,2451.34,2451.34,2974.175,1788572999999,futures
1788573000000,2026-09-05T01:50:00.000Z,2026-09-05 09:50,2451.34,2452.72,2450.83,2451.85,1419.562,1788573299999,futures
1788573300000,2026-09-05T01:55:00.000Z,2026-09-05 09:55,2451.85,2451.86,2450.71,2450.71,1090.777,1788573599999,futures
1788573600000,2026-09-05T02:00:00.000Z,2026-09-05 10:00,2450.72,2450.81,2448.47,2449.41,5498.333,1788573899999,futures
1788573900000,2026-09-05T02:05:00.000Z,2026-09-05 10:05,2449.42,2451.1,2449.41,2451.1,1805.636,1788574199999,futures
1788574200000,2026-09-05T02:10:00.000Z,2026-09-05 10:10,2451.1,2451.59,2450.71,2450.92,1642.256,1788574499999,futures
1788574500000,2026-09-05T02:15:00.000Z,2026-09-05 10:15,2450.92,2451.94,2450.92,2451.53,1387.174,1788574799999,futures
1788574800000,2026-09-05T02:20:00.000Z,2026-09-05 10:20,2451.53,2452,2451,2452,1392.456,1788575099999,futures
1788575100000,2026-09-05T02:25:00.000Z,2026-09-05 10:25,2451.99,2452,2449.47,2449.68,2070.364,1788575399999,futures
1788575400000,2026-09-05T02:30:00.000Z,2026-09-05 10:30,2449.68,2451.13,2449.16,2451.13,2303.151,1788575699999,futures
1788575700000,2026-09-05T02:35:00.000Z,2026-09-05 10:35,2451.12,2451.66,2450.17,2451.48,1054.317,1788575999999,futures
1788576000000,2026-09-05T02:40:00.000Z,2026-09-05 10:40,2451.48,2451.99,2451.48,2451.73,701.8,1788576299999,futures
1788576300000,2026-09-05T02:45:00.000Z,2026-09-05 10:45,2451.73,2451.73,2450.06,2450.68,1554.58,1788576599999,futures
1788576600000,2026-09-05T02:50:00.000Z,2026-09-05 10:50,2450.67,2451.5,2449.18,2451.03,2801.526,1788576899999,futures
1788576900000,2026-09-05T02:55:00.000Z,2026-09-05 10:55,2451.03,2452.3,2451.02,2452.27,959.697,1788577199999,futures
1788577200000,2026-09-05T03:00:00.000Z,2026-09-05 11:00,2452.27,2452.28,2451,2451.21,1743.22,1788577499999,futures
1788577500000,2026-09-05T03:05:00.000Z,2026-09-05 11:05,2451.21,2451.21,2450,2450.01,1368.621,1788577799999,futures
1788577800000,2026-09-05T03:10:00.000Z,2026-09-05 11:10,2450,2451.7,2450,2451.27,2359.886,1788578099999,futures
1788578100000,2026-09-05T03:15:00.000Z,2026-09-05 11:15,2451.27,2452.67,2451.1,2451.81,2414.31,1788578399999,futures
1788578400000,2026-09-05T03:20:00.000Z,2026-09-05 11:20,2451.8,2452.56,2451.02,2452.41,2052.576,1788578699999,futures
1788578700000,2026-09-05T03:25:00.000Z,2026-09-05 11:25,2452.42,2453.89,2451.75,2452.42,3931.855,1788578999999,futures
1788579000000,2026-09-05T03:30:00.000Z,2026-09-05 11:30,2452.42,2455.2,2452.42,2453.32,7537.035,1788579299999,futures
1788579300000,2026-09-05T03:35:00.000Z,2026-09-05 11:35,2453.31,2454.1,2453.31,2453.53,885.074,1788579599999,futures
1788579600000,2026-09-05T03:40:00.000Z,2026-09-05 11:40,2453.54,2453.54,2452.16,2453.1,1405.444,1788579899999,futures
1788579900000,2026-09-05T03:45:00.000Z,2026-09-05 11:45,2453.1,2453.49,2452.91,2453.48,771.938,1788580199999,futures
1788580200000,2026-09-05T03:50:00.000Z,2026-09-05 11:50,2453.48,2453.48,2452.16,2452.16,997.269,1788580499999,futures
1788580500000,2026-09-05T03:55:00.000Z,2026-09-05 11:55,2452.16,2452.17,2451.26,2451.57,1840.818,1788580799999,futures
1788580800000,2026-09-05T04:00:00.000Z,2026-09-05 12:00,2451.57,2451.83,2450.26,2451.41,3150.358,1788581099999,futures
1788581100000,2026-09-05T04:05:00.000Z,2026-09-05 12:05,2451.4,2451.99,2450.12,2450.2,2494.623,1788581399999,futures
1788581400000,2026-09-05T04:10:00.000Z,2026-09-05 12:10,2450.2,2450.47,2449.54,2450.05,2559.088,1788581699999,futures
1788581700000,2026-09-05T04:15:00.000Z,2026-09-05 12:15,2450.06,2451.51,2449.98,2451,1874.431,1788581999999,futures
1788582000000,2026-09-05T04:20:00.000Z,2026-09-05 12:20,2451.01,2451.27,2450.89,2451.12,929.188,1788582299999,futures
1788582300000,2026-09-05T04:25:00.000Z,2026-09-05 12:25,2451.12,2451.43,2450.53,2451.38,1335.543,1788582599999,futures
1788582600000,2026-09-05T04:30:00.000Z,2026-09-05 12:30,2451.37,2451.38,2450.99,2450.99,1998.275,1788582899999,futures
1788582900000,2026-09-05T04:35:00.000Z,2026-09-05 12:35,2451,2451,2449.43,2449.63,4129.825,1788583199999,futures
1788583200000,2026-09-05T04:40:00.000Z,2026-09-05 12:40,2449.63,2450.22,2449.63,2449.98,2354.947,1788583499999,futures
1788583500000,2026-09-05T04:45:00.000Z,2026-09-05 12:45,2449.99,2450.36,2447.28,2449.32,5249.129,1788583799999,futures
1788583800000,2026-09-05T04:50:00.000Z,2026-09-05 12:50,2449.33,2449.72,2448.11,2449.69,2666.526,1788584099999,futures
1788584100000,2026-09-05T04:55:00.000Z,2026-09-05 12:55,2449.69,2449.82,2447.4,2448.01,3053.932,1788584399999,futures
1788584400000,2026-09-05T05:00:00.000Z,2026-09-05 13:00,2448.02,2448.34,2444.57,2445.78,10862.009,1788584699999,futures
1788584700000,2026-09-05T05:05:00.000Z,2026-09-05 13:05,2445.78,2446.21,2443.69,2445.93,9458.433,1788584999999,futures
1788585000000,2026-09-05T05:10:00.000Z,2026-09-05 13:10,2445.93,2449.31,2445.93,2449.08,4786.654,1788585299999,futures
1788585300000,2026-09-05T05:15:00.000Z,2026-09-05 13:15,2449.08,2449.92,2447.82,2448.37,4089.555,1788585599999,futures
1788585600000,2026-09-05T05:20:00.000Z,2026-09-05 13:20,2448.38,2448.83,2447.53,2448.32,1351.374,1788585899999,futures
1788585900000,2026-09-05T05:25:00.000Z,2026-09-05 13:25,2448.31,2449.99,2448.14,2449.98,1620.184,1788586199999,futures
1788586200000,2026-09-05T05:30:00.000Z,2026-09-05 13:30,2449.99,2450,2449.3,2449.46,1485.708,1788586499999,futures
1788586500000,2026-09-05T05:35:00.000Z,2026-09-05 13:35,2449.47,2449.76,2449,2449.14,1088.148,1788586799999,futures
1788586800000,2026-09-05T05:40:00.000Z,2026-09-05 13:40,2449.14,2451.3,2448.87,2449,4563.583,1788587099999,futures
1788587100000,2026-09-05T05:45:00.000Z,2026-09-05 13:45,2449,2449.16,2447.73,2447.73,1656.736,1788587399999,futures
1788587400000,2026-09-05T05:50:00.000Z,2026-09-05 13:50,2447.73,2449.99,2447.73,2449.98,3433.195,1788587699999,futures
1788587700000,2026-09-05T05:55:00.000Z,2026-09-05 13:55,2449.99,2450.88,2449.33,2450.04,3585.949,1788587999999,futures
1788588000000,2026-09-05T06:00:00.000Z,2026-09-05 14:00,2450.05,2450.42,2449.34,2450.38,1344.444,1788588299999,futures
1788588300000,2026-09-05T06:05:00.000Z,2026-09-05 14:05,2450.38,2450.39,2449.69,2449.69,2055.946,1788588599999,futures
1788588600000,2026-09-05T06:10:00.000Z,2026-09-05 14:10,2449.68,2451.87,2449.59,2450.8,3805.486,1788588899999,futures
1788588900000,2026-09-05T06:15:00.000Z,2026-09-05 14:15,2450.81,2450.92,2450.07,2450.42,834.21,1788589199999,futures
1788589200000,2026-09-05T06:20:00.000Z,2026-09-05 14:20,2450.42,2451,2450.42,2451,628.443,1788589499999,futures
1788589500000,2026-09-05T06:25:00.000Z,2026-09-05 14:25,2451,2451,2450,2450.19,1608.996,1788589799999,futures
1788589800000,2026-09-05T06:30:00.000Z,2026-09-05 14:30,2450.19,2451.5,2450.17,2451.5,1436.232,1788590099999,futures
1788590100000,2026-09-05T06:35:00.000Z,2026-09-05 14:35,2451.5,2453.89,2451.06,2453.71,7260.359,1788590399999,futures
1788590400000,2026-09-05T06:40:00.000Z,2026-09-05 14:40,2453.72,2453.72,2451.66,2451.73,4752.179,1788590699999,futures
1788590700000,2026-09-05T06:45:00.000Z,2026-09-05 14:45,2451.73,2451.77,2451.56,2451.76,718.538,1788590999999,futures
1788591000000,2026-09-05T06:50:00.000Z,2026-09-05 14:50,2451.77,2452.33,2451.76,2451.78,1299.16,1788591299999,futures
1788591300000,2026-09-05T06:55:00.000Z,2026-09-05 14:55,2451.78,2452.87,2451.77,2452.47,1167.677,1788591599999,futures
1788591600000,2026-09-05T07:00:00.000Z,2026-09-05 15:00,2452.48,2453.28,2452.33,2453.28,2008.379,1788591899999,futures
1788591900000,2026-09-05T07:05:00.000Z,2026-09-05 15:05,2453.27,2453.74,2452.22,2452.23,4276.77,1788592199999,futures
1788592200000,2026-09-05T07:10:00.000Z,2026-09-05 15:10,2452.22,2454.12,2452.07,2454.11,3575.356,1788592499999,futures
1788592500000,2026-09-05T07:15:00.000Z,2026-09-05 15:15,2454.12,2454.23,2452.52,2452.53,1956.768,1788592799999,futures
1788592800000,2026-09-05T07:20:00.000Z,2026-09-05 15:20,2452.52,2454.11,2452.52,2454.11,1243.356,1788593099999,futures
1788593100000,2026-09-05T07:25:00.000Z,2026-09-05 15:25,2454.11,2457.7,2454.1,2455.81,8654.66,1788593399999,futures
1788593400000,2026-09-05T07:30:00.000Z,2026-09-05 15:30,2455.81,2458.08,2455.04,2458.07,6818.655,1788593699999,futures
1788593700000,2026-09-05T07:35:00.000Z,2026-09-05 15:35,2458.08,2458.31,2456.9,2457.85,6496.969,1788593999999,futures
1788594000000,2026-09-05T07:40:00.000Z,2026-09-05 15:40,2457.84,2457.86,2455.55,2457.14,5092.268,1788594299999,futures
1788594300000,2026-09-05T07:45:00.000Z,2026-09-05 15:45,2457.14,2458,2456.6,2456.63,4199.209,1788594599999,futures
1788594600000,2026-09-05T07:50:00.000Z,2026-09-05 15:50,2456.62,2456.95,2456,2456.45,3684.427,1788594899999,futures
1788594900000,2026-09-05T07:55:00.000Z,2026-09-05 15:55,2456.45,2457.01,2455.64,2456.23,3765.761,1788595199999,futures
1788595200000,2026-09-05T08:00:00.000Z,2026-09-05 16:00,2456.23,2456.5,2454.19,2454.64,6430.707,1788595499999,futures
1788595500000,2026-09-05T08:05:00.000Z,2026-09-05 16:05,2454.64,2454.92,2453.84,2454.02,2392.902,1788595799999,futures
1788595800000,2026-09-05T08:10:00.000Z,2026-09-05 16:10,2454.02,2455.94,2453.84,2454,3660.32,1788596099999,futures
1788596100000,2026-09-05T08:15:00.000Z,2026-09-05 16:15,2454,2456.19,2453.99,2454.25,3044.361,1788596399999,futures
1788596400000,2026-09-05T08:20:00.000Z,2026-09-05 16:20,2454.25,2454.85,2453.33,2453.37,1848.89,1788596699999,futures
1788596700000,2026-09-05T08:25:00.000Z,2026-09-05 16:25,2453.37,2454.36,2452.17,2454.22,3578.513,1788596999999,futures
1788597000000,2026-09-05T08:30:00.000Z,2026-09-05 16:30,2454.22,2454.23,2452.13,2452.13,2292.613,1788597299999,futures
1788597300000,2026-09-05T08:35:00.000Z,2026-09-05 16:35,2452.14,2454.46,2452.13,2454.28,1662.164,1788597599999,futures
1788597600000,2026-09-05T08:40:00.000Z,2026-09-05 16:40,2454.28,2454.55,2453.88,2454.28,1919.082,1788597899999,futures
1788597900000,2026-09-05T08:45:00.000Z,2026-09-05 16:45,2454.27,2454.42,2452.73,2452.95,2692.043,1788598199999,futures
1788598200000,2026-09-05T08:50:00.000Z,2026-09-05 16:50,2452.94,2454.38,2452.94,2454.28,1133.893,1788598499999,futures
1788598500000,2026-09-05T08:55:00.000Z,2026-09-05 16:55,2454.28,2455.91,2454.27,2455.64,1780.326,1788598799999,futures
1788598800000,2026-09-05T09:00:00.000Z,2026-09-05 17:00,2455.64,2457.53,2455.46,2457.52,3173.617,1788599099999,futures
1788599100000,2026-09-05T09:05:00.000Z,2026-09-05 17:05,2457.53,2457.63,2456.99,2457.11,2500.124,1788599399999,futures
1788599400000,2026-09-05T09:10:00.000Z,2026-09-05 17:10,2457.1,2459.12,2457.1,2458.09,5658.733,1788599699999,futures
1788599700000,2026-09-05T09:15:00.000Z,2026-09-05 17:15,2458.08,2458.09,2456.57,2456.71,7293.243,1788599999999,futures
1788600000000,2026-09-05T09:20:00.000Z,2026-09-05 17:20,2456.7,2457.58,2456.5,2456.7,2373.775,1788600299999,futures
1788600300000,2026-09-05T09:25:00.000Z,2026-09-05 17:25,2456.69,2457.1,2456.54,2457.1,1125.472,1788600599999,futures
1788600600000,2026-09-05T09:30:00.000Z,2026-09-05 17:30,2457.1,2458,2456.71,2457.7,3062.985,1788600899999,futures
1788600900000,2026-09-05T09:35:00.000Z,2026-09-05 17:35,2457.7,2458.42,2457.39,2458,3144.334,1788601199999,futures
1788601200000,2026-09-05T09:40:00.000Z,2026-09-05 17:40,2458,2459.11,2456.69,2459.1,3854.094,1788601499999,futures
1788601500000,2026-09-05T09:45:00.000Z,2026-09-05 17:45,2459.1,2459.27,2458.22,2458.71,3684.789,1788601799999,futures
1788601800000,2026-09-05T09:50:00.000Z,2026-09-05 17:50,2458.71,2459.26,2458.01,2458.01,2665.213,1788602099999,futures
1788602100000,2026-09-05T09:55:00.000Z,2026-09-05 17:55,2458.01,2458.51,2457.38,2457.56,1757.001,1788602399999,futures
1788602400000,2026-09-05T10:00:00.000Z,2026-09-05 18:00,2457.56,2457.64,2457.3,2457.63,1172.698,1788602699999,futures
1788602700000,2026-09-05T10:05:00.000Z,2026-09-05 18:05,2457.63,2457.63,2456.81,2456.97,1505.178,1788602999999,futures
1788603000000,2026-09-05T10:10:00.000Z,2026-09-05 18:10,2456.98,2457.26,2456.27,2456.27,2082.975,1788603299999,futures
1788603300000,2026-09-05T10:15:00.000Z,2026-09-05 18:15,2456.27,2456.7,2456.04,2456.17,1583.353,1788603599999,futures
1788603600000,2026-09-05T10:20:00.000Z,2026-09-05 18:20,2456.17,2456.17,2453.86,2454.96,7903.942,1788603899999,futures
1788603900000,2026-09-05T10:25:00.000Z,2026-09-05 18:25,2454.96,2455.56,2453.36,2453.51,3564.436,1788604199999,futures
1788604200000,2026-09-05T10:30:00.000Z,2026-09-05 18:30,2453.52,2455.65,2453.47,2455.65,2864.452,1788604499999,futures
1788604500000,2026-09-05T10:35:00.000Z,2026-09-05 18:35,2455.64,2455.65,2452.56,2453.21,5876.98,1788604799999,futures
1788604800000,2026-09-05T10:40:00.000Z,2026-09-05 18:40,2453.21,2454.41,2453.21,2454.27,1907.169,1788605099999,futures
1788605100000,2026-09-05T10:45:00.000Z,2026-09-05 18:45,2454.28,2454.28,2453.4,2453.4,1249.458,1788605399999,futures
1788605400000,2026-09-05T10:50:00.000Z,2026-09-05 18:50,2453.4,2454.43,2452.97,2454.29,1885.334,1788605699999,futures
1788605700000,2026-09-05T10:55:00.000Z,2026-09-05 18:55,2454.28,2454.58,2453.11,2453.11,3095.855,1788605999999,futures
1788606000000,2026-09-05T11:00:00.000Z,2026-09-05 19:00,2453.12,2453.6,2452.8,2453.58,2105.682,1788606299999,futures
1788606300000,2026-09-05T11:05:00.000Z,2026-09-05 19:05,2453.57,2454.14,2452.58,2453.22,3292.952,1788606599999,futures
1788606600000,2026-09-05T11:10:00.000Z,2026-09-05 19:10,2453.23,2454.38,2452.9,2453.2,3119.877,1788606899999,futures
1788606900000,2026-09-05T11:15:00.000Z,2026-09-05 19:15,2453.2,2453.39,2451.74,2452.14,3917.242,1788607199999,futures
1788607200000,2026-09-05T11:20:00.000Z,2026-09-05 19:20,2452.14,2452.14,2452,2452,889.09,1788607499999,futures
1788607500000,2026-09-05T11:25:00.000Z,2026-09-05 19:25,2452,2452.6,2452,2452.53,768.188,1788607799999,futures
1788607800000,2026-09-05T11:30:00.000Z,2026-09-05 19:30,2452.53,2452.99,2452.36,2452.99,1491.594,1788608099999,futures
1788608100000,2026-09-05T11:35:00.000Z,2026-09-05 19:35,2452.99,2452.99,2452.81,2452.82,878.602,1788608399999,futures
1788608400000,2026-09-05T11:40:00.000Z,2026-09-05 19:40,2452.82,2453.05,2452.03,2452.6,3216.036,1788608699999,futures
1788608700000,2026-09-05T11:45:00.000Z,2026-09-05 19:45,2452.59,2453.41,2452.1,2453.32,2874.579,1788608999999,futures
1788609000000,2026-09-05T11:50:00.000Z,2026-09-05 19:50,2453.31,2455.2,2452.97,2453.51,4779.718,1788609299999,futures
1788609300000,2026-09-05T11:55:00.000Z,2026-09-05 19:55,2453.52,2453.58,2452.3,2452.6,1657.512,1788609599999,futures
1788609600000,2026-09-05T12:00:00.000Z,2026-09-05 20:00,2452.59,2454.4,2452.59,2454.26,2058.474,1788609899999,futures
1788609900000,2026-09-05T12:05:00.000Z,2026-09-05 20:05,2454.25,2454.4,2454.1,2454.1,1617.326,1788610199999,futures
1788610200000,2026-09-05T12:10:00.000Z,2026-09-05 20:10,2454.1,2454.1,2453.88,2453.97,634.413,1788610499999,futures
1788610500000,2026-09-05T12:15:00.000Z,2026-09-05 20:15,2453.97,2453.97,2453.57,2453.57,1017.041,1788610799999,futures
1788610800000,2026-09-05T12:20:00.000Z,2026-09-05 20:20,2453.57,2453.97,2453.46,2453.96,1215.152,1788611099999,futures
1788611100000,2026-09-05T12:25:00.000Z,2026-09-05 20:25,2453.97,2454.45,2453.47,2453.51,2967.803,1788611399999,futures
1788611400000,2026-09-05T12:30:00.000Z,2026-09-05 20:30,2453.52,2455.58,2452.11,2455.58,5984.546,1788611699999,futures
1788611700000,2026-09-05T12:35:00.000Z,2026-09-05 20:35,2455.58,2457.69,2455.57,2457.26,10585.112,1788611999999,futures
1788612000000,2026-09-05T12:40:00.000Z,2026-09-05 20:40,2457.26,2458.8,2457.19,2458.11,7576.263,1788612299999,futures
1788612300000,2026-09-05T12:45:00.000Z,2026-09-05 20:45,2458.1,2460.99,2457.19,2457.99,14927.695,1788612599999,futures
1788612600000,2026-09-05T12:50:00.000Z,2026-09-05 20:50,2457.99,2458.44,2457.18,2458.43,2707.368,1788612899999,futures
1788612900000,2026-09-05T12:55:00.000Z,2026-09-05 20:55,2458.43,2460,2457.48,2457.71,6390.381,1788613199999,futures
1788613200000,2026-09-05T13:00:00.000Z,2026-09-05 21:00,2457.72,2459.32,2457.52,2459.32,3025.648,1788613499999,futures
1788613500000,2026-09-05T13:05:00.000Z,2026-09-05 21:05,2459.32,2460.21,2457.61,2457.62,3920.881,1788613799999,futures
1788613800000,2026-09-05T13:10:00.000Z,2026-09-05 21:10,2457.61,2458.49,2456.77,2458.42,4154.485,1788614099999,futures
1788614100000,2026-09-05T13:15:00.000Z,2026-09-05 21:15,2458.42,2458.69,2456.63,2456.89,3294.739,1788614399999,futures
1788614400000,2026-09-05T13:20:00.000Z,2026-09-05 21:20,2456.89,2461.01,2456.88,2460.12,9596.525,1788614699999,futures
1788614700000,2026-09-05T13:25:00.000Z,2026-09-05 21:25,2460.12,2460.12,2458.51,2458.71,1884.66,1788614999999,futures
1788615000000,2026-09-05T13:30:00.000Z,2026-09-05 21:30,2458.72,2459.47,2457.63,2458.58,3487.322,1788615299999,futures
1788615300000,2026-09-05T13:35:00.000Z,2026-09-05 21:35,2458.58,2458.97,2455.44,2455.79,6547.974,1788615599999,futures
1788615600000,2026-09-05T13:40:00.000Z,2026-09-05 21:40,2455.79,2459.07,2454.6,2455.75,11222.731,1788615899999,futures
1788615900000,2026-09-05T13:45:00.000Z,2026-09-05 21:45,2455.74,2456.52,2455.32,2456.36,2382.586,1788616199999,futures
1788616200000,2026-09-05T13:50:00.000Z,2026-09-05 21:50,2456.36,2456.36,2447.88,2452.2,32354.33,1788616499999,futures
1788616500000,2026-09-05T13:55:00.000Z,2026-09-05 21:55,2452.2,2453,2450.93,2452.91,3625.727,1788616799999,futures
1788616800000,2026-09-05T14:00:00.000Z,2026-09-05 22:00,2452.92,2455.08,2452.8,2453.52,5776.133,1788617099999,futures
1788617100000,2026-09-05T14:05:00.000Z,2026-09-05 22:05,2453.52,2454.99,2453.51,2454.71,1814.645,1788617399999,futures
1788617400000,2026-09-05T14:10:00.000Z,2026-09-05 22:10,2454.72,2454.72,2453.83,2453.86,1649.882,1788617699999,futures
1788617700000,2026-09-05T14:15:00.000Z,2026-09-05 22:15,2453.86,2454.19,2453.6,2453.6,1620.257,1788617999999,futures
1788618000000,2026-09-05T14:20:00.000Z,2026-09-05 22:20,2453.6,2454.01,2452.96,2454,2421.238,1788618299999,futures
1788618300000,2026-09-05T14:25:00.000Z,2026-09-05 22:25,2454.01,2455.91,2454,2455.9,1836.377,1788618599999,futures
1788618600000,2026-09-05T14:30:00.000Z,2026-09-05 22:30,2455.9,2456.82,2455.9,2456.65,1913.779,1788618899999,futures
1788618900000,2026-09-05T14:35:00.000Z,2026-09-05 22:35,2456.64,2456.75,2456.01,2456.7,1423.382,1788619199999,futures
1788619200000,2026-09-05T14:40:00.000Z,2026-09-05 22:40,2456.7,2456.83,2454.78,2455.13,3110.602,1788619499999,futures
1788619500000,2026-09-05T14:45:00.000Z,2026-09-05 22:45,2455.13,2456.08,2454.12,2455.29,2249.933,1788619799999,futures
1788619800000,2026-09-05T14:50:00.000Z,2026-09-05 22:50,2455.29,2457.36,2455.29,2457.12,1892.419,1788620099999,futures
1788620100000,2026-09-05T14:55:00.000Z,2026-09-05 22:55,2457.13,2457.7,2456.11,2456.11,2792.854,1788620399999,futures
1788620400000,2026-09-05T15:00:00.000Z,2026-09-05 23:00,2456.12,2456.72,2455.47,2456.34,2023.157,1788620699999,futures
1788620700000,2026-09-05T15:05:00.000Z,2026-09-05 23:05,2456.35,2458.35,2456.34,2456.56,3951.805,1788620999999,futures
1788621000000,2026-09-05T15:10:00.000Z,2026-09-05 23:10,2456.57,2458.68,2456.56,2458.01,3671.066,1788621299999,futures
1788621300000,2026-09-05T15:15:00.000Z,2026-09-05 23:15,2458.02,2458.02,2454.52,2454.77,6021.009,1788621599999,futures
1788621600000,2026-09-05T15:20:00.000Z,2026-09-05 23:20,2454.77,2458.42,2454.77,2457.77,6545.402,1788621899999,futures
1788621900000,2026-09-05T15:25:00.000Z,2026-09-05 23:25,2457.77,2458.92,2456.36,2456.37,3900.921,1788622199999,futures
1788622200000,2026-09-05T15:30:00.000Z,2026-09-05 23:30,2456.36,2457.84,2456.36,2457.7,994.699,1788622499999,futures
1788622500000,2026-09-05T15:35:00.000Z,2026-09-05 23:35,2457.71,2457.71,2456.84,2457.42,1924.611,1788622799999,futures
1788622800000,2026-09-05T15:40:00.000Z,2026-09-05 23:40,2457.41,2458.59,2457.29,2457.31,2212.577,1788623099999,futures
1788623100000,2026-09-05T15:45:00.000Z,2026-09-05 23:45,2457.32,2458.31,2457.12,2457.76,1436.782,1788623399999,futures
1788623400000,2026-09-05T15:50:00.000Z,2026-09-05 23:50,2457.76,2458.19,2457.02,2457.53,1654.561,1788623699999,futures
1788623700000,2026-09-05T15:55:00.000Z,2026-09-05 23:55,2457.53,2458.89,2457.52,2458.65,2186.984,1788623999999,futures
1788624000000,2026-09-05T16:00:00.000Z,2026-09-06 00:00,2458.66,2459.45,2458.23,2459.32,2773.746,1788624299999,futures
1788624300000,2026-09-05T16:05:00.000Z,2026-09-06 00:05,2459.33,2459.4,2457.7,2458.53,2444.505,1788624599999,futures
1788624600000,2026-09-05T16:10:00.000Z,2026-09-06 00:10,2458.52,2459.09,2457.84,2458.39,1906.14,1788624899999,futures
1788624900000,2026-09-05T16:15:00.000Z,2026-09-06 00:15,2458.38,2459.17,2458.38,2459.04,1641.437,1788625199999,futures
1788625200000,2026-09-05T16:20:00.000Z,2026-09-06 00:20,2459.03,2460.64,2459.03,2460.6,6530.823,1788625499999,futures
1788625500000,2026-09-05T16:25:00.000Z,2026-09-06 00:25,2460.6,2462.7,2460.42,2462.4,7909.366,1788625799999,futures
1788625800000,2026-09-05T16:30:00.000Z,2026-09-06 00:30,2462.41,2469.24,2462.41,2467.24,35626.131,1788626099999,futures
1788626100000,2026-09-05T16:35:00.000Z,2026-09-06 00:35,2467.24,2467.24,2464.94,2464.94,9324.471,1788626399999,futures
1788626400000,2026-09-05T16:40:00.000Z,2026-09-06 00:40,2464.94,2466.54,2464.8,2465.23,7317.935,1788626699999,futures
1788626700000,2026-09-05T16:45:00.000Z,2026-09-06 00:45,2465.23,2473,2465.2,2470.36,24199.129,1788626999999,futures
1788627000000,2026-09-05T16:50:00.000Z,2026-09-06 00:50,2470.36,2473.67,2468.51,2472.21,24891.493,1788627299999,futures
1788627300000,2026-09-05T16:55:00.000Z,2026-09-06 00:55,2472.22,2473.35,2468.63,2470.06,22364.412,1788627599999,futures
1788627600000,2026-09-05T17:00:00.000Z,2026-09-06 01:00,2470.06,2484.66,2469.8,2474.17,62962.345,1788627899999,futures
1788627900000,2026-09-05T17:05:00.000Z,2026-09-06 01:05,2474.18,2480.35,2473.73,2478.65,19885.995,1788628199999,futures
1788628200000,2026-09-05T17:10:00.000Z,2026-09-06 01:10,2478.65,2479.88,2476.94,2479.47,16230.424,1788628499999,futures
1788628500000,2026-09-05T17:15:00.000Z,2026-09-06 01:15,2479.47,2480.52,2476,2476.52,14342.096,1788628799999,futures
1788628800000,2026-09-05T17:20:00.000Z,2026-09-06 01:20,2476.52,2479.14,2476.48,2477.93,5313.191,1788629099999,futures
1788629100000,2026-09-05T17:25:00.000Z,2026-09-06 01:25,2477.92,2480.58,2475,2477.02,15078.074,1788629399999,futures
1788629400000,2026-09-05T17:30:00.000Z,2026-09-06 01:30,2477.03,2484.98,2477.02,2478.63,13155.163,1788629699999,futures
1788629700000,2026-09-05T17:35:00.000Z,2026-09-06 01:35,2478.62,2478.8,2474.08,2474.36,11229.266,1788629999999,futures
1788630000000,2026-09-05T17:40:00.000Z,2026-09-06 01:40,2474.35,2477.25,2474.3,2475.93,4851.258,1788630299999,futures
1788630300000,2026-09-05T17:45:00.000Z,2026-09-06 01:45,2475.93,2478.01,2475.56,2477.6,7312.567,1788630599999,futures
1788630600000,2026-09-05T17:50:00.000Z,2026-09-06 01:50,2477.6,2479,2477.3,2478.41,3439.841,1788630899999,futures
1788630900000,2026-09-05T17:55:00.000Z,2026-09-06 01:55,2478.42,2481.25,2477.26,2480.13,9948.49,1788631199999,futures
1788631200000,2026-09-05T18:00:00.000Z,2026-09-06 02:00,2480.13,2481.39,2477.5,2478.38,8654.754,1788631499999,futures
1788631500000,2026-09-05T18:05:00.000Z,2026-09-06 02:05,2478.38,2480.25,2477.29,2477.57,4394.393,1788631799999,futures
1788631800000,2026-09-05T18:10:00.000Z,2026-09-06 02:10,2477.57,2478.43,2476.58,2477.63,3658.381,1788632099999,futures
1788632100000,2026-09-05T18:15:00.000Z,2026-09-06 02:15,2477.63,2478.33,2475.84,2477.8,4469.379,1788632399999,futures
1788632400000,2026-09-05T18:20:00.000Z,2026-09-06 02:20,2477.8,2478.5,2476.96,2477.12,4108.411,1788632699999,futures
1788632700000,2026-09-05T18:25:00.000Z,2026-09-06 02:25,2477.12,2477.65,2475.34,2475.44,3441.931,1788632999999,futures
1788633000000,2026-09-05T18:30:00.000Z,2026-09-06 02:30,2475.45,2478.99,2475.44,2476.95,3992.654,1788633299999,futures
1788633300000,2026-09-05T18:35:00.000Z,2026-09-06 02:35,2476.94,2477.16,2475.9,2476.24,2056.227,1788633599999,futures
1788633600000,2026-09-05T18:40:00.000Z,2026-09-06 02:40,2476.23,2477.55,2475.06,2476.94,4090.505,1788633899999,futures
1788633900000,2026-09-05T18:45:00.000Z,2026-09-06 02:45,2476.94,2477,2475.69,2475.92,1915.873,1788634199999,futures
1788634200000,2026-09-05T18:50:00.000Z,2026-09-06 02:50,2475.91,2477.63,2475.12,2477.36,3711.447,1788634499999,futures
1788634500000,2026-09-05T18:55:00.000Z,2026-09-06 02:55,2477.36,2479.58,2477.08,2479.49,5902.056,1788634799999,futures
1788634800000,2026-09-05T19:00:00.000Z,2026-09-06 03:00,2479.49,2479.5,2474.92,2475.46,6294.874,1788635099999,futures
1788635100000,2026-09-05T19:05:00.000Z,2026-09-06 03:05,2475.47,2478.47,2475.46,2477.22,4219.627,1788635399999,futures
1788635400000,2026-09-05T19:10:00.000Z,2026-09-06 03:10,2477.21,2478.61,2477.05,2477.05,2168.825,1788635699999,futures
1788635700000,2026-09-05T19:15:00.000Z,2026-09-06 03:15,2477.06,2478.2,2477.05,2477.99,1505.027,1788635999999,futures
1788636000000,2026-09-05T19:20:00.000Z,2026-09-06 03:20,2477.99,2479.84,2476.31,2479.84,6266.808,1788636299999,futures
1788636300000,2026-09-05T19:25:00.000Z,2026-09-06 03:25,2479.84,2481.66,2478.77,2478.81,5934.875,1788636599999,futures
1788636600000,2026-09-05T19:30:00.000Z,2026-09-06 03:30,2478.82,2480.5,2476.01,2476.03,4276.615,1788636899999,futures
1788636900000,2026-09-05T19:35:00.000Z,2026-09-06 03:35,2476.03,2477.66,2472.38,2472.59,14710.689,1788637199999,futures
1788637200000,2026-09-05T19:40:00.000Z,2026-09-06 03:40,2472.59,2476.45,2472.59,2476.29,6041.564,1788637499999,futures
1788637500000,2026-09-05T19:45:00.000Z,2026-09-06 03:45,2476.3,2476.8,2472.6,2472.73,6597.643,1788637799999,futures
1788637800000,2026-09-05T19:50:00.000Z,2026-09-06 03:50,2472.74,2475.16,2471.69,2473.47,10790.524,1788638099999,futures
1788638100000,2026-09-05T19:55:00.000Z,2026-09-06 03:55,2473.48,2477.95,2473.47,2476.54,13968.705,1788638399999,futures
1788638400000,2026-09-05T20:00:00.000Z,2026-09-06 04:00,2476.55,2477.94,2474.38,2474.39,6139.707,1788638699999,futures
1788638700000,2026-09-05T20:05:00.000Z,2026-09-06 04:05,2474.38,2478.49,2474.38,2476.64,6255.689,1788638999999,futures
1788639000000,2026-09-05T20:10:00.000Z,2026-09-06 04:10,2476.63,2482.88,2476.63,2478.31,15526.768,1788639299999,futures
1788639300000,2026-09-05T20:15:00.000Z,2026-09-06 04:15,2478.31,2478.32,2474.01,2474.73,3418.025,1788639599999,futures
1788639600000,2026-09-05T20:20:00.000Z,2026-09-06 04:20,2474.73,2477.25,2474.32,2476.85,3150.455,1788639899999,futures
1788639900000,2026-09-05T20:25:00.000Z,2026-09-06 04:25,2476.85,2478.77,2475.65,2475.71,7399.623,1788640199999,futures
1788640200000,2026-09-05T20:30:00.000Z,2026-09-06 04:30,2475.71,2476.48,2474.21,2474.55,2939.493,1788640499999,futures
1788640500000,2026-09-05T20:35:00.000Z,2026-09-06 04:35,2474.55,2478.38,2474.01,2476.3,7991.491,1788640799999,futures
1788640800000,2026-09-05T20:40:00.000Z,2026-09-06 04:40,2476.31,2478.75,2476.07,2478.74,3965.416,1788641099999,futures
1788641100000,2026-09-05T20:45:00.000Z,2026-09-06 04:45,2478.74,2479.6,2478.22,2478.85,3554.963,1788641399999,futures
1788641400000,2026-09-05T20:50:00.000Z,2026-09-06 04:50,2478.86,2479.6,2475.52,2476.37,4693.166,1788641699999,futures
1788641700000,2026-09-05T20:55:00.000Z,2026-09-06 04:55,2476.37,2477.36,2475.89,2476.49,1970.212,1788641999999,futures
1788642000000,2026-09-05T21:00:00.000Z,2026-09-06 05:00,2476.5,2477.16,2476.08,2476.09,1892.681,1788642299999,futures
1788642300000,2026-09-05T21:05:00.000Z,2026-09-06 05:05,2476.1,2477.34,2475.49,2476.78,1308.62,1788642599999,futures
1788642600000,2026-09-05T21:10:00.000Z,2026-09-06 05:10,2476.78,2477.33,2475.91,2476.33,1470.23,1788642899999,futures
1788642900000,2026-09-05T21:15:00.000Z,2026-09-06 05:15,2476.34,2478,2475.89,2478,1456.051,1788643199999,futures
1788643200000,2026-09-05T21:20:00.000Z,2026-09-06 05:20,2478.01,2480.48,2478.01,2479.51,3541.615,1788643499999,futures
1788643500000,2026-09-05T21:25:00.000Z,2026-09-06 05:25,2479.5,2481,2479.18,2480.33,3220.079,1788643799999,futures
1788643800000,2026-09-05T21:30:00.000Z,2026-09-06 05:30,2480.32,2481.84,2479.92,2480.14,1850.895,1788644099999,futures
1788644100000,2026-09-05T21:35:00.000Z,2026-09-06 05:35,2480.14,2482.83,2479.71,2482.83,2862.238,1788644399999,futures
1788644400000,2026-09-05T21:40:00.000Z,2026-09-06 05:40,2482.82,2492.58,2481.79,2490.17,26268.551,1788644699999,futures
1788644700000,2026-09-05T21:45:00.000Z,2026-09-06 05:45,2490.16,2490.43,2487.52,2489.72,10561.725,1788644999999,futures
1788645000000,2026-09-05T21:50:00.000Z,2026-09-06 05:50,2489.73,2490.42,2487.44,2487.44,3967.297,1788645299999,futures
1788645300000,2026-09-05T21:55:00.000Z,2026-09-06 05:55,2487.45,2489.46,2487.02,2487.97,3840.347,1788645599999,futures
1788645600000,2026-09-05T22:00:00.000Z,2026-09-06 06:00,2487.98,2490,2486.11,2486.54,5542.287,1788645899999,futures
1788645900000,2026-09-05T22:05:00.000Z,2026-09-06 06:05,2486.55,2487.42,2482.83,2483.72,5163.133,1788646199999,futures
1788646200000,2026-09-05T22:10:00.000Z,2026-09-06 06:10,2483.72,2487.41,2483.72,2486.32,4251.866,1788646499999,futures
1788646500000,2026-09-05T22:15:00.000Z,2026-09-06 06:15,2486.32,2487.51,2484.83,2484.84,3428.25,1788646799999,futures
1788646800000,2026-09-05T22:20:00.000Z,2026-09-06 06:20,2484.83,2484.89,2481.72,2482.67,3731.534,1788647099999,futures
1788647100000,2026-09-05T22:25:00.000Z,2026-09-06 06:25,2482.68,2482.68,2477.75,2479.65,8474.507,1788647399999,futures
1788647400000,2026-09-05T22:30:00.000Z,2026-09-06 06:30,2479.65,2484.31,2479.65,2482.38,13620.461,1788647699999,futures
1788647700000,2026-09-05T22:35:00.000Z,2026-09-06 06:35,2482.37,2482.38,2481.12,2482.37,1462.543,1788647999999,futures
1788648000000,2026-09-05T22:40:00.000Z,2026-09-06 06:40,2482.36,2482.36,2480.67,2481,3785.915,1788648299999,futures
1788648300000,2026-09-05T22:45:00.000Z,2026-09-06 06:45,2481,2481.27,2479.02,2479.25,2306.867,1788648599999,futures
1788648600000,2026-09-05T22:50:00.000Z,2026-09-06 06:50,2479.25,2481,2478.98,2480.12,2451.986,1788648899999,futures
1788648900000,2026-09-05T22:55:00.000Z,2026-09-06 06:55,2480.12,2481,2479.55,2479.93,3299.941,1788649199999,futures
1788649200000,2026-09-05T23:00:00.000Z,2026-09-06 07:00,2479.92,2480.03,2478.38,2478.38,1544.587,1788649499999,futures
1788649500000,2026-09-05T23:05:00.000Z,2026-09-06 07:05,2478.38,2479.43,2477.03,2478.79,2664.935,1788649799999,futures
1788649800000,2026-09-05T23:10:00.000Z,2026-09-06 07:10,2478.79,2478.79,2477.55,2477.92,1534.001,1788650099999,futures
1788650100000,2026-09-05T23:15:00.000Z,2026-09-06 07:15,2477.92,2479.76,2477.11,2479.76,2169.545,1788650399999,futures
1788650400000,2026-09-05T23:20:00.000Z,2026-09-06 07:20,2479.77,2481.24,2478.19,2478.28,4110.8,1788650699999,futures
1788650700000,2026-09-05T23:25:00.000Z,2026-09-06 07:25,2478.29,2480.51,2478.27,2479.87,2900.942,1788650999999,futures
1788651000000,2026-09-05T23:30:00.000Z,2026-09-06 07:30,2479.87,2482.62,2479.87,2482.49,3712.61,1788651299999,futures
1788651300000,2026-09-05T23:35:00.000Z,2026-09-06 07:35,2482.48,2482.77,2476.37,2479.76,8666.055,1788651599999,futures
1788651600000,2026-09-05T23:40:00.000Z,2026-09-06 07:40,2479.76,2480.89,2478.16,2479.86,6223.708,1788651899999,futures
1788651900000,2026-09-05T23:45:00.000Z,2026-09-06 07:45,2479.86,2481.39,2478.7,2480.01,6435.153,1788652199999,futures
1788652200000,2026-09-05T23:50:00.000Z,2026-09-06 07:50,2480,2482.68,2479.66,2481.92,3745.114,1788652499999,futures
1788652500000,2026-09-05T23:55:00.000Z,2026-09-06 07:55,2481.92,2481.92,2478.12,2479.17,3999.749,1788652799999,futures
1788652800000,2026-09-06T00:00:00.000Z,2026-09-06 08:00,2479.18,2479.7,2478.13,2478.95,2372.143,1788653099999,futures
1788653100000,2026-09-06T00:05:00.000Z,2026-09-06 08:05,2478.96,2479.57,2478.28,2479.57,2310.531,1788653399999,futures
1788653400000,2026-09-06T00:10:00.000Z,2026-09-06 08:10,2479.56,2480.76,2479.2,2480.73,2612.279,1788653699999,futures
1788653700000,2026-09-06T00:15:00.000Z,2026-09-06 08:15,2480.72,2481.34,2480.47,2480.99,1810.233,1788653999999,futures
1788654000000,2026-09-06T00:20:00.000Z,2026-09-06 08:20,2481,2482.32,2480.99,2482.32,1957.502,1788654299999,futures
1788654300000,2026-09-06T00:25:00.000Z,2026-09-06 08:25,2482.32,2487.55,2482.31,2486,7049.585,1788654599999,futures
1788654600000,2026-09-06T00:30:00.000Z,2026-09-06 08:30,2486,2487.81,2484.28,2485.58,3975.487,1788654899999,futures
1788654900000,2026-09-06T00:35:00.000Z,2026-09-06 08:35,2485.59,2487.59,2484.63,2486.52,6643.523,1788655199999,futures
1788655200000,2026-09-06T00:40:00.000Z,2026-09-06 08:40,2486.51,2489.27,2485.79,2486.5,4536.535,1788655499999,futures
1788655500000,2026-09-06T00:45:00.000Z,2026-09-06 08:45,2486.5,2488,2485.64,2488,5999.556,1788655799999,futures
1788655800000,2026-09-06T00:50:00.000Z,2026-09-06 08:50,2487.99,2490.48,2486.62,2488.3,7249.068,1788656099999,futures
1788656100000,2026-09-06T00:55:00.000Z,2026-09-06 08:55,2488.31,2491.64,2488.3,2489.03,8171.707,1788656399999,futures
1788656400000,2026-09-06T01:00:00.000Z,2026-09-06 09:00,2489.02,2498.33,2488.01,2493,23702.461,1788656699999,futures
1788656700000,2026-09-06T01:05:00.000Z,2026-09-06 09:05,2493,2496.73,2491.41,2493.81,13210.333,1788656999999,futures
1788657000000,2026-09-06T01:10:00.000Z,2026-09-06 09:10,2493.8,2498.67,2493,2496.24,14775.144,1788657299999,futures
1788657300000,2026-09-06T01:15:00.000Z,2026-09-06 09:15,2496.23,2496.27,2492.68,2492.81,7936.176,1788657599999,futures
1788657600000,2026-09-06T01:20:00.000Z,2026-09-06 09:20,2492.81,2494.34,2490,2492.4,8656.581,1788657899999,futures
1788657900000,2026-09-06T01:25:00.000Z,2026-09-06 09:25,2492.4,2493.55,2491.29,2492.64,3201.475,1788658199999,futures
1788658200000,2026-09-06T01:30:00.000Z,2026-09-06 09:30,2492.63,2495.77,2492.51,2495.7,4858.282,1788658499999,futures
1788658500000,2026-09-06T01:35:00.000Z,2026-09-06 09:35,2495.7,2507.2,2495.69,2505.99,33588.223,1788658799999,futures
1788658800000,2026-09-06T01:40:00.000Z,2026-09-06 09:40,2505.99,2506.99,2499.8,2500.66,17151.269,1788659099999,futures
1788659100000,2026-09-06T01:45:00.000Z,2026-09-06 09:45,2500.66,2503.63,2499.45,2501.65,11726.102,1788659399999,futures
1788659400000,2026-09-06T01:50:00.000Z,2026-09-06 09:50,2501.65,2506.28,2501.04,2502.27,13076.769,1788659699999,futures
1788659700000,2026-09-06T01:55:00.000Z,2026-09-06 09:55,2502.27,2506.43,2501.81,2504.67,11175.039,1788659999999,futures
1788660000000,2026-09-06T02:00:00.000Z,2026-09-06 10:00,2504.66,2510.41,2500.17,2502.35,24321.128,1788660299999,futures
1788660300000,2026-09-06T02:05:00.000Z,2026-09-06 10:05,2502.34,2508.9,2502.34,2507.46,9915.96,1788660599999,futures
1788660600000,2026-09-06T02:10:00.000Z,2026-09-06 10:10,2507.47,2508.01,2505,2506.3,12761.308,1788660899999,futures
1788660900000,2026-09-06T02:15:00.000Z,2026-09-06 10:15,2506.3,2507.03,2501.53,2502.09,12580.985,1788661199999,futures
1788661200000,2026-09-06T02:20:00.000Z,2026-09-06 10:20,2502.09,2502.35,2500.3,2500.91,7741.65,1788661499999,futures
1788661500000,2026-09-06T02:25:00.000Z,2026-09-06 10:25,2500.9,2502.26,2500.32,2500.88,4417.101,1788661799999,futures
1788661800000,2026-09-06T02:30:00.000Z,2026-09-06 10:30,2500.88,2503.03,2500.76,2502.84,3761.665,1788662099999,futures
1788662100000,2026-09-06T02:35:00.000Z,2026-09-06 10:35,2502.83,2502.91,2499.17,2502.9,8415.414,1788662399999,futures
1788662400000,2026-09-06T02:40:00.000Z,2026-09-06 10:40,2502.9,2503.72,2500.64,2501.28,5101.85,1788662699999,futures
1788662700000,2026-09-06T02:45:00.000Z,2026-09-06 10:45,2501.27,2502.11,2500.39,2500.64,3466.607,1788662999999,futures
1788663000000,2026-09-06T02:50:00.000Z,2026-09-06 10:50,2500.65,2501.54,2500,2501.34,3774.502,1788663299999,futures
1788663300000,2026-09-06T02:55:00.000Z,2026-09-06 10:55,2501.34,2502.9,2500.97,2502.32,3629.393,1788663599999,futures
1788663600000,2026-09-06T03:00:00.000Z,2026-09-06 11:00,2502.31,2502.68,2500.29,2502.02,3594.413,1788663899999,futures
1788663900000,2026-09-06T03:05:00.000Z,2026-09-06 11:05,2502.02,2502.24,2501.27,2502.13,2331.419,1788664199999,futures
1788664200000,2026-09-06T03:10:00.000Z,2026-09-06 11:10,2502.13,2504.65,2502.13,2504.5,3318.935,1788664499999,futures
1788664500000,2026-09-06T03:15:00.000Z,2026-09-06 11:15,2504.51,2506.14,2504,2504.54,12038.858,1788664799999,futures
1788664800000,2026-09-06T03:20:00.000Z,2026-09-06 11:20,2504.55,2504.85,2503,2504.32,4175.481,1788665099999,futures
1788665100000,2026-09-06T03:25:00.000Z,2026-09-06 11:25,2504.32,2504.32,2499.04,2500.61,8940.443,1788665399999,futures
1788665400000,2026-09-06T03:30:00.000Z,2026-09-06 11:30,2500.6,2503.8,2500.6,2502.14,8962.911,1788665699999,futures
1788665700000,2026-09-06T03:35:00.000Z,2026-09-06 11:35,2502.15,2509.19,2502.05,2508.37,13295.128,1788665999999,futures
1788666000000,2026-09-06T03:40:00.000Z,2026-09-06 11:40,2508.37,2513.64,2508.28,2511.77,22973.085,1788666299999,futures
1788666300000,2026-09-06T03:45:00.000Z,2026-09-06 11:45,2511.77,2513.26,2506.38,2506.86,15048.559,1788666599999,futures
1788666600000,2026-09-06T03:50:00.000Z,2026-09-06 11:50,2506.86,2509.9,2506,2509,5944.96,1788666899999,futures
1788666900000,2026-09-06T03:55:00.000Z,2026-09-06 11:55,2509,2510,2507.8,2508.57,2780.771,1788667199999,futures
1788667200000,2026-09-06T04:00:00.000Z,2026-09-06 12:00,2508.57,2509,2506.81,2507.75,3752.675,1788667499999,futures
1788667500000,2026-09-06T04:05:00.000Z,2026-09-06 12:05,2507.75,2508.45,2505.48,2506.45,4199.207,1788667799999,futures
1788667800000,2026-09-06T04:10:00.000Z,2026-09-06 12:10,2506.44,2507.76,2505.88,2506.04,2431.337,1788668099999,futures
1788668100000,2026-09-06T04:15:00.000Z,2026-09-06 12:15,2506.05,2507.01,2504.3,2504.42,4767.552,1788668399999,futures
1788668400000,2026-09-06T04:20:00.000Z,2026-09-06 12:20,2504.42,2504.43,2496.99,2500.13,16741.599,1788668699999,futures
1788668700000,2026-09-06T04:25:00.000Z,2026-09-06 12:25,2500.14,2502.1,2499.11,2502,5937.809,1788668999999,futures
1788669000000,2026-09-06T04:30:00.000Z,2026-09-06 12:30,2502,2502.1,2500.36,2500.85,3630.835,1788669299999,futures
1788669300000,2026-09-06T04:35:00.000Z,2026-09-06 12:35,2500.86,2501.8,2500.22,2500.53,3509.955,1788669599999,futures
1788669600000,2026-09-06T04:40:00.000Z,2026-09-06 12:40,2500.54,2503.08,2500.54,2502.85,5006.624,1788669899999,futures
1788669900000,2026-09-06T04:45:00.000Z,2026-09-06 12:45,2502.85,2504.73,2502.84,2503.35,6100.397,1788670199999,futures
1788670200000,2026-09-06T04:50:00.000Z,2026-09-06 12:50,2503.36,2503.8,2501.01,2502.74,3997.995,1788670499999,futures
1788670500000,2026-09-06T04:55:00.000Z,2026-09-06 12:55,2502.74,2503.49,2502.19,2503.24,3413.661,1788670799999,futures
1788670800000,2026-09-06T05:00:00.000Z,2026-09-06 13:00,2503.24,2504.77,2501.89,2503.44,4720.98,1788671099999,futures
1788671100000,2026-09-06T05:05:00.000Z,2026-09-06 13:05,2503.43,2505.03,2503.43,2504.01,4596.707,1788671399999,futures
1788671400000,2026-09-06T05:10:00.000Z,2026-09-06 13:10,2504,2504.01,2500.83,2501.2,4354.898,1788671699999,futures
1788671700000,2026-09-06T05:15:00.000Z,2026-09-06 13:15,2501.21,2501.85,2500,2501.05,6074.14,1788671999999,futures
1788672000000,2026-09-06T05:20:00.000Z,2026-09-06 13:20,2501.05,2504.46,2500.47,2504.45,4201.287,1788672299999,futures
1788672300000,2026-09-06T05:25:00.000Z,2026-09-06 13:25,2504.45,2505.94,2502.4,2503.95,8976.438,1788672599999,futures
1788672600000,2026-09-06T05:30:00.000Z,2026-09-06 13:30,2503.96,2509.79,2503.96,2509.14,10647.284,1788672899999,futures
1788672900000,2026-09-06T05:35:00.000Z,2026-09-06 13:35,2509.14,2523.52,2509.14,2522.12,61656.44,1788673199999,futures
1788673200000,2026-09-06T05:40:00.000Z,2026-09-06 13:40,2522.11,2523.37,2512.67,2514.98,28100.375,1788673499999,futures
1788673500000,2026-09-06T05:45:00.000Z,2026-09-06 13:45,2514.99,2516.53,2512.08,2513.84,9509.362,1788673799999,futures
1788673800000,2026-09-06T05:50:00.000Z,2026-09-06 13:50,2513.85,2515.24,2512.88,2512.89,6011.241,1788674099999,futures
1788674100000,2026-09-06T05:55:00.000Z,2026-09-06 13:55,2512.89,2513.99,2509.7,2512.43,5938.958,1788674399999,futures
1788674400000,2026-09-06T06:00:00.000Z,2026-09-06 14:00,2512.43,2512.59,2509.7,2510.78,3374.482,1788674699999,futures
1788674700000,2026-09-06T06:05:00.000Z,2026-09-06 14:05,2510.78,2510.78,2509.37,2509.37,2195.993,1788674999999,futures
1788675000000,2026-09-06T06:10:00.000Z,2026-09-06 14:10,2509.37,2511.25,2508.2,2508.43,6598.015,1788675299999,futures
1788675300000,2026-09-06T06:15:00.000Z,2026-09-06 14:15,2508.43,2509.12,2506.55,2507.82,4122.574,1788675599999,futures
1788675600000,2026-09-06T06:20:00.000Z,2026-09-06 14:20,2507.82,2507.82,2504.55,2505.35,7815.553,1788675899999,futures
1788675900000,2026-09-06T06:25:00.000Z,2026-09-06 14:25,2505.34,2506.27,2504.88,2505.31,4846.593,1788676199999,futures
1788676200000,2026-09-06T06:30:00.000Z,2026-09-06 14:30,2505.32,2506.85,2503.89,2505.34,8210.304,1788676499999,futures
1788676500000,2026-09-06T06:35:00.000Z,2026-09-06 14:35,2505.35,2507.09,2505.2,2506.68,3658.481,1788676799999,futures
1788676800000,2026-09-06T06:40:00.000Z,2026-09-06 14:40,2506.68,2507.57,2505.08,2507.56,4957.207,1788677099999,futures
1788677100000,2026-09-06T06:45:00.000Z,2026-09-06 14:45,2507.55,2507.85,2502,2504.74,15641.287,1788677399999,futures
1788677400000,2026-09-06T06:50:00.000Z,2026-09-06 14:50,2504.73,2506.61,2503.94,2506.61,5437.598,1788677699999,futures
1788677700000,2026-09-06T06:55:00.000Z,2026-09-06 14:55,2506.61,2506.61,2504.2,2504.63,4232.666,1788677999999,futures
1788678000000,2026-09-06T07:00:00.000Z,2026-09-06 15:00,2504.62,2506.22,2504,2504.96,3593.481,1788678299999,futures
1788678300000,2026-09-06T07:05:00.000Z,2026-09-06 15:05,2504.97,2506.5,2502.5,2502.67,5733.461,1788678599999,futures
1788678600000,2026-09-06T07:10:00.000Z,2026-09-06 15:10,2502.67,2503.64,2477.77,2488.48,105593.954,1788678899999,futures
1788678900000,2026-09-06T07:15:00.000Z,2026-09-06 15:15,2488.48,2496.49,2488.48,2496.12,27456.266,1788679199999,futures
1788679200000,2026-09-06T07:20:00.000Z,2026-09-06 15:20,2496.11,2498.51,2493.69,2493.89,14906.799,1788679499999,futures
1788679500000,2026-09-06T07:25:00.000Z,2026-09-06 15:25,2493.9,2496.48,2493.57,2494.47,7777.464,1788679799999,futures
1788679800000,2026-09-06T07:30:00.000Z,2026-09-06 15:30,2494.47,2494.88,2491.51,2492.26,11513.242,1788680099999,futures
1788680100000,2026-09-06T07:35:00.000Z,2026-09-06 15:35,2492.25,2493.35,2491,2492.99,8363.507,1788680399999,futures
1788680400000,2026-09-06T07:40:00.000Z,2026-09-06 15:40,2492.99,2495.45,2492.84,2494.82,5205.166,1788680699999,futures
1788680700000,2026-09-06T07:45:00.000Z,2026-09-06 15:45,2494.83,2495,2494.04,2494.33,3099.886,1788680999999,futures
1788681000000,2026-09-06T07:50:00.000Z,2026-09-06 15:50,2494.34,2495,2493.53,2495,3164.679,1788681299999,futures
1788681300000,2026-09-06T07:55:00.000Z,2026-09-06 15:55,2494.99,2496.63,2494.99,2495.61,4872.199,1788681599999,futures
1788681600000,2026-09-06T08:00:00.000Z,2026-09-06 16:00,2495.6,2496.42,2493.74,2495.99,4529.981,1788681899999,futures
1788681900000,2026-09-06T08:05:00.000Z,2026-09-06 16:05,2496,2497.85,2495.5,2497.07,3982.341,1788682199999,futures
1788682200000,2026-09-06T08:10:00.000Z,2026-09-06 16:10,2497.07,2499.2,2496.12,2497.44,14018.207,1788682499999,futures
1788682500000,2026-09-06T08:15:00.000Z,2026-09-06 16:15,2497.43,2498,2495.77,2497.1,3132.981,1788682799999,futures
1788682800000,2026-09-06T08:20:00.000Z,2026-09-06 16:20,2497.1,2497.1,2494.21,2494.72,3106.585,1788683099999,futures
1788683100000,2026-09-06T08:25:00.000Z,2026-09-06 16:25,2494.73,2494.73,2493.67,2493.68,2504.031,1788683399999,futures
1788683400000,2026-09-06T08:30:00.000Z,2026-09-06 16:30,2493.68,2493.68,2492.57,2493.01,4561.925,1788683699999,futures
1788683700000,2026-09-06T08:35:00.000Z,2026-09-06 16:35,2493.01,2493.02,2491.55,2492.01,4261.467,1788683999999,futures
1788684000000,2026-09-06T08:40:00.000Z,2026-09-06 16:40,2492.01,2493.16,2491.16,2492.74,3067.973,1788684299999,futures
1788684300000,2026-09-06T08:45:00.000Z,2026-09-06 16:45,2492.74,2492.74,2490.6,2491.2,3927.104,1788684599999,futures
1788684600000,2026-09-06T08:50:00.000Z,2026-09-06 16:50,2491.2,2494.5,2490.82,2494.5,5032.287,1788684899999,futures
1788684900000,2026-09-06T08:55:00.000Z,2026-09-06 16:55,2494.5,2496.37,2493.24,2494.37,5011.869,1788685199999,futures
1788685200000,2026-09-06T09:00:00.000Z,2026-09-06 17:00,2494.37,2495.89,2492.7,2495.36,5884.847,1788685499999,futures
1788685500000,2026-09-06T09:05:00.000Z,2026-09-06 17:05,2495.37,2496.1,2495,2496.1,1547.794,1788685799999,futures
1788685800000,2026-09-06T09:10:00.000Z,2026-09-06 17:10,2496.1,2498.15,2494.85,2497.94,7898.843,1788686099999,futures
1788686100000,2026-09-06T09:15:00.000Z,2026-09-06 17:15,2497.94,2500.63,2497,2499.17,12879.752,1788686399999,futures
1788686400000,2026-09-06T09:20:00.000Z,2026-09-06 17:20,2499.17,2502.86,2499.16,2501.08,10605.878,1788686699999,futures
1788686700000,2026-09-06T09:25:00.000Z,2026-09-06 17:25,2501.07,2501.59,2499.67,2500.92,6226.075,1788686999999,futures
1788687000000,2026-09-06T09:30:00.000Z,2026-09-06 17:30,2500.91,2502.31,2500.21,2500.38,8570.27,1788687299999,futures
1788687300000,2026-09-06T09:35:00.000Z,2026-09-06 17:35,2500.37,2501,2495.4,2496.71,7518.603,1788687599999,futures
1788687600000,2026-09-06T09:40:00.000Z,2026-09-06 17:40,2496.72,2497.22,2492.29,2494.99,5974.115,1788687899999,futures
1788687900000,2026-09-06T09:45:00.000Z,2026-09-06 17:45,2494.99,2495.9,2494.43,2495.4,2701.548,1788688199999,futures
1788688200000,2026-09-06T09:50:00.000Z,2026-09-06 17:50,2495.41,2497.02,2495.26,2496.65,3371.3,1788688499999,futures
1788688500000,2026-09-06T09:55:00.000Z,2026-09-06 17:55,2496.64,2498.45,2496.44,2497.99,3782.213,1788688799999,futures
1788688800000,2026-09-06T10:00:00.000Z,2026-09-06 18:00,2497.99,2499.9,2497.58,2497.58,6498.654,1788689099999,futures
1788689100000,2026-09-06T10:05:00.000Z,2026-09-06 18:05,2497.58,2501.85,2497.58,2499.54,8301.723,1788689399999,futures
1788689400000,2026-09-06T10:10:00.000Z,2026-09-06 18:10,2499.53,2499.6,2497.41,2497.54,2741.407,1788689699999,futures
1788689700000,2026-09-06T10:15:00.000Z,2026-09-06 18:15,2497.53,2499.2,2497.39,2498.51,4088.57,1788689999999,futures
1788690000000,2026-09-06T10:20:00.000Z,2026-09-06 18:20,2498.5,2499.15,2497.14,2498.22,3565.354,1788690299999,futures
1788690300000,2026-09-06T10:25:00.000Z,2026-09-06 18:25,2498.21,2498.53,2496.7,2497.04,3118.463,1788690599999,futures
1788690600000,2026-09-06T10:30:00.000Z,2026-09-06 18:30,2497.04,2497.56,2496.36,2497.5,2579.941,1788690899999,futures
1788690900000,2026-09-06T10:35:00.000Z,2026-09-06 18:35,2497.49,2498.2,2496.64,2497.72,2583.75,1788691199999,futures
1788691200000,2026-09-06T10:40:00.000Z,2026-09-06 18:40,2497.71,2499.66,2497.54,2499.66,2832.992,1788691499999,futures
1788691500000,2026-09-06T10:45:00.000Z,2026-09-06 18:45,2499.65,2499.65,2498.73,2499.46,3648.936,1788691799999,futures
1788691800000,2026-09-06T10:50:00.000Z,2026-09-06 18:50,2499.46,2500.11,2498.06,2500.01,3604.966,1788692099999,futures
1788692100000,2026-09-06T10:55:00.000Z,2026-09-06 18:55,2500,2501.42,2499.48,2500.52,3936.881,1788692399999,futures
1788692400000,2026-09-06T11:00:00.000Z,2026-09-06 19:00,2500.52,2501.71,2498.96,2500.64,3463.645,1788692699999,futures
1788692700000,2026-09-06T11:05:00.000Z,2026-09-06 19:05,2500.63,2503.46,2500.16,2500.24,4253.539,1788692999999,futures
1788693000000,2026-09-06T11:10:00.000Z,2026-09-06 19:10,2500.25,2502.07,2498.33,2501.48,5060.989,1788693299999,futures
1788693300000,2026-09-06T11:15:00.000Z,2026-09-06 19:15,2501.48,2502.9,2501.03,2502.86,3252.679,1788693599999,futures
1788693600000,2026-09-06T11:20:00.000Z,2026-09-06 19:20,2502.86,2503,2500.27,2501.65,4284.639,1788693899999,futures
1788693900000,2026-09-06T11:25:00.000Z,2026-09-06 19:25,2501.65,2501.99,2499.22,2499.38,5939.555,1788694199999,futures
1788694200000,2026-09-06T11:30:00.000Z,2026-09-06 19:30,2499.37,2501.57,2498.66,2501.56,2184.701,1788694499999,futures
1788694500000,2026-09-06T11:35:00.000Z,2026-09-06 19:35,2501.56,2501.57,2498.77,2499,3861.946,1788694799999,futures
1788694800000,2026-09-06T11:40:00.000Z,2026-09-06 19:40,2499.01,2501.22,2498.76,2501.14,5006.543,1788695099999,futures
1788695100000,2026-09-06T11:45:00.000Z,2026-09-06 19:45,2501.15,2502,2499.25,2501.62,4399.242,1788695399999,futures
1788695400000,2026-09-06T11:50:00.000Z,2026-09-06 19:50,2501.61,2501.62,2499.95,2500.32,1467.788,1788695699999,futures
1788695700000,2026-09-06T11:55:00.000Z,2026-09-06 19:55,2500.32,2500.92,2499.95,2500.62,1191.312,1788695999999,futures
1788696000000,2026-09-06T12:00:00.000Z,2026-09-06 20:00,2500.62,2500.97,2499.23,2499.25,1429.555,1788696299999,futures
1788696300000,2026-09-06T12:05:00.000Z,2026-09-06 20:05,2499.25,2500.57,2498.38,2500.42,3204.695,1788696599999,futures
1788696600000,2026-09-06T12:10:00.000Z,2026-09-06 20:10,2500.41,2502.33,2498.39,2502.33,5233.063,1788696899999,futures
1788696900000,2026-09-06T12:15:00.000Z,2026-09-06 20:15,2502.33,2504.4,2501.64,2501.92,5740.887,1788697199999,futures
1788697200000,2026-09-06T12:20:00.000Z,2026-09-06 20:20,2501.92,2503.88,2501.16,2502.05,2781.865,1788697499999,futures
1788697500000,2026-09-06T12:25:00.000Z,2026-09-06 20:25,2502.06,2502.83,2500.16,2500.63,4059.78,1788697799999,futures
1788697800000,2026-09-06T12:30:00.000Z,2026-09-06 20:30,2500.62,2503.49,2500.62,2502.71,5392.351,1788698099999,futures
1788698100000,2026-09-06T12:35:00.000Z,2026-09-06 20:35,2502.72,2503.51,2500.56,2501.91,4002.66,1788698399999,futures
1788698400000,2026-09-06T12:40:00.000Z,2026-09-06 20:40,2501.92,2502.1,2498.55,2498.6,7950.163,1788698699999,futures
1788698700000,2026-09-06T12:45:00.000Z,2026-09-06 20:45,2498.6,2499.36,2496.06,2497.93,6748.781,1788698999999,futures
1788699000000,2026-09-06T12:50:00.000Z,2026-09-06 20:50,2497.92,2500.91,2497.68,2500.9,2309.694,1788699299999,futures
1788699300000,2026-09-06T12:55:00.000Z,2026-09-06 20:55,2500.91,2502.21,2498.64,2499.45,4299.693,1788699599999,futures
1788699600000,2026-09-06T13:00:00.000Z,2026-09-06 21:00,2499.45,2499.71,2495.23,2496.44,6703.154,1788699899999,futures
1788699900000,2026-09-06T13:05:00.000Z,2026-09-06 21:05,2496.44,2499.76,2496.17,2498.1,4919.068,1788700199999,futures
1788700200000,2026-09-06T13:10:00.000Z,2026-09-06 21:10,2498.1,2498.41,2496.04,2496.23,1964.744,1788700499999,futures
1788700500000,2026-09-06T13:15:00.000Z,2026-09-06 21:15,2496.23,2496.3,2492.28,2492.9,10021.352,1788700799999,futures
1788700800000,2026-09-06T13:20:00.000Z,2026-09-06 21:20,2492.9,2493.18,2491.2,2491.49,10263.745,1788701099999,futures
1788701100000,2026-09-06T13:25:00.000Z,2026-09-06 21:25,2491.49,2493,2490.32,2490.39,7983.122,1788701399999,futures
1788701400000,2026-09-06T13:30:00.000Z,2026-09-06 21:30,2490.4,2491.25,2482.46,2486.8,37919.991,1788701699999,futures
1788701700000,2026-09-06T13:35:00.000Z,2026-09-06 21:35,2486.8,2493.22,2486.34,2490.51,23573.816,1788701999999,futures
1788702000000,2026-09-06T13:40:00.000Z,2026-09-06 21:40,2490.5,2492.76,2490.33,2491.65,6119.566,1788702299999,futures
1788702300000,2026-09-06T13:45:00.000Z,2026-09-06 21:45,2491.65,2493.89,2490.94,2491.72,7312.226,1788702599999,futures
1788702600000,2026-09-06T13:50:00.000Z,2026-09-06 21:50,2491.72,2494.44,2491.71,2493.14,4805.997,1788702899999,futures
1788702900000,2026-09-06T13:55:00.000Z,2026-09-06 21:55,2493.13,2494.79,2492.62,2493.61,6194.23,1788703199999,futures
1788703200000,2026-09-06T14:00:00.000Z,2026-09-06 22:00,2493.6,2493.94,2491,2492.15,5144.071,1788703499999,futures
1788703500000,2026-09-06T14:05:00.000Z,2026-09-06 22:05,2492.14,2492.31,2488.61,2488.61,7041.609,1788703799999,futures
1788703800000,2026-09-06T14:10:00.000Z,2026-09-06 22:10,2488.62,2489.39,2486.4,2487.02,9526.723,1788704099999,futures
1788704100000,2026-09-06T14:15:00.000Z,2026-09-06 22:15,2487.02,2487.8,2470.84,2484.64,62475.755,1788704399999,futures
1788704400000,2026-09-06T14:20:00.000Z,2026-09-06 22:20,2484.64,2484.64,2476.02,2480.49,33430.053,1788704699999,futures
1788704700000,2026-09-06T14:25:00.000Z,2026-09-06 22:25,2480.48,2483.12,2480.1,2480.81,10708.387,1788704999999,futures
1788705000000,2026-09-06T14:30:00.000Z,2026-09-06 22:30,2480.81,2480.82,2459,2476.43,88876.137,1788705299999,futures
1788705300000,2026-09-06T14:35:00.000Z,2026-09-06 22:35,2476.44,2480.89,2475.86,2480.89,26999.153,1788705599999,futures
1788705600000,2026-09-06T14:40:00.000Z,2026-09-06 22:40,2480.89,2484.68,2480.27,2483.91,16528.424,1788705899999,futures
1788705900000,2026-09-06T14:45:00.000Z,2026-09-06 22:45,2483.91,2483.91,2476.28,2481.97,16867.112,1788706199999,futures
1788706200000,2026-09-06T14:50:00.000Z,2026-09-06 22:50,2481.98,2484.62,2481.82,2482.79,8912.586,1788706499999,futures
1788706500000,2026-09-06T14:55:00.000Z,2026-09-06 22:55,2482.78,2482.8,2476.71,2477.18,23338.673,1788706799999,futures
1788706800000,2026-09-06T15:00:00.000Z,2026-09-06 23:00,2477.18,2477.3,2468.51,2476.29,27084.536,1788707099999,futures
1788707100000,2026-09-06T15:05:00.000Z,2026-09-06 23:05,2476.29,2477.77,2473.5,2474.77,10294.971,1788707399999,futures
1788707400000,2026-09-06T15:10:00.000Z,2026-09-06 23:10,2474.78,2477.07,2473.82,2475.8,3847.466,1788707699999,futures
1788707700000,2026-09-06T15:15:00.000Z,2026-09-06 23:15,2475.8,2478.55,2475.5,2477.48,10998.113,1788707999999,futures
1788708000000,2026-09-06T15:20:00.000Z,2026-09-06 23:20,2477.47,2479.95,2476.95,2478.1,5281.319,1788708299999,futures
1788708300000,2026-09-06T15:25:00.000Z,2026-09-06 23:25,2478.11,2478.48,2477.16,2477.83,3223.264,1788708599999,futures
1788708600000,2026-09-06T15:30:00.000Z,2026-09-06 23:30,2477.83,2478.6,2474.7,2477.23,4113.601,1788708899999,futures
1788708900000,2026-09-06T15:35:00.000Z,2026-09-06 23:35,2477.22,2480.8,2475.12,2479.32,5986.234,1788709199999,futures
1788709200000,2026-09-06T15:40:00.000Z,2026-09-06 23:40,2479.31,2480.5,2479.07,2479.87,4574.99,1788709499999,futures
1788709500000,2026-09-06T15:45:00.000Z,2026-09-06 23:45,2479.87,2480.44,2478.77,2478.91,7423.3,1788709799999,futures
1788709800000,2026-09-06T15:50:00.000Z,2026-09-06 23:50,2478.9,2481.51,2478.16,2478.16,6565.75,1788710099999,futures
1788710100000,2026-09-06T15:55:00.000Z,2026-09-06 23:55,2478.17,2478.99,2478,2478.43,2269.876,1788710399999,futures
1788710400000,2026-09-06T16:00:00.000Z,2026-09-07 00:00,2478.43,2479.27,2474.85,2474.85,7298.584,1788710699999,futures
1788710700000,2026-09-06T16:05:00.000Z,2026-09-07 00:05,2474.85,2477.97,2473.94,2476.2,8554.148,1788710999999,futures
1788711000000,2026-09-06T16:10:00.000Z,2026-09-07 00:10,2476.2,2482.46,2476.19,2481.49,9486.321,1788711299999,futures
1788711300000,2026-09-06T16:15:00.000Z,2026-09-07 00:15,2481.49,2482.21,2480.45,2481.25,3413.805,1788711599999,futures
1788711600000,2026-09-06T16:20:00.000Z,2026-09-07 00:20,2481.26,2481.26,2477.98,2477.98,4193.318,1788711899999,futures
1788711900000,2026-09-06T16:25:00.000Z,2026-09-07 00:25,2477.99,2481.89,2477.3,2481.82,6519.371,1788712199999,futures
1788712200000,2026-09-06T16:30:00.000Z,2026-09-07 00:30,2481.82,2486.88,2480,2485.28,13767.776,1788712499999,futures
1788712500000,2026-09-06T16:35:00.000Z,2026-09-07 00:35,2485.29,2485.58,2482,2483.99,6501.12,1788712799999,futures
1788712800000,2026-09-06T16:40:00.000Z,2026-09-07 00:40,2483.99,2484.96,2482.27,2482.86,3147.584,1788713099999,futures
1788713100000,2026-09-06T16:45:00.000Z,2026-09-07 00:45,2482.87,2482.87,2481.2,2481.2,1835.452,1788713399999,futures
1788713400000,2026-09-06T16:50:00.000Z,2026-09-07 00:50,2481.2,2482.98,2481.2,2481.78,2146.46,1788713699999,futures
1788713700000,2026-09-06T16:55:00.000Z,2026-09-07 00:55,2481.79,2483.76,2480.7,2483.33,3796.895,1788713999999,futures
1788714000000,2026-09-06T17:00:00.000Z,2026-09-07 01:00,2483.33,2483.86,2482.06,2482.29,3142.674,1788714299999,futures
1788714300000,2026-09-06T17:05:00.000Z,2026-09-07 01:05,2482.28,2484.9,2479.12,2481.48,9005.987,1788714599999,futures
1788714600000,2026-09-06T17:10:00.000Z,2026-09-07 01:10,2481.48,2484.6,2481.32,2484.25,6410.459,1788714899999,futures
1788714900000,2026-09-06T17:15:00.000Z,2026-09-07 01:15,2484.26,2487.67,2484.25,2487.67,6707.319,1788715199999,futures
1788715200000,2026-09-06T17:20:00.000Z,2026-09-07 01:20,2487.67,2492.37,2487.02,2490.48,23273.931,1788715499999,futures
1788715500000,2026-09-06T17:25:00.000Z,2026-09-07 01:25,2490.48,2493.96,2488.24,2488.29,8749.631,1788715799999,futures
1788715800000,2026-09-06T17:30:00.000Z,2026-09-07 01:30,2488.29,2491.9,2486.73,2489.29,8176.727,1788716099999,futures
1788716100000,2026-09-06T17:35:00.000Z,2026-09-07 01:35,2489.3,2493.36,2489.23,2492.14,5027.987,1788716399999,futures
1788716400000,2026-09-06T17:40:00.000Z,2026-09-07 01:40,2492.14,2492.15,2490.23,2491.68,5041.814,1788716699999,futures
1788716700000,2026-09-06T17:45:00.000Z,2026-09-07 01:45,2491.68,2492,2490.15,2491.58,4196.847,1788716999999,futures
1788717000000,2026-09-06T17:50:00.000Z,2026-09-07 01:50,2491.59,2491.94,2490.15,2490.27,3330.755,1788717299999,futures
1788717300000,2026-09-06T17:55:00.000Z,2026-09-07 01:55,2490.26,2492.74,2489.68,2490.16,7317.196,1788717599999,futures
1788717600000,2026-09-06T18:00:00.000Z,2026-09-07 02:00,2490.17,2492.73,2490.16,2492.12,2983.235,1788717899999,futures
1788717900000,2026-09-06T18:05:00.000Z,2026-09-07 02:05,2492.12,2493.9,2491.9,2492.44,3623.597,1788718199999,futures
1788718200000,2026-09-06T18:10:00.000Z,2026-09-07 02:10,2492.44,2493.62,2492,2492.58,1867.766,1788718499999,futures
1788718500000,2026-09-06T18:15:00.000Z,2026-09-07 02:15,2492.58,2493.85,2491.92,2492.62,2085.124,1788718799999,futures
1788718800000,2026-09-06T18:20:00.000Z,2026-09-07 02:20,2492.62,2494.58,2492.39,2493.48,3596.687,1788719099999,futures
1788719100000,2026-09-06T18:25:00.000Z,2026-09-07 02:25,2493.49,2496.87,2493.3,2494.63,7249.97,1788719399999,futures
1788719400000,2026-09-06T18:30:00.000Z,2026-09-07 02:30,2494.63,2499.5,2494.63,2495.88,10194.667,1788719699999,futures
1788719700000,2026-09-06T18:35:00.000Z,2026-09-07 02:35,2495.89,2497.49,2495.3,2496.19,2927.038,1788719999999,futures
1788720000000,2026-09-06T18:40:00.000Z,2026-09-07 02:40,2496.2,2498.42,2495.83,2496.74,6935.606,1788720299999,futures
1788720300000,2026-09-06T18:45:00.000Z,2026-09-07 02:45,2496.74,2496.75,2492.39,2493.96,9262.133,1788720599999,futures
1788720600000,2026-09-06T18:50:00.000Z,2026-09-07 02:50,2493.96,2495,2492.4,2493.08,2288.822,1788720899999,futures
1788720900000,2026-09-06T18:55:00.000Z,2026-09-07 02:55,2493.08,2494.18,2492.23,2493.14,6018.429,1788721199999,futures
1788721200000,2026-09-06T19:00:00.000Z,2026-09-07 03:00,2493.14,2493.45,2491.26,2491.54,2533.442,1788721499999,futures
1788721500000,2026-09-06T19:05:00.000Z,2026-09-07 03:05,2491.54,2492,2490.6,2490.69,3302.08,1788721799999,futures
1788721800000,2026-09-06T19:10:00.000Z,2026-09-07 03:10,2490.69,2491.42,2490.37,2490.5,2145.772,1788722099999,futures
1788722100000,2026-09-06T19:15:00.000Z,2026-09-07 03:15,2490.5,2491.27,2489.28,2489.52,3144.942,1788722399999,futures
1788722400000,2026-09-06T19:20:00.000Z,2026-09-07 03:20,2489.51,2491.42,2488.78,2491.42,6324.95,1788722699999,futures
1788722700000,2026-09-06T19:25:00.000Z,2026-09-07 03:25,2491.41,2492.33,2490.36,2491.11,3312.935,1788722999999,futures
1788723000000,2026-09-06T19:30:00.000Z,2026-09-07 03:30,2491.11,2491.32,2489.75,2490.07,1922.356,1788723299999,futures
1788723300000,2026-09-06T19:35:00.000Z,2026-09-07 03:35,2490.06,2490.1,2489.01,2489.02,1552.112,1788723599999,futures
1788723600000,2026-09-06T19:40:00.000Z,2026-09-07 03:40,2489.01,2489.69,2488.89,2489.48,2041.699,1788723899999,futures
1788723900000,2026-09-06T19:45:00.000Z,2026-09-07 03:45,2489.49,2490,2488.72,2489.48,1904.715,1788724199999,futures
1788724200000,2026-09-06T19:50:00.000Z,2026-09-07 03:50,2489.47,2489.88,2488.92,2489.52,1480.088,1788724499999,futures
1788724500000,2026-09-06T19:55:00.000Z,2026-09-07 03:55,2489.52,2489.68,2488.65,2489.64,2402.739,1788724799999,futures
1788724800000,2026-09-06T20:00:00.000Z,2026-09-07 04:00,2489.64,2490.17,2488.5,2488.84,2860.301,1788725099999,futures
1788725100000,2026-09-06T20:05:00.000Z,2026-09-07 04:05,2488.84,2489.68,2487.6,2487.94,4135.619,1788725399999,futures
1788725400000,2026-09-06T20:10:00.000Z,2026-09-07 04:10,2487.93,2492.04,2487.9,2491.47,5932.612,1788725699999,futures
1788725700000,2026-09-06T20:15:00.000Z,2026-09-07 04:15,2491.47,2491.87,2490.36,2491.49,4141.955,1788725999999,futures
1788726000000,2026-09-06T20:20:00.000Z,2026-09-07 04:20,2491.48,2495.92,2491.48,2494.57,9183.096,1788726299999,futures
1788726300000,2026-09-06T20:25:00.000Z,2026-09-07 04:25,2494.56,2496.63,2494.56,2495.12,3395.628,1788726599999,futures
1788726600000,2026-09-06T20:30:00.000Z,2026-09-07 04:30,2495.11,2496.44,2494.86,2495.29,3236.27,1788726899999,futures
1788726900000,2026-09-06T20:35:00.000Z,2026-09-07 04:35,2495.28,2496.37,2493.59,2495.21,3452.965,1788727199999,futures
1788727200000,2026-09-06T20:40:00.000Z,2026-09-07 04:40,2495.21,2496,2493.8,2496,2693.452,1788727499999,futures
1788727500000,2026-09-06T20:45:00.000Z,2026-09-07 04:45,2496,2498.64,2495.99,2498.19,7338.293,1788727799999,futures
1788727800000,2026-09-06T20:50:00.000Z,2026-09-07 04:50,2498.17,2499.32,2496.9,2497.47,7063.836,1788728099999,futures
1788728100000,2026-09-06T20:55:00.000Z,2026-09-07 04:55,2497.47,2498.52,2497.23,2498.52,1892.634,1788728399999,futures
1788728400000,2026-09-06T21:00:00.000Z,2026-09-07 05:00,2498.52,2503.78,2498.49,2503.62,14499.524,1788728699999,futures
1788728700000,2026-09-06T21:05:00.000Z,2026-09-07 05:05,2503.63,2512.5,2502.02,2510.92,35310.786,1788728999999,futures
1788729000000,2026-09-06T21:10:00.000Z,2026-09-07 05:10,2510.92,2512.91,2506.89,2510.04,11988.002,1788729299999,futures
1788729300000,2026-09-06T21:15:00.000Z,2026-09-07 05:15,2510.03,2514.9,2508.51,2512.85,12656.424,1788729599999,futures
1788729600000,2026-09-06T21:20:00.000Z,2026-09-07 05:20,2512.86,2513.9,2508.19,2509.92,8518.282,1788729899999,futures
1788729900000,2026-09-06T21:25:00.000Z,2026-09-07 05:25,2509.92,2510.76,2504.49,2505.05,8179.068,1788730199999,futures
1788730200000,2026-09-06T21:30:00.000Z,2026-09-07 05:30,2505.05,2505.88,2503.17,2504.37,4589.097,1788730499999,futures
1788730500000,2026-09-06T21:35:00.000Z,2026-09-07 05:35,2504.37,2508.11,2504.28,2505.96,3783.711,1788730799999,futures
1788730800000,2026-09-06T21:40:00.000Z,2026-09-07 05:40,2505.95,2509.77,2504.88,2506.21,3831.143,1788731099999,futures
1788731100000,2026-09-06T21:45:00.000Z,2026-09-07 05:45,2506.22,2511.13,2506.22,2508.4,3855.986,1788731399999,futures
1788731400000,2026-09-06T21:50:00.000Z,2026-09-07 05:50,2508.41,2508.99,2504.94,2506.44,6091.6,1788731699999,futures
1788731700000,2026-09-06T21:55:00.000Z,2026-09-07 05:55,2506.44,2507.46,2505,2507.2,7605.291,1788731999999,futures
1788732000000,2026-09-06T22:00:00.000Z,2026-09-07 06:00,2507.2,2507.43,2500.34,2501.79,8769.384,1788732299999,futures
1788732300000,2026-09-06T22:05:00.000Z,2026-09-07 06:05,2501.79,2504.61,2495.26,2495.8,15105.594,1788732599999,futures
1788732600000,2026-09-06T22:10:00.000Z,2026-09-07 06:10,2495.81,2498.36,2494.34,2496.84,11362.647,1788732899999,futures
1788732900000,2026-09-06T22:15:00.000Z,2026-09-07 06:15,2496.85,2498.15,2485.57,2491.26,20399.809,1788733199999,futures
1788733200000,2026-09-06T22:20:00.000Z,2026-09-07 06:20,2491.26,2495.85,2491,2495.28,6880.003,1788733499999,futures
1788733500000,2026-09-06T22:25:00.000Z,2026-09-07 06:25,2495.29,2499.03,2495.28,2497.89,7157.183,1788733799999,futures
1788733800000,2026-09-06T22:30:00.000Z,2026-09-07 06:30,2497.88,2504.25,2497.67,2504.25,8111.161,1788734099999,futures
1788734100000,2026-09-06T22:35:00.000Z,2026-09-07 06:35,2504.25,2506.63,2502.31,2503.77,10115.9,1788734399999,futures
1788734400000,2026-09-06T22:40:00.000Z,2026-09-07 06:40,2503.76,2505.97,2503.66,2505.53,5425.659,1788734699999,futures
1788734700000,2026-09-06T22:45:00.000Z,2026-09-07 06:45,2505.53,2507.33,2503.8,2505.87,5464.176,1788734999999,futures
1788735000000,2026-09-06T22:50:00.000Z,2026-09-07 06:50,2505.86,2507.34,2504.15,2507.2,5438.277,1788735299999,futures
1788735300000,2026-09-06T22:55:00.000Z,2026-09-07 06:55,2507.19,2509.81,2506.3,2506.97,6357.302,1788735599999,futures
1788735600000,2026-09-06T23:00:00.000Z,2026-09-07 07:00,2506.97,2515.78,2505.55,2510.6,18334.84,1788735899999,futures
1788735900000,2026-09-06T23:05:00.000Z,2026-09-07 07:05,2510.61,2511.71,2507.36,2509.91,7549.473,1788736199999,futures
1788736200000,2026-09-06T23:10:00.000Z,2026-09-07 07:10,2509.91,2510.73,2508.61,2509.31,5165.737,1788736499999,futures
1788736500000,2026-09-06T23:15:00.000Z,2026-09-07 07:15,2509.31,2514.13,2507.8,2512.52,7446.861,1788736799999,futures
1788736800000,2026-09-06T23:20:00.000Z,2026-09-07 07:20,2512.52,2512.8,2509.74,2510.35,5581.82,1788737099999,futures
1788737100000,2026-09-06T23:25:00.000Z,2026-09-07 07:25,2510.35,2512.92,2508.47,2511.6,4413.833,1788737399999,futures
1788737400000,2026-09-06T23:30:00.000Z,2026-09-07 07:30,2511.6,2515.66,2511.23,2515.66,8021.929,1788737699999,futures
1788737700000,2026-09-06T23:35:00.000Z,2026-09-07 07:35,2515.65,2521.47,2515.65,2519.79,29796.204,1788737999999,futures
1788738000000,2026-09-06T23:40:00.000Z,2026-09-07 07:40,2519.79,2521.93,2515,2519.27,23368.61,1788738299999,futures
1788738300000,2026-09-06T23:45:00.000Z,2026-09-07 07:45,2519.27,2525.77,2518.36,2520.03,31561.81,1788738599999,futures
1788738600000,2026-09-06T23:50:00.000Z,2026-09-07 07:50,2520.02,2521.09,2514.18,2514.29,14000.585,1788738899999,futures
1788738900000,2026-09-06T23:55:00.000Z,2026-09-07 07:55,2514.3,2515.02,2511.13,2513.47,11024.025,1788739199999,futures
1788739200000,2026-09-07T00:00:00.000Z,2026-09-07 08:00,2513.47,2514.24,2508.63,2510.58,16631.477,1788739499999,futures
1788739500000,2026-09-07T00:05:00.000Z,2026-09-07 08:05,2510.59,2516.48,2510,2514.84,11136.852,1788739799999,futures
1788739800000,2026-09-07T00:10:00.000Z,2026-09-07 08:10,2514.84,2517.02,2514.16,2514.6,5143.795,1788740099999,futures
1788740100000,2026-09-07T00:15:00.000Z,2026-09-07 08:15,2514.6,2514.61,2508.08,2509.63,10067.348,1788740399999,futures
1788740400000,2026-09-07T00:20:00.000Z,2026-09-07 08:20,2509.63,2515.59,2508.09,2513.29,6663.374,1788740699999,futures
1788740700000,2026-09-07T00:25:00.000Z,2026-09-07 08:25,2513.28,2517.37,2512.2,2516.9,6316.378,1788740999999,futures
1788741000000,2026-09-07T00:30:00.000Z,2026-09-07 08:30,2516.9,2521.63,2512.12,2513.33,12854.811,1788741299999,futures
1788741300000,2026-09-07T00:35:00.000Z,2026-09-07 08:35,2513.34,2515.4,2512.34,2513.86,4849.694,1788741599999,futures
1788741600000,2026-09-07T00:40:00.000Z,2026-09-07 08:40,2513.87,2515.17,2511.67,2514.03,6692.174,1788741899999,futures
1788741900000,2026-09-07T00:45:00.000Z,2026-09-07 08:45,2514.03,2515.89,2511,2514.5,6391.254,1788742199999,futures
1788742200000,2026-09-07T00:50:00.000Z,2026-09-07 08:50,2514.5,2516,2511.55,2512.35,5148.998,1788742499999,futures
1788742500000,2026-09-07T00:55:00.000Z,2026-09-07 08:55,2512.35,2513,2508.29,2512,7536.819,1788742799999,futures
1788742800000,2026-09-07T01:00:00.000Z,2026-09-07 09:00,2512,2514.87,2509.13,2514.8,6922.247,1788743099999,futures
1788743100000,2026-09-07T01:05:00.000Z,2026-09-07 09:05,2514.81,2515.4,2503.36,2503.47,14684.72,1788743399999,futures
1788743400000,2026-09-07T01:10:00.000Z,2026-09-07 09:10,2503.48,2508.46,2501.77,2506.02,14711.479,1788743699999,futures
1788743700000,2026-09-07T01:15:00.000Z,2026-09-07 09:15,2506.02,2508.59,2501.64,2504.6,10574.888,1788743999999,futures
1788744000000,2026-09-07T01:20:00.000Z,2026-09-07 09:20,2504.59,2505.49,2500.38,2503.31,11062.931,1788744299999,futures
1788744300000,2026-09-07T01:25:00.000Z,2026-09-07 09:25,2503.3,2504.3,2500.07,2503.57,8193.944,1788744599999,futures
1788744600000,2026-09-07T01:30:00.000Z,2026-09-07 09:30,2503.58,2506.98,2501.12,2506.16,6263.059,1788744899999,futures
1788744900000,2026-09-07T01:35:00.000Z,2026-09-07 09:35,2506.15,2506.16,2502.38,2503.23,5267.533,1788745199999,futures
1788745200000,2026-09-07T01:40:00.000Z,2026-09-07 09:40,2503.22,2503.4,2498.4,2499.61,10794.03,1788745499999,futures
1788745500000,2026-09-07T01:45:00.000Z,2026-09-07 09:45,2499.61,2501.06,2498.65,2499.4,6080.022,1788745799999,futures
1788745800000,2026-09-07T01:50:00.000Z,2026-09-07 09:50,2499.39,2502.59,2498.85,2502.24,4687.275,1788746099999,futures
1788746100000,2026-09-07T01:55:00.000Z,2026-09-07 09:55,2502.23,2504.31,2502.23,2502.83,3493.21,1788746399999,futures
1788746400000,2026-09-07T02:00:00.000Z,2026-09-07 10:00,2502.84,2503.53,2501.09,2501.09,4173.818,1788746699999,futures
1788746700000,2026-09-07T02:05:00.000Z,2026-09-07 10:05,2501.1,2501.37,2497.33,2498.5,7452.986,1788746999999,futures
1788747000000,2026-09-07T02:10:00.000Z,2026-09-07 10:10,2498.5,2500.4,2497.43,2499.85,5734.712,1788747299999,futures
1788747300000,2026-09-07T02:15:00.000Z,2026-09-07 10:15,2499.85,2504.53,2499.51,2503.95,6286.26,1788747599999,futures
1788747600000,2026-09-07T02:20:00.000Z,2026-09-07 10:20,2503.95,2505.18,2502.47,2504.89,6033.27,1788747899999,futures
1788747900000,2026-09-07T02:25:00.000Z,2026-09-07 10:25,2504.89,2510.89,2504.5,2509.96,11495.223,1788748199999,futures
1788748200000,2026-09-07T02:30:00.000Z,2026-09-07 10:30,2509.97,2512.11,2508.68,2509.71,8287.541,1788748499999,futures
1788748500000,2026-09-07T02:35:00.000Z,2026-09-07 10:35,2509.7,2534.88,2509.52,2533.32,75049.523,1788748799999,futures
1788748800000,2026-09-07T02:40:00.000Z,2026-09-07 10:40,2533.32,2536,2525.19,2526.26,40691.617,1788749099999,futures
1788749100000,2026-09-07T02:45:00.000Z,2026-09-07 10:45,2526.25,2527.01,2524,2525.37,17232.404,1788749399999,futures
1788749400000,2026-09-07T02:50:00.000Z,2026-09-07 10:50,2525.37,2525.37,2515.41,2515.75,16965.403,1788749699999,futures
1788749700000,2026-09-07T02:55:00.000Z,2026-09-07 10:55,2515.75,2518.02,2509.2,2510.81,23638.126,1788749999999,futures
1788750000000,2026-09-07T03:00:00.000Z,2026-09-07 11:00,2510.81,2515.51,2505.89,2514.53,29666.06,1788750299999,futures
1788750300000,2026-09-07T03:05:00.000Z,2026-09-07 11:05,2514.53,2514.54,2507.02,2508,11075.097,1788750599999,futures
1788750600000,2026-09-07T03:10:00.000Z,2026-09-07 11:10,2508,2508.43,2505.59,2506.25,11951.138,1788750899999,futures
1788750900000,2026-09-07T03:15:00.000Z,2026-09-07 11:15,2506.25,2507.97,2504.61,2507.08,8553.485,1788751199999,futures
1788751200000,2026-09-07T03:20:00.000Z,2026-09-07 11:20,2507.08,2510.05,2506.17,2506.6,9085.846,1788751499999,futures
1788751500000,2026-09-07T03:25:00.000Z,2026-09-07 11:25,2506.6,2507.2,2502.55,2503.26,10679.109,1788751799999,futures
1788751800000,2026-09-07T03:30:00.000Z,2026-09-07 11:30,2503.26,2505.33,2501.6,2502.36,9513.985,1788752099999,futures
1788752100000,2026-09-07T03:35:00.000Z,2026-09-07 11:35,2502.35,2502.71,2498.29,2498.8,13017.52,1788752399999,futures
1788752400000,2026-09-07T03:40:00.000Z,2026-09-07 11:40,2498.79,2499.57,2494.18,2496.56,21233.285,1788752699999,futures
1788752700000,2026-09-07T03:45:00.000Z,2026-09-07 11:45,2496.56,2498.88,2495.11,2496.96,15781.478,1788752999999,futures
1788753000000,2026-09-07T03:50:00.000Z,2026-09-07 11:50,2496.96,2498.8,2495.24,2498.68,6575.655,1788753299999,futures
1788753300000,2026-09-07T03:55:00.000Z,2026-09-07 11:55,2498.68,2499.42,2496,2496.01,7853.694,1788753599999,futures
1788753600000,2026-09-07T04:00:00.000Z,2026-09-07 12:00,2496.01,2497.26,2494.8,2497.26,7716.915,1788753899999,futures
1788753900000,2026-09-07T04:05:00.000Z,2026-09-07 12:05,2497.26,2497.68,2495.01,2497.66,4803.287,1788754199999,futures
1788754200000,2026-09-07T04:10:00.000Z,2026-09-07 12:10,2497.66,2497.67,2491.23,2497.07,15805.163,1788754499999,futures
1788754500000,2026-09-07T04:15:00.000Z,2026-09-07 12:15,2497.06,2497.4,2495.59,2497.2,6191.112,1788754799999,futures
1788754800000,2026-09-07T04:20:00.000Z,2026-09-07 12:20,2497.19,2498,2495.63,2496.91,7647.418,1788755099999,futures
1788755100000,2026-09-07T04:25:00.000Z,2026-09-07 12:25,2496.92,2498.56,2495.22,2495.22,8085.426,1788755399999,futures
1788755400000,2026-09-07T04:30:00.000Z,2026-09-07 12:30,2495.22,2496.34,2494,2495.29,6746.837,1788755699999,futures
1788755700000,2026-09-07T04:35:00.000Z,2026-09-07 12:35,2495.3,2497.12,2490.23,2494.4,12383.005,1788755999999,futures
1788756000000,2026-09-07T04:40:00.000Z,2026-09-07 12:40,2494.39,2496.31,2493.9,2496.18,5032.159,1788756299999,futures
1788756300000,2026-09-07T04:45:00.000Z,2026-09-07 12:45,2496.18,2497.85,2495.61,2495.62,5233.665,1788756599999,futures
1788756600000,2026-09-07T04:50:00.000Z,2026-09-07 12:50,2495.61,2495.87,2493.31,2493.36,3639.122,1788756899999,futures
1788756900000,2026-09-07T04:55:00.000Z,2026-09-07 12:55,2493.36,2496.91,2493.14,2496.83,4830.014,1788757199999,futures
1788757200000,2026-09-07T05:00:00.000Z,2026-09-07 13:00,2496.83,2501.79,2495.84,2501.79,12235.979,1788757499999,futures
1788757500000,2026-09-07T05:05:00.000Z,2026-09-07 13:05,2501.79,2504.25,2499.89,2502.13,11004.121,1788757799999,futures
1788757800000,2026-09-07T05:10:00.000Z,2026-09-07 13:10,2502.12,2502.63,2499.08,2502.63,7222.095,1788758099999,futures
1788758100000,2026-09-07T05:15:00.000Z,2026-09-07 13:15,2502.63,2508.62,2502.47,2506.57,14505.451,1788758399999,futures
1788758400000,2026-09-07T05:20:00.000Z,2026-09-07 13:20,2506.56,2511.61,2505.1,2510.49,12484.024,1788758699999,futures
1788758700000,2026-09-07T05:25:00.000Z,2026-09-07 13:25,2510.5,2512.96,2508.77,2511.49,15350.832,1788758999999,futures
1788759000000,2026-09-07T05:30:00.000Z,2026-09-07 13:30,2511.49,2512.5,2509.54,2510.37,6897.546,1788759299999,futures
1788759300000,2026-09-07T05:35:00.000Z,2026-09-07 13:35,2510.38,2511.13,2509.44,2509.49,5138.826,1788759599999,futures
1788759600000,2026-09-07T05:40:00.000Z,2026-09-07 13:40,2509.5,2510.6,2508.2,2510.6,6275.327,1788759899999,futures
1788759900000,2026-09-07T05:45:00.000Z,2026-09-07 13:45,2510.59,2510.63,2508.25,2508.31,4051.43,1788760199999,futures
1788760200000,2026-09-07T05:50:00.000Z,2026-09-07 13:50,2508.31,2508.32,2503.68,2503.75,9854.148,1788760499999,futures
1788760500000,2026-09-07T05:55:00.000Z,2026-09-07 13:55,2503.76,2504.31,2502.75,2503.42,4836.454,1788760799999,futures
1788760800000,2026-09-07T06:00:00.000Z,2026-09-07 14:00,2503.42,2505.73,2502.6,2505.73,3845.862,1788761099999,futures
1788761100000,2026-09-07T06:05:00.000Z,2026-09-07 14:05,2505.74,2506.91,2502.52,2506.91,5616.487,1788761399999,futures
1788761400000,2026-09-07T06:10:00.000Z,2026-09-07 14:10,2506.91,2509.16,2505.58,2508.76,5988.658,1788761699999,futures
1788761700000,2026-09-07T06:15:00.000Z,2026-09-07 14:15,2508.75,2508.76,2504.33,2504.58,2744.435,1788761999999,futures
1788762000000,2026-09-07T06:20:00.000Z,2026-09-07 14:20,2504.58,2504.91,2503,2504.55,3710.093,1788762299999,futures
1788762300000,2026-09-07T06:25:00.000Z,2026-09-07 14:25,2504.56,2506.28,2502.5,2502.65,4368.797,1788762599999,futures
1788762600000,2026-09-07T06:30:00.000Z,2026-09-07 14:30,2502.66,2503.84,2501,2502.35,6452.903,1788762899999,futures
1788762900000,2026-09-07T06:35:00.000Z,2026-09-07 14:35,2502.35,2502.47,2499.45,2499.92,5375.691,1788763199999,futures
1788763200000,2026-09-07T06:40:00.000Z,2026-09-07 14:40,2499.92,2501.24,2497.81,2498.15,4930.164,1788763499999,futures
1788763500000,2026-09-07T06:45:00.000Z,2026-09-07 14:45,2498.15,2499.58,2497.34,2498.46,4298.389,1788763799999,futures
1788763800000,2026-09-07T06:50:00.000Z,2026-09-07 14:50,2498.46,2499.14,2497.86,2498.34,3379.659,1788764099999,futures
1788764100000,2026-09-07T06:55:00.000Z,2026-09-07 14:55,2498.33,2499.24,2496.39,2496.86,7473.577,1788764399999,futures
1788764400000,2026-09-07T07:00:00.000Z,2026-09-07 15:00,2496.85,2497.2,2494.59,2494.83,9979.305,1788764699999,futures
1788764700000,2026-09-07T07:05:00.000Z,2026-09-07 15:05,2494.84,2499.7,2494.74,2499.27,5934.197,1788764999999,futures
1788765000000,2026-09-07T07:10:00.000Z,2026-09-07 15:10,2499.28,2501.09,2497.69,2498.66,8802.895,1788765299999,futures
1788765300000,2026-09-07T07:15:00.000Z,2026-09-07 15:15,2498.65,2499.97,2497.33,2497.6,4198.489,1788765599999,futures
1788765600000,2026-09-07T07:20:00.000Z,2026-09-07 15:20,2497.6,2498.19,2491.59,2492.27,11383.188,1788765899999,futures
1788765900000,2026-09-07T07:25:00.000Z,2026-09-07 15:25,2492.27,2495.39,2483.16,2487.47,35833.017,1788766199999,futures
1788766200000,2026-09-07T07:30:00.000Z,2026-09-07 15:30,2487.47,2491.86,2480.27,2486.07,36059.833,1788766499999,futures
1788766500000,2026-09-07T07:35:00.000Z,2026-09-07 15:35,2486.07,2487.34,2478.83,2479.33,23329.854,1788766799999,futures
1788766800000,2026-09-07T07:40:00.000Z,2026-09-07 15:40,2479.33,2484.76,2472.61,2484.05,47161.825,1788767099999,futures
1788767100000,2026-09-07T07:45:00.000Z,2026-09-07 15:45,2484.05,2487.86,2484.04,2487.75,12975.524,1788767399999,futures
1788767400000,2026-09-07T07:50:00.000Z,2026-09-07 15:50,2487.74,2487.88,2484.37,2484.39,12940.913,1788767699999,futures
1788767700000,2026-09-07T07:55:00.000Z,2026-09-07 15:55,2484.39,2488.21,2484.39,2488,9511.119,1788767999999,futures
1788768000000,2026-09-07T08:00:00.000Z,2026-09-07 16:00,2488,2490.01,2487.41,2488.55,13163.674,1788768299999,futures
1788768300000,2026-09-07T08:05:00.000Z,2026-09-07 16:05,2488.54,2490,2488.36,2489.85,7814.786,1788768599999,futures
1788768600000,2026-09-07T08:10:00.000Z,2026-09-07 16:10,2489.84,2490.11,2487.58,2487.74,5146.185,1788768899999,futures
1788768900000,2026-09-07T08:15:00.000Z,2026-09-07 16:15,2487.74,2491.33,2487.56,2491.25,5004.914,1788769199999,futures
1788769200000,2026-09-07T08:20:00.000Z,2026-09-07 16:20,2491.25,2491.63,2488.27,2489.41,9348.655,1788769499999,futures
1788769500000,2026-09-07T08:25:00.000Z,2026-09-07 16:25,2489.42,2490.71,2487.89,2489.56,6225.826,1788769799999,futures
1788769800000,2026-09-07T08:30:00.000Z,2026-09-07 16:30,2489.55,2492.34,2489.03,2491.65,7526.169,1788770099999,futures
1788770100000,2026-09-07T08:35:00.000Z,2026-09-07 16:35,2491.65,2491.66,2488.42,2488.84,4646.565,1788770399999,futures
1788770400000,2026-09-07T08:40:00.000Z,2026-09-07 16:40,2488.83,2491.72,2488.83,2491.71,3958.594,1788770699999,futures
1788770700000,2026-09-07T08:45:00.000Z,2026-09-07 16:45,2491.71,2492.7,2489.35,2490.41,6822.153,1788770999999,futures
1788771000000,2026-09-07T08:50:00.000Z,2026-09-07 16:50,2490.42,2491.2,2490,2490.4,2670.927,1788771299999,futures
1788771300000,2026-09-07T08:55:00.000Z,2026-09-07 16:55,2490.4,2491,2489.6,2490.15,2866.002,1788771599999,futures
1788771600000,2026-09-07T09:00:00.000Z,2026-09-07 17:00,2490.15,2491.81,2489.19,2490.7,4863.627,1788771899999,futures
1788771900000,2026-09-07T09:05:00.000Z,2026-09-07 17:05,2490.7,2493.41,2489.91,2493.31,5585.373,1788772199999,futures
1788772200000,2026-09-07T09:10:00.000Z,2026-09-07 17:10,2493.31,2495.96,2493.02,2494.93,9439.845,1788772499999,futures
1788772500000,2026-09-07T09:15:00.000Z,2026-09-07 17:15,2494.93,2496.3,2493.93,2494.49,9836.142,1788772799999,futures
1788772800000,2026-09-07T09:20:00.000Z,2026-09-07 17:20,2494.49,2494.49,2492.41,2492.9,6859.286,1788773099999,futures
1788773100000,2026-09-07T09:25:00.000Z,2026-09-07 17:25,2492.89,2494.49,2492.11,2493.58,7749.521,1788773399999,futures
1788773400000,2026-09-07T09:30:00.000Z,2026-09-07 17:30,2493.58,2493.69,2490.78,2490.79,3693.654,1788773699999,futures
1788773700000,2026-09-07T09:35:00.000Z,2026-09-07 17:35,2490.78,2490.79,2487.75,2489.41,6759.107,1788773999999,futures
1788774000000,2026-09-07T09:40:00.000Z,2026-09-07 17:40,2489.41,2490.76,2489.39,2489.39,2517.083,1788774299999,futures
1788774300000,2026-09-07T09:45:00.000Z,2026-09-07 17:45,2489.39,2490.86,2489.39,2489.99,7012.743,1788774599999,futures
1788774600000,2026-09-07T09:50:00.000Z,2026-09-07 17:50,2490,2492.12,2484.07,2485.62,12296.803,1788774899999,futures
1788774900000,2026-09-07T09:55:00.000Z,2026-09-07 17:55,2485.62,2486.52,2482.63,2483.38,12924.98,1788775199999,futures
1788775200000,2026-09-07T10:00:00.000Z,2026-09-07 18:00,2483.38,2487.24,2483.38,2486.6,13393.575,1788775499999,futures
1788775500000,2026-09-07T10:05:00.000Z,2026-09-07 18:05,2486.6,2488.24,2484.1,2486.5,13174.471,1788775799999,futures
1788775800000,2026-09-07T10:10:00.000Z,2026-09-07 18:10,2486.49,2487.53,2485.35,2486.39,3245.595,1788776099999,futures
1788776100000,2026-09-07T10:15:00.000Z,2026-09-07 18:15,2486.39,2488.88,2486,2488.87,2379.175,1788776399999,futures
1788776400000,2026-09-07T10:20:00.000Z,2026-09-07 18:20,2488.87,2488.88,2487.93,2488.07,2380.872,1788776699999,futures
1788776700000,2026-09-07T10:25:00.000Z,2026-09-07 18:25,2488.06,2488.92,2487.27,2488.51,2291.97,1788776999999,futures
1788777000000,2026-09-07T10:30:00.000Z,2026-09-07 18:30,2488.51,2489,2487.58,2487.89,1990.156,1788777299999,futures
1788777300000,2026-09-07T10:35:00.000Z,2026-09-07 18:35,2487.89,2488.82,2486.84,2488.2,3762.783,1788777599999,futures
1788777600000,2026-09-07T10:40:00.000Z,2026-09-07 18:40,2488.2,2490.69,2488.2,2490.28,4132.69,1788777899999,futures
1788777900000,2026-09-07T10:45:00.000Z,2026-09-07 18:45,2490.27,2490.97,2489,2489.48,5095.453,1788778199999,futures
1788778200000,2026-09-07T10:50:00.000Z,2026-09-07 18:50,2489.47,2491.26,2489.32,2490.01,4162.814,1788778499999,futures
1788778500000,2026-09-07T10:55:00.000Z,2026-09-07 18:55,2490.01,2490.11,2486.73,2487.76,7862.834,1788778799999,futures
1788778800000,2026-09-07T11:00:00.000Z,2026-09-07 19:00,2487.76,2488.88,2486.07,2486.72,6345.335,1788779099999,futures
1788779100000,2026-09-07T11:05:00.000Z,2026-09-07 19:05,2486.72,2487.56,2485.33,2485.67,9335.133,1788779399999,futures
1788779400000,2026-09-07T11:10:00.000Z,2026-09-07 19:10,2485.66,2489.35,2485.66,2489.35,3213.301,1788779699999,futures
1788779700000,2026-09-07T11:15:00.000Z,2026-09-07 19:15,2489.34,2490.88,2488.72,2490.69,2961.315,1788779999999,futures
1788780000000,2026-09-07T11:20:00.000Z,2026-09-07 19:20,2490.7,2492.32,2490,2490.72,4104.981,1788780299999,futures
1788780300000,2026-09-07T11:25:00.000Z,2026-09-07 19:25,2490.72,2491.51,2490.6,2491.04,2343.743,1788780599999,futures
1788780600000,2026-09-07T11:30:00.000Z,2026-09-07 19:30,2491.03,2492.37,2490.5,2491.3,3011.702,1788780899999,futures
1788780900000,2026-09-07T11:35:00.000Z,2026-09-07 19:35,2491.29,2491.3,2489.03,2489.39,2771.251,1788781199999,futures
1788781200000,2026-09-07T11:40:00.000Z,2026-09-07 19:40,2489.4,2490.38,2489.27,2489.27,1747.623,1788781499999,futures
1788781500000,2026-09-07T11:45:00.000Z,2026-09-07 19:45,2489.28,2490.14,2488.8,2489.29,3212.971,1788781799999,futures
1788781800000,2026-09-07T11:50:00.000Z,2026-09-07 19:50,2489.28,2490.11,2485.95,2488.9,7799.151,1788782099999,futures
1788782100000,2026-09-07T11:55:00.000Z,2026-09-07 19:55,2488.9,2489.13,2486.74,2487.97,5691.989,1788782399999,futures
1788782400000,2026-09-07T12:00:00.000Z,2026-09-07 20:00,2487.97,2489.49,2487.91,2488.25,4922.764,1788782699999,futures
1788782700000,2026-09-07T12:05:00.000Z,2026-09-07 20:05,2488.25,2491.79,2488.24,2490,3740.442,1788782999999,futures
1788783000000,2026-09-07T12:10:00.000Z,2026-09-07 20:10,2490.01,2490.01,2487.6,2487.6,3465.663,1788783299999,futures
1788783300000,2026-09-07T12:15:00.000Z,2026-09-07 20:15,2487.6,2490.97,2487.55,2490.97,3012.442,1788783599999,futures
1788783600000,2026-09-07T12:20:00.000Z,2026-09-07 20:20,2490.96,2492.88,2490.24,2490.99,5027.231,1788783899999,futures
1788783900000,2026-09-07T12:25:00.000Z,2026-09-07 20:25,2490.99,2492.78,2490.98,2492.41,2581.004,1788784199999,futures
1788784200000,2026-09-07T12:30:00.000Z,2026-09-07 20:30,2492.41,2493.36,2491.77,2492.27,5462.176,1788784499999,futures
1788784500000,2026-09-07T12:35:00.000Z,2026-09-07 20:35,2492.28,2493.56,2492.14,2492.2,4999.257,1788784799999,futures
1788784800000,2026-09-07T12:40:00.000Z,2026-09-07 20:40,2492.2,2493.01,2491.9,2493,2619.928,1788785099999,futures
1788785100000,2026-09-07T12:45:00.000Z,2026-09-07 20:45,2493,2499.08,2493,2497.23,14557.844,1788785399999,futures
1788785400000,2026-09-07T12:50:00.000Z,2026-09-07 20:50,2497.23,2504.36,2497.23,2503.66,21081.882,1788785699999,futures
1788785700000,2026-09-07T12:55:00.000Z,2026-09-07 20:55,2503.67,2506.77,2502.98,2504.38,17886.287,1788785999999,futures
1788786000000,2026-09-07T13:00:00.000Z,2026-09-07 21:00,2504.38,2506.49,2501.88,2505.79,12462.983,1788786299999,futures
1788786300000,2026-09-07T13:05:00.000Z,2026-09-07 21:05,2505.79,2505.88,2502.37,2505.78,8637.289,1788786599999,futures
1788786600000,2026-09-07T13:10:00.000Z,2026-09-07 21:10,2505.78,2509.65,2505.29,2509.36,15986.174,1788786899999,futures
1788786900000,2026-09-07T13:15:00.000Z,2026-09-07 21:15,2509.36,2510.76,2505.33,2507.41,10000.296,1788787199999,futures
1788787200000,2026-09-07T13:20:00.000Z,2026-09-07 21:20,2507.42,2509.13,2506.75,2507.62,6345.853,1788787499999,futures
1788787500000,2026-09-07T13:25:00.000Z,2026-09-07 21:25,2507.63,2508.09,2506,2507.67,4378.316,1788787799999,futures
1788787800000,2026-09-07T13:30:00.000Z,2026-09-07 21:30,2507.67,2507.94,2497.53,2498.88,23404.82,1788788099999,futures
1788788100000,2026-09-07T13:35:00.000Z,2026-09-07 21:35,2498.88,2500,2494.07,2498.92,21066.746,1788788399999,futures
1788788400000,2026-09-07T13:40:00.000Z,2026-09-07 21:40,2498.92,2499.71,2496.1,2497.33,8257.212,1788788699999,futures
1788788700000,2026-09-07T13:45:00.000Z,2026-09-07 21:45,2497.34,2498.28,2495.49,2496.41,7682.428,1788788999999,futures
1788789000000,2026-09-07T13:50:00.000Z,2026-09-07 21:50,2496.41,2501.61,2495.8,2500.83,7095.674,1788789299999,futures
1788789300000,2026-09-07T13:55:00.000Z,2026-09-07 21:55,2500.82,2500.83,2497.1,2497.86,4642.121,1788789599999,futures
1788789600000,2026-09-07T14:00:00.000Z,2026-09-07 22:00,2497.87,2498.64,2493.7,2494.24,6439.612,1788789899999,futures
1788789900000,2026-09-07T14:05:00.000Z,2026-09-07 22:05,2494.24,2494.92,2484.55,2485.31,40011.531,1788790199999,futures
1788790200000,2026-09-07T14:10:00.000Z,2026-09-07 22:10,2485.32,2489.22,2481.83,2486.14,22448.065,1788790499999,futures
1788790500000,2026-09-07T14:15:00.000Z,2026-09-07 22:15,2486.14,2489.19,2483.18,2484.76,15149.303,1788790799999,futures
1788790800000,2026-09-07T14:20:00.000Z,2026-09-07 22:20,2484.76,2484.79,2481.65,2483.05,17566.355,1788791099999,futures
1788791100000,2026-09-07T14:25:00.000Z,2026-09-07 22:25,2483.04,2485.62,2481.29,2481.81,13382.168,1788791399999,futures
1788791400000,2026-09-07T14:30:00.000Z,2026-09-07 22:30,2481.8,2483.21,2478.15,2480.76,20554.584,1788791699999,futures
1788791700000,2026-09-07T14:35:00.000Z,2026-09-07 22:35,2480.75,2481.88,2478.35,2478.87,14112.845,1788791999999,futures
1788792000000,2026-09-07T14:40:00.000Z,2026-09-07 22:40,2478.87,2480.84,2475.11,2480.27,19236.526,1788792299999,futures
1788792300000,2026-09-07T14:45:00.000Z,2026-09-07 22:45,2480.28,2484.18,2480,2483.8,18780.783,1788792599999,futures
1788792600000,2026-09-07T14:50:00.000Z,2026-09-07 22:50,2483.8,2490.62,2483.2,2489.25,22414.455,1788792899999,futures
1788792900000,2026-09-07T14:55:00.000Z,2026-09-07 22:55,2489.25,2490,2487.33,2489.08,10156.682,1788793199999,futures
1788793200000,2026-09-07T15:00:00.000Z,2026-09-07 23:00,2489.07,2489.08,2483.7,2483.71,12813.698,1788793499999,futures
1788793500000,2026-09-07T15:05:00.000Z,2026-09-07 23:05,2483.71,2484.68,2481.13,2484.09,7074.58,1788793799999,futures
1788793800000,2026-09-07T15:10:00.000Z,2026-09-07 23:10,2484.08,2484.82,2482.04,2482.04,3744.34,1788794099999,futures
1788794100000,2026-09-07T15:15:00.000Z,2026-09-07 23:15,2482.04,2487.73,2474.18,2487,20529.52,1788794399999,futures
1788794400000,2026-09-07T15:20:00.000Z,2026-09-07 23:20,2487,2487.41,2484.27,2485.35,6811.874,1788794699999,futures
1788794700000,2026-09-07T15:25:00.000Z,2026-09-07 23:25,2485.35,2485.6,2480.26,2480.76,4906.389,1788794999999,futures
1788795000000,2026-09-07T15:30:00.000Z,2026-09-07 23:30,2480.76,2481.26,2468.01,2472.73,42220.386,1788795299999,futures
1788795300000,2026-09-07T15:35:00.000Z,2026-09-07 23:35,2472.73,2475.53,2467.58,2469.02,30741.812,1788795599999,futures
1788795600000,2026-09-07T15:40:00.000Z,2026-09-07 23:40,2469.03,2470.56,2464.62,2468.89,34299.65,1788795899999,futures
1788795900000,2026-09-07T15:45:00.000Z,2026-09-07 23:45,2468.9,2473.63,2467.02,2472.75,30631.694,1788796199999,futures
1788796200000,2026-09-07T15:50:00.000Z,2026-09-07 23:50,2472.75,2473,2470.57,2471.73,9894.648,1788796499999,futures
1788796500000,2026-09-07T15:55:00.000Z,2026-09-07 23:55,2471.73,2472.48,2465.23,2468.99,18713.286,1788796799999,futures
1788796800000,2026-09-07T16:00:00.000Z,2026-09-08 00:00,2469,2475,2468.71,2472.68,18939.264,1788797099999,futures
1788797100000,2026-09-07T16:05:00.000Z,2026-09-08 00:05,2472.68,2474.42,2471.49,2473.47,6132.22,1788797399999,futures
1788797400000,2026-09-07T16:10:00.000Z,2026-09-08 00:10,2473.46,2474.84,2473.42,2473.84,4736.455,1788797699999,futures
1788797700000,2026-09-07T16:15:00.000Z,2026-09-08 00:15,2473.84,2474.54,2471.85,2474.05,5038.574,1788797999999,futures
1788798000000,2026-09-07T16:20:00.000Z,2026-09-08 00:20,2474.05,2474.06,2471.12,2471.2,6816.675,1788798299999,futures
1788798300000,2026-09-07T16:25:00.000Z,2026-09-08 00:25,2471.2,2472.19,2470,2470,6720.155,1788798599999,futures
1788798600000,2026-09-07T16:30:00.000Z,2026-09-08 00:30,2470,2474.36,2469.15,2474.06,6978.383,1788798899999,futures
1788798900000,2026-09-07T16:35:00.000Z,2026-09-08 00:35,2474.06,2481,2474,2479.78,26368.703,1788799199999,futures
1788799200000,2026-09-07T16:40:00.000Z,2026-09-08 00:40,2479.79,2480.59,2478.71,2479.77,10300.326,1788799499999,futures
1788799500000,2026-09-07T16:45:00.000Z,2026-09-08 00:45,2479.77,2480.32,2478.36,2479.01,4606.491,1788799799999,futures
1788799800000,2026-09-07T16:50:00.000Z,2026-09-08 00:50,2479,2481.51,2478.59,2480.1,4058.767,1788800099999,futures
1788800100000,2026-09-07T16:55:00.000Z,2026-09-08 00:55,2480.1,2482.01,2478.76,2481.76,6804.295,1788800399999,futures
1788800400000,2026-09-07T17:00:00.000Z,2026-09-08 01:00,2481.76,2483.07,2480.96,2481.24,7553.024,1788800699999,futures
1788800700000,2026-09-07T17:05:00.000Z,2026-09-08 01:05,2481.24,2486.53,2481.24,2485.69,14255.909,1788800999999,futures
1788801000000,2026-09-07T17:10:00.000Z,2026-09-08 01:10,2485.68,2489.6,2485.57,2488.77,13031.999,1788801299999,futures
1788801300000,2026-09-07T17:15:00.000Z,2026-09-08 01:15,2488.78,2490.21,2487.17,2489.82,13870.701,1788801599999,futures
1788801600000,2026-09-07T17:20:00.000Z,2026-09-08 01:20,2489.81,2490.49,2487.19,2487.44,9355.571,1788801899999,futures
1788801900000,2026-09-07T17:25:00.000Z,2026-09-08 01:25,2487.44,2488.99,2484.71,2487.31,9093.688,1788802199999,futures
1788802200000,2026-09-07T17:30:00.000Z,2026-09-08 01:30,2487.31,2487.9,2485.33,2486.19,3918.717,1788802499999,futures
1788802500000,2026-09-07T17:35:00.000Z,2026-09-08 01:35,2486.19,2487.82,2484.58,2487.16,5239.974,1788802799999,futures
1788802800000,2026-09-07T17:40:00.000Z,2026-09-08 01:40,2487.15,2493.47,2487.15,2492,9724.664,1788803099999,futures
1788803100000,2026-09-07T17:45:00.000Z,2026-09-08 01:45,2492,2494.28,2490.85,2493.81,4744.946,1788803399999,futures
1788803400000,2026-09-07T17:50:00.000Z,2026-09-08 01:50,2493.81,2499.24,2493.81,2494.34,19313.651,1788803699999,futures
1788803700000,2026-09-07T17:55:00.000Z,2026-09-08 01:55,2494.34,2495.35,2493.1,2494.31,4519.869,1788803999999,futures
1788804000000,2026-09-07T18:00:00.000Z,2026-09-08 02:00,2494.32,2496.19,2493.76,2494.35,4738.645,1788804299999,futures
1788804300000,2026-09-07T18:05:00.000Z,2026-09-08 02:05,2494.36,2496.36,2492.35,2493.88,5744.18,1788804599999,futures
1788804600000,2026-09-07T18:10:00.000Z,2026-09-08 02:10,2493.88,2495.74,2493.28,2493.53,3894.192,1788804899999,futures
1788804900000,2026-09-07T18:15:00.000Z,2026-09-08 02:15,2493.53,2494.08,2491.74,2493.73,4677.263,1788805199999,futures
1788805200000,2026-09-07T18:20:00.000Z,2026-09-08 02:20,2493.73,2494.27,2490.5,2490.87,19361.708,1788805499999,futures
1788805500000,2026-09-07T18:25:00.000Z,2026-09-08 02:25,2490.88,2492.58,2488.5,2489.38,20198.376,1788805799999,futures
1788805800000,2026-09-07T18:30:00.000Z,2026-09-08 02:30,2489.38,2489.38,2486.25,2487.26,5397.382,1788806099999,futures
1788806100000,2026-09-07T18:35:00.000Z,2026-09-08 02:35,2487.26,2488.22,2486.41,2487.11,3129.217,1788806399999,futures
1788806400000,2026-09-07T18:40:00.000Z,2026-09-08 02:40,2487.11,2488.44,2486.15,2488.18,3090.547,1788806699999,futures
1788806700000,2026-09-07T18:45:00.000Z,2026-09-08 02:45,2488.18,2489.43,2486.94,2489.42,2186.554,1788806999999,futures
1788807000000,2026-09-07T18:50:00.000Z,2026-09-08 02:50,2489.43,2493.67,2489.42,2492.54,14996.61,1788807299999,futures
1788807300000,2026-09-07T18:55:00.000Z,2026-09-08 02:55,2492.54,2492.99,2489.9,2490.69,2435.078,1788807599999,futures
1788807600000,2026-09-07T19:00:00.000Z,2026-09-08 03:00,2490.68,2491,2488.48,2490.2,1896.024,1788807899999,futures
1788807900000,2026-09-07T19:05:00.000Z,2026-09-08 03:05,2490.2,2490.88,2488.09,2488.69,1652.603,1788808199999,futures
1788808200000,2026-09-07T19:10:00.000Z,2026-09-08 03:10,2488.69,2489.96,2488.19,2489.96,1450.789,1788808499999,futures
1788808500000,2026-09-07T19:15:00.000Z,2026-09-08 03:15,2489.96,2490.69,2489.88,2490.05,2052.451,1788808799999,futures
1788808800000,2026-09-07T19:20:00.000Z,2026-09-08 03:20,2490.05,2492.34,2490.05,2492.33,2756.272,1788809099999,futures
1788809100000,2026-09-07T19:25:00.000Z,2026-09-08 03:25,2492.34,2492.5,2490.48,2491.28,1318.906,1788809399999,futures
1788809400000,2026-09-07T19:30:00.000Z,2026-09-08 03:30,2491.28,2495.79,2491.27,2495.2,6822.864,1788809699999,futures
1788809700000,2026-09-07T19:35:00.000Z,2026-09-08 03:35,2495.19,2496.73,2494.47,2495.06,4660.96,1788809999999,futures
1788810000000,2026-09-07T19:40:00.000Z,2026-09-08 03:40,2495.06,2495.67,2494.22,2495.08,2330.135,1788810299999,futures
1788810300000,2026-09-07T19:45:00.000Z,2026-09-08 03:45,2495.07,2495.88,2494.46,2495.05,2198.485,1788810599999,futures
1788810600000,2026-09-07T19:50:00.000Z,2026-09-08 03:50,2495.05,2495.4,2493.79,2493.8,3340.847,1788810899999,futures
1788810900000,2026-09-07T19:55:00.000Z,2026-09-08 03:55,2493.81,2494.88,2492.92,2494.68,4900.867,1788811199999,futures
1788811200000,2026-09-07T20:00:00.000Z,2026-09-08 04:00,2494.67,2496.15,2491.38,2493.16,7373.989,1788811499999,futures
1788811500000,2026-09-07T20:05:00.000Z,2026-09-08 04:05,2493.15,2493.15,2487.85,2490.24,7169.404,1788811799999,futures
1788811800000,2026-09-07T20:10:00.000Z,2026-09-08 04:10,2490.24,2490.25,2487.27,2488.35,5340.59,1788812099999,futures
1788812100000,2026-09-07T20:15:00.000Z,2026-09-08 04:15,2488.36,2488.95,2487.7,2488.95,1807.768,1788812399999,futures
1788812400000,2026-09-07T20:20:00.000Z,2026-09-08 04:20,2488.95,2488.98,2486.02,2487.02,5004.39,1788812699999,futures
1788812700000,2026-09-07T20:25:00.000Z,2026-09-08 04:25,2487.02,2488.62,2486.75,2488.53,1620.478,1788812999999,futures
1788813000000,2026-09-07T20:30:00.000Z,2026-09-08 04:30,2488.52,2490.4,2488.26,2490,2723.841,1788813299999,futures
1788813300000,2026-09-07T20:35:00.000Z,2026-09-08 04:35,2490,2491,2489.48,2490.88,2385.048,1788813599999,futures
1788813600000,2026-09-07T20:40:00.000Z,2026-09-08 04:40,2490.88,2491.61,2490.17,2490.91,2354.018,1788813899999,futures
1788813900000,2026-09-07T20:45:00.000Z,2026-09-08 04:45,2490.91,2493.73,2489.28,2493.31,12006.528,1788814199999,futures
1788814200000,2026-09-07T20:50:00.000Z,2026-09-08 04:50,2493.31,2495.5,2492.49,2493.53,4342.683,1788814499999,futures
1788814500000,2026-09-07T20:55:00.000Z,2026-09-08 04:55,2493.53,2495.22,2493.46,2494.15,2034.199,1788814799999,futures
1788814800000,2026-09-07T21:00:00.000Z,2026-09-08 05:00,2494.15,2495.11,2493.14,2493.15,2006.595,1788815099999,futures
1788815100000,2026-09-07T21:05:00.000Z,2026-09-08 05:05,2493.15,2493.49,2491.71,2491.72,3415.963,1788815399999,futures
1788815400000,2026-09-07T21:10:00.000Z,2026-09-08 05:10,2491.72,2495.21,2491.05,2495.2,6812.721,1788815699999,futures
1788815700000,2026-09-07T21:15:00.000Z,2026-09-08 05:15,2495.21,2495.89,2491.45,2493.33,5135.093,1788815999999,futures
1788816000000,2026-09-07T21:20:00.000Z,2026-09-08 05:20,2493.32,2494.32,2492.95,2493.09,1128.754,1788816299999,futures
1788816300000,2026-09-07T21:25:00.000Z,2026-09-08 05:25,2493.08,2493.57,2491.68,2491.69,1502.292,1788816599999,futures
1788816600000,2026-09-07T21:30:00.000Z,2026-09-08 05:30,2491.7,2492.81,2491.3,2492.02,975.395,1788816899999,futures
1788816900000,2026-09-07T21:35:00.000Z,2026-09-08 05:35,2492.01,2492.26,2490.3,2492.25,3136.582,1788817199999,futures
1788817200000,2026-09-07T21:40:00.000Z,2026-09-08 05:40,2492.25,2492.66,2490.9,2491.81,4057.542,1788817499999,futures
1788817500000,2026-09-07T21:45:00.000Z,2026-09-08 05:45,2491.8,2492.46,2489.28,2489.35,2834.345,1788817799999,futures
1788817800000,2026-09-07T21:50:00.000Z,2026-09-08 05:50,2489.35,2491.96,2489.34,2490.38,2420.902,1788818099999,futures
1788818100000,2026-09-07T21:55:00.000Z,2026-09-08 05:55,2490.38,2491.38,2490.01,2490.08,2033.094,1788818399999,futures
1788818400000,2026-09-07T22:00:00.000Z,2026-09-08 06:00,2490.07,2490.36,2483.52,2487.23,10514.184,1788818699999,futures
1788818700000,2026-09-07T22:05:00.000Z,2026-09-08 06:05,2487.24,2489.48,2485.81,2489.47,3606.159,1788818999999,futures
1788819000000,2026-09-07T22:10:00.000Z,2026-09-08 06:10,2489.47,2490.97,2487.61,2488.08,5012.699,1788819299999,futures
1788819300000,2026-09-07T22:15:00.000Z,2026-09-08 06:15,2488.09,2488.09,2481.05,2484.08,10984.677,1788819599999,futures
1788819600000,2026-09-07T22:20:00.000Z,2026-09-08 06:20,2484.08,2488.6,2482.63,2488.6,6901.748,1788819899999,futures
1788819900000,2026-09-07T22:25:00.000Z,2026-09-08 06:25,2488.59,2491,2485.46,2485.46,8272.557,1788820199999,futures
1788820200000,2026-09-07T22:30:00.000Z,2026-09-08 06:30,2485.47,2485.47,2480.71,2481.88,17944.226,1788820499999,futures
1788820500000,2026-09-07T22:35:00.000Z,2026-09-08 06:35,2481.87,2482.5,2476.25,2476.48,11721.528,1788820799999,futures
1788820800000,2026-09-07T22:40:00.000Z,2026-09-08 06:40,2476.48,2478.93,2474.44,2477.64,10968.624,1788821099999,futures
1788821100000,2026-09-07T22:45:00.000Z,2026-09-08 06:45,2477.64,2481.72,2477.52,2481.34,5316.992,1788821399999,futures
1788821400000,2026-09-07T22:50:00.000Z,2026-09-08 06:50,2481.33,2482.16,2480.59,2480.91,3916.958,1788821699999,futures
1788821700000,2026-09-07T22:55:00.000Z,2026-09-08 06:55,2480.92,2482.19,2479.67,2481.69,2798.518,1788821999999,futures
1788822000000,2026-09-07T23:00:00.000Z,2026-09-08 07:00,2481.69,2484.96,2481.09,2483.43,5137.562,1788822299999,futures
1788822300000,2026-09-07T23:05:00.000Z,2026-09-08 07:05,2483.43,2488.28,2482.13,2485.96,7755.025,1788822599999,futures
1788822600000,2026-09-07T23:10:00.000Z,2026-09-08 07:10,2485.97,2487.72,2485.21,2487.07,3954.626,1788822899999,futures
1788822900000,2026-09-07T23:15:00.000Z,2026-09-08 07:15,2487.08,2487.73,2484.04,2486.9,6864.767,1788823199999,futures
1788823200000,2026-09-07T23:20:00.000Z,2026-09-08 07:20,2486.89,2486.9,2481.08,2482.16,4227.514,1788823499999,futures
1788823500000,2026-09-07T23:25:00.000Z,2026-09-08 07:25,2482.16,2484.46,2482.16,2483.43,1494.745,1788823799999,futures
1788823800000,2026-09-07T23:30:00.000Z,2026-09-08 07:30,2483.43,2483.99,2482.07,2483.67,2698.211,1788824099999,futures
1788824100000,2026-09-07T23:35:00.000Z,2026-09-08 07:35,2483.67,2485.49,2483.44,2484.9,2268.036,1788824399999,futures
1788824400000,2026-09-07T23:40:00.000Z,2026-09-08 07:40,2484.89,2489.6,2484.89,2489.4,3660.245,1788824699999,futures
1788824700000,2026-09-07T23:45:00.000Z,2026-09-08 07:45,2489.4,2492.72,2489.1,2492.06,10766.559,1788824999999,futures
1788825000000,2026-09-07T23:50:00.000Z,2026-09-08 07:50,2492.06,2492.42,2490.5,2490.51,4814.635,1788825299999,futures
1788825300000,2026-09-07T23:55:00.000Z,2026-09-08 07:55,2490.52,2491.28,2488.45,2488.92,4793.755,1788825599999,futures
1788825600000,2026-09-08T00:00:00.000Z,2026-09-08 08:00,2488.91,2489.68,2485.57,2486.21,5913.861,1788825899999,futures
1788825900000,2026-09-08T00:05:00.000Z,2026-09-08 08:05,2486.22,2489.23,2483.31,2486.35,13859.563,1788826199999,futures
1788826200000,2026-09-08T00:10:00.000Z,2026-09-08 08:10,2486.35,2487.09,2484.23,2487.01,4281.562,1788826499999,futures
1788826500000,2026-09-08T00:15:00.000Z,2026-09-08 08:15,2487.01,2489.99,2484.87,2485.88,5208.311,1788826799999,futures
1788826800000,2026-09-08T00:20:00.000Z,2026-09-08 08:20,2485.88,2485.96,2482.01,2484.35,7451.358,1788827099999,futures
1788827100000,2026-09-08T00:25:00.000Z,2026-09-08 08:25,2484.35,2485.43,2482.44,2482.45,3015.722,1788827399999,futures
1788827400000,2026-09-08T00:30:00.000Z,2026-09-08 08:30,2482.45,2489.38,2482.25,2489.37,6186.978,1788827699999,futures
1788827700000,2026-09-08T00:35:00.000Z,2026-09-08 08:35,2489.37,2492.3,2489.37,2491.43,6207.051,1788827999999,futures
1788828000000,2026-09-08T00:40:00.000Z,2026-09-08 08:40,2491.42,2493.33,2488.64,2489.58,8587.049,1788828299999,futures
1788828300000,2026-09-08T00:45:00.000Z,2026-09-08 08:45,2489.57,2491.37,2488.85,2491.37,2596.014,1788828599999,futures
1788828600000,2026-09-08T00:50:00.000Z,2026-09-08 08:50,2491.37,2493.19,2490.65,2491.73,14872.02,1788828899999,futures
1788828900000,2026-09-08T00:55:00.000Z,2026-09-08 08:55,2491.73,2494.79,2491.58,2494.49,14863.61,1788829199999,futures
1788829200000,2026-09-08T01:00:00.000Z,2026-09-08 09:00,2494.49,2495,2492.11,2494.28,8103.399,1788829499999,futures
1788829500000,2026-09-08T01:05:00.000Z,2026-09-08 09:05,2494.29,2496.15,2492.34,2495.68,6054.586,1788829799999,futures
1788829800000,2026-09-08T01:10:00.000Z,2026-09-08 09:10,2495.69,2496.6,2494.05,2495.3,7105.417,1788830099999,futures
1788830100000,2026-09-08T01:15:00.000Z,2026-09-08 09:15,2495.31,2498.77,2494.59,2498.43,9435.875,1788830399999,futures
1788830400000,2026-09-08T01:20:00.000Z,2026-09-08 09:20,2498.43,2504.04,2496.77,2501.14,17866.491,1788830699999,futures
1788830700000,2026-09-08T01:25:00.000Z,2026-09-08 09:25,2501.15,2504.53,2501.07,2501.65,7216.891,1788830999999,futures
1788831000000,2026-09-08T01:30:00.000Z,2026-09-08 09:30,2501.65,2501.65,2498.44,2498.79,6974.326,1788831299999,futures
1788831300000,2026-09-08T01:35:00.000Z,2026-09-08 09:35,2498.8,2500.6,2497.9,2498.46,3912.492,1788831599999,futures
1788831600000,2026-09-08T01:40:00.000Z,2026-09-08 09:40,2498.46,2499.2,2497.94,2498.84,2261.076,1788831899999,futures
1788831900000,2026-09-08T01:45:00.000Z,2026-09-08 09:45,2498.85,2500.16,2498.02,2500.15,3518.357,1788832199999,futures
1788832200000,2026-09-08T01:50:00.000Z,2026-09-08 09:50,2500.16,2500.75,2498.01,2500.45,5470.957,1788832499999,futures
1788832500000,2026-09-08T01:55:00.000Z,2026-09-08 09:55,2500.45,2503.71,2500.44,2503.33,4335.375,1788832799999,futures
1788832800000,2026-09-08T02:00:00.000Z,2026-09-08 10:00,2503.33,2503.5,2500.12,2500.12,3539.022,1788833099999,futures
1788833100000,2026-09-08T02:05:00.000Z,2026-09-08 10:05,2500.13,2500.13,2497.3,2497.53,6407.012,1788833399999,futures
1788833400000,2026-09-08T02:10:00.000Z,2026-09-08 10:10,2497.53,2498.65,2493.43,2498.04,8624.232,1788833699999,futures
1788833700000,2026-09-08T02:15:00.000Z,2026-09-08 10:15,2498.05,2499.39,2497,2498.28,3361.227,1788833999999,futures
1788834000000,2026-09-08T02:20:00.000Z,2026-09-08 10:20,2498.28,2507.3,2496.49,2505.72,26043.76,1788834299999,futures
1788834300000,2026-09-08T02:25:00.000Z,2026-09-08 10:25,2505.71,2506,2494.92,2495.81,8374.906,1788834599999,futures
1788834600000,2026-09-08T02:30:00.000Z,2026-09-08 10:30,2495.81,2496.45,2491.73,2494,6492.92,1788834899999,futures
1788834900000,2026-09-08T02:35:00.000Z,2026-09-08 10:35,2493.99,2494.25,2490.08,2491.18,7674.148,1788835199999,futures
1788835200000,2026-09-08T02:40:00.000Z,2026-09-08 10:40,2491.18,2491.32,2488.38,2490.37,8090.575,1788835499999,futures
1788835500000,2026-09-08T02:45:00.000Z,2026-09-08 10:45,2490.38,2491.9,2488.88,2490.37,5113.731,1788835799999,futures
1788835800000,2026-09-08T02:50:00.000Z,2026-09-08 10:50,2490.36,2490.54,2485.14,2485.14,7334.639,1788836099999,futures
1788836100000,2026-09-08T02:55:00.000Z,2026-09-08 10:55,2485.14,2487.26,2483.35,2483.43,16444.836,1788836399999,futures
1788836400000,2026-09-08T03:00:00.000Z,2026-09-08 11:00,2483.42,2485.8,2481.14,2483,13647.794,1788836699999,futures
1788836700000,2026-09-08T03:05:00.000Z,2026-09-08 11:05,2483,2485.96,2482.31,2485.96,8738.714,1788836999999,futures
1788837000000,2026-09-08T03:10:00.000Z,2026-09-08 11:10,2485.96,2486.05,2481.72,2482,8980.051,1788837299999,futures
1788837300000,2026-09-08T03:15:00.000Z,2026-09-08 11:15,2482,2483.54,2480.17,2480.18,6887.891,1788837599999,futures
1788837600000,2026-09-08T03:20:00.000Z,2026-09-08 11:20,2480.19,2481.79,2476.61,2479.62,16660.373,1788837899999,futures
1788837900000,2026-09-08T03:25:00.000Z,2026-09-08 11:25,2479.62,2481.79,2478.46,2479.75,8022.988,1788838199999,futures
1788838200000,2026-09-08T03:30:00.000Z,2026-09-08 11:30,2479.74,2485.7,2479.26,2484.05,11780.058,1788838499999,futures
1788838500000,2026-09-08T03:35:00.000Z,2026-09-08 11:35,2484.06,2486.76,2483.84,2485.94,12519.256,1788838799999,futures
1788838800000,2026-09-08T03:40:00.000Z,2026-09-08 11:40,2485.93,2487.37,2484.68,2485.42,7320.111,1788839099999,futures
1788839100000,2026-09-08T03:45:00.000Z,2026-09-08 11:45,2485.42,2485.8,2483,2484,2942.659,1788839399999,futures
1788839400000,2026-09-08T03:50:00.000Z,2026-09-08 11:50,2484,2485.69,2483.02,2483.35,3546.123,1788839699999,futures
1788839700000,2026-09-08T03:55:00.000Z,2026-09-08 11:55,2483.35,2485.45,2483.24,2484.91,2582.189,1788839999999,futures
1788840000000,2026-09-08T04:00:00.000Z,2026-09-08 12:00,2484.91,2485.16,2482.86,2482.86,3142.616,1788840299999,futures
1788840300000,2026-09-08T04:05:00.000Z,2026-09-08 12:05,2482.87,2484.35,2482.13,2483.02,3556.156,1788840599999,futures
1788840600000,2026-09-08T04:10:00.000Z,2026-09-08 12:10,2483.02,2483.99,2480.59,2481.61,5952.088,1788840899999,futures
1788840900000,2026-09-08T04:15:00.000Z,2026-09-08 12:15,2481.6,2484.56,2480.36,2484.12,6113.784,1788841199999,futures
1788841200000,2026-09-08T04:20:00.000Z,2026-09-08 12:20,2484.12,2484.3,2479.68,2479.75,5420.477,1788841499999,futures
1788841500000,2026-09-08T04:25:00.000Z,2026-09-08 12:25,2479.75,2482.43,2479.06,2481.48,6168.508,1788841799999,futures
1788841800000,2026-09-08T04:30:00.000Z,2026-09-08 12:30,2481.48,2483.01,2480.73,2481.59,3506.822,1788842099999,futures
1788842100000,2026-09-08T04:35:00.000Z,2026-09-08 12:35,2481.59,2484.37,2480.27,2484.15,3354.134,1788842399999,futures
1788842400000,2026-09-08T04:40:00.000Z,2026-09-08 12:40,2484.14,2484.34,2480.35,2481.82,4417.414,1788842699999,futures
1788842700000,2026-09-08T04:45:00.000Z,2026-09-08 12:45,2481.82,2483.1,2481.43,2481.69,2631.878,1788842999999,futures
1788843000000,2026-09-08T04:50:00.000Z,2026-09-08 12:50,2481.69,2482.66,2478.55,2479.28,5179.523,1788843299999,futures
1788843300000,2026-09-08T04:55:00.000Z,2026-09-08 12:55,2479.27,2479.39,2477.27,2477.81,9829.081,1788843599999,futures
1788843600000,2026-09-08T05:00:00.000Z,2026-09-08 13:00,2477.8,2483.4,2474.01,2479.21,21001.833,1788843899999,futures
1788843900000,2026-09-08T05:05:00.000Z,2026-09-08 13:05,2479.2,2481.76,2476.38,2478.31,9739.829,1788844199999,futures
1788844200000,2026-09-08T05:10:00.000Z,2026-09-08 13:10,2478.3,2481,2476.69,2476.69,8602.888,1788844499999,futures
1788844500000,2026-09-08T05:15:00.000Z,2026-09-08 13:15,2476.7,2481.64,2475.21,2481.17,12251.483,1788844799999,futures
1788844800000,2026-09-08T05:20:00.000Z,2026-09-08 13:20,2481.18,2482.2,2479.41,2481.73,7191.895,1788845099999,futures
1788845100000,2026-09-08T05:25:00.000Z,2026-09-08 13:25,2481.72,2483.42,2480.29,2480.93,7016.386,1788845399999,futures
1788845400000,2026-09-08T05:30:00.000Z,2026-09-08 13:30,2480.94,2481.21,2475.63,2475.63,10056.433,1788845699999,futures
1788845700000,2026-09-08T05:35:00.000Z,2026-09-08 13:35,2475.63,2477.34,2472.59,2476.64,20447.847,1788845999999,futures
1788846000000,2026-09-08T05:40:00.000Z,2026-09-08 13:40,2476.64,2477.87,2471.8,2472.6,10452.28,1788846299999,futures
1788846300000,2026-09-08T05:45:00.000Z,2026-09-08 13:45,2472.6,2476.27,2472.6,2476.25,5714.6,1788846599999,futures
1788846600000,2026-09-08T05:50:00.000Z,2026-09-08 13:50,2476.25,2476.41,2472.67,2472.74,5248.358,1788846899999,futures
1788846900000,2026-09-08T05:55:00.000Z,2026-09-08 13:55,2472.74,2473.06,2471.38,2472.23,11175.552,1788847199999,futures
1788847200000,2026-09-08T06:00:00.000Z,2026-09-08 14:00,2472.24,2473.62,2469.4,2471.37,18361.424,1788847499999,futures
1788847500000,2026-09-08T06:05:00.000Z,2026-09-08 14:05,2471.37,2474.62,2469,2473.28,12991.201,1788847799999,futures
1788847800000,2026-09-08T06:10:00.000Z,2026-09-08 14:10,2473.27,2473.98,2470.07,2473.82,8127.836,1788848099999,futures
1788848100000,2026-09-08T06:15:00.000Z,2026-09-08 14:15,2473.81,2476,2467.08,2467.8,16074.405,1788848399999,futures
1788848400000,2026-09-08T06:20:00.000Z,2026-09-08 14:20,2467.79,2468.54,2461.24,2467.57,31892.839,1788848699999,futures
1788848700000,2026-09-08T06:25:00.000Z,2026-09-08 14:25,2467.57,2469.03,2464.76,2465.18,8156.584,1788848999999,futures
1788849000000,2026-09-08T06:30:00.000Z,2026-09-08 14:30,2465.18,2467.26,2463.83,2464.99,10553.844,1788849299999,futures
1788849300000,2026-09-08T06:35:00.000Z,2026-09-08 14:35,2464.98,2466.24,2462.29,2464.72,10694.81,1788849599999,futures
1788849600000,2026-09-08T06:40:00.000Z,2026-09-08 14:40,2464.71,2465.49,2462.25,2464.39,10624.399,1788849899999,futures
1788849900000,2026-09-08T06:45:00.000Z,2026-09-08 14:45,2464.38,2467.9,2463.77,2464.48,11835.788,1788850199999,futures
1788850200000,2026-09-08T06:50:00.000Z,2026-09-08 14:50,2464.49,2466.87,2462.34,2463.48,10261.411,1788850499999,futures
1788850500000,2026-09-08T06:55:00.000Z,2026-09-08 14:55,2463.47,2468.17,2463.2,2467.28,13908.571,1788850799999,futures
1788850800000,2026-09-08T07:00:00.000Z,2026-09-08 15:00,2467.28,2469.84,2466.66,2468.9,15450.945,1788851099999,futures
1788851100000,2026-09-08T07:05:00.000Z,2026-09-08 15:05,2468.91,2474.43,2468.72,2472.4,14230.174,1788851399999,futures
1788851400000,2026-09-08T07:10:00.000Z,2026-09-08 15:10,2472.39,2473.41,2472.06,2472.96,4207.991,1788851699999,futures
1788851700000,2026-09-08T07:15:00.000Z,2026-09-08 15:15,2472.97,2473.71,2471.84,2473.59,3745.617,1788851999999,futures
1788852000000,2026-09-08T07:20:00.000Z,2026-09-08 15:20,2473.59,2476.43,2473.59,2475.99,6067.936,1788852299999,futures
1788852300000,2026-09-08T07:25:00.000Z,2026-09-08 15:25,2476,2478.47,2475.52,2477,11032.147,1788852599999,futures
1788852600000,2026-09-08T07:30:00.000Z,2026-09-08 15:30,2477,2479.08,2476.69,2478.53,11062.203,1788852899999,futures
1788852900000,2026-09-08T07:35:00.000Z,2026-09-08 15:35,2478.52,2480.46,2478,2480,7292.136,1788853199999,futures
1788853200000,2026-09-08T07:40:00.000Z,2026-09-08 15:40,2479.99,2483.96,2477.12,2477.62,18661.329,1788853499999,futures
1788853500000,2026-09-08T07:45:00.000Z,2026-09-08 15:45,2477.62,2477.63,2473.36,2473.91,9740.072,1788853799999,futures
1788853800000,2026-09-08T07:50:00.000Z,2026-09-08 15:50,2473.92,2476.34,2470.3,2475.92,13657.023,1788854099999,futures
1788854100000,2026-09-08T07:55:00.000Z,2026-09-08 15:55,2475.91,2478.91,2475.91,2478.32,5726.103,1788854399999,futures
1788854400000,2026-09-08T08:00:00.000Z,2026-09-08 16:00,2478.33,2478.33,2469.72,2470.48,11324.968,1788854699999,futures
1788854700000,2026-09-08T08:05:00.000Z,2026-09-08 16:05,2470.49,2473.94,2468.19,2469.39,9282.395,1788854999999,futures
1788855000000,2026-09-08T08:10:00.000Z,2026-09-08 16:10,2469.4,2471.62,2467.75,2471.5,6677.623,1788855299999,futures
1788855300000,2026-09-08T08:15:00.000Z,2026-09-08 16:15,2471.5,2473.5,2469.34,2471.59,6685.347,1788855599999,futures
1788855600000,2026-09-08T08:20:00.000Z,2026-09-08 16:20,2471.58,2474.14,2469.57,2474.14,8341.091,1788855899999,futures
1788855900000,2026-09-08T08:25:00.000Z,2026-09-08 16:25,2474.14,2476.37,2471.53,2475.01,13735.841,1788856199999,futures
1788856200000,2026-09-08T08:30:00.000Z,2026-09-08 16:30,2475.01,2478.89,2473.5,2478.77,15162.113,1788856499999,futures
1788856500000,2026-09-08T08:35:00.000Z,2026-09-08 16:35,2478.76,2481.64,2478.66,2481.51,9066.938,1788856799999,futures
1788856800000,2026-09-08T08:40:00.000Z,2026-09-08 16:40,2481.52,2481.52,2479.09,2480.12,5893.039,1788857099999,futures
1788857100000,2026-09-08T08:45:00.000Z,2026-09-08 16:45,2480.11,2482.44,2478.46,2479.18,5831.525,1788857399999,futures
1788857400000,2026-09-08T08:50:00.000Z,2026-09-08 16:50,2479.18,2479.79,2475.78,2476.85,4595.935,1788857699999,futures
1788857700000,2026-09-08T08:55:00.000Z,2026-09-08 16:55,2476.86,2478.25,2475.22,2476.76,4186.387,1788857999999,futures
1788858000000,2026-09-08T09:00:00.000Z,2026-09-08 17:00,2476.75,2477.81,2474.53,2475.6,7123.829,1788858299999,futures
1788858300000,2026-09-08T09:05:00.000Z,2026-09-08 17:05,2475.61,2477,2474.23,2476.6,9972.605,1788858599999,futures
1788858600000,2026-09-08T09:10:00.000Z,2026-09-08 17:10,2476.6,2479.99,2475.17,2479.25,6354.859,1788858899999,futures
1788858900000,2026-09-08T09:15:00.000Z,2026-09-08 17:15,2479.26,2481.21,2478.58,2478.64,6061.906,1788859199999,futures
1788859200000,2026-09-08T09:20:00.000Z,2026-09-08 17:20,2478.64,2479.12,2475.35,2478.82,5390.438,1788859499999,futures
1788859500000,2026-09-08T09:25:00.000Z,2026-09-08 17:25,2478.83,2481,2478.74,2479.97,4183.238,1788859799999,futures
1788859800000,2026-09-08T09:30:00.000Z,2026-09-08 17:30,2479.97,2493.13,2479.52,2490.54,49855.994,1788860099999,futures
1788860100000,2026-09-08T09:35:00.000Z,2026-09-08 17:35,2490.55,2493.86,2488.41,2492.87,24394.776,1788860399999,futures
1788860400000,2026-09-08T09:40:00.000Z,2026-09-08 17:40,2492.87,2494.77,2491.67,2492.8,17566.975,1788860699999,futures
1788860700000,2026-09-08T09:45:00.000Z,2026-09-08 17:45,2492.8,2494.48,2491.82,2493.49,14025.22,1788860999999,futures
1788861000000,2026-09-08T09:50:00.000Z,2026-09-08 17:50,2493.49,2494,2490.18,2492.22,13731.015,1788861299999,futures
1788861300000,2026-09-08T09:55:00.000Z,2026-09-08 17:55,2492.23,2492.23,2489.98,2490.82,9437.646,1788861599999,futures
1788861600000,2026-09-08T10:00:00.000Z,2026-09-08 18:00,2490.82,2490.82,2486.58,2488.18,17803.175,1788861899999,futures
1788861900000,2026-09-08T10:05:00.000Z,2026-09-08 18:05,2488.17,2489.36,2486,2486.72,8302.408,1788862199999,futures
1788862200000,2026-09-08T10:10:00.000Z,2026-09-08 18:10,2486.72,2488.73,2485.96,2488.61,3814.265,1788862499999,futures
1788862500000,2026-09-08T10:15:00.000Z,2026-09-08 18:15,2488.6,2490.23,2488,2490.22,4499.938,1788862799999,futures
1788862800000,2026-09-08T10:20:00.000Z,2026-09-08 18:20,2490.23,2499.61,2490.22,2493.43,41965.262,1788863099999,futures
1788863100000,2026-09-08T10:25:00.000Z,2026-09-08 18:25,2493.44,2494.15,2490.47,2491.3,8939.822,1788863399999,futures
1788863400000,2026-09-08T10:30:00.000Z,2026-09-08 18:30,2491.3,2491.98,2486,2486,8138.542,1788863699999,futures
1788863700000,2026-09-08T10:35:00.000Z,2026-09-08 18:35,2486,2486,2483.25,2484.06,10671.976,1788863999999,futures
1788864000000,2026-09-08T10:40:00.000Z,2026-09-08 18:40,2484.05,2484.66,2481.59,2483.34,7159.349,1788864299999,futures
1788864300000,2026-09-08T10:45:00.000Z,2026-09-08 18:45,2483.33,2483.98,2482.88,2483.64,4138.721,1788864599999,futures
1788864600000,2026-09-08T10:50:00.000Z,2026-09-08 18:50,2483.65,2484.79,2482.01,2483.24,8876.407,1788864899999,futures
1788864900000,2026-09-08T10:55:00.000Z,2026-09-08 18:55,2483.24,2483.25,2479.56,2480.13,11957.188,1788865199999,futures
1788865200000,2026-09-08T11:00:00.000Z,2026-09-08 19:00,2480.14,2481.5,2477.48,2478.92,10651.152,1788865499999,futures
1788865500000,2026-09-08T11:05:00.000Z,2026-09-08 19:05,2478.93,2479.23,2474.47,2475.74,17856.47,1788865799999,futures
1788865800000,2026-09-08T11:10:00.000Z,2026-09-08 19:10,2475.74,2475.74,2470.21,2470.96,17295.731,1788866099999,futures
1788866100000,2026-09-08T11:15:00.000Z,2026-09-08 19:15,2470.96,2473.74,2470.92,2473.61,16216.895,1788866399999,futures
1788866400000,2026-09-08T11:20:00.000Z,2026-09-08 19:20,2473.6,2475.97,2473.35,2475.62,9769.621,1788866699999,futures
1788866700000,2026-09-08T11:25:00.000Z,2026-09-08 19:25,2475.63,2475.63,2473.47,2473.58,5475.632,1788866999999,futures
1788867000000,2026-09-08T11:30:00.000Z,2026-09-08 19:30,2473.58,2475.7,2473.2,2475.65,6693.859,1788867299999,futures
1788867300000,2026-09-08T11:35:00.000Z,2026-09-08 19:35,2475.65,2476.11,2474,2474,4278.539,1788867599999,futures
1788867600000,2026-09-08T11:40:00.000Z,2026-09-08 19:40,2474.01,2475.11,2472.48,2473.6,4886.236,1788867899999,futures
1788867900000,2026-09-08T11:45:00.000Z,2026-09-08 19:45,2473.6,2474,2471.26,2472.66,7008.876,1788868199999,futures
1788868200000,2026-09-08T11:50:00.000Z,2026-09-08 19:50,2472.65,2473.5,2470.33,2470.7,7483.811,1788868499999,futures
1788868500000,2026-09-08T11:55:00.000Z,2026-09-08 19:55,2470.7,2474.04,2470.7,2473.35,5350.304,1788868799999,futures
1788868800000,2026-09-08T12:00:00.000Z,2026-09-08 20:00,2473.36,2473.36,2466,2467.58,19050.869,1788869099999,futures
1788869100000,2026-09-08T12:05:00.000Z,2026-09-08 20:05,2467.58,2472.32,2467.57,2472.28,11969.668,1788869399999,futures
1788869400000,2026-09-08T12:10:00.000Z,2026-09-08 20:10,2472.29,2473,2468.01,2468.05,6520.82,1788869699999,futures
1788869700000,2026-09-08T12:15:00.000Z,2026-09-08 20:15,2468.05,2471.66,2468.04,2471.51,4567.059,1788869999999,futures
1788870000000,2026-09-08T12:20:00.000Z,2026-09-08 20:20,2471.5,2474.22,2470.89,2474.05,4729.501,1788870299999,futures
1788870300000,2026-09-08T12:25:00.000Z,2026-09-08 20:25,2474.05,2474.81,2472.28,2474.29,3875.975,1788870599999,futures
1788870600000,2026-09-08T12:30:00.000Z,2026-09-08 20:30,2474.29,2474.84,2470.52,2472.54,13611.693,1788870899999,futures
1788870900000,2026-09-08T12:35:00.000Z,2026-09-08 20:35,2472.54,2473.14,2471.14,2472.1,3654.153,1788871199999,futures
1788871200000,2026-09-08T12:40:00.000Z,2026-09-08 20:40,2472.09,2472.74,2469,2471.66,5600.373,1788871499999,futures
1788871500000,2026-09-08T12:45:00.000Z,2026-09-08 20:45,2471.66,2473.75,2470.61,2473.42,10147.097,1788871799999,futures
1788871800000,2026-09-08T12:50:00.000Z,2026-09-08 20:50,2473.43,2474.44,2470.35,2474.43,7361.007,1788872099999,futures
1788872100000,2026-09-08T12:55:00.000Z,2026-09-08 20:55,2474.44,2474.98,2471,2471.72,6311.014,1788872399999,futures
1788872400000,2026-09-08T13:00:00.000Z,2026-09-08 21:00,2471.72,2473.32,2469.31,2473.28,8743.123,1788872699999,futures
1788872700000,2026-09-08T13:05:00.000Z,2026-09-08 21:05,2473.28,2474.47,2470.97,2471.27,4808.365,1788872999999,futures
1788873000000,2026-09-08T13:10:00.000Z,2026-09-08 21:10,2471.27,2473.01,2470.67,2471.99,2879.859,1788873299999,futures
1788873300000,2026-09-08T13:15:00.000Z,2026-09-08 21:15,2471.99,2473.01,2469.54,2469.54,4071.566,1788873599999,futures
1788873600000,2026-09-08T13:20:00.000Z,2026-09-08 21:20,2469.55,2470.74,2465,2468.18,15488.445,1788873899999,futures
1788873900000,2026-09-08T13:25:00.000Z,2026-09-08 21:25,2468.17,2471.27,2467.48,2468.34,6859.53,1788874199999,futures
1788874200000,2026-09-08T13:30:00.000Z,2026-09-08 21:30,2468.35,2468.8,2453.01,2455.38,110584.566,1788874499999,futures
1788874500000,2026-09-08T13:35:00.000Z,2026-09-08 21:35,2455.38,2457.96,2444.69,2445.77,84131.7,1788874799999,futures
1788874800000,2026-09-08T13:40:00.000Z,2026-09-08 21:40,2445.77,2448.66,2440.22,2448.4,75428.294,1788875099999,futures
1788875100000,2026-09-08T13:45:00.000Z,2026-09-08 21:45,2448.39,2453,2445.53,2452.79,52052.296,1788875399999,futures
1788875400000,2026-09-08T13:50:00.000Z,2026-09-08 21:50,2452.79,2452.9,2444.65,2452.7,28283.136,1788875699999,futures
1788875700000,2026-09-08T13:55:00.000Z,2026-09-08 21:55,2452.7,2463.32,2452.06,2458.37,45370.065,1788875999999,futures
1788876000000,2026-09-08T14:00:00.000Z,2026-09-08 22:00,2458.36,2460.95,2455.69,2459.93,20165.386,1788876299999,futures
1788876300000,2026-09-08T14:05:00.000Z,2026-09-08 22:05,2459.94,2463.29,2458.52,2460.66,16960.229,1788876599999,futures
1788876600000,2026-09-08T14:10:00.000Z,2026-09-08 22:10,2460.66,2475.69,2460,2471.75,103978.714,1788876899999,futures
1788876900000,2026-09-08T14:15:00.000Z,2026-09-08 22:15,2471.76,2480.95,2471.76,2478.51,63119.244,1788877199999,futures
1788877200000,2026-09-08T14:20:00.000Z,2026-09-08 22:20,2478.5,2483.17,2476.61,2477.38,44919.541,1788877499999,futures
1788877500000,2026-09-08T14:25:00.000Z,2026-09-08 22:25,2477.38,2478.77,2473.34,2478.35,17401.428,1788877799999,futures
1788877800000,2026-09-08T14:30:00.000Z,2026-09-08 22:30,2478.36,2480.91,2474.84,2480.27,14282.437,1788878099999,futures
1788878100000,2026-09-08T14:35:00.000Z,2026-09-08 22:35,2480.26,2481.67,2476.02,2479.17,12869.097,1788878399999,futures
1788878400000,2026-09-08T14:40:00.000Z,2026-09-08 22:40,2479.17,2482.68,2477.1,2479.9,15085.94,1788878699999,futures
1788878700000,2026-09-08T14:45:00.000Z,2026-09-08 22:45,2479.9,2486.06,2479.06,2484.78,31465.675,1788878999999,futures
1788879000000,2026-09-08T14:50:00.000Z,2026-09-08 22:50,2484.78,2485.88,2480.58,2483.2,13878.156,1788879299999,futures
1788879300000,2026-09-08T14:55:00.000Z,2026-09-08 22:55,2483.19,2485.92,2482.5,2484.82,12463.964,1788879599999,futures
1788879600000,2026-09-08T15:00:00.000Z,2026-09-08 23:00,2484.82,2489.83,2484.13,2485.58,24777.604,1788879899999,futures
1788879900000,2026-09-08T15:05:00.000Z,2026-09-08 23:05,2485.59,2487.5,2482.86,2487.5,16185.666,1788880199999,futures
1788880200000,2026-09-08T15:10:00.000Z,2026-09-08 23:10,2487.5,2490.58,2485.19,2487.93,13126.466,1788880499999,futures
1788880500000,2026-09-08T15:15:00.000Z,2026-09-08 23:15,2487.93,2491.61,2486.18,2487.23,17678.264,1788880799999,futures
1788880800000,2026-09-08T15:20:00.000Z,2026-09-08 23:20,2487.23,2488,2479.22,2484.39,34881.206,1788881099999,futures
1788881100000,2026-09-08T15:25:00.000Z,2026-09-08 23:25,2484.38,2485.39,2481,2481.19,11621.054,1788881399999,futures
1788881400000,2026-09-08T15:30:00.000Z,2026-09-08 23:30,2481.19,2487.48,2481.19,2486.38,12051.204,1788881699999,futures
1788881700000,2026-09-08T15:35:00.000Z,2026-09-08 23:35,2486.38,2493.75,2486.38,2492.22,24629.27,1788881999999,futures
1788882000000,2026-09-08T15:40:00.000Z,2026-09-08 23:40,2492.22,2496.68,2490.15,2495.11,22136.33,1788882299999,futures
1788882300000,2026-09-08T15:45:00.000Z,2026-09-08 23:45,2495.12,2498.07,2492.74,2495.69,26123.319,1788882599999,futures
1788882600000,2026-09-08T15:50:00.000Z,2026-09-08 23:50,2495.69,2498.99,2493.61,2495.86,22679.031,1788882899999,futures
1788882900000,2026-09-08T15:55:00.000Z,2026-09-08 23:55,2495.86,2501.41,2495.31,2497.77,31593.662,1788883199999,futures
1788883200000,2026-09-08T16:00:00.000Z,2026-09-09 00:00,2497.77,2498.14,2494.56,2496.76,15700.013,1788883499999,futures
1788883500000,2026-09-08T16:05:00.000Z,2026-09-09 00:05,2496.76,2497.26,2493.02,2493.03,13414.87,1788883799999,futures
1788883800000,2026-09-08T16:10:00.000Z,2026-09-09 00:10,2493.03,2493.33,2487.75,2489,27960.882,1788884099999,futures
1788884100000,2026-09-08T16:15:00.000Z,2026-09-09 00:15,2489,2490.89,2485.8,2488.06,13387.804,1788884399999,futures
1788884400000,2026-09-08T16:20:00.000Z,2026-09-09 00:20,2488.05,2492.01,2486.73,2489.5,9438.562,1788884699999,futures
1788884700000,2026-09-08T16:25:00.000Z,2026-09-09 00:25,2489.5,2492,2488.28,2489.38,7032.289,1788884999999,futures
1788885000000,2026-09-08T16:30:00.000Z,2026-09-09 00:30,2489.38,2493.58,2488.69,2491.45,5672.677,1788885299999,futures
1788885300000,2026-09-08T16:35:00.000Z,2026-09-09 00:35,2491.44,2502.52,2490.77,2502.28,19726.038,1788885599999,futures
1788885600000,2026-09-08T16:40:00.000Z,2026-09-09 00:40,2502.27,2504.71,2495.47,2496.12,24272.741,1788885899999,futures
1788885900000,2026-09-08T16:45:00.000Z,2026-09-09 00:45,2496.12,2498,2493.26,2497.99,8592.626,1788886199999,futures
1788886200000,2026-09-08T16:50:00.000Z,2026-09-09 00:50,2498,2499.96,2493.65,2497.61,13168.898,1788886499999,futures
1788886500000,2026-09-08T16:55:00.000Z,2026-09-09 00:55,2497.61,2498,2492.64,2495.73,19801.542,1788886799999,futures
1788886800000,2026-09-08T17:00:00.000Z,2026-09-09 01:00,2495.72,2502.85,2495.69,2498.87,20844.948,1788887099999,futures
1788887100000,2026-09-08T17:05:00.000Z,2026-09-09 01:05,2498.87,2501.64,2493.88,2493.95,11873.684,1788887399999,futures
1788887400000,2026-09-08T17:10:00.000Z,2026-09-09 01:10,2493.95,2495.5,2492.53,2495.23,8600.843,1788887699999,futures
1788887700000,2026-09-08T17:15:00.000Z,2026-09-09 01:15,2495.22,2495.67,2492.61,2492.85,5270.023,1788887999999,futures
1788888000000,2026-09-08T17:20:00.000Z,2026-09-09 01:20,2492.84,2492.85,2490.35,2491.3,7049.462,1788888299999,futures
1788888300000,2026-09-08T17:25:00.000Z,2026-09-09 01:25,2491.29,2491.3,2487.59,2490.71,11488.915,1788888599999,futures
1788888600000,2026-09-08T17:30:00.000Z,2026-09-09 01:30,2490.7,2491.52,2488.85,2491,7089.447,1788888899999,futures
1788888900000,2026-09-08T17:35:00.000Z,2026-09-09 01:35,2491,2493.8,2490.77,2490.78,7833.429,1788889199999,futures
1788889200000,2026-09-08T17:40:00.000Z,2026-09-09 01:40,2490.77,2490.77,2486.42,2486.99,7978.808,1788889499999,futures
1788889500000,2026-09-08T17:45:00.000Z,2026-09-09 01:45,2487,2490,2486.7,2487.91,5732.903,1788889799999,futures
1788889800000,2026-09-08T17:50:00.000Z,2026-09-09 01:50,2487.91,2493.48,2487.91,2491,7974.182,1788890099999,futures
1788890100000,2026-09-08T17:55:00.000Z,2026-09-09 01:55,2491,2491,2487.21,2487.3,2573.221,1788890399999,futures
1788890400000,2026-09-08T18:00:00.000Z,2026-09-09 02:00,2487.31,2490.27,2487,2489.31,8245.772,1788890699999,futures
1788890700000,2026-09-08T18:05:00.000Z,2026-09-09 02:05,2489.31,2496.74,2489.31,2495.4,19342.774,1788890999999,futures
1788891000000,2026-09-08T18:10:00.000Z,2026-09-09 02:10,2495.41,2497.7,2495.02,2496.57,4737.004,1788891299999,futures
1788891300000,2026-09-08T18:15:00.000Z,2026-09-09 02:15,2496.58,2500.76,2496.57,2500.32,14924.74,1788891599999,futures
1788891600000,2026-09-08T18:20:00.000Z,2026-09-09 02:20,2500.33,2508.61,2499.39,2503.46,32710.391,1788891899999,futures
1788891900000,2026-09-08T18:25:00.000Z,2026-09-09 02:25,2503.46,2503.97,2498.28,2499.55,8489.509,1788892199999,futures
1788892200000,2026-09-08T18:30:00.000Z,2026-09-09 02:30,2499.54,2502.18,2499.06,2499.6,5917.762,1788892499999,futures
1788892500000,2026-09-08T18:35:00.000Z,2026-09-09 02:35,2499.6,2499.61,2494.02,2494.03,9563.649,1788892799999,futures
1788892800000,2026-09-08T18:40:00.000Z,2026-09-09 02:40,2494.03,2495.23,2493.35,2494.95,4856.199,1788893099999,futures
1788893100000,2026-09-08T18:45:00.000Z,2026-09-09 02:45,2494.95,2496.45,2478.16,2479.72,52541.148,1788893399999,futures
1788893400000,2026-09-08T18:50:00.000Z,2026-09-09 02:50,2479.72,2486.26,2473.21,2482.47,52213.758,1788893699999,futures
1788893700000,2026-09-08T18:55:00.000Z,2026-09-09 02:55,2482.47,2486.35,2480.88,2485.68,20875.599,1788893999999,futures
1788894000000,2026-09-08T19:00:00.000Z,2026-09-09 03:00,2485.68,2490.65,2483.21,2490.07,13739.968,1788894299999,futures
1788894300000,2026-09-08T19:05:00.000Z,2026-09-09 03:05,2490.06,2490.06,2485.04,2486.28,9162.474,1788894599999,futures
1788894600000,2026-09-08T19:10:00.000Z,2026-09-09 03:10,2486.28,2487.4,2483.18,2484.86,12998.919,1788894899999,futures
1788894900000,2026-09-08T19:15:00.000Z,2026-09-09 03:15,2484.87,2488.75,2484,2484.92,5542.76,1788895199999,futures
1788895200000,2026-09-08T19:20:00.000Z,2026-09-09 03:20,2484.92,2485.9,2480.96,2483.1,9657.878,1788895499999,futures
1788895500000,2026-09-08T19:25:00.000Z,2026-09-09 03:25,2483.1,2485.54,2481.03,2485.54,7578.207,1788895799999,futures
1788895800000,2026-09-08T19:30:00.000Z,2026-09-09 03:30,2485.55,2485.85,2478,2483.42,11500.567,1788896099999,futures
1788896100000,2026-09-08T19:35:00.000Z,2026-09-09 03:35,2483.43,2485.39,2481.27,2484.62,5978.662,1788896399999,futures
1788896400000,2026-09-08T19:40:00.000Z,2026-09-09 03:40,2484.62,2487.55,2480.6,2480.77,7521.551,1788896699999,futures
1788896700000,2026-09-08T19:45:00.000Z,2026-09-09 03:45,2480.78,2480.78,2475,2479.26,17297.413,1788896999999,futures
1788897000000,2026-09-08T19:50:00.000Z,2026-09-09 03:50,2479.26,2479.46,2475.37,2477,11916.451,1788897299999,futures
1788897300000,2026-09-08T19:55:00.000Z,2026-09-09 03:55,2477.01,2481,2475.23,2480.99,8051.569,1788897599999,futures
1788897600000,2026-09-08T20:00:00.000Z,2026-09-09 04:00,2480.99,2483.9,2479.19,2481.88,9703.778,1788897899999,futures
1788897900000,2026-09-08T20:05:00.000Z,2026-09-09 04:05,2481.89,2486.26,2480.88,2485.74,3772.562,1788898199999,futures
1788898200000,2026-09-08T20:10:00.000Z,2026-09-09 04:10,2485.74,2490.73,2485.73,2489.64,11634.153,1788898499999,futures
1788898500000,2026-09-08T20:15:00.000Z,2026-09-09 04:15,2489.64,2489.97,2484.37,2484.6,5686.105,1788898799999,futures
1788898800000,2026-09-08T20:20:00.000Z,2026-09-09 04:20,2484.59,2485.49,2481.66,2483.75,5962.086,1788899099999,futures
1788899100000,2026-09-08T20:25:00.000Z,2026-09-09 04:25,2483.75,2486.42,2483.74,2486.02,5196.587,1788899399999,futures
1788899400000,2026-09-08T20:30:00.000Z,2026-09-09 04:30,2486.03,2486.03,2479.38,2480.11,4323.55,1788899699999,futures
1788899700000,2026-09-08T20:35:00.000Z,2026-09-09 04:35,2480.12,2484.16,2479.55,2483.17,2107.176,1788899999999,futures
1788900000000,2026-09-08T20:40:00.000Z,2026-09-09 04:40,2483.17,2483.47,2480.54,2482.96,1932.73,1788900299999,futures
1788900300000,2026-09-08T20:45:00.000Z,2026-09-09 04:45,2482.96,2484.09,2481.81,2482.23,4432.493,1788900599999,futures
1788900600000,2026-09-08T20:50:00.000Z,2026-09-09 04:50,2482.24,2485.03,2482.24,2482.76,1327.635,1788900899999,futures
1788900900000,2026-09-08T20:55:00.000Z,2026-09-09 04:55,2482.76,2485.08,2481.62,2481.95,2871.019,1788901199999,futures
1788901200000,2026-09-08T21:00:00.000Z,2026-09-09 05:00,2481.96,2485.56,2481.41,2483.12,4156.046,1788901499999,futures
1788901500000,2026-09-08T21:05:00.000Z,2026-09-09 05:05,2483.12,2484.62,2482.71,2484.15,1614.761,1788901799999,futures
1788901800000,2026-09-08T21:10:00.000Z,2026-09-09 05:10,2484.15,2485.71,2484.01,2484.59,1522.602,1788902099999,futures
1788902100000,2026-09-08T21:15:00.000Z,2026-09-09 05:15,2484.59,2486.31,2483.34,2483.55,2232.434,1788902399999,futures
1788902400000,2026-09-08T21:20:00.000Z,2026-09-09 05:20,2483.55,2484.11,2481.24,2481.83,3982.194,1788902699999,futures
1788902700000,2026-09-08T21:25:00.000Z,2026-09-09 05:25,2481.83,2485.45,2481.65,2481.73,3605.631,1788902999999,futures
1788903000000,2026-09-08T21:30:00.000Z,2026-09-09 05:30,2481.73,2482.83,2479.23,2480.67,4308.517,1788903299999,futures
1788903300000,2026-09-08T21:35:00.000Z,2026-09-09 05:35,2480.66,2483,2479.11,2482.84,2819.009,1788903599999,futures
1788903600000,2026-09-08T21:40:00.000Z,2026-09-09 05:40,2482.84,2483.63,2479.17,2482.03,4882.654,1788903899999,futures
1788903900000,2026-09-08T21:45:00.000Z,2026-09-09 05:45,2482.03,2483.16,2481.28,2481.96,3066.183,1788904199999,futures
1788904200000,2026-09-08T21:50:00.000Z,2026-09-09 05:50,2481.96,2481.97,2477.47,2478.59,7851.777,1788904499999,futures
1788904500000,2026-09-08T21:55:00.000Z,2026-09-09 05:55,2478.59,2482.22,2478.49,2481.91,7728.136,1788904799999,futures
1788904800000,2026-09-08T22:00:00.000Z,2026-09-09 06:00,2481.9,2488.19,2481.01,2485.41,7312.304,1788905099999,futures
1788905100000,2026-09-08T22:05:00.000Z,2026-09-09 06:05,2485.41,2485.42,2481.11,2481.32,3009.522,1788905399999,futures
1788905400000,2026-09-08T22:10:00.000Z,2026-09-09 06:10,2481.32,2482.82,2480.55,2482.82,2246.01,1788905699999,futures
1788905700000,2026-09-08T22:15:00.000Z,2026-09-09 06:15,2482.82,2485.15,2482.5,2482.5,2893.316,1788905999999,futures
1788906000000,2026-09-08T22:20:00.000Z,2026-09-09 06:20,2482.51,2485.74,2482.25,2483.69,3973.265,1788906299999,futures
1788906300000,2026-09-08T22:25:00.000Z,2026-09-09 06:25,2483.7,2484.28,2482.73,2483.51,1255.953,1788906599999,futures
1788906600000,2026-09-08T22:30:00.000Z,2026-09-09 06:30,2483.51,2483.51,2482.17,2482.39,1253.188,1788906899999,futures
1788906900000,2026-09-08T22:35:00.000Z,2026-09-09 06:35,2482.39,2483.76,2481.5,2482.89,1395.285,1788907199999,futures
1788907200000,2026-09-08T22:40:00.000Z,2026-09-09 06:40,2482.89,2486.23,2482.8,2483.41,7129.441,1788907499999,futures
1788907500000,2026-09-08T22:45:00.000Z,2026-09-09 06:45,2483.4,2485.96,2483.4,2485.96,982.144,1788907799999,futures
1788907800000,2026-09-08T22:50:00.000Z,2026-09-09 06:50,2485.96,2486.88,2485.28,2485.81,1626.522,1788908099999,futures
1788908100000,2026-09-08T22:55:00.000Z,2026-09-09 06:55,2485.81,2489.28,2485.6,2488.07,7476.533,1788908399999,futures
1788908400000,2026-09-08T23:00:00.000Z,2026-09-09 07:00,2488.08,2489.53,2486.2,2486.37,6655.738,1788908699999,futures
1788908700000,2026-09-08T23:05:00.000Z,2026-09-09 07:05,2486.36,2486.51,2485.28,2485.75,2585.342,1788908999999,futures
1788909000000,2026-09-08T23:10:00.000Z,2026-09-09 07:10,2485.75,2485.75,2482.81,2484.24,5503.148,1788909299999,futures
1788909300000,2026-09-08T23:15:00.000Z,2026-09-09 07:15,2484.25,2484.25,2482.5,2483.04,2097.264,1788909599999,futures
1788909600000,2026-09-08T23:20:00.000Z,2026-09-09 07:20,2483.03,2483.83,2481.88,2482.68,3181.769,1788909899999,futures
1788909900000,2026-09-08T23:25:00.000Z,2026-09-09 07:25,2482.67,2483.61,2481.67,2483.43,2953.937,1788910199999,futures
1788910200000,2026-09-08T23:30:00.000Z,2026-09-09 07:30,2483.42,2484.21,2483.29,2483.83,2115.64,1788910499999,futures
1788910500000,2026-09-08T23:35:00.000Z,2026-09-09 07:35,2483.83,2484.81,2483.72,2484.19,2836.493,1788910799999,futures
1788910800000,2026-09-08T23:40:00.000Z,2026-09-09 07:40,2484.19,2484.76,2483.8,2484.32,1501.24,1788911099999,futures
1788911100000,2026-09-08T23:45:00.000Z,2026-09-09 07:45,2484.33,2484.79,2483.77,2483.78,2000.735,1788911399999,futures
1788911400000,2026-09-08T23:50:00.000Z,2026-09-09 07:50,2483.78,2485.42,2482.87,2482.87,2775.145,1788911699999,futures
1788911700000,2026-09-08T23:55:00.000Z,2026-09-09 07:55,2482.87,2484.57,2482.8,2483.87,1483.162,1788911999999,futures
1788912000000,2026-09-09T00:00:00.000Z,2026-09-09 08:00,2483.87,2488.5,2483.87,2488,3620.827,1788912299999,futures
1788912300000,2026-09-09T00:05:00.000Z,2026-09-09 08:05,2487.99,2492.8,2487.98,2490.96,11793.19,1788912599999,futures
1788912600000,2026-09-09T00:10:00.000Z,2026-09-09 08:10,2490.97,2494.32,2490.58,2493.81,5454.822,1788912899999,futures
1788912900000,2026-09-09T00:15:00.000Z,2026-09-09 08:15,2493.82,2493.96,2490.33,2492.33,3667.515,1788913199999,futures
1788913200000,2026-09-09T00:20:00.000Z,2026-09-09 08:20,2492.32,2493.87,2490.54,2490.99,2640.527,1788913499999,futures
1788913500000,2026-09-09T00:25:00.000Z,2026-09-09 08:25,2490.99,2491,2488.12,2489.99,3133.168,1788913799999,futures
1788913800000,2026-09-09T00:30:00.000Z,2026-09-09 08:30,2490,2490.6,2487.49,2489.17,3851.543,1788914099999,futures
1788914100000,2026-09-09T00:35:00.000Z,2026-09-09 08:35,2489.16,2490.82,2486.69,2490.82,2117.283,1788914399999,futures
1788914400000,2026-09-09T00:40:00.000Z,2026-09-09 08:40,2490.81,2492.49,2488.23,2492.36,2437.55,1788914699999,futures
1788914700000,2026-09-09T00:45:00.000Z,2026-09-09 08:45,2492.35,2495.49,2492.16,2495.34,7747.873,1788914999999,futures
1788915000000,2026-09-09T00:50:00.000Z,2026-09-09 08:50,2495.34,2496.74,2494,2496.11,3851.898,1788915299999,futures
1788915300000,2026-09-09T00:55:00.000Z,2026-09-09 08:55,2496.1,2496.33,2494.73,2495.54,3971.75,1788915599999,futures
1788915600000,2026-09-09T01:00:00.000Z,2026-09-09 09:00,2495.54,2496.16,2491.75,2491.75,3612.7,1788915899999,futures
1788915900000,2026-09-09T01:05:00.000Z,2026-09-09 09:05,2491.75,2495.92,2491.56,2495.92,4022.079,1788916199999,futures
1788916200000,2026-09-09T01:10:00.000Z,2026-09-09 09:10,2495.92,2498.26,2492.35,2493.5,8283.614,1788916499999,futures
1788916500000,2026-09-09T01:15:00.000Z,2026-09-09 09:15,2493.5,2494.25,2488.98,2489.18,8303.181,1788916799999,futures
1788916800000,2026-09-09T01:20:00.000Z,2026-09-09 09:20,2489.19,2490.98,2488.08,2490.97,5700.421,1788917099999,futures
1788917100000,2026-09-09T01:25:00.000Z,2026-09-09 09:25,2490.98,2492.8,2489.17,2491.29,3862.268,1788917399999,futures
1788917400000,2026-09-09T01:30:00.000Z,2026-09-09 09:30,2491.28,2492.51,2489.52,2492,1478.799,1788917699999,futures
1788917700000,2026-09-09T01:35:00.000Z,2026-09-09 09:35,2492,2498,2492,2496.4,6173.235,1788917999999,futures
1788918000000,2026-09-09T01:40:00.000Z,2026-09-09 09:40,2496.39,2498.3,2494.16,2495.69,4065.047,1788918299999,futures
1788918300000,2026-09-09T01:45:00.000Z,2026-09-09 09:45,2495.69,2498.94,2495.68,2496.26,7306.461,1788918599999,futures
1788918600000,2026-09-09T01:50:00.000Z,2026-09-09 09:50,2496.27,2498.58,2495,2497.26,12346.931,1788918899999,futures
1788918900000,2026-09-09T01:55:00.000Z,2026-09-09 09:55,2497.26,2497.5,2495,2496.73,5869.919,1788919199999,futures
1788919200000,2026-09-09T02:00:00.000Z,2026-09-09 10:00,2496.72,2497.96,2495,2496.42,6881.984,1788919499999,futures
1788919500000,2026-09-09T02:05:00.000Z,2026-09-09 10:05,2496.42,2497.91,2494.5,2497.75,4005.444,1788919799999,futures
1788919800000,2026-09-09T02:10:00.000Z,2026-09-09 10:10,2497.75,2499.5,2493.25,2493.43,9136.535,1788920099999,futures
1788920100000,2026-09-09T02:15:00.000Z,2026-09-09 10:15,2493.43,2494.2,2488.55,2492.34,10268.697,1788920399999,futures
1788920400000,2026-09-09T02:20:00.000Z,2026-09-09 10:20,2492.34,2496.78,2490.08,2496.59,6091.941,1788920699999,futures
1788920700000,2026-09-09T02:25:00.000Z,2026-09-09 10:25,2496.59,2496.59,2493.51,2496,4611.998,1788920999999,futures
1788921000000,2026-09-09T02:30:00.000Z,2026-09-09 10:30,2496,2496.6,2494,2494.98,3002.957,1788921299999,futures
1788921300000,2026-09-09T02:35:00.000Z,2026-09-09 10:35,2494.98,2495.55,2493.47,2494.27,1834.129,1788921599999,futures
1788921600000,2026-09-09T02:40:00.000Z,2026-09-09 10:40,2494.28,2496.54,2493.67,2496.05,1530.93,1788921899999,futures
1788921900000,2026-09-09T02:45:00.000Z,2026-09-09 10:45,2496.04,2496.35,2494.72,2495.04,2081.065,1788922199999,futures
1788922200000,2026-09-09T02:50:00.000Z,2026-09-09 10:50,2495.04,2496.35,2494.56,2494.7,1816.672,1788922499999,futures
1788922500000,2026-09-09T02:55:00.000Z,2026-09-09 10:55,2494.7,2494.71,2492.64,2492.64,1816.628,1788922799999,futures
1788922800000,2026-09-09T03:00:00.000Z,2026-09-09 11:00,2492.64,2492.82,2490.12,2490.38,3586.167,1788923099999,futures
1788923100000,2026-09-09T03:05:00.000Z,2026-09-09 11:05,2490.38,2492.45,2489.01,2489.31,4756.024,1788923399999,futures
1788923400000,2026-09-09T03:10:00.000Z,2026-09-09 11:10,2489.31,2489.71,2485.68,2486.43,13147.452,1788923699999,futures
1788923700000,2026-09-09T03:15:00.000Z,2026-09-09 11:15,2486.43,2488.95,2486.15,2486.61,5460.042,1788923999999,futures
1788924000000,2026-09-09T03:20:00.000Z,2026-09-09 11:20,2486.62,2487.89,2486.62,2487.01,2323.579,1788924299999,futures
1788924300000,2026-09-09T03:25:00.000Z,2026-09-09 11:25,2487,2487.19,2485.55,2486.53,2840.74,1788924599999,futures
1788924600000,2026-09-09T03:30:00.000Z,2026-09-09 11:30,2486.52,2488.02,2486.41,2487.44,4227.193,1788924899999,futures
1788924900000,2026-09-09T03:35:00.000Z,2026-09-09 11:35,2487.44,2488.35,2486.59,2488.35,2097.061,1788925199999,futures
1788925200000,2026-09-09T03:40:00.000Z,2026-09-09 11:40,2488.34,2490.86,2488.33,2489.58,3113.668,1788925499999,futures
1788925500000,2026-09-09T03:45:00.000Z,2026-09-09 11:45,2489.58,2491.29,2488.71,2489.28,4408.274,1788925799999,futures
1788925800000,2026-09-09T03:50:00.000Z,2026-09-09 11:50,2489.28,2489.29,2485.2,2487.27,10161.187,1788926099999,futures
1788926100000,2026-09-09T03:55:00.000Z,2026-09-09 11:55,2487.26,2489.16,2486.46,2487.79,2897.245,1788926399999,futures
1788926400000,2026-09-09T04:00:00.000Z,2026-09-09 12:00,2487.78,2502.14,2487.78,2502.04,37423.71,1788926699999,futures
1788926700000,2026-09-09T04:05:00.000Z,2026-09-09 12:05,2502.04,2502.28,2494.74,2494.74,16283.119,1788926999999,futures
1788927000000,2026-09-09T04:10:00.000Z,2026-09-09 12:10,2494.73,2498.23,2494.07,2495.9,9860.131,1788927299999,futures
1788927300000,2026-09-09T04:15:00.000Z,2026-09-09 12:15,2495.89,2496.6,2493.35,2494.66,6829.106,1788927599999,futures
1788927600000,2026-09-09T04:20:00.000Z,2026-09-09 12:20,2494.65,2498.62,2494.07,2498.35,5166.396,1788927899999,futures
1788927900000,2026-09-09T04:25:00.000Z,2026-09-09 12:25,2498.34,2498.54,2496.12,2496.12,4332.001,1788928199999,futures
1788928200000,2026-09-09T04:30:00.000Z,2026-09-09 12:30,2496.12,2497.43,2495.52,2497.27,3254.639,1788928499999,futures
1788928500000,2026-09-09T04:35:00.000Z,2026-09-09 12:35,2497.26,2498.81,2497.02,2497.26,4207.958,1788928799999,futures
1788928800000,2026-09-09T04:40:00.000Z,2026-09-09 12:40,2497.26,2513,2496.87,2511.42,57806.119,1788929099999,futures
1788929100000,2026-09-09T04:45:00.000Z,2026-09-09 12:45,2511.42,2513.2,2504.53,2506.9,23871.363,1788929399999,futures
1788929400000,2026-09-09T04:50:00.000Z,2026-09-09 12:50,2506.89,2511,2506.61,2509.01,14416.489,1788929699999,futures
1788929700000,2026-09-09T04:55:00.000Z,2026-09-09 12:55,2509.01,2511,2507.63,2508.68,11515.9,1788929999999,futures
1788930000000,2026-09-09T05:00:00.000Z,2026-09-09 13:00,2508.68,2509.4,2503.68,2503.89,15023,1788930299999,futures
1788930300000,2026-09-09T05:05:00.000Z,2026-09-09 13:05,2503.88,2505.45,2501.82,2504.38,11592.257,1788930599999,futures
1788930600000,2026-09-09T05:10:00.000Z,2026-09-09 13:10,2504.37,2508.46,2503.07,2507.09,6527.485,1788930899999,futures
1788930900000,2026-09-09T05:15:00.000Z,2026-09-09 13:15,2507.09,2510.68,2505.68,2507.43,14656.383,1788931199999,futures
1788931200000,2026-09-09T05:20:00.000Z,2026-09-09 13:20,2507.42,2507.43,2503.8,2504.66,6630.145,1788931499999,futures
1788931500000,2026-09-09T05:25:00.000Z,2026-09-09 13:25,2504.67,2505.49,2501.33,2501.74,8176.518,1788931799999,futures
1788931800000,2026-09-09T05:30:00.000Z,2026-09-09 13:30,2501.75,2502.69,2494.07,2496.51,26672.227,1788932099999,futures
1788932100000,2026-09-09T05:35:00.000Z,2026-09-09 13:35,2496.51,2497.82,2494.12,2494.52,13671.328,1788932399999,futures
1788932400000,2026-09-09T05:40:00.000Z,2026-09-09 13:40,2494.52,2495.58,2492.08,2494.64,14073.899,1788932699999,futures
1788932700000,2026-09-09T05:45:00.000Z,2026-09-09 13:45,2494.63,2494.64,2490,2491.22,21137.866,1788932999999,futures
1788933000000,2026-09-09T05:50:00.000Z,2026-09-09 13:50,2491.21,2495.18,2491.08,2495.18,7170.214,1788933299999,futures
1788933300000,2026-09-09T05:55:00.000Z,2026-09-09 13:55,2495.18,2495.92,2494.17,2495.45,6104.852,1788933599999,futures
1788933600000,2026-09-09T06:00:00.000Z,2026-09-09 14:00,2495.46,2496.28,2491.45,2492.98,8282.818,1788933899999,futures
1788933900000,2026-09-09T06:05:00.000Z,2026-09-09 14:05,2492.98,2496.57,2492.1,2495.14,4583.326,1788934199999,futures
1788934200000,2026-09-09T06:10:00.000Z,2026-09-09 14:10,2495.14,2500.64,2495.13,2499.8,7849.368,1788934499999,futures
1788934500000,2026-09-09T06:15:00.000Z,2026-09-09 14:15,2499.81,2501.62,2499.02,2501.25,6736.497,1788934799999,futures
1788934800000,2026-09-09T06:20:00.000Z,2026-09-09 14:20,2501.25,2504.73,2500.8,2501.3,8701.029,1788935099999,futures
1788935100000,2026-09-09T06:25:00.000Z,2026-09-09 14:25,2501.3,2502.04,2498.7,2498.89,4012.844,1788935399999,futures
1788935400000,2026-09-09T06:30:00.000Z,2026-09-09 14:30,2498.9,2500.56,2497.02,2498.67,6065.786,1788935699999,futures
1788935700000,2026-09-09T06:35:00.000Z,2026-09-09 14:35,2498.67,2501,2498.53,2500.1,4290.446,1788935999999,futures
1788936000000,2026-09-09T06:40:00.000Z,2026-09-09 14:40,2500.1,2500.57,2498.88,2499.68,2622.043,1788936299999,futures
1788936300000,2026-09-09T06:45:00.000Z,2026-09-09 14:45,2499.68,2500,2498,2498.42,1673.595,1788936599999,futures
1788936600000,2026-09-09T06:50:00.000Z,2026-09-09 14:50,2498.42,2499.52,2498.08,2498.23,2489.758,1788936899999,futures
1788936900000,2026-09-09T06:55:00.000Z,2026-09-09 14:55,2498.23,2500.79,2498,2500.05,5800.327,1788937199999,futures
1788937200000,2026-09-09T07:00:00.000Z,2026-09-09 15:00,2500.06,2502.78,2498.7,2502.78,7001.932,1788937499999,futures
1788937500000,2026-09-09T07:05:00.000Z,2026-09-09 15:05,2502.78,2517.03,2502.66,2512.63,59696.067,1788937799999,futures
1788937800000,2026-09-09T07:10:00.000Z,2026-09-09 15:10,2512.64,2515.9,2509.79,2510.2,21022.885,1788938099999,futures
1788938100000,2026-09-09T07:15:00.000Z,2026-09-09 15:15,2510.2,2512.18,2508.47,2509.43,10882.509,1788938399999,futures
1788938400000,2026-09-09T07:20:00.000Z,2026-09-09 15:20,2509.42,2513.04,2509.42,2513.03,8545.145,1788938699999,futures
1788938700000,2026-09-09T07:25:00.000Z,2026-09-09 15:25,2513.04,2514.23,2508.9,2514.23,11358.069,1788938999999,futures
1788939000000,2026-09-09T07:30:00.000Z,2026-09-09 15:30,2514.22,2515.26,2511.55,2512.04,10263.593,1788939299999,futures
1788939300000,2026-09-09T07:35:00.000Z,2026-09-09 15:35,2512.04,2512.99,2511.37,2511.53,4513.337,1788939599999,futures
1788939600000,2026-09-09T07:40:00.000Z,2026-09-09 15:40,2511.53,2512,2509.62,2510.65,10827.028,1788939899999,futures
1788939900000,2026-09-09T07:45:00.000Z,2026-09-09 15:45,2510.64,2511.4,2508.92,2509.42,7120.712,1788940199999,futures
1788940200000,2026-09-09T07:50:00.000Z,2026-09-09 15:50,2509.41,2510,2508.27,2508.38,6316.829,1788940499999,futures
1788940500000,2026-09-09T07:55:00.000Z,2026-09-09 15:55,2508.38,2509.5,2507.64,2509.49,6158.008,1788940799999,futures
1788940800000,2026-09-09T08:00:00.000Z,2026-09-09 16:00,2509.5,2515.74,2509.39,2514.6,22201.813,1788941099999,futures
1788941100000,2026-09-09T08:05:00.000Z,2026-09-09 16:05,2514.61,2517.98,2512.7,2514.9,15340.371,1788941399999,futures
1788941400000,2026-09-09T08:10:00.000Z,2026-09-09 16:10,2514.89,2517.78,2513.64,2513.64,14698.076,1788941699999,futures
1788941700000,2026-09-09T08:15:00.000Z,2026-09-09 16:15,2513.65,2516.57,2513.09,2516.57,9409.209,1788941999999,futures
1788942000000,2026-09-09T08:20:00.000Z,2026-09-09 16:20,2516.57,2519.76,2515.5,2517,13466.133,1788942299999,futures
1788942300000,2026-09-09T08:25:00.000Z,2026-09-09 16:25,2516.99,2520.84,2516.3,2520.03,15068.91,1788942599999,futures
1788942600000,2026-09-09T08:30:00.000Z,2026-09-09 16:30,2520.03,2521.56,2517.52,2520.14,17955.615,1788942899999,futures
1788942900000,2026-09-09T08:35:00.000Z,2026-09-09 16:35,2520.14,2522.75,2515.17,2516.68,14712.059,1788943199999,futures
1788943200000,2026-09-09T08:40:00.000Z,2026-09-09 16:40,2516.68,2519,2516,2516.36,5440.893,1788943499999,futures
1788943500000,2026-09-09T08:45:00.000Z,2026-09-09 16:45,2516.36,2517.98,2515.02,2515.1,7250.236,1788943799999,futures
1788943800000,2026-09-09T08:50:00.000Z,2026-09-09 16:50,2515.1,2520.55,2514.53,2519.88,15417.424,1788944099999,futures
1788944100000,2026-09-09T08:55:00.000Z,2026-09-09 16:55,2519.89,2520.12,2518.82,2519,4385.801,1788944399999,futures
1788944400000,2026-09-09T09:00:00.000Z,2026-09-09 17:00,2519,2519.55,2516.55,2517.09,6902.21,1788944699999,futures
1788944700000,2026-09-09T09:05:00.000Z,2026-09-09 17:05,2517.09,2517.36,2511.18,2511.23,18546.266,1788944999999,futures
1788945000000,2026-09-09T09:10:00.000Z,2026-09-09 17:10,2511.23,2512.65,2509,2511.62,14926.027,1788945299999,futures
1788945300000,2026-09-09T09:15:00.000Z,2026-09-09 17:15,2511.61,2512.35,2509.13,2509.69,5244.302,1788945599999,futures
1788945600000,2026-09-09T09:20:00.000Z,2026-09-09 17:20,2509.69,2509.76,2508.01,2508.02,6104.106,1788945899999,futures
1788945900000,2026-09-09T09:25:00.000Z,2026-09-09 17:25,2508.02,2508.94,2507.64,2507.66,5374.627,1788946199999,futures
1788946200000,2026-09-09T09:30:00.000Z,2026-09-09 17:30,2507.67,2508.23,2504.17,2505.77,15052.005,1788946499999,futures
1788946500000,2026-09-09T09:35:00.000Z,2026-09-09 17:35,2505.77,2506.45,2500.5,2500.95,18048.717,1788946799999,futures
1788946800000,2026-09-09T09:40:00.000Z,2026-09-09 17:40,2500.96,2500.96,2490.23,2494.02,54831.42,1788947099999,futures
1788947100000,2026-09-09T09:45:00.000Z,2026-09-09 17:45,2494.02,2496.32,2491,2492.47,23899.738,1788947399999,futures
1788947400000,2026-09-09T09:50:00.000Z,2026-09-09 17:50,2492.47,2495,2491.6,2491.66,16199.695,1788947699999,futures
1788947700000,2026-09-09T09:55:00.000Z,2026-09-09 17:55,2491.66,2492.03,2489,2489.13,20602.183,1788947999999,futures
1788948000000,2026-09-09T10:00:00.000Z,2026-09-09 18:00,2489.13,2493.08,2488.2,2493.06,22117.056,1788948299999,futures
1788948300000,2026-09-09T10:05:00.000Z,2026-09-09 18:05,2493.06,2493.08,2489,2489,14903.931,1788948599999,futures
1788948600000,2026-09-09T10:10:00.000Z,2026-09-09 18:10,2489.01,2491.72,2488,2490.5,13490.313,1788948899999,futures
1788948900000,2026-09-09T10:15:00.000Z,2026-09-09 18:15,2490.5,2490.95,2485.36,2490.18,23350.403,1788949199999,futures
1788949200000,2026-09-09T10:20:00.000Z,2026-09-09 18:20,2490.19,2491.62,2488.74,2489.27,8839.544,1788949499999,futures
1788949500000,2026-09-09T10:25:00.000Z,2026-09-09 18:25,2489.27,2491.52,2488.4,2489.9,12872.927,1788949799999,futures
1788949800000,2026-09-09T10:30:00.000Z,2026-09-09 18:30,2489.89,2491.99,2489.28,2491.99,12680.55,1788950099999,futures
1788950100000,2026-09-09T10:35:00.000Z,2026-09-09 18:35,2491.99,2492.43,2488.22,2490.71,10077.886,1788950399999,futures
1788950400000,2026-09-09T10:40:00.000Z,2026-09-09 18:40,2490.72,2490.9,2488.34,2489.13,6059.768,1788950699999,futures
1788950700000,2026-09-09T10:45:00.000Z,2026-09-09 18:45,2489.13,2489.13,2486.5,2487.91,9273.058,1788950999999,futures
1788951000000,2026-09-09T10:50:00.000Z,2026-09-09 18:50,2487.91,2487.91,2480.52,2483,37785.536,1788951299999,futures
1788951300000,2026-09-09T10:55:00.000Z,2026-09-09 18:55,2483,2486.89,2482.79,2486.3,8330.956,1788951599999,futures
1788951600000,2026-09-09T11:00:00.000Z,2026-09-09 19:00,2486.31,2486.83,2480.79,2483.41,11303.721,1788951899999,futures
1788951900000,2026-09-09T11:05:00.000Z,2026-09-09 19:05,2483.4,2485.55,2481.38,2485.55,9426.997,1788952199999,futures
1788952200000,2026-09-09T11:10:00.000Z,2026-09-09 19:10,2485.55,2486.95,2484.63,2485.47,6578.77,1788952499999,futures
1788952500000,2026-09-09T11:15:00.000Z,2026-09-09 19:15,2485.47,2485.69,2482.61,2484.55,6373.137,1788952799999,futures
1788952800000,2026-09-09T11:20:00.000Z,2026-09-09 19:20,2484.55,2489.4,2483.86,2489.27,9982.533,1788953099999,futures
1788953100000,2026-09-09T11:25:00.000Z,2026-09-09 19:25,2489.27,2491.49,2487.6,2491.42,11498.848,1788953399999,futures
1788953400000,2026-09-09T11:30:00.000Z,2026-09-09 19:30,2491.41,2493.77,2489.41,2491.84,17208.102,1788953699999,futures
1788953700000,2026-09-09T11:35:00.000Z,2026-09-09 19:35,2491.83,2493.74,2491,2493.67,9491.895,1788953999999,futures
1788954000000,2026-09-09T11:40:00.000Z,2026-09-09 19:40,2493.66,2494.37,2492.1,2492.32,5571.009,1788954299999,futures
1788954300000,2026-09-09T11:45:00.000Z,2026-09-09 19:45,2492.32,2497.96,2492.32,2496.16,15585.189,1788954599999,futures
1788954600000,2026-09-09T11:50:00.000Z,2026-09-09 19:50,2496.17,2504.68,2495.24,2501.09,35311.953,1788954899999,futures
1788954900000,2026-09-09T11:55:00.000Z,2026-09-09 19:55,2501.1,2502.08,2499.86,2499.86,9992.562,1788955199999,futures
1788955200000,2026-09-09T12:00:00.000Z,2026-09-09 20:00,2499.86,2502,2498.23,2498.61,10291.984,1788955499999,futures
1788955500000,2026-09-09T12:05:00.000Z,2026-09-09 20:05,2498.62,2504.49,2497.48,2501.27,12340.545,1788955799999,futures
1788955800000,2026-09-09T12:10:00.000Z,2026-09-09 20:10,2501.28,2502.28,2499.43,2499.98,5221.209,1788956099999,futures
1788956100000,2026-09-09T12:15:00.000Z,2026-09-09 20:15,2499.97,2501.55,2497.8,2499.16,10865.076,1788956399999,futures
1788956400000,2026-09-09T12:20:00.000Z,2026-09-09 20:20,2499.17,2501.62,2499.17,2499.75,4536.706,1788956699999,futures
1788956700000,2026-09-09T12:25:00.000Z,2026-09-09 20:25,2499.76,2500.71,2499.02,2500.7,4314.955,1788956999999,futures
1788957000000,2026-09-09T12:30:00.000Z,2026-09-09 20:30,2500.71,2506,2500.41,2505.75,12472.926,1788957299999,futures
1788957300000,2026-09-09T12:35:00.000Z,2026-09-09 20:35,2505.75,2508.8,2503.9,2505.98,15546.715,1788957599999,futures
1788957600000,2026-09-09T12:40:00.000Z,2026-09-09 20:40,2505.97,2510,2504.71,2506.71,15852.131,1788957899999,futures
1788957900000,2026-09-09T12:45:00.000Z,2026-09-09 20:45,2506.71,2511.3,2506.71,2510.88,15574.828,1788958199999,futures
1788958200000,2026-09-09T12:50:00.000Z,2026-09-09 20:50,2510.87,2511.84,2508.41,2510.06,16372.442,1788958499999,futures
1788958500000,2026-09-09T12:55:00.000Z,2026-09-09 20:55,2510.06,2511.9,2508.81,2510.66,11897.612,1788958799999,futures
1788958800000,2026-09-09T13:00:00.000Z,2026-09-09 21:00,2510.65,2512.53,2507.01,2511.34,20098.912,1788959099999,futures
1788959100000,2026-09-09T13:05:00.000Z,2026-09-09 21:05,2511.35,2513.15,2510.06,2510.67,13883.511,1788959399999,futures
1788959400000,2026-09-09T13:10:00.000Z,2026-09-09 21:10,2510.66,2513.24,2509.79,2512.73,14316.147,1788959699999,futures
1788959700000,2026-09-09T13:15:00.000Z,2026-09-09 21:15,2512.72,2513.14,2510.08,2512.32,12573.491,1788959999999,futures
1788960000000,2026-09-09T13:20:00.000Z,2026-09-09 21:20,2512.32,2514.58,2511.55,2513.35,10181.702,1788960299999,futures
1788960300000,2026-09-09T13:25:00.000Z,2026-09-09 21:25,2513.34,2515.26,2512.34,2514.1,9573.852,1788960599999,futures
1788960600000,2026-09-09T13:30:00.000Z,2026-09-09 21:30,2514.1,2520.58,2510.28,2519.36,40958.867,1788960899999,futures
1788960900000,2026-09-09T13:35:00.000Z,2026-09-09 21:35,2519.36,2519.36,2503.56,2506.52,52773.959,1788961199999,futures
1788961200000,2026-09-09T13:40:00.000Z,2026-09-09 21:40,2506.52,2511.63,2498.39,2503.32,40688.602,1788961499999,futures
1788961500000,2026-09-09T13:45:00.000Z,2026-09-09 21:45,2503.33,2512.77,2502.93,2509.25,29161.933,1788961799999,futures
1788961800000,2026-09-09T13:50:00.000Z,2026-09-09 21:50,2509.26,2511.29,2504.61,2506,11177.126,1788962099999,futures
1788962100000,2026-09-09T13:55:00.000Z,2026-09-09 21:55,2506,2507.58,2498.78,2501.44,30521.68,1788962399999,futures
1788962400000,2026-09-09T14:00:00.000Z,2026-09-09 22:00,2501.44,2503.6,2494.92,2502.39,44550.824,1788962699999,futures
1788962700000,2026-09-09T14:05:00.000Z,2026-09-09 22:05,2502.38,2507.84,2498.3,2498.66,23057.822,1788962999999,futures
1788963000000,2026-09-09T14:10:00.000Z,2026-09-09 22:10,2498.66,2501.27,2493.12,2501.12,22722.598,1788963299999,futures
1788963300000,2026-09-09T14:15:00.000Z,2026-09-09 22:15,2501.13,2501.47,2496.41,2497.11,8017.722,1788963599999,futures
1788963600000,2026-09-09T14:20:00.000Z,2026-09-09 22:20,2497.11,2499,2494,2497,12450.292,1788963899999,futures
1788963900000,2026-09-09T14:25:00.000Z,2026-09-09 22:25,2497,2511.59,2496.45,2511.59,31996.467,1788964199999,futures
1788964200000,2026-09-09T14:30:00.000Z,2026-09-09 22:30,2511.59,2512.72,2507.74,2509.56,20206,1788964499999,futures
1788964500000,2026-09-09T14:35:00.000Z,2026-09-09 22:35,2509.57,2513.43,2507.49,2509.29,16461.906,1788964799999,futures
1788964800000,2026-09-09T14:40:00.000Z,2026-09-09 22:40,2509.29,2509.97,2499.15,2500.38,16865.173,1788965099999,futures
1788965100000,2026-09-09T14:45:00.000Z,2026-09-09 22:45,2500.37,2506.67,2497.41,2506.67,23276.591,1788965399999,futures
1788965400000,2026-09-09T14:50:00.000Z,2026-09-09 22:50,2506.66,2506.68,2495.81,2496.49,19764.063,1788965699999,futures
1788965700000,2026-09-09T14:55:00.000Z,2026-09-09 22:55,2496.48,2498.16,2495.13,2498.16,16555.521,1788965999999,futures
1788966000000,2026-09-09T15:00:00.000Z,2026-09-09 23:00,2498.16,2511.98,2486.93,2494.6,103931.034,1788966299999,futures
1788966300000,2026-09-09T15:05:00.000Z,2026-09-09 23:05,2494.6,2497.67,2483.88,2490.03,43770.493,1788966599999,futures
1788966600000,2026-09-09T15:10:00.000Z,2026-09-09 23:10,2490.04,2492.46,2477.28,2483.6,70356.958,1788966899999,futures
1788966900000,2026-09-09T15:15:00.000Z,2026-09-09 23:15,2483.59,2489.93,2481.02,2486.81,27052.15,1788967199999,futures
1788967200000,2026-09-09T15:20:00.000Z,2026-09-09 23:20,2486.81,2488,2469.1,2471.16,78678.791,1788967499999,futures
1788967500000,2026-09-09T15:25:00.000Z,2026-09-09 23:25,2471.16,2479.12,2469.55,2478.19,38067.675,1788967799999,futures
1788967800000,2026-09-09T15:30:00.000Z,2026-09-09 23:30,2478.19,2488.71,2477.34,2488.32,31330.339,1788968099999,futures
1788968100000,2026-09-09T15:35:00.000Z,2026-09-09 23:35,2488.31,2493.85,2486.72,2493.44,36735.055,1788968399999,futures
1788968400000,2026-09-09T15:40:00.000Z,2026-09-09 23:40,2493.44,2494.55,2489.86,2492.1,21029.011,1788968699999,futures
1788968700000,2026-09-09T15:45:00.000Z,2026-09-09 23:45,2492.1,2493.51,2489.28,2491.17,9530.257,1788968999999,futures
1788969000000,2026-09-09T15:50:00.000Z,2026-09-09 23:50,2491.16,2492.95,2488.83,2492.47,10384.667,1788969299999,futures
1788969300000,2026-09-09T15:55:00.000Z,2026-09-09 23:55,2492.46,2493,2488.79,2488.97,7612.948,1788969599999,futures
1788969600000,2026-09-09T16:00:00.000Z,2026-09-10 00:00,2488.96,2497,2488.55,2494.48,14864.205,1788969899999,futures
1788969900000,2026-09-09T16:05:00.000Z,2026-09-10 00:05,2494.48,2495.82,2486.25,2486.25,15856.471,1788970199999,futures
1788970200000,2026-09-09T16:10:00.000Z,2026-09-10 00:10,2486.25,2490.96,2485.63,2490.85,9933.188,1788970499999,futures
1788970500000,2026-09-09T16:15:00.000Z,2026-09-10 00:15,2490.85,2490.85,2483.87,2486.21,9915.222,1788970799999,futures
1788970800000,2026-09-09T16:20:00.000Z,2026-09-10 00:20,2486.21,2490.8,2483.65,2485.88,7565.24,1788971099999,futures
1788971100000,2026-09-09T16:25:00.000Z,2026-09-10 00:25,2485.87,2490,2485.87,2489.5,7618.716,1788971399999,futures
1788971400000,2026-09-09T16:30:00.000Z,2026-09-10 00:30,2489.5,2498.5,2489.5,2496.63,24050.968,1788971699999,futures
1788971700000,2026-09-09T16:35:00.000Z,2026-09-10 00:35,2496.64,2497.49,2494.32,2497.27,9626.808,1788971999999,futures
1788972000000,2026-09-09T16:40:00.000Z,2026-09-10 00:40,2497.26,2497.69,2495.79,2497.69,6322.058,1788972299999,futures
1788972300000,2026-09-09T16:45:00.000Z,2026-09-10 00:45,2497.69,2497.7,2494.92,2494.92,5697.537,1788972599999,futures
1788972600000,2026-09-09T16:50:00.000Z,2026-09-10 00:50,2494.93,2496.31,2493.96,2493.96,3670.385,1788972899999,futures
1788972900000,2026-09-09T16:55:00.000Z,2026-09-10 00:55,2493.96,2495.7,2493.57,2494.84,4189.444,1788973199999,futures
1788973200000,2026-09-09T17:00:00.000Z,2026-09-10 01:00,2494.83,2496.79,2492.34,2492.34,6754.979,1788973499999,futures
1788973500000,2026-09-09T17:05:00.000Z,2026-09-10 01:05,2492.34,2496.56,2491.53,2493.53,7004.829,1788973799999,futures
1788973800000,2026-09-09T17:10:00.000Z,2026-09-10 01:10,2493.52,2498.57,2493.07,2495.62,8041.159,1788974099999,futures
1788974100000,2026-09-09T17:15:00.000Z,2026-09-10 01:15,2495.62,2496.61,2494.1,2495.77,5942.356,1788974399999,futures
1788974400000,2026-09-09T17:20:00.000Z,2026-09-10 01:20,2495.76,2496.39,2493.68,2495.63,3797.482,1788974699999,futures
1788974700000,2026-09-09T17:25:00.000Z,2026-09-10 01:25,2495.64,2498.44,2495.36,2495.54,5367.876,1788974999999,futures
1788975000000,2026-09-09T17:30:00.000Z,2026-09-10 01:30,2495.54,2495.93,2492.24,2493.37,4291.791,1788975299999,futures
1788975300000,2026-09-09T17:35:00.000Z,2026-09-10 01:35,2493.36,2495.41,2490.34,2490.96,8780.329,1788975599999,futures
1788975600000,2026-09-09T17:40:00.000Z,2026-09-10 01:40,2490.95,2491.68,2489,2489.99,9650.146,1788975899999,futures
1788975900000,2026-09-09T17:45:00.000Z,2026-09-10 01:45,2489.99,2491.84,2487.03,2491.7,9013.661,1788976199999,futures
1788976200000,2026-09-09T17:50:00.000Z,2026-09-10 01:50,2491.71,2493.81,2490.32,2493.8,4150.062,1788976499999,futures
1788976500000,2026-09-09T17:55:00.000Z,2026-09-10 01:55,2493.81,2494.66,2492.54,2492.54,2223.832,1788976799999,futures
1788976800000,2026-09-09T18:00:00.000Z,2026-09-10 02:00,2492.54,2494.07,2492.11,2493.42,4833.439,1788977099999,futures
1788977100000,2026-09-09T18:05:00.000Z,2026-09-10 02:05,2493.42,2494.78,2489.54,2490.59,3389.665,1788977399999,futures
1788977400000,2026-09-09T18:10:00.000Z,2026-09-10 02:10,2490.6,2490.6,2487.82,2488.9,4622.75,1788977699999,futures
1788977700000,2026-09-09T18:15:00.000Z,2026-09-10 02:15,2488.91,2489.89,2486.62,2487.11,3287.381,1788977999999,futures
1788978000000,2026-09-09T18:20:00.000Z,2026-09-10 02:20,2487.11,2490.82,2487.11,2489.41,3789.29,1788978299999,futures
1788978300000,2026-09-09T18:25:00.000Z,2026-09-10 02:25,2489.41,2490.12,2489.12,2490.02,1359.233,1788978599999,futures
1788978600000,2026-09-09T18:30:00.000Z,2026-09-10 02:30,2490.01,2491.22,2488.44,2488.45,3157.879,1788978899999,futures
1788978900000,2026-09-09T18:35:00.000Z,2026-09-10 02:35,2488.45,2488.45,2486.28,2486.33,3231.964,1788979199999,futures
1788979200000,2026-09-09T18:40:00.000Z,2026-09-10 02:40,2486.33,2488.27,2486.33,2487.75,3857.927,1788979499999,futures
1788979500000,2026-09-09T18:45:00.000Z,2026-09-10 02:45,2487.74,2487.9,2485.14,2487.37,6400.505,1788979799999,futures
1788979800000,2026-09-09T18:50:00.000Z,2026-09-10 02:50,2487.37,2487.5,2480.7,2481.02,13019.14,1788980099999,futures
1788980100000,2026-09-09T18:55:00.000Z,2026-09-10 02:55,2481.02,2483.66,2480,2480.15,13398.065,1788980399999,futures
1788980400000,2026-09-09T19:00:00.000Z,2026-09-10 03:00,2480.15,2481.59,2477.33,2478.09,17065.12,1788980699999,futures
1788980700000,2026-09-09T19:05:00.000Z,2026-09-10 03:05,2478.09,2479.79,2475,2478.22,13521.793,1788980999999,futures
1788981000000,2026-09-09T19:10:00.000Z,2026-09-10 03:10,2478.23,2481.17,2478.22,2480.99,6950.417,1788981299999,futures
1788981300000,2026-09-09T19:15:00.000Z,2026-09-10 03:15,2480.98,2483.05,2480.55,2482.68,6697.351,1788981599999,futures
1788981600000,2026-09-09T19:20:00.000Z,2026-09-10 03:20,2482.68,2483.84,2481.76,2483.51,4881.476,1788981899999,futures
1788981900000,2026-09-09T19:25:00.000Z,2026-09-10 03:25,2483.5,2483.5,2481.51,2481.52,2984.532,1788982199999,futures
1788982200000,2026-09-09T19:30:00.000Z,2026-09-10 03:30,2481.52,2482.36,2478.51,2479.7,10047.595,1788982499999,futures
1788982500000,2026-09-09T19:35:00.000Z,2026-09-10 03:35,2479.71,2479.83,2471.37,2471.46,20055.736,1788982799999,futures
1788982800000,2026-09-09T19:40:00.000Z,2026-09-10 03:40,2471.46,2473.92,2470.14,2470.42,13153.184,1788983099999,futures
1788983100000,2026-09-09T19:45:00.000Z,2026-09-10 03:45,2470.43,2471.48,2469.62,2470.76,12053.608,1788983399999,futures
1788983400000,2026-09-09T19:50:00.000Z,2026-09-10 03:50,2470.76,2470.77,2460.5,2463.62,54929.473,1788983699999,futures
1788983700000,2026-09-09T19:55:00.000Z,2026-09-10 03:55,2463.61,2464.37,2462.54,2464.28,13330.359,1788983999999,futures
1788984000000,2026-09-09T20:00:00.000Z,2026-09-10 04:00,2464.28,2467.79,2463.21,2464.36,17185.821,1788984299999,futures
1788984300000,2026-09-09T20:05:00.000Z,2026-09-10 04:05,2464.37,2465.89,2462.83,2465.44,10138.554,1788984599999,futures
1788984600000,2026-09-09T20:10:00.000Z,2026-09-10 04:10,2465.45,2466.93,2464.63,2465.12,6113.741,1788984899999,futures
1788984900000,2026-09-09T20:15:00.000Z,2026-09-10 04:15,2465.13,2471.28,2465.12,2467.33,11958.725,1788985199999,futures
1788985200000,2026-09-09T20:20:00.000Z,2026-09-10 04:20,2467.33,2468.02,2460.04,2464.75,10980.245,1788985499999,futures
1788985500000,2026-09-09T20:25:00.000Z,2026-09-10 04:25,2464.75,2465.89,2452.51,2460.08,40675.966,1788985799999,futures
1788985800000,2026-09-09T20:30:00.000Z,2026-09-10 04:30,2460.08,2468.29,2459.28,2466.31,17528.123,1788986099999,futures
1788986100000,2026-09-09T20:35:00.000Z,2026-09-10 04:35,2466.31,2469.3,2465.65,2468.63,7353.421,1788986399999,futures
1788986400000,2026-09-09T20:40:00.000Z,2026-09-10 04:40,2468.63,2468.99,2465.49,2467.2,6617.713,1788986699999,futures
1788986700000,2026-09-09T20:45:00.000Z,2026-09-10 04:45,2467.21,2467.67,2458.99,2459.92,10771.158,1788986999999,futures
1788987000000,2026-09-09T20:50:00.000Z,2026-09-10 04:50,2459.92,2466.87,2458.97,2465.49,10298.077,1788987299999,futures
1788987300000,2026-09-09T20:55:00.000Z,2026-09-10 04:55,2465.49,2471.17,2465.49,2470.37,9778.707,1788987599999,futures
1788987600000,2026-09-09T21:00:00.000Z,2026-09-10 05:00,2470.37,2470.37,2466.7,2469.66,9227.904,1788987899999,futures
1788987900000,2026-09-09T21:05:00.000Z,2026-09-10 05:05,2469.65,2471.41,2468,2468,6127.514,1788988199999,futures
1788988200000,2026-09-09T21:10:00.000Z,2026-09-10 05:10,2468,2468.58,2466,2468.56,5327.406,1788988499999,futures
1788988500000,2026-09-09T21:15:00.000Z,2026-09-10 05:15,2468.58,2468.78,2462.7,2464.19,6092.693,1788988799999,futures
1788988800000,2026-09-09T21:20:00.000Z,2026-09-10 05:20,2464.19,2468.04,2462.63,2468.04,3026.768,1788989099999,futures
1788989100000,2026-09-09T21:25:00.000Z,2026-09-10 05:25,2468.04,2469.96,2467.06,2469.83,4259.724,1788989399999,futures
1788989400000,2026-09-09T21:30:00.000Z,2026-09-10 05:30,2469.82,2469.83,2464.83,2464.83,3214.888,1788989699999,futures
1788989700000,2026-09-09T21:35:00.000Z,2026-09-10 05:35,2464.83,2465.33,2462.58,2464.7,4148.592,1788989999999,futures
1788990000000,2026-09-09T21:40:00.000Z,2026-09-10 05:40,2464.7,2466,2463.31,2463.31,2639.183,1788990299999,futures
1788990300000,2026-09-09T21:45:00.000Z,2026-09-10 05:45,2463.3,2463.82,2456.52,2456.83,14067.532,1788990599999,futures
1788990600000,2026-09-09T21:50:00.000Z,2026-09-10 05:50,2456.83,2459.07,2455.15,2459.07,11140.69,1788990899999,futures
1788990900000,2026-09-09T21:55:00.000Z,2026-09-10 05:55,2459.06,2460.67,2457.21,2460.58,6246.075,1788991199999,futures
1788991200000,2026-09-09T22:00:00.000Z,2026-09-10 06:00,2460.58,2462.14,2455.17,2458.46,12311.837,1788991499999,futures
1788991500000,2026-09-09T22:05:00.000Z,2026-09-10 06:05,2458.47,2458.47,2442.6,2449.56,72124.86,1788991799999,futures
1788991800000,2026-09-09T22:10:00.000Z,2026-09-10 06:10,2449.56,2454.01,2446.41,2446.42,17315.025,1788992099999,futures
1788992100000,2026-09-09T22:15:00.000Z,2026-09-10 06:15,2446.41,2449.99,2440.09,2449.98,28940.028,1788992399999,futures
1788992400000,2026-09-09T22:20:00.000Z,2026-09-10 06:20,2449.99,2454,2449.98,2453.99,8542.231,1788992699999,futures
1788992700000,2026-09-09T22:25:00.000Z,2026-09-10 06:25,2454,2454.89,2453.05,2453.79,6497.05,1788992999999,futures
1788993000000,2026-09-09T22:30:00.000Z,2026-09-10 06:30,2453.79,2453.98,2450.76,2452.35,6423.977,1788993299999,futures
1788993300000,2026-09-09T22:35:00.000Z,2026-09-10 06:35,2452.35,2455.58,2451,2454.43,7036.901,1788993599999,futures
1788993600000,2026-09-09T22:40:00.000Z,2026-09-10 06:40,2454.42,2456.23,2453.51,2456.14,7007.516,1788993899999,futures
1788993900000,2026-09-09T22:45:00.000Z,2026-09-10 06:45,2456.15,2456.15,2451.72,2452.01,10798.656,1788994199999,futures
1788994200000,2026-09-09T22:50:00.000Z,2026-09-10 06:50,2452.01,2453.94,2450.69,2451.53,8498.4,1788994499999,futures
1788994500000,2026-09-09T22:55:00.000Z,2026-09-10 06:55,2451.54,2451.82,2448.66,2449.12,10568.662,1788994799999,futures
1788994800000,2026-09-09T23:00:00.000Z,2026-09-10 07:00,2449.13,2456.5,2448.87,2456.47,7917.157,1788995099999,futures
1788995100000,2026-09-09T23:05:00.000Z,2026-09-10 07:05,2456.47,2458.5,2455,2458.47,9058.399,1788995399999,futures
1788995400000,2026-09-09T23:10:00.000Z,2026-09-10 07:10,2458.47,2460.28,2458.15,2459.31,7753.887,1788995699999,futures
1788995700000,2026-09-09T23:15:00.000Z,2026-09-10 07:15,2459.32,2461.36,2457.6,2460.85,5277.853,1788995999999,futures
1788996000000,2026-09-09T23:20:00.000Z,2026-09-10 07:20,2460.85,2460.85,2458.22,2459.59,4637.623,1788996299999,futures
1788996300000,2026-09-09T23:25:00.000Z,2026-09-10 07:25,2459.58,2461.49,2459.1,2461.48,2658.492,1788996599999,futures
1788996600000,2026-09-09T23:30:00.000Z,2026-09-10 07:30,2461.49,2465.5,2461.04,2465.5,11676.217,1788996899999,futures
1788996900000,2026-09-09T23:35:00.000Z,2026-09-10 07:35,2465.49,2466.86,2464.13,2465.7,6313.952,1788997199999,futures
1788997200000,2026-09-09T23:40:00.000Z,2026-09-10 07:40,2465.69,2465.69,2463.44,2464.45,4092.415,1788997499999,futures
1788997500000,2026-09-09T23:45:00.000Z,2026-09-10 07:45,2464.46,2467.08,2464.05,2467.07,7568.908,1788997799999,futures
1788997800000,2026-09-09T23:50:00.000Z,2026-09-10 07:50,2467.07,2467.97,2466.17,2466.89,6946.613,1788998099999,futures
1788998100000,2026-09-09T23:55:00.000Z,2026-09-10 07:55,2466.89,2467.34,2465.26,2466.97,7860.751,1788998399999,futures
1788998400000,2026-09-10T00:00:00.000Z,2026-09-10 08:00,2466.96,2469.22,2466.3,2468.74,13047.614,1788998699999,futures
1788998700000,2026-09-10T00:05:00.000Z,2026-09-10 08:05,2468.74,2469.68,2467,2467.45,8532.414,1788998999999,futures
1788999000000,2026-09-10T00:10:00.000Z,2026-09-10 08:10,2467.45,2469.88,2465.5,2466.56,11906.571,1788999299999,futures
1788999300000,2026-09-10T00:15:00.000Z,2026-09-10 08:15,2466.57,2468.98,2465.42,2465.42,5826.947,1788999599999,futures
1788999600000,2026-09-10T00:20:00.000Z,2026-09-10 08:20,2465.43,2468.74,2464,2466.81,9070.349,1788999899999,futures
1788999900000,2026-09-10T00:25:00.000Z,2026-09-10 08:25,2466.8,2470.74,2465.26,2468.98,17302.688,1789000199999,futures
1789000200000,2026-09-10T00:30:00.000Z,2026-09-10 08:30,2468.98,2469.01,2462.85,2467.03,14446.505,1789000499999,futures
1789000500000,2026-09-10T00:35:00.000Z,2026-09-10 08:35,2467.03,2469.35,2465.69,2466.36,5164.799,1789000799999,futures
1789000800000,2026-09-10T00:40:00.000Z,2026-09-10 08:40,2466.35,2466.35,2462.73,2462.83,5008.876,1789001099999,futures
1789001100000,2026-09-10T00:45:00.000Z,2026-09-10 08:45,2462.84,2468.28,2461.55,2465.09,15500.4,1789001399999,futures
1789001400000,2026-09-10T00:50:00.000Z,2026-09-10 08:50,2465.09,2467.49,2462.63,2464.57,9777.264,1789001699999,futures
1789001700000,2026-09-10T00:55:00.000Z,2026-09-10 08:55,2464.58,2465.34,2462.54,2463.76,5168.444,1789001999999,futures
1789002000000,2026-09-10T01:00:00.000Z,2026-09-10 09:00,2463.76,2470.08,2463.41,2470.07,8772.186,1789002299999,futures
1789002300000,2026-09-10T01:05:00.000Z,2026-09-10 09:05,2470.07,2478.3,2469.79,2473.14,33102.33,1789002599999,futures
1789002600000,2026-09-10T01:10:00.000Z,2026-09-10 09:10,2473.14,2474.03,2468,2469.14,7568.644,1789002899999,futures
1789002900000,2026-09-10T01:15:00.000Z,2026-09-10 09:15,2469.14,2469.38,2463.5,2468.73,10564.009,1789003199999,futures
1789003200000,2026-09-10T01:20:00.000Z,2026-09-10 09:20,2468.75,2468.89,2463,2466.92,6500.195,1789003499999,futures
1789003500000,2026-09-10T01:25:00.000Z,2026-09-10 09:25,2466.92,2466.92,2462.68,2462.68,3290.846,1789003799999,futures
1789003800000,2026-09-10T01:30:00.000Z,2026-09-10 09:30,2462.68,2466.07,2457.51,2457.77,14724.76,1789004099999,futures
1789004100000,2026-09-10T01:35:00.000Z,2026-09-10 09:35,2457.77,2458.8,2454.32,2455.85,12921.17,1789004399999,futures
1789004400000,2026-09-10T01:40:00.000Z,2026-09-10 09:40,2455.85,2464.83,2455.5,2461.52,12225.836,1789004699999,futures
1789004700000,2026-09-10T01:45:00.000Z,2026-09-10 09:45,2461.52,2463.8,2458.75,2461.9,5666.377,1789004999999,futures
1789005000000,2026-09-10T01:50:00.000Z,2026-09-10 09:50,2461.89,2462.41,2456.76,2458.62,5481.375,1789005299999,futures
1789005300000,2026-09-10T01:55:00.000Z,2026-09-10 09:55,2458.62,2464.4,2458.03,2463,5942.855,1789005599999,futures
1789005600000,2026-09-10T02:00:00.000Z,2026-09-10 10:00,2463,2463.33,2460.65,2460.65,4718.535,1789005899999,futures
1789005900000,2026-09-10T02:05:00.000Z,2026-09-10 10:05,2460.65,2463.25,2459.98,2461.21,3430.618,1789006199999,futures
1789006200000,2026-09-10T02:10:00.000Z,2026-09-10 10:10,2461.2,2462.55,2459.74,2462.01,3554.02,1789006499999,futures
1789006500000,2026-09-10T02:15:00.000Z,2026-09-10 10:15,2462,2463.35,2459.04,2461.33,5734.381,1789006799999,futures
1789006800000,2026-09-10T02:20:00.000Z,2026-09-10 10:20,2461.33,2462.49,2459,2459.49,3141.481,1789007099999,futures
1789007100000,2026-09-10T02:25:00.000Z,2026-09-10 10:25,2459.48,2461.06,2459.04,2460.48,2130.414,1789007399999,futures
1789007400000,2026-09-10T02:30:00.000Z,2026-09-10 10:30,2460.47,2467.47,2459.73,2467.39,7142.749,1789007699999,futures
1789007700000,2026-09-10T02:35:00.000Z,2026-09-10 10:35,2467.38,2470.33,2466.55,2468.64,8084.656,1789007999999,futures
1789008000000,2026-09-10T02:40:00.000Z,2026-09-10 10:40,2468.65,2470.56,2468.24,2470.48,6789.929,1789008299999,futures
1789008300000,2026-09-10T02:45:00.000Z,2026-09-10 10:45,2470.47,2473.33,2470.3,2473.18,7499.802,1789008599999,futures
1789008600000,2026-09-10T02:50:00.000Z,2026-09-10 10:50,2473.19,2474.41,2471.78,2474.4,7245.242,1789008899999,futures
1789008900000,2026-09-10T02:55:00.000Z,2026-09-10 10:55,2474.4,2475.41,2473.1,2473.99,12776.492,1789009199999,futures
1789009200000,2026-09-10T03:00:00.000Z,2026-09-10 11:00,2473.99,2478.12,2473.99,2477.61,13008.863,1789009499999,futures
1789009500000,2026-09-10T03:05:00.000Z,2026-09-10 11:05,2477.6,2477.86,2475,2475.59,11849.504,1789009799999,futures
1789009800000,2026-09-10T03:10:00.000Z,2026-09-10 11:10,2475.59,2476.26,2474.11,2474.41,5606.547,1789010099999,futures
1789010100000,2026-09-10T03:15:00.000Z,2026-09-10 11:15,2474.41,2475.4,2472.68,2474.51,8992.003,1789010399999,futures
1789010400000,2026-09-10T03:20:00.000Z,2026-09-10 11:20,2474.51,2475.83,2472.4,2472.65,5326.473,1789010699999,futures
1789010700000,2026-09-10T03:25:00.000Z,2026-09-10 11:25,2472.64,2475.69,2470.38,2475.62,9469.633,1789010999999,futures
1789011000000,2026-09-10T03:30:00.000Z,2026-09-10 11:30,2475.62,2478.24,2474.43,2475.18,6607.398,1789011299999,futures
1789011300000,2026-09-10T03:35:00.000Z,2026-09-10 11:35,2475.18,2475.43,2471.16,2473.59,7783.308,1789011599999,futures
1789011600000,2026-09-10T03:40:00.000Z,2026-09-10 11:40,2473.59,2476.66,2473.44,2475.26,7218.143,1789011899999,futures
1789011900000,2026-09-10T03:45:00.000Z,2026-09-10 11:45,2475.26,2478.22,2475.2,2478,5753.914,1789012199999,futures
1789012200000,2026-09-10T03:50:00.000Z,2026-09-10 11:50,2478,2478.03,2473.47,2474.24,6625.433,1789012499999,futures
1789012500000,2026-09-10T03:55:00.000Z,2026-09-10 11:55,2474.24,2474.73,2472.34,2474.34,5479.161,1789012799999,futures
1789012800000,2026-09-10T04:00:00.000Z,2026-09-10 12:00,2474.34,2475.59,2473.81,2475.59,3695.827,1789013099999,futures
1789013100000,2026-09-10T04:05:00.000Z,2026-09-10 12:05,2475.58,2478,2475.58,2476.09,8976.177,1789013399999,futures
1789013400000,2026-09-10T04:10:00.000Z,2026-09-10 12:10,2476.08,2476.09,2474.23,2474.24,2730.199,1789013699999,futures
1789013700000,2026-09-10T04:15:00.000Z,2026-09-10 12:15,2474.23,2476.8,2473.94,2476.8,2737.69,1789013999999,futures
1789014000000,2026-09-10T04:20:00.000Z,2026-09-10 12:20,2476.8,2476.8,2475.22,2475.58,1706.269,1789014299999,futures
1789014300000,2026-09-10T04:25:00.000Z,2026-09-10 12:25,2475.59,2478.94,2475.22,2477.15,6096.187,1789014599999,futures
1789014600000,2026-09-10T04:30:00.000Z,2026-09-10 12:30,2477.15,2480.3,2476.73,2479.3,9847.975,1789014899999,futures
1789014900000,2026-09-10T04:35:00.000Z,2026-09-10 12:35,2479.3,2479.31,2476.2,2476.52,3082.035,1789015199999,futures
1789015200000,2026-09-10T04:40:00.000Z,2026-09-10 12:40,2476.52,2477.98,2475.73,2476.23,5639.472,1789015499999,futures
1789015500000,2026-09-10T04:45:00.000Z,2026-09-10 12:45,2476.23,2478.22,2475.9,2476.89,3549.867,1789015799999,futures
1789015800000,2026-09-10T04:50:00.000Z,2026-09-10 12:50,2476.89,2477.45,2474.7,2476.89,6036.377,1789016099999,futures
1789016100000,2026-09-10T04:55:00.000Z,2026-09-10 12:55,2476.89,2479.14,2476.03,2477.69,5940.942,1789016399999,futures
1789016400000,2026-09-10T05:00:00.000Z,2026-09-10 13:00,2477.7,2478.62,2473.33,2473.41,3352.123,1789016699999,futures
1789016700000,2026-09-10T05:05:00.000Z,2026-09-10 13:05,2473.41,2475.38,2472.79,2475.27,5493.339,1789016999999,futures
1789017000000,2026-09-10T05:10:00.000Z,2026-09-10 13:10,2475.27,2481.8,2475.27,2480.89,7432.384,1789017299999,futures
1789017300000,2026-09-10T05:15:00.000Z,2026-09-10 13:15,2480.89,2481,2477.15,2477.91,5510.515,1789017599999,futures
1789017600000,2026-09-10T05:20:00.000Z,2026-09-10 13:20,2477.91,2478,2476.8,2477.46,2241.098,1789017899999,futures
1789017900000,2026-09-10T05:25:00.000Z,2026-09-10 13:25,2477.46,2481.33,2476.6,2479.73,5287.691,1789018199999,futures
1789018200000,2026-09-10T05:30:00.000Z,2026-09-10 13:30,2479.73,2480.95,2478.57,2479.33,6092.846,1789018499999,futures
1789018500000,2026-09-10T05:35:00.000Z,2026-09-10 13:35,2479.33,2482,2479,2479.46,8333.117,1789018799999,futures
1789018800000,2026-09-10T05:40:00.000Z,2026-09-10 13:40,2479.45,2479.88,2478.16,2479.31,2808.28,1789019099999,futures
1789019100000,2026-09-10T05:45:00.000Z,2026-09-10 13:45,2479.32,2480.27,2479.11,2479.83,3077.406,1789019399999,futures
1789019400000,2026-09-10T05:50:00.000Z,2026-09-10 13:50,2479.84,2483,2479.51,2482.65,5019.003,1789019699999,futures
1789019700000,2026-09-10T05:55:00.000Z,2026-09-10 13:55,2482.64,2482.65,2480.35,2481.11,4430.145,1789019999999,futures
1789020000000,2026-09-10T06:00:00.000Z,2026-09-10 14:00,2481.11,2481.63,2478.84,2478.85,4916.579,1789020299999,futures
1789020300000,2026-09-10T06:05:00.000Z,2026-09-10 14:05,2478.84,2478.85,2477.31,2477.72,4670.173,1789020599999,futures
1789020600000,2026-09-10T06:10:00.000Z,2026-09-10 14:10,2477.72,2477.73,2474.2,2474.39,6950.199,1789020899999,futures
1789020900000,2026-09-10T06:15:00.000Z,2026-09-10 14:15,2474.39,2474.4,2470.56,2472.72,12996.679,1789021199999,futures
1789021200000,2026-09-10T06:20:00.000Z,2026-09-10 14:20,2472.72,2473.38,2471.3,2472.33,5461.474,1789021499999,futures
1789021500000,2026-09-10T06:25:00.000Z,2026-09-10 14:25,2472.34,2473.25,2471.93,2472.27,8528.256,1789021799999,futures
1789021800000,2026-09-10T06:30:00.000Z,2026-09-10 14:30,2472.27,2473,2470.83,2470.87,9712.268,1789022099999,futures
1789022100000,2026-09-10T06:35:00.000Z,2026-09-10 14:35,2470.87,2474.31,2470.83,2474.31,3784.822,1789022399999,futures
1789022400000,2026-09-10T06:40:00.000Z,2026-09-10 14:40,2474.31,2475.91,2473.84,2474.29,3284.914,1789022699999,futures
1789022700000,2026-09-10T06:45:00.000Z,2026-09-10 14:45,2474.3,2480.37,2474.29,2480.36,6823.897,1789022999999,futures
1789023000000,2026-09-10T06:50:00.000Z,2026-09-10 14:50,2480.37,2483.99,2479.51,2479.57,16267.332,1789023299999,futures
1789023300000,2026-09-10T06:55:00.000Z,2026-09-10 14:55,2479.57,2480.22,2479.25,2479.25,2993.89,1789023599999,futures
1789023600000,2026-09-10T07:00:00.000Z,2026-09-10 15:00,2479.26,2479.26,2473.46,2473.66,6807.67,1789023899999,futures
1789023900000,2026-09-10T07:05:00.000Z,2026-09-10 15:05,2473.65,2474.3,2472.01,2473.92,9404.914,1789024199999,futures
1789024200000,2026-09-10T07:10:00.000Z,2026-09-10 15:10,2473.92,2475,2473.45,2474.14,3165.287,1789024499999,futures
1789024500000,2026-09-10T07:15:00.000Z,2026-09-10 15:15,2474.15,2474.27,2472.98,2472.98,5334.528,1789024799999,futures
1789024800000,2026-09-10T07:20:00.000Z,2026-09-10 15:20,2472.98,2472.99,2467.01,2467.2,15664.411,1789025099999,futures
1789025100000,2026-09-10T07:25:00.000Z,2026-09-10 15:25,2467.2,2468.47,2466.3,2466.52,8204.409,1789025399999,futures
1789025400000,2026-09-10T07:30:00.000Z,2026-09-10 15:30,2466.51,2467.13,2462.59,2463.4,14819.872,1789025699999,futures
1789025700000,2026-09-10T07:35:00.000Z,2026-09-10 15:35,2463.4,2465.41,2462.95,2463.49,8227.678,1789025999999,futures
1789026000000,2026-09-10T07:40:00.000Z,2026-09-10 15:40,2463.49,2466.37,2463,2466.36,9120.121,1789026299999,futures
1789026300000,2026-09-10T07:45:00.000Z,2026-09-10 15:45,2466.37,2469.75,2466.11,2469.44,7100.619,1789026599999,futures
1789026600000,2026-09-10T07:50:00.000Z,2026-09-10 15:50,2469.44,2472.34,2469.44,2472.34,5915.816,1789026899999,futures
1789026900000,2026-09-10T07:55:00.000Z,2026-09-10 15:55,2472.34,2472.8,2469.79,2471.5,5282.138,1789027199999,futures
1789027200000,2026-09-10T08:00:00.000Z,2026-09-10 16:00,2471.49,2472.65,2470.07,2470.42,5929.828,1789027499999,futures
1789027500000,2026-09-10T08:05:00.000Z,2026-09-10 16:05,2470.43,2473.55,2469.04,2472.2,6536.097,1789027799999,futures
1789027800000,2026-09-10T08:10:00.000Z,2026-09-10 16:10,2472.21,2472.45,2468.06,2469.07,4849.503,1789028099999,futures
1789028100000,2026-09-10T08:15:00.000Z,2026-09-10 16:15,2469.07,2470.32,2467.85,2469.68,6506.319,1789028399999,futures
1789028400000,2026-09-10T08:20:00.000Z,2026-09-10 16:20,2469.68,2473.66,2469.52,2473.23,4293.638,1789028699999,futures
1789028700000,2026-09-10T08:25:00.000Z,2026-09-10 16:25,2473.23,2473.62,2470.64,2473.35,5159.905,1789028999999,futures
1789029000000,2026-09-10T08:30:00.000Z,2026-09-10 16:30,2473.36,2473.36,2468,2470.94,8015.121,1789029299999,futures
1789029300000,2026-09-10T08:35:00.000Z,2026-09-10 16:35,2470.94,2472.78,2470.21,2470.47,6404.703,1789029599999,futures
1789029600000,2026-09-10T08:40:00.000Z,2026-09-10 16:40,2470.47,2470.47,2468.36,2469.71,2857.24,1789029899999,futures
1789029900000,2026-09-10T08:45:00.000Z,2026-09-10 16:45,2469.71,2471,2469.12,2470.22,5087.029,1789030199999,futures
1789030200000,2026-09-10T08:50:00.000Z,2026-09-10 16:50,2470.23,2471.52,2469.5,2471.25,4357.894,1789030499999,futures
1789030500000,2026-09-10T08:55:00.000Z,2026-09-10 16:55,2471.25,2471.25,2469.59,2470.18,2177.491,1789030799999,futures
1789030800000,2026-09-10T09:00:00.000Z,2026-09-10 17:00,2470.19,2472.67,2469.99,2472.12,10539.97,1789031099999,futures
1789031100000,2026-09-10T09:05:00.000Z,2026-09-10 17:05,2472.11,2473.35,2471.15,2471.23,7367.413,1789031399999,futures
1789031400000,2026-09-10T09:10:00.000Z,2026-09-10 17:10,2471.22,2473.42,2471.22,2473.01,2608.43,1789031699999,futures
1789031700000,2026-09-10T09:15:00.000Z,2026-09-10 17:15,2473.02,2475.27,2472.72,2475.07,5721.478,1789031999999,futures
1789032000000,2026-09-10T09:20:00.000Z,2026-09-10 17:20,2475.07,2476.51,2474.49,2475.78,3949.316,1789032299999,futures
1789032300000,2026-09-10T09:25:00.000Z,2026-09-10 17:25,2475.78,2476.94,2473.87,2476.09,5063.225,1789032599999,futures
1789032600000,2026-09-10T09:30:00.000Z,2026-09-10 17:30,2476.09,2476.09,2470.88,2472.55,4799.303,1789032899999,futures
1789032900000,2026-09-10T09:35:00.000Z,2026-09-10 17:35,2472.55,2472.56,2464.53,2465.82,13940.622,1789033199999,futures
1789033200000,2026-09-10T09:40:00.000Z,2026-09-10 17:40,2465.82,2467,2463.33,2466.32,9937.375,1789033499999,futures
1789033500000,2026-09-10T09:45:00.000Z,2026-09-10 17:45,2466.32,2468.21,2466,2468.21,5985.788,1789033799999,futures
1789033800000,2026-09-10T09:50:00.000Z,2026-09-10 17:50,2468.2,2469.89,2467.39,2469.62,4745.626,1789034099999,futures
1789034100000,2026-09-10T09:55:00.000Z,2026-09-10 17:55,2469.63,2469.77,2465.49,2467.65,6067.766,1789034399999,futures
1789034400000,2026-09-10T10:00:00.000Z,2026-09-10 18:00,2467.65,2470.31,2466.65,2468.61,5743.654,1789034699999,futures
1789034700000,2026-09-10T10:05:00.000Z,2026-09-10 18:05,2468.61,2470.91,2466.6,2466.91,5062.822,1789034999999,futures
1789035000000,2026-09-10T10:10:00.000Z,2026-09-10 18:10,2466.9,2469.67,2466.9,2468.87,4089.972,1789035299999,futures
1789035300000,2026-09-10T10:15:00.000Z,2026-09-10 18:15,2468.88,2469.8,2467.55,2468.13,2143.097,1789035599999,futures
1789035600000,2026-09-10T10:20:00.000Z,2026-09-10 18:20,2468.13,2469.49,2466.03,2466.03,2016.882,1789035899999,futures
1789035900000,2026-09-10T10:25:00.000Z,2026-09-10 18:25,2466.03,2467.57,2464.85,2467.04,2628.026,1789036199999,futures
1789036200000,2026-09-10T10:30:00.000Z,2026-09-10 18:30,2467.04,2467.05,2461.61,2464.46,9608.258,1789036499999,futures
1789036500000,2026-09-10T10:35:00.000Z,2026-09-10 18:35,2464.46,2469.11,2464.46,2468.91,5625.91,1789036799999,futures
1789036800000,2026-09-10T10:40:00.000Z,2026-09-10 18:40,2468.9,2469.43,2466.54,2466.94,3389.177,1789037099999,futures
1789037100000,2026-09-10T10:45:00.000Z,2026-09-10 18:45,2466.94,2468.71,2466.32,2468,3477.224,1789037399999,futures
1789037400000,2026-09-10T10:50:00.000Z,2026-09-10 18:50,2468,2468,2464.57,2464.57,4333.333,1789037699999,futures
1789037700000,2026-09-10T10:55:00.000Z,2026-09-10 18:55,2464.57,2469.79,2463.08,2463.08,6066.456,1789037999999,futures
1789038000000,2026-09-10T11:00:00.000Z,2026-09-10 19:00,2463.08,2463.08,2457.15,2458.41,21294.568,1789038299999,futures
1789038300000,2026-09-10T11:05:00.000Z,2026-09-10 19:05,2458.42,2460.87,2457.79,2459.75,9090.176,1789038599999,futures
1789038600000,2026-09-10T11:10:00.000Z,2026-09-10 19:10,2459.75,2461.35,2458.75,2461.25,11432.02,1789038899999,futures
1789038900000,2026-09-10T11:15:00.000Z,2026-09-10 19:15,2461.25,2466.97,2461.24,2464.73,9705.914,1789039199999,futures
1789039200000,2026-09-10T11:20:00.000Z,2026-09-10 19:20,2464.72,2467,2464.72,2467,3574.673,1789039499999,futures
1789039500000,2026-09-10T11:25:00.000Z,2026-09-10 19:25,2466.99,2467.2,2465.08,2466.37,3918.736,1789039799999,futures
1789039800000,2026-09-10T11:30:00.000Z,2026-09-10 19:30,2466.36,2468.51,2466.36,2467.69,6284.931,1789040099999,futures
1789040100000,2026-09-10T11:35:00.000Z,2026-09-10 19:35,2467.7,2468.83,2466.5,2468.72,5095.728,1789040399999,futures
1789040400000,2026-09-10T11:40:00.000Z,2026-09-10 19:40,2468.72,2468.72,2466.03,2466.73,4082.553,1789040699999,futures
1789040700000,2026-09-10T11:45:00.000Z,2026-09-10 19:45,2466.72,2467.65,2462.2,2465.49,6608.438,1789040999999,futures
1789041000000,2026-09-10T11:50:00.000Z,2026-09-10 19:50,2465.49,2465.87,2462.18,2463.47,5496.352,1789041299999,futures
1789041300000,2026-09-10T11:55:00.000Z,2026-09-10 19:55,2463.48,2463.48,2460,2461.03,6012.327,1789041599999,futures
1789041600000,2026-09-10T12:00:00.000Z,2026-09-10 20:00,2461.04,2462.91,2455.86,2458.02,16708.745,1789041899999,futures
1789041900000,2026-09-10T12:05:00.000Z,2026-09-10 20:05,2458.02,2460.01,2455.28,2455.37,13627.359,1789042199999,futures
1789042200000,2026-09-10T12:10:00.000Z,2026-09-10 20:10,2455.28,2459.9,2455.28,2459.32,9195.098,1789042499999,futures
1789042500000,2026-09-10T12:15:00.000Z,2026-09-10 20:15,2459.31,2459.79,2455.23,2455.59,13098.729,1789042799999,futures
1789042800000,2026-09-10T12:20:00.000Z,2026-09-10 20:20,2455.59,2457.32,2454.21,2456.24,11220.323,1789043099999,futures
1789043100000,2026-09-10T12:25:00.000Z,2026-09-10 20:25,2456.24,2460.17,2455.34,2458.8,11633.414,1789043399999,futures
1789043400000,2026-09-10T12:30:00.000Z,2026-09-10 20:30,2458.84,2465.82,2433,2440.48,187084.105,1789043699999,futures
1789043700000,2026-09-10T12:35:00.000Z,2026-09-10 20:35,2440.48,2446.09,2428.48,2433.94,108050.951,1789043999999,futures
1789044000000,2026-09-10T12:40:00.000Z,2026-09-10 20:40,2433.94,2438.67,2430.55,2436,52365.506,1789044299999,futures
1789044300000,2026-09-10T12:45:00.000Z,2026-09-10 20:45,2436,2436.44,2406.21,2425.96,195086.745,1789044599999,futures
1789044600000,2026-09-10T12:50:00.000Z,2026-09-10 20:50,2425.97,2430.86,2418.28,2419.32,51680.869,1789044899999,futures
1789044900000,2026-09-10T12:55:00.000Z,2026-09-10 20:55,2419.32,2419.44,2408.59,2413.44,71377.61,1789045199999,futures
1789045200000,2026-09-10T13:00:00.000Z,2026-09-10 21:00,2413.44,2423.72,2412.01,2418.84,51881.827,1789045499999,futures
1789045500000,2026-09-10T13:05:00.000Z,2026-09-10 21:05,2418.83,2420.69,2415.32,2417.69,24741.839,1789045799999,futures
1789045800000,2026-09-10T13:10:00.000Z,2026-09-10 21:10,2417.69,2419.58,2403.33,2409.17,129840.006,1789046099999,futures
1789046100000,2026-09-10T13:15:00.000Z,2026-09-10 21:15,2409.17,2416.08,2407,2409.7,48377.878,1789046399999,futures
1789046400000,2026-09-10T13:20:00.000Z,2026-09-10 21:20,2409.69,2419.19,2409.69,2417.65,30622.715,1789046699999,futures
1789046700000,2026-09-10T13:25:00.000Z,2026-09-10 21:25,2417.64,2419.76,2415.88,2418.42,22630.122,1789046999999,futures
1789047000000,2026-09-10T13:30:00.000Z,2026-09-10 21:30,2418.42,2421.94,2415.4,2420.15,35011.897,1789047299999,futures
1789047300000,2026-09-10T13:35:00.000Z,2026-09-10 21:35,2420.15,2427,2417.27,2426.77,38398.782,1789047599999,futures
1789047600000,2026-09-10T13:40:00.000Z,2026-09-10 21:40,2426.76,2428.26,2423.29,2423.56,22476.235,1789047899999,futures
1789047900000,2026-09-10T13:45:00.000Z,2026-09-10 21:45,2423.56,2430.34,2423,2428.01,26475.238,1789048199999,futures
1789048200000,2026-09-10T13:50:00.000Z,2026-09-10 21:50,2428.01,2434.32,2423,2430.84,24301.126,1789048499999,futures
1789048500000,2026-09-10T13:55:00.000Z,2026-09-10 21:55,2430.83,2435.51,2430,2433.87,18495.477,1789048799999,futures
1789048800000,2026-09-10T14:00:00.000Z,2026-09-10 22:00,2433.86,2440.14,2433.64,2436.29,38173.337,1789049099999,futures
1789049100000,2026-09-10T14:05:00.000Z,2026-09-10 22:05,2436.28,2436.85,2424.11,2430.91,53185.277,1789049399999,futures
1789049400000,2026-09-10T14:10:00.000Z,2026-09-10 22:10,2430.9,2434.3,2428.65,2430.32,19664.308,1789049699999,futures
1789049700000,2026-09-10T14:15:00.000Z,2026-09-10 22:15,2430.32,2432.12,2426.5,2431.47,14988.952,1789049999999,futures
1789050000000,2026-09-10T14:20:00.000Z,2026-09-10 22:20,2431.47,2442.85,2430,2439.42,26239.731,1789050299999,futures
1789050300000,2026-09-10T14:25:00.000Z,2026-09-10 22:25,2439.43,2442.23,2436.71,2437.91,27798.113,1789050599999,futures
1789050600000,2026-09-10T14:30:00.000Z,2026-09-10 22:30,2437.91,2439.94,2436.78,2439.27,10082.804,1789050899999,futures
1789050900000,2026-09-10T14:35:00.000Z,2026-09-10 22:35,2439.26,2441.49,2438.2,2438.64,9444.489,1789051199999,futures
1789051200000,2026-09-10T14:40:00.000Z,2026-09-10 22:40,2438.63,2441,2438.2,2438.68,5940.433,1789051499999,futures
1789051500000,2026-09-10T14:45:00.000Z,2026-09-10 22:45,2438.69,2442.97,2437.38,2437.6,14772.587,1789051799999,futures
1789051800000,2026-09-10T14:50:00.000Z,2026-09-10 22:50,2437.6,2441.55,2436.31,2441.36,7510.603,1789052099999,futures
1789052100000,2026-09-10T14:55:00.000Z,2026-09-10 22:55,2441.37,2442.88,2440.19,2442.29,10446.09,1789052399999,futures
1789052400000,2026-09-10T15:00:00.000Z,2026-09-10 23:00,2442.29,2442.49,2436.69,2438.62,11194.307,1789052699999,futures
1789052700000,2026-09-10T15:05:00.000Z,2026-09-10 23:05,2438.62,2442.7,2438.51,2440.8,5779.285,1789052999999,futures
1789053000000,2026-09-10T15:10:00.000Z,2026-09-10 23:10,2440.81,2443.75,2439.71,2440.68,6438.332,1789053299999,futures
1789053300000,2026-09-10T15:15:00.000Z,2026-09-10 23:15,2440.67,2441.67,2437.03,2437.74,8239.917,1789053599999,futures
1789053600000,2026-09-10T15:20:00.000Z,2026-09-10 23:20,2437.74,2438.49,2433.72,2435.05,13400.456,1789053899999,futures
1789053900000,2026-09-10T15:25:00.000Z,2026-09-10 23:25,2435.05,2435.72,2430.66,2433.52,13241.122,1789054199999,futures
1789054200000,2026-09-10T15:30:00.000Z,2026-09-10 23:30,2433.52,2439.24,2433.52,2436.65,7260.562,1789054499999,futures
1789054500000,2026-09-10T15:35:00.000Z,2026-09-10 23:35,2436.65,2442.99,2436.26,2440.06,15366.085,1789054799999,futures
1789054800000,2026-09-10T15:40:00.000Z,2026-09-10 23:40,2440.06,2440.22,2436.38,2436.6,5267.273,1789055099999,futures
1789055100000,2026-09-10T15:45:00.000Z,2026-09-10 23:45,2436.61,2438.38,2434,2436.33,7757.686,1789055399999,futures
1789055400000,2026-09-10T15:50:00.000Z,2026-09-10 23:50,2436.33,2438.33,2435,2435.55,6533.579,1789055699999,futures
1789055700000,2026-09-10T15:55:00.000Z,2026-09-10 23:55,2435.54,2440.32,2435.22,2440.01,16058.093,1789055999999,futures
1789056000000,2026-09-10T16:00:00.000Z,2026-09-11 00:00,2440.01,2442.73,2437.52,2437.69,18112.251,1789056299999,futures
1789056300000,2026-09-10T16:05:00.000Z,2026-09-11 00:05,2437.68,2438.56,2432.8,2433.19,13645.269,1789056599999,futures
1789056600000,2026-09-10T16:10:00.000Z,2026-09-11 00:10,2433.19,2438.63,2432.93,2435.98,9299.056,1789056899999,futures
1789056900000,2026-09-10T16:15:00.000Z,2026-09-11 00:15,2435.99,2436.62,2431,2432.93,10418.27,1789057199999,futures
1789057200000,2026-09-10T16:20:00.000Z,2026-09-11 00:20,2432.94,2440.62,2432.93,2438.04,11536.451,1789057499999,futures
1789057500000,2026-09-10T16:25:00.000Z,2026-09-11 00:25,2438.03,2438.8,2436.68,2437.2,6415.452,1789057799999,futures
1789057800000,2026-09-10T16:30:00.000Z,2026-09-11 00:30,2437.2,2437.87,2432.26,2432.4,10726.773,1789058099999,futures
1789058100000,2026-09-10T16:35:00.000Z,2026-09-11 00:35,2432.4,2438.14,2430.56,2438.13,11027.66,1789058399999,futures
1789058400000,2026-09-10T16:40:00.000Z,2026-09-11 00:40,2438.14,2440.34,2436.26,2439.11,8032.244,1789058699999,futures
1789058700000,2026-09-10T16:45:00.000Z,2026-09-11 00:45,2439.11,2449.93,2439.11,2444.4,38441.827,1789058999999,futures
1789059000000,2026-09-10T16:50:00.000Z,2026-09-11 00:50,2444.4,2445.44,2443,2443.74,5316.085,1789059299999,futures
1789059300000,2026-09-10T16:55:00.000Z,2026-09-11 00:55,2443.73,2447.71,2443.13,2447.62,5257.912,1789059599999,futures
1789059600000,2026-09-10T17:00:00.000Z,2026-09-11 01:00,2447.62,2448.98,2445.88,2447.38,11464.504,1789059899999,futures
1789059900000,2026-09-10T17:05:00.000Z,2026-09-11 01:05,2447.37,2449.83,2447.12,2448.96,8982.168,1789060199999,futures
1789060200000,2026-09-10T17:10:00.000Z,2026-09-11 01:10,2448.95,2453.71,2448.95,2451.99,25074.844,1789060499999,futures
1789060500000,2026-09-10T17:15:00.000Z,2026-09-11 01:15,2451.99,2453.88,2451.78,2452.72,8134.685,1789060799999,futures
1789060800000,2026-09-10T17:20:00.000Z,2026-09-11 01:20,2452.72,2460,2450.91,2458.9,29829.606,1789061099999,futures
1789061100000,2026-09-10T17:25:00.000Z,2026-09-11 01:25,2458.9,2459.68,2454,2458.69,20328.992,1789061399999,futures
1789061400000,2026-09-10T17:30:00.000Z,2026-09-11 01:30,2458.69,2472.22,2458.63,2470.23,66791.971,1789061699999,futures
1789061700000,2026-09-10T17:35:00.000Z,2026-09-11 01:35,2470.23,2474.18,2463.54,2463.99,41338.972,1789061999999,futures
1789062000000,2026-09-10T17:40:00.000Z,2026-09-11 01:40,2464,2468.05,2461.91,2465.58,24691.168,1789062299999,futures
1789062300000,2026-09-10T17:45:00.000Z,2026-09-11 01:45,2465.59,2469.5,2462.59,2468.03,13307.176,1789062599999,futures
1789062600000,2026-09-10T17:50:00.000Z,2026-09-11 01:50,2468.03,2470.47,2465.78,2469.73,12384.066,1789062899999,futures
1789062900000,2026-09-10T17:55:00.000Z,2026-09-11 01:55,2469.74,2469.94,2464.25,2464.85,13768.177,1789063199999,futures
1789063200000,2026-09-10T18:00:00.000Z,2026-09-11 02:00,2464.85,2466,2459.54,2460.14,19602.863,1789063499999,futures
1789063500000,2026-09-10T18:05:00.000Z,2026-09-11 02:05,2460.13,2461.32,2455,2456.03,20820.275,1789063799999,futures
1789063800000,2026-09-10T18:10:00.000Z,2026-09-11 02:10,2456.03,2456.85,2454.34,2455.2,10420.923,1789064099999,futures
1789064100000,2026-09-10T18:15:00.000Z,2026-09-11 02:15,2455.2,2458.29,2453.51,2455.13,11174.334,1789064399999,futures
1789064400000,2026-09-10T18:20:00.000Z,2026-09-11 02:20,2455.14,2463.38,2455.14,2460,23125.347,1789064699999,futures
1789064700000,2026-09-10T18:25:00.000Z,2026-09-11 02:25,2460.01,2461.52,2458.73,2458.73,10518.433,1789064999999,futures
1789065000000,2026-09-10T18:30:00.000Z,2026-09-11 02:30,2458.74,2458.74,2455.22,2457.27,4621.255,1789065299999,futures
1789065300000,2026-09-10T18:35:00.000Z,2026-09-11 02:35,2457.28,2463.31,2456.03,2462.06,7922.492,1789065599999,futures
1789065600000,2026-09-10T18:40:00.000Z,2026-09-11 02:40,2462.05,2462.68,2460.7,2461.84,3793.849,1789065899999,futures
1789065900000,2026-09-10T18:45:00.000Z,2026-09-11 02:45,2461.85,2463.32,2458.75,2461.26,4407.441,1789066199999,futures
1789066200000,2026-09-10T18:50:00.000Z,2026-09-11 02:50,2461.25,2468.74,2459.52,2467.05,10682.968,1789066499999,futures
1789066500000,2026-09-10T18:55:00.000Z,2026-09-11 02:55,2467.04,2467.5,2464.24,2467.37,7386.59,1789066799999,futures
1789066800000,2026-09-10T19:00:00.000Z,2026-09-11 03:00,2467.37,2467.53,2464.05,2464.65,5981.736,1789067099999,futures
1789067100000,2026-09-10T19:05:00.000Z,2026-09-11 03:05,2464.64,2465.65,2462.34,2464.45,7619.535,1789067399999,futures
1789067400000,2026-09-10T19:10:00.000Z,2026-09-11 03:10,2464.45,2464.46,2461.39,2463.76,5096.156,1789067699999,futures
1789067700000,2026-09-10T19:15:00.000Z,2026-09-11 03:15,2463.76,2465.29,2463.02,2463.77,2582.384,1789067999999,futures
1789068000000,2026-09-10T19:20:00.000Z,2026-09-11 03:20,2463.76,2465.11,2461.3,2465.1,7670.43,1789068299999,futures
1789068300000,2026-09-10T19:25:00.000Z,2026-09-11 03:25,2465.11,2467.27,2464.13,2465.67,7061.703,1789068599999,futures
1789068600000,2026-09-10T19:30:00.000Z,2026-09-11 03:30,2465.67,2466,2459.11,2461.88,20367.392,1789068899999,futures
1789068900000,2026-09-10T19:35:00.000Z,2026-09-11 03:35,2461.87,2465,2461.46,2464.99,7163.103,1789069199999,futures
1789069200000,2026-09-10T19:40:00.000Z,2026-09-11 03:40,2464.99,2471.41,2464.99,2468.54,18667.478,1789069499999,futures
1789069500000,2026-09-10T19:45:00.000Z,2026-09-11 03:45,2468.54,2468.54,2464.14,2464.46,6674.887,1789069799999,futures
1789069800000,2026-09-10T19:50:00.000Z,2026-09-11 03:50,2464.45,2465.36,2459.33,2459.86,26422.032,1789070099999,futures
1789070100000,2026-09-10T19:55:00.000Z,2026-09-11 03:55,2459.86,2462.98,2459.86,2461.46,12134.291,1789070399999,futures
1789070400000,2026-09-10T20:00:00.000Z,2026-09-11 04:00,2461.47,2462.8,2460,2461.6,4509.339,1789070699999,futures
1789070700000,2026-09-10T20:05:00.000Z,2026-09-11 04:05,2461.6,2465.25,2461.13,2465.22,4112.082,1789070999999,futures
1789071000000,2026-09-10T20:10:00.000Z,2026-09-11 04:10,2465.21,2467.41,2464.2,2467.41,3286.976,1789071299999,futures
1789071300000,2026-09-10T20:15:00.000Z,2026-09-11 04:15,2467.41,2467.95,2465.89,2466.62,2667.571,1789071599999,futures
1789071600000,2026-09-10T20:20:00.000Z,2026-09-11 04:20,2466.61,2468.09,2464.38,2464.57,3324.512,1789071899999,futures
1789071900000,2026-09-10T20:25:00.000Z,2026-09-11 04:25,2464.56,2466.13,2463.67,2465.39,2895.327,1789072199999,futures
1789072200000,2026-09-10T20:30:00.000Z,2026-09-11 04:30,2465.39,2465.44,2463,2463.48,1862.108,1789072499999,futures
1789072500000,2026-09-10T20:35:00.000Z,2026-09-11 04:35,2463.49,2463.83,2462.61,2463.18,2171.47,1789072799999,futures
1789072800000,2026-09-10T20:40:00.000Z,2026-09-11 04:40,2463.18,2464.8,2461.8,2463.57,3025.873,1789073099999,futures
1789073100000,2026-09-10T20:45:00.000Z,2026-09-11 04:45,2463.57,2463.91,2461.13,2461.94,3491.133,1789073399999,futures
1789073400000,2026-09-10T20:50:00.000Z,2026-09-11 04:50,2461.94,2462.13,2461.27,2461.84,3093.204,1789073699999,futures
1789073700000,2026-09-10T20:55:00.000Z,2026-09-11 04:55,2461.84,2462.14,2460.37,2460.53,6578.578,1789073999999,futures
1789074000000,2026-09-10T21:00:00.000Z,2026-09-11 05:00,2460.53,2461.86,2459.89,2459.9,3534.009,1789074299999,futures
1789074300000,2026-09-10T21:05:00.000Z,2026-09-11 05:05,2459.89,2461.22,2459.44,2461.22,3345.304,1789074599999,futures
1789074600000,2026-09-10T21:10:00.000Z,2026-09-11 05:10,2461.21,2461.76,2459.12,2459.12,1727.496,1789074899999,futures
1789074900000,2026-09-10T21:15:00.000Z,2026-09-11 05:15,2459.12,2459.7,2458.4,2458.68,2707.127,1789075199999,futures
1789075200000,2026-09-10T21:20:00.000Z,2026-09-11 05:20,2458.68,2460.69,2458.67,2460.67,2035.518,1789075499999,futures
1789075500000,2026-09-10T21:25:00.000Z,2026-09-11 05:25,2460.67,2460.68,2459.21,2460.67,3801.993,1789075799999,futures
1789075800000,2026-09-10T21:30:00.000Z,2026-09-11 05:30,2460.67,2460.68,2459.09,2460.05,1465.809,1789076099999,futures
1789076100000,2026-09-10T21:35:00.000Z,2026-09-11 05:35,2460.04,2460.05,2457.01,2458.38,3090.647,1789076399999,futures
1789076400000,2026-09-10T21:40:00.000Z,2026-09-11 05:40,2458.38,2459.86,2456.8,2458.18,8667.24,1789076699999,futures
1789076700000,2026-09-10T21:45:00.000Z,2026-09-11 05:45,2458.18,2462.12,2458.08,2458.5,3687.325,1789076999999,futures
1789077000000,2026-09-10T21:50:00.000Z,2026-09-11 05:50,2458.51,2459.6,2458.29,2458.29,1308.571,1789077299999,futures
1789077300000,2026-09-10T21:55:00.000Z,2026-09-11 05:55,2458.3,2459.48,2457.42,2459.27,1544.912,1789077599999,futures
1789077600000,2026-09-10T22:00:00.000Z,2026-09-11 06:00,2459.28,2459.28,2455.87,2458.95,4030.888,1789077899999,futures
1789077900000,2026-09-10T22:05:00.000Z,2026-09-11 06:05,2458.95,2459.72,2457.45,2459.72,1588.623,1789078199999,futures
1789078200000,2026-09-10T22:10:00.000Z,2026-09-11 06:10,2459.72,2461,2455.34,2457.53,5062.521,1789078499999,futures
1789078500000,2026-09-10T22:15:00.000Z,2026-09-11 06:15,2457.53,2458.63,2456.24,2457.95,1930.014,1789078799999,futures
1789078800000,2026-09-10T22:20:00.000Z,2026-09-11 06:20,2457.96,2458.95,2456,2456.72,2306.221,1789079099999,futures
1789079100000,2026-09-10T22:25:00.000Z,2026-09-11 06:25,2456.72,2456.72,2452.4,2452.49,8430.664,1789079399999,futures
1789079400000,2026-09-10T22:30:00.000Z,2026-09-11 06:30,2452.5,2454.5,2448.08,2449.29,17828.704,1789079699999,futures
1789079700000,2026-09-10T22:35:00.000Z,2026-09-11 06:35,2449.29,2449.87,2445.84,2447.27,9307.374,1789079999999,futures
1789080000000,2026-09-10T22:40:00.000Z,2026-09-11 06:40,2447.28,2447.5,2443.85,2445.84,11969.31,1789080299999,futures
1789080300000,2026-09-10T22:45:00.000Z,2026-09-11 06:45,2445.85,2450.6,2445.44,2449.92,9309.927,1789080599999,futures
1789080600000,2026-09-10T22:50:00.000Z,2026-09-11 06:50,2449.93,2449.93,2446.05,2446.78,4076.789,1789080899999,futures
1789080900000,2026-09-10T22:55:00.000Z,2026-09-11 06:55,2446.77,2446.78,2442.5,2443.84,12308.926,1789081199999,futures
1789081200000,2026-09-10T23:00:00.000Z,2026-09-11 07:00,2443.85,2446.15,2440.64,2442.96,12465.907,1789081499999,futures
1789081500000,2026-09-10T23:05:00.000Z,2026-09-11 07:05,2442.96,2445.43,2435.3,2438.98,20724.124,1789081799999,futures
1789081800000,2026-09-10T23:10:00.000Z,2026-09-11 07:10,2438.97,2442.26,2433.42,2435.13,21249.699,1789082099999,futures
1789082100000,2026-09-10T23:15:00.000Z,2026-09-11 07:15,2435.14,2439.59,2433.35,2438.6,11922.732,1789082399999,futures
1789082400000,2026-09-10T23:20:00.000Z,2026-09-11 07:20,2438.6,2444.16,2438.6,2442.66,16069.884,1789082699999,futures
1789082700000,2026-09-10T23:25:00.000Z,2026-09-11 07:25,2442.66,2444.88,2442,2442.15,6896.851,1789082999999,futures
1789083000000,2026-09-10T23:30:00.000Z,2026-09-11 07:30,2442.14,2443.63,2441,2442.26,8557.67,1789083299999,futures
1789083300000,2026-09-10T23:35:00.000Z,2026-09-11 07:35,2442.26,2443,2441,2441.01,3539.912,1789083599999,futures
1789083600000,2026-09-10T23:40:00.000Z,2026-09-11 07:40,2441.01,2441.91,2439.22,2440.59,7745.26,1789083899999,futures
1789083900000,2026-09-10T23:45:00.000Z,2026-09-11 07:45,2440.59,2440.97,2438.56,2439.12,3716.413,1789084199999,futures
1789084200000,2026-09-10T23:50:00.000Z,2026-09-11 07:50,2439.13,2439.91,2435.02,2436.06,6058.081,1789084499999,futures
1789084500000,2026-09-10T23:55:00.000Z,2026-09-11 07:55,2436.06,2437.33,2435.23,2437.04,7721.525,1789084799999,futures
1789084800000,2026-09-11T00:00:00.000Z,2026-09-11 08:00,2437.03,2441.88,2436.25,2440.66,14226.844,1789085099999,futures
1789085100000,2026-09-11T00:05:00.000Z,2026-09-11 08:05,2440.66,2446.6,2438.89,2445.89,11710.332,1789085399999,futures
1789085400000,2026-09-11T00:10:00.000Z,2026-09-11 08:10,2445.88,2449.35,2445.88,2447.28,9465.562,1789085699999,futures
1789085700000,2026-09-11T00:15:00.000Z,2026-09-11 08:15,2447.28,2448.99,2446.59,2447.97,5764.571,1789085999999,futures
1789086000000,2026-09-11T00:20:00.000Z,2026-09-11 08:20,2447.96,2452.92,2446,2449.68,13008.678,1789086299999,futures
1789086300000,2026-09-11T00:25:00.000Z,2026-09-11 08:25,2449.68,2450.88,2448.73,2450.28,5733.163,1789086599999,futures
1789086600000,2026-09-11T00:30:00.000Z,2026-09-11 08:30,2450.29,2450.29,2443.31,2448.58,11291.788,1789086899999,futures
1789086900000,2026-09-11T00:35:00.000Z,2026-09-11 08:35,2448.59,2450.68,2446.93,2450.16,11208.591,1789087199999,futures
1789087200000,2026-09-11T00:40:00.000Z,2026-09-11 08:40,2450.15,2451.73,2448.84,2449.32,17030.736,1789087499999,futures
1789087500000,2026-09-11T00:45:00.000Z,2026-09-11 08:45,2449.32,2450.9,2448.95,2450.44,9841.835,1789087799999,futures
1789087800000,2026-09-11T00:50:00.000Z,2026-09-11 08:50,2450.44,2456.3,2450.18,2456.25,10904.237,1789088099999,futures
1789088100000,2026-09-11T00:55:00.000Z,2026-09-11 08:55,2456.25,2457.36,2454.11,2455.46,7927.211,1789088399999,futures
1789088400000,2026-09-11T01:00:00.000Z,2026-09-11 09:00,2455.45,2459.52,2454.64,2458.74,6599.624,1789088699999,futures
1789088700000,2026-09-11T01:05:00.000Z,2026-09-11 09:05,2458.74,2459.16,2456.2,2458.07,10415.266,1789088999999,futures
1789089000000,2026-09-11T01:10:00.000Z,2026-09-11 09:10,2458.07,2458.69,2454.34,2454.62,5625.791,1789089299999,futures
1789089300000,2026-09-11T01:15:00.000Z,2026-09-11 09:15,2454.62,2455.77,2453.32,2455.77,5179.654,1789089599999,futures
1789089600000,2026-09-11T01:20:00.000Z,2026-09-11 09:20,2455.77,2456.81,2450.7,2453.26,6347.697,1789089899999,futures
1789089900000,2026-09-11T01:25:00.000Z,2026-09-11 09:25,2453.26,2454.45,2449.2,2449.21,4723.949,1789090199999,futures
1789090200000,2026-09-11T01:30:00.000Z,2026-09-11 09:30,2449.2,2449.84,2445.15,2448.92,23883.795,1789090499999,futures
1789090500000,2026-09-11T01:35:00.000Z,2026-09-11 09:35,2448.93,2453.26,2447.42,2448.36,6672.417,1789090799999,futures
1789090800000,2026-09-11T01:40:00.000Z,2026-09-11 09:40,2448.36,2450.63,2444.89,2450.63,6916.588,1789091099999,futures
1789091100000,2026-09-11T01:45:00.000Z,2026-09-11 09:45,2450.63,2451.7,2447.78,2451.66,6294.167,1789091399999,futures
1789091400000,2026-09-11T01:50:00.000Z,2026-09-11 09:50,2451.66,2452.62,2450.77,2452.31,3775.826,1789091699999,futures
1789091700000,2026-09-11T01:55:00.000Z,2026-09-11 09:55,2452.3,2453.45,2451.43,2453.25,2922.789,1789091999999,futures
1789092000000,2026-09-11T02:00:00.000Z,2026-09-11 10:00,2453.25,2453.61,2450.09,2453.07,5221.802,1789092299999,futures
1789092300000,2026-09-11T02:05:00.000Z,2026-09-11 10:05,2453.08,2453.95,2450.22,2451.71,3196.637,1789092599999,futures
1789092600000,2026-09-11T02:10:00.000Z,2026-09-11 10:10,2451.72,2453.96,2450.73,2453.23,4499.384,1789092899999,futures
1789092900000,2026-09-11T02:15:00.000Z,2026-09-11 10:15,2453.23,2453.23,2448.5,2448.86,3398.809,1789093199999,futures
1789093200000,2026-09-11T02:20:00.000Z,2026-09-11 10:20,2448.87,2450.19,2447.01,2447.02,4195.134,1789093499999,futures
1789093500000,2026-09-11T02:25:00.000Z,2026-09-11 10:25,2447.02,2447.02,2444.34,2445.89,8980.403,1789093799999,futures
1789093800000,2026-09-11T02:30:00.000Z,2026-09-11 10:30,2445.89,2446.7,2444.39,2445.16,5767.16,1789094099999,futures
1789094100000,2026-09-11T02:35:00.000Z,2026-09-11 10:35,2445.16,2449,2444.5,2448.67,5312.721,1789094399999,futures
1789094400000,2026-09-11T02:40:00.000Z,2026-09-11 10:40,2448.67,2449,2447,2447.46,3066.393,1789094699999,futures
1789094700000,2026-09-11T02:45:00.000Z,2026-09-11 10:45,2447.46,2449.34,2446.34,2449.32,3510.647,1789094999999,futures
1789095000000,2026-09-11T02:50:00.000Z,2026-09-11 10:50,2449.32,2449.75,2443.09,2445.32,13394.721,1789095299999,futures
1789095300000,2026-09-11T02:55:00.000Z,2026-09-11 10:55,2445.32,2446.65,2444.75,2445.86,3219.696,1789095599999,futures
1789095600000,2026-09-11T03:00:00.000Z,2026-09-11 11:00,2445.86,2446.48,2443.86,2443.87,3076.776,1789095899999,futures
1789095900000,2026-09-11T03:05:00.000Z,2026-09-11 11:05,2443.86,2443.87,2440.55,2440.92,9018.196,1789096199999,futures
1789096200000,2026-09-11T03:10:00.000Z,2026-09-11 11:10,2440.92,2447,2440.15,2446.81,8862.825,1789096499999,futures
1789096500000,2026-09-11T03:15:00.000Z,2026-09-11 11:15,2446.8,2447.83,2442.96,2445.47,5964.144,1789096799999,futures
1789096800000,2026-09-11T03:20:00.000Z,2026-09-11 11:20,2445.47,2445.69,2441.7,2441.75,6513.446,1789097099999,futures
1789097100000,2026-09-11T03:25:00.000Z,2026-09-11 11:25,2441.74,2443.41,2440.22,2442.02,4019.906,1789097399999,futures
1789097400000,2026-09-11T03:30:00.000Z,2026-09-11 11:30,2442.01,2442.43,2439.01,2441.07,5238.312,1789097699999,futures
1789097700000,2026-09-11T03:35:00.000Z,2026-09-11 11:35,2441.07,2445.78,2440.72,2445.03,5012.527,1789097999999,futures
1789098000000,2026-09-11T03:40:00.000Z,2026-09-11 11:40,2445.02,2446.21,2444.58,2445.99,5203.339,1789098299999,futures
1789098300000,2026-09-11T03:45:00.000Z,2026-09-11 11:45,2446,2446,2442.52,2442.79,2613.13,1789098599999,futures
1789098600000,2026-09-11T03:50:00.000Z,2026-09-11 11:50,2442.79,2443.45,2441.7,2443.1,4163.018,1789098899999,futures
1789098900000,2026-09-11T03:55:00.000Z,2026-09-11 11:55,2443.09,2446.2,2442.59,2446.2,4036.954,1789099199999,futures
1789099200000,2026-09-11T04:00:00.000Z,2026-09-11 12:00,2446.2,2448.54,2445.22,2447.99,6140.648,1789099499999,futures
1789099500000,2026-09-11T04:05:00.000Z,2026-09-11 12:05,2448,2450.28,2447.74,2448.93,7124.225,1789099799999,futures
1789099800000,2026-09-11T04:10:00.000Z,2026-09-11 12:10,2448.94,2450.36,2446.81,2449.31,6885.186,1789100099999,futures
1789100100000,2026-09-11T04:15:00.000Z,2026-09-11 12:15,2449.3,2450.69,2447.91,2450.43,6900.196,1789100399999,futures
1789100400000,2026-09-11T04:20:00.000Z,2026-09-11 12:20,2450.42,2456.3,2450.31,2455.78,15807.371,1789100699999,futures
1789100700000,2026-09-11T04:25:00.000Z,2026-09-11 12:25,2455.78,2461.69,2455.77,2461.02,36665.62,1789100999999,futures
1789101000000,2026-09-11T04:30:00.000Z,2026-09-11 12:30,2461.03,2464,2459.84,2459.97,17054.447,1789101299999,futures
1789101300000,2026-09-11T04:35:00.000Z,2026-09-11 12:35,2459.97,2460.32,2457.49,2458.62,8232.544,1789101599999,futures
1789101600000,2026-09-11T04:40:00.000Z,2026-09-11 12:40,2458.61,2459.68,2455.19,2456.51,10631.292,1789101899999,futures
1789101900000,2026-09-11T04:45:00.000Z,2026-09-11 12:45,2456.52,2456.93,2455.72,2456.85,4329.925,1789102199999,futures
1789102200000,2026-09-11T04:50:00.000Z,2026-09-11 12:50,2456.86,2458.38,2456.86,2457.94,3446.931,1789102499999,futures
1789102500000,2026-09-11T04:55:00.000Z,2026-09-11 12:55,2457.95,2459.14,2457.81,2457.96,4908.634,1789102799999,futures
1789102800000,2026-09-11T05:00:00.000Z,2026-09-11 13:00,2457.95,2458.49,2456.4,2456.86,4293.03,1789103099999,futures
1789103100000,2026-09-11T05:05:00.000Z,2026-09-11 13:05,2456.85,2459.15,2456.7,2458.77,2625.643,1789103399999,futures
1789103400000,2026-09-11T05:10:00.000Z,2026-09-11 13:10,2458.76,2461.23,2457.21,2460.35,8009.811,1789103699999,futures
1789103700000,2026-09-11T05:15:00.000Z,2026-09-11 13:15,2460.36,2460.52,2458.6,2458.82,3793.321,1789103999999,futures
1789104000000,2026-09-11T05:20:00.000Z,2026-09-11 13:20,2458.81,2459.35,2457.34,2458.83,4535.512,1789104299999,futures
1789104300000,2026-09-11T05:25:00.000Z,2026-09-11 13:25,2458.83,2458.9,2456.84,2457.83,4032.901,1789104599999,futures
1789104600000,2026-09-11T05:30:00.000Z,2026-09-11 13:30,2457.83,2460.24,2457.35,2459.19,5725.15,1789104899999,futures
1789104900000,2026-09-11T05:35:00.000Z,2026-09-11 13:35,2459.2,2462.74,2459.19,2461.3,7499.248,1789105199999,futures
1789105200000,2026-09-11T05:40:00.000Z,2026-09-11 13:40,2461.29,2464.44,2460.5,2464.36,7088.689,1789105499999,futures
1789105500000,2026-09-11T05:45:00.000Z,2026-09-11 13:45,2464.35,2466,2462.68,2464.99,12080.707,1789105799999,futures
1789105800000,2026-09-11T05:50:00.000Z,2026-09-11 13:50,2464.99,2466.01,2464.39,2465.38,5521.5,1789106099999,futures
1789106100000,2026-09-11T05:55:00.000Z,2026-09-11 13:55,2465.38,2467.79,2465.38,2467.78,6291.014,1789106399999,futures
1789106400000,2026-09-11T06:00:00.000Z,2026-09-11 14:00,2467.78,2468.3,2466.12,2466.7,7595.923,1789106699999,futures
1789106700000,2026-09-11T06:05:00.000Z,2026-09-11 14:05,2466.7,2468.99,2465.7,2466.97,8397.865,1789106999999,futures
1789107000000,2026-09-11T06:10:00.000Z,2026-09-11 14:10,2466.97,2470.27,2466.97,2469.15,12278.933,1789107299999,futures
1789107300000,2026-09-11T06:15:00.000Z,2026-09-11 14:15,2469.15,2469.81,2466.43,2466.97,9639.356,1789107599999,futures
1789107600000,2026-09-11T06:20:00.000Z,2026-09-11 14:20,2466.97,2467.51,2465.1,2465.69,16679.356,1789107899999,futures
1789107900000,2026-09-11T06:25:00.000Z,2026-09-11 14:25,2465.69,2466.48,2464.54,2465.77,8008.799,1789108199999,futures
1789108200000,2026-09-11T06:30:00.000Z,2026-09-11 14:30,2465.77,2465.87,2462.2,2463.09,11044.444,1789108499999,futures
1789108500000,2026-09-11T06:35:00.000Z,2026-09-11 14:35,2463.1,2465.97,2462.82,2465.97,4101.845,1789108799999,futures
1789108800000,2026-09-11T06:40:00.000Z,2026-09-11 14:40,2465.96,2465.97,2464.58,2465.41,3139,1789109099999,futures
1789109100000,2026-09-11T06:45:00.000Z,2026-09-11 14:45,2465.41,2466.8,2465.25,2466.31,2772.241,1789109399999,futures
1789109400000,2026-09-11T06:50:00.000Z,2026-09-11 14:50,2466.31,2466.81,2465.9,2465.94,2441.672,1789109699999,futures
1789109700000,2026-09-11T06:55:00.000Z,2026-09-11 14:55,2465.94,2466.39,2465.9,2465.9,1900.296,1789109999999,futures
1789110000000,2026-09-11T07:00:00.000Z,2026-09-11 15:00,2465.9,2466.59,2465.24,2466.59,4014.575,1789110299999,futures
1789110300000,2026-09-11T07:05:00.000Z,2026-09-11 15:05,2466.59,2468.92,2466.59,2468.92,5833.125,1789110599999,futures
1789110600000,2026-09-11T07:10:00.000Z,2026-09-11 15:10,2468.92,2469.83,2467.52,2467.65,6675.168,1789110899999,futures
1789110900000,2026-09-11T07:15:00.000Z,2026-09-11 15:15,2467.66,2469.06,2467.65,2468.36,3383.55,1789111199999,futures
1789111200000,2026-09-11T07:20:00.000Z,2026-09-11 15:20,2468.36,2472.74,2468.11,2471.23,11772.479,1789111499999,futures
1789111500000,2026-09-11T07:25:00.000Z,2026-09-11 15:25,2471.23,2471.36,2468,2468,6383.11,1789111799999,futures
1789111800000,2026-09-11T07:30:00.000Z,2026-09-11 15:30,2468,2470.39,2465.9,2467.3,8709.052,1789112099999,futures
1789112100000,2026-09-11T07:35:00.000Z,2026-09-11 15:35,2467.3,2468.31,2466.62,2466.89,4314.452,1789112399999,futures
1789112400000,2026-09-11T07:40:00.000Z,2026-09-11 15:40,2466.88,2467.54,2466.53,2466.65,4078.973,1789112699999,futures
1789112700000,2026-09-11T07:45:00.000Z,2026-09-11 15:45,2466.65,2466.66,2465.9,2466.11,3320.024,1789112999999,futures
1789113000000,2026-09-11T07:50:00.000Z,2026-09-11 15:50,2466.12,2466.54,2465.41,2465.62,5802.846,1789113299999,futures
1789113300000,2026-09-11T07:55:00.000Z,2026-09-11 15:55,2465.62,2468,2465.21,2466.51,6591.355,1789113599999,futures
1789113600000,2026-09-11T08:00:00.000Z,2026-09-11 16:00,2466.5,2467.78,2464.79,2464.94,4840.337,1789113899999,futures
1789113900000,2026-09-11T08:05:00.000Z,2026-09-11 16:05,2464.94,2465.1,2462.87,2463.14,6625.894,1789114199999,futures
1789114200000,2026-09-11T08:10:00.000Z,2026-09-11 16:10,2463.15,2464.92,2462.56,2464.39,7680.937,1789114499999,futures
1789114500000,2026-09-11T08:15:00.000Z,2026-09-11 16:15,2464.38,2467.02,2464.38,2466.12,6512.725,1789114799999,futures
1789114800000,2026-09-11T08:20:00.000Z,2026-09-11 16:20,2466.13,2474.53,2466.12,2474.32,16395.256,1789115099999,futures
1789115100000,2026-09-11T08:25:00.000Z,2026-09-11 16:25,2474.32,2475.99,2470.24,2473.61,18378.891,1789115399999,futures
1789115400000,2026-09-11T08:30:00.000Z,2026-09-11 16:30,2473.61,2483.73,2473.43,2477.59,46536.798,1789115699999,futures
1789115700000,2026-09-11T08:35:00.000Z,2026-09-11 16:35,2477.59,2478.33,2476.5,2477.06,9603.079,1789115999999,futures
1789116000000,2026-09-11T08:40:00.000Z,2026-09-11 16:40,2477.06,2478.39,2476.74,2477.27,4393.967,1789116299999,futures
1789116300000,2026-09-11T08:45:00.000Z,2026-09-11 16:45,2477.28,2478.22,2475.22,2475.66,7055.021,1789116599999,futures
1789116600000,2026-09-11T08:50:00.000Z,2026-09-11 16:50,2475.67,2476.6,2474.09,2475.09,8524.844,1789116899999,futures
1789116900000,2026-09-11T08:55:00.000Z,2026-09-11 16:55,2475.09,2475.81,2474.95,2475.8,3041.652,1789117199999,futures
1789117200000,2026-09-11T09:00:00.000Z,2026-09-11 17:00,2475.81,2476.79,2474.29,2474.93,5468.384,1789117499999,futures
1789117500000,2026-09-11T09:05:00.000Z,2026-09-11 17:05,2474.93,2474.93,2472.71,2472.72,4855.964,1789117799999,futures
1789117800000,2026-09-11T09:10:00.000Z,2026-09-11 17:10,2472.72,2473.95,2472.68,2472.9,4900.403,1789118099999,futures
1789118100000,2026-09-11T09:15:00.000Z,2026-09-11 17:15,2472.89,2473.87,2472.72,2473.17,4179.503,1789118399999,futures
1789118400000,2026-09-11T09:20:00.000Z,2026-09-11 17:20,2473.17,2474.42,2472.1,2472.12,4837.382,1789118699999,futures
1789118700000,2026-09-11T09:25:00.000Z,2026-09-11 17:25,2472.11,2472.91,2471.71,2471.89,4469.63,1789118999999,futures
1789119000000,2026-09-11T09:30:00.000Z,2026-09-11 17:30,2471.89,2472.78,2470.77,2470.77,3863.09,1789119299999,futures
1789119300000,2026-09-11T09:35:00.000Z,2026-09-11 17:35,2470.78,2470.78,2462.49,2463.08,28035.186,1789119599999,futures
1789119600000,2026-09-11T09:40:00.000Z,2026-09-11 17:40,2463.08,2465,2460.54,2464.66,17036.165,1789119899999,futures
1789119900000,2026-09-11T09:45:00.000Z,2026-09-11 17:45,2464.65,2466.87,2464.56,2466.34,5812.491,1789120199999,futures
1789120200000,2026-09-11T09:50:00.000Z,2026-09-11 17:50,2466.34,2469.19,2465.48,2469.01,5378.233,1789120499999,futures
1789120500000,2026-09-11T09:55:00.000Z,2026-09-11 17:55,2469,2469.63,2467.6,2468.39,2576.914,1789120799999,futures
1789120800000,2026-09-11T10:00:00.000Z,2026-09-11 18:00,2468.39,2474.36,2464.38,2473.38,14190.887,1789121099999,futures
1789121100000,2026-09-11T10:05:00.000Z,2026-09-11 18:05,2473.38,2473.38,2468.5,2468.75,4387.857,1789121399999,futures
1789121400000,2026-09-11T10:10:00.000Z,2026-09-11 18:10,2468.75,2468.79,2464.42,2466.8,5716.77,1789121699999,futures
1789121700000,2026-09-11T10:15:00.000Z,2026-09-11 18:15,2466.8,2468.58,2465.66,2467.52,3162.151,1789121999999,futures
1789122000000,2026-09-11T10:20:00.000Z,2026-09-11 18:20,2467.52,2467.52,2465.07,2465.64,3180.26,1789122299999,futures
1789122300000,2026-09-11T10:25:00.000Z,2026-09-11 18:25,2465.64,2466.3,2463.38,2463.87,2603.107,1789122599999,futures
1789122600000,2026-09-11T10:30:00.000Z,2026-09-11 18:30,2463.86,2464.24,2461.33,2464.18,4485.998,1789122899999,futures
1789122900000,2026-09-11T10:35:00.000Z,2026-09-11 18:35,2464.18,2465.34,2463.38,2464.88,3943.159,1789123199999,futures
1789123200000,2026-09-11T10:40:00.000Z,2026-09-11 18:40,2464.88,2464.88,2462.14,2462.82,4009.304,1789123499999,futures
1789123500000,2026-09-11T10:45:00.000Z,2026-09-11 18:45,2462.82,2464.43,2462.4,2462.41,3120.993,1789123799999,futures
1789123800000,2026-09-11T10:50:00.000Z,2026-09-11 18:50,2462.41,2464.16,2462.4,2463.15,2487.642,1789124099999,futures
1789124100000,2026-09-11T10:55:00.000Z,2026-09-11 18:55,2463.14,2463.47,2461.05,2461.09,4004.471,1789124399999,futures
1789124400000,2026-09-11T11:00:00.000Z,2026-09-11 19:00,2461.09,2461.1,2454.06,2455.52,22358.148,1789124699999,futures
1789124700000,2026-09-11T11:05:00.000Z,2026-09-11 19:05,2455.51,2458.18,2451.6,2453.18,17325.119,1789124999999,futures
1789125000000,2026-09-11T11:10:00.000Z,2026-09-11 19:10,2453.18,2454.25,2450.75,2452.76,14608.872,1789125299999,futures
1789125300000,2026-09-11T11:15:00.000Z,2026-09-11 19:15,2452.76,2455.37,2451.55,2454.99,11424.465,1789125599999,futures
1789125600000,2026-09-11T11:20:00.000Z,2026-09-11 19:20,2455,2455.91,2452.05,2454.02,6930.178,1789125899999,futures
1789125900000,2026-09-11T11:25:00.000Z,2026-09-11 19:25,2454.02,2457.93,2454.01,2454.93,9532.372,1789126199999,futures
1789126200000,2026-09-11T11:30:00.000Z,2026-09-11 19:30,2454.92,2455.37,2453.26,2453.26,3764.239,1789126499999,futures
1789126500000,2026-09-11T11:35:00.000Z,2026-09-11 19:35,2453.26,2456.58,2453,2455.6,3425.704,1789126799999,futures
1789126800000,2026-09-11T11:40:00.000Z,2026-09-11 19:40,2455.59,2458.22,2455.08,2457.74,6957.618,1789127099999,futures
1789127100000,2026-09-11T11:45:00.000Z,2026-09-11 19:45,2457.73,2459.4,2456.3,2456.3,6625.677,1789127399999,futures
1789127400000,2026-09-11T11:50:00.000Z,2026-09-11 19:50,2456.3,2458.5,2454.93,2456.69,8015.304,1789127699999,futures
1789127700000,2026-09-11T11:55:00.000Z,2026-09-11 19:55,2456.69,2457.9,2455.71,2457.19,6481.158,1789127999999,futures
1789128000000,2026-09-11T12:00:00.000Z,2026-09-11 20:00,2457.19,2459.45,2455.67,2456.47,7185.843,1789128299999,futures
1789128300000,2026-09-11T12:05:00.000Z,2026-09-11 20:05,2456.47,2456.66,2448.67,2450.66,16782.346,1789128599999,futures
1789128600000,2026-09-11T12:10:00.000Z,2026-09-11 20:10,2450.66,2453.94,2450,2451.43,12995.004,1789128899999,futures
1789128900000,2026-09-11T12:15:00.000Z,2026-09-11 20:15,2451.43,2457.46,2450.29,2453.44,11631.426,1789129199999,futures
1789129200000,2026-09-11T12:20:00.000Z,2026-09-11 20:20,2453.44,2457.76,2452.82,2454.5,16123.461,1789129499999,futures
1789129500000,2026-09-11T12:25:00.000Z,2026-09-11 20:25,2454.49,2478.58,2453.14,2464.18,88356.427,1789129799999,futures
1789129800000,2026-09-11T12:30:00.000Z,2026-09-11 20:30,2464.18,2476.76,2433.04,2470.32,344576.575,1789130099999,futures
1789130100000,2026-09-11T12:35:00.000Z,2026-09-11 20:35,2470.31,2501.73,2468.21,2498.42,212543.784,1789130399999,futures
1789130400000,2026-09-11T12:40:00.000Z,2026-09-11 20:40,2498.42,2503.5,2484.93,2492.65,87003.239,1789130699999,futures
1789130700000,2026-09-11T12:45:00.000Z,2026-09-11 20:45,2492.65,2513.54,2492.4,2503.18,134230.407,1789130999999,futures
1789131000000,2026-09-11T12:50:00.000Z,2026-09-11 20:50,2503.17,2514.49,2502.93,2508.98,73380.386,1789131299999,futures
1789131300000,2026-09-11T12:55:00.000Z,2026-09-11 20:55,2508.99,2511,2502.79,2509.74,42418.544,1789131599999,futures
1789131600000,2026-09-11T13:00:00.000Z,2026-09-11 21:00,2509.74,2510.53,2500,2500.68,45285.709,1789131899999,futures
1789131900000,2026-09-11T13:05:00.000Z,2026-09-11 21:05,2500.67,2507.49,2494.2,2494.57,38761.193,1789132199999,futures
1789132200000,2026-09-11T13:10:00.000Z,2026-09-11 21:10,2494.57,2501.6,2494.26,2500.89,24329.599,1789132499999,futures
1789132500000,2026-09-11T13:15:00.000Z,2026-09-11 21:15,2500.88,2501.4,2497,2500.86,15195.292,1789132799999,futures
1789132800000,2026-09-11T13:20:00.000Z,2026-09-11 21:20,2500.87,2510,2500.86,2506.73,36746.928,1789133099999,futures
1789133100000,2026-09-11T13:25:00.000Z,2026-09-11 21:25,2506.73,2507.55,2499.38,2499.65,22917.113,1789133399999,futures
1789133400000,2026-09-11T13:30:00.000Z,2026-09-11 21:30,2499.65,2506.67,2494.3,2499.99,35185.002,1789133699999,futures
1789133700000,2026-09-11T13:35:00.000Z,2026-09-11 21:35,2499.98,2505.9,2488.76,2505.9,45891.184,1789133999999,futures
1789134000000,2026-09-11T13:40:00.000Z,2026-09-11 21:40,2505.89,2524,2503.3,2522.93,124116.631,1789134299999,futures
1789134300000,2026-09-11T13:45:00.000Z,2026-09-11 21:45,2522.94,2587.99,2518.19,2580.66,333309.086,1789134599999,futures
1789134600000,2026-09-11T13:50:00.000Z,2026-09-11 21:50,2580.66,2603.99,2570.24,2589.65,256499.679,1789134899999,futures
1789134900000,2026-09-11T13:55:00.000Z,2026-09-11 21:55,2589.64,2647.66,2589.64,2628.21,222818.255,1789135199999,futures
1789135200000,2026-09-11T14:00:00.000Z,2026-09-11 22:00,2628.22,2666,2622.07,2638.93,291318.224,1789135499999,futures
1789135500000,2026-09-11T14:05:00.000Z,2026-09-11 22:05,2638.94,2641.48,2608.8,2617.78,154552.564,1789135799999,futures
1789135800000,2026-09-11T14:10:00.000Z,2026-09-11 22:10,2617.77,2618.64,2596.66,2611.27,103595.81,1789136099999,futures
1789136100000,2026-09-11T14:15:00.000Z,2026-09-11 22:15,2611.27,2616.14,2602.59,2614.95,58745.896,1789136399999,futures
1789136400000,2026-09-11T14:20:00.000Z,2026-09-11 22:20,2614.95,2618.74,2609.1,2615.6,36745.594,1789136699999,futures
1789136700000,2026-09-11T14:25:00.000Z,2026-09-11 22:25,2615.6,2623.45,2611.45,2617.21,45704.442,1789136999999,futures
1789137000000,2026-09-11T14:30:00.000Z,2026-09-11 22:30,2617.21,2618.71,2608,2608.24,40407.699,1789137299999,futures
1789137300000,2026-09-11T14:35:00.000Z,2026-09-11 22:35,2608.23,2612,2601.82,2609,48479.728,1789137599999,futures
1789137600000,2026-09-11T14:40:00.000Z,2026-09-11 22:40,2609,2612.12,2600.39,2606.86,27573.234,1789137899999,futures
1789137900000,2026-09-11T14:45:00.000Z,2026-09-11 22:45,2606.87,2612.81,2590.85,2599,79294.217,1789138199999,futures
1789138200000,2026-09-11T14:50:00.000Z,2026-09-11 22:50,2599,2604.25,2592.45,2602.48,38709.557,1789138499999,futures
1789138500000,2026-09-11T14:55:00.000Z,2026-09-11 22:55,2602.48,2608.84,2601.76,2606.52,20297.247,1789138799999,futures
1789138800000,2026-09-11T15:00:00.000Z,2026-09-11 23:00,2606.53,2608.61,2598.09,2603.75,25541.471,1789139099999,futures
1789139100000,2026-09-11T15:05:00.000Z,2026-09-11 23:05,2603.75,2610.8,2602.2,2606.65,22363.295,1789139399999,futures
1789139400000,2026-09-11T15:10:00.000Z,2026-09-11 23:10,2606.65,2607.46,2601,2602.01,27119.898,1789139699999,futures
1789139700000,2026-09-11T15:15:00.000Z,2026-09-11 23:15,2602.02,2616.42,2601.12,2614.36,29264.379,1789139999999,futures
1789140000000,2026-09-11T15:20:00.000Z,2026-09-11 23:20,2614.35,2615.85,2609.54,2613.11,21622.394,1789140299999,futures
1789140300000,2026-09-11T15:25:00.000Z,2026-09-11 23:25,2613.12,2613.81,2610,2610.01,11493.062,1789140599999,futures
1789140600000,2026-09-11T15:30:00.000Z,2026-09-11 23:30,2610.01,2614.73,2607.41,2614.73,13059.57,1789140899999,futures
1789140900000,2026-09-11T15:35:00.000Z,2026-09-11 23:35,2614.73,2614.73,2605.64,2611.88,19148.525,1789141199999,futures
1789141200000,2026-09-11T15:40:00.000Z,2026-09-11 23:40,2611.88,2613.5,2606.67,2607.17,12546.859,1789141499999,futures
1789141500000,2026-09-11T15:45:00.000Z,2026-09-11 23:45,2607.17,2609.88,2605.09,2606.97,14599.964,1789141799999,futures
1789141800000,2026-09-11T15:50:00.000Z,2026-09-11 23:50,2606.99,2608,2551.21,2558.77,187598.154,1789142099999,futures
1789142100000,2026-09-11T15:55:00.000Z,2026-09-11 23:55,2558.77,2564.64,2541.39,2558.01,150853.537,1789142399999,futures
1789142400000,2026-09-11T16:00:00.000Z,2026-09-12 00:00,2558.01,2574.2,2556.01,2568.18,77642.287,1789142699999,futures
1789142700000,2026-09-11T16:05:00.000Z,2026-09-12 00:05,2568.18,2577,2564.68,2571.99,36730.675,1789142999999,futures
1789143000000,2026-09-11T16:10:00.000Z,2026-09-12 00:10,2572,2573.21,2558.93,2559.51,35709.886,1789143299999,futures
1789143300000,2026-09-11T16:15:00.000Z,2026-09-12 00:15,2559.51,2564.63,2547.79,2550.48,58247.673,1789143599999,futures
1789143600000,2026-09-11T16:20:00.000Z,2026-09-12 00:20,2550.48,2553.6,2542.55,2552.49,45226.032,1789143899999,futures
1789143900000,2026-09-11T16:25:00.000Z,2026-09-12 00:25,2552.48,2567,2551.62,2563.69,34904.816,1789144199999,futures
1789144200000,2026-09-11T16:30:00.000Z,2026-09-12 00:30,2563.69,2571.43,2558.4,2569.3,34101.521,1789144499999,futures
1789144500000,2026-09-11T16:35:00.000Z,2026-09-12 00:35,2569.3,2570,2563.1,2564.58,18800.698,1789144799999,futures
1789144800000,2026-09-11T16:40:00.000Z,2026-09-12 00:40,2564.58,2570.66,2564,2570.22,12452.389,1789145099999,futures
1789145100000,2026-09-11T16:45:00.000Z,2026-09-12 00:45,2570.22,2582.53,2568.66,2576.91,53099.827,1789145399999,futures
1789145400000,2026-09-11T16:50:00.000Z,2026-09-12 00:50,2576.91,2580.3,2575.5,2578.29,17220.518,1789145699999,futures
1789145700000,2026-09-11T16:55:00.000Z,2026-09-12 00:55,2578.28,2580.56,2574.01,2576.38,21668.396,1789145999999,futures
1789146000000,2026-09-11T17:00:00.000Z,2026-09-12 01:00,2576.38,2579.28,2573,2578.5,15487.012,1789146299999,futures
1789146300000,2026-09-11T17:05:00.000Z,2026-09-12 01:05,2578.5,2580.93,2573.02,2574,9453.072,1789146599999,futures
1789146600000,2026-09-11T17:10:00.000Z,2026-09-12 01:10,2574.01,2574.78,2569.16,2569.5,14138.044,1789146899999,futures
1789146900000,2026-09-11T17:15:00.000Z,2026-09-12 01:15,2569.5,2578.93,2569.5,2577.4,14625.496,1789147199999,futures
1789147200000,2026-09-11T17:20:00.000Z,2026-09-12 01:20,2577.4,2578,2569.29,2575.94,10018.074,1789147499999,futures
1789147500000,2026-09-11T17:25:00.000Z,2026-09-12 01:25,2575.94,2577.82,2574.51,2574.86,5954.68,1789147799999,futures
1789147800000,2026-09-11T17:30:00.000Z,2026-09-12 01:30,2574.86,2578,2573.66,2575.42,4737.452,1789148099999,futures
1789148100000,2026-09-11T17:35:00.000Z,2026-09-12 01:35,2575.41,2575.56,2566.37,2566.78,12768.425,1789148399999,futures
1789148400000,2026-09-11T17:40:00.000Z,2026-09-12 01:40,2566.78,2570.52,2566,2568.09,9352.352,1789148699999,futures
1789148700000,2026-09-11T17:45:00.000Z,2026-09-12 01:45,2568.08,2571.88,2567.58,2570.33,7342.807,1789148999999,futures
1789149000000,2026-09-11T17:50:00.000Z,2026-09-12 01:50,2570.33,2570.34,2562.49,2562.86,12471.74,1789149299999,futures
1789149300000,2026-09-11T17:55:00.000Z,2026-09-12 01:55,2562.85,2568.89,2562.11,2565.31,9019.562,1789149599999,futures
1789149600000,2026-09-11T18:00:00.000Z,2026-09-12 02:00,2565.32,2567.24,2544.98,2549.88,54839.861,1789149899999,futures
1789149900000,2026-09-11T18:05:00.000Z,2026-09-12 02:05,2549.88,2550.19,2527.2,2537.24,100608.592,1789150199999,futures
1789150200000,2026-09-11T18:10:00.000Z,2026-09-12 02:10,2537.24,2542.4,2533.02,2538.16,30874.464,1789150499999,futures
1789150500000,2026-09-11T18:15:00.000Z,2026-09-12 02:15,2538.17,2548.23,2534.66,2546.98,34348.823,1789150799999,futures
1789150800000,2026-09-11T18:20:00.000Z,2026-09-12 02:20,2546.98,2547.22,2541.21,2542.7,13212.849,1789151099999,futures
1789151100000,2026-09-11T18:25:00.000Z,2026-09-12 02:25,2542.7,2543.75,2536.84,2543.12,11591.837,1789151399999,futures
1789151400000,2026-09-11T18:30:00.000Z,2026-09-12 02:30,2543.11,2545.87,2539.47,2545.27,9154.584,1789151699999,futures
1789151700000,2026-09-11T18:35:00.000Z,2026-09-12 02:35,2545.26,2547.71,2541.28,2545,12946.575,1789151999999,futures
1789152000000,2026-09-11T18:40:00.000Z,2026-09-12 02:40,2545,2547.01,2539.12,2540.31,8702.036,1789152299999,futures
1789152300000,2026-09-11T18:45:00.000Z,2026-09-12 02:45,2540.31,2555.24,2537.47,2541.32,48085.633,1789152599999,futures
1789152600000,2026-09-11T18:50:00.000Z,2026-09-12 02:50,2541.32,2541.33,2529.04,2532.06,27344.76,1789152899999,futures
1789152900000,2026-09-11T18:55:00.000Z,2026-09-12 02:55,2532.06,2536.9,2530,2536.23,13458.596,1789153199999,futures
1789153200000,2026-09-11T19:00:00.000Z,2026-09-12 03:00,2536.24,2541.06,2531.6,2541.06,13967.613,1789153499999,futures
1789153500000,2026-09-11T19:05:00.000Z,2026-09-12 03:05,2541.05,2546.24,2540.48,2543.84,16979.787,1789153799999,futures
1789153800000,2026-09-11T19:10:00.000Z,2026-09-12 03:10,2543.84,2545.49,2541.16,2544.14,7853.948,1789154099999,futures
1789154100000,2026-09-11T19:15:00.000Z,2026-09-12 03:15,2544.14,2544.32,2537.06,2540.18,14517.258,1789154399999,futures
1789154400000,2026-09-11T19:20:00.000Z,2026-09-12 03:20,2540.18,2544.41,2538.01,2544.32,7773.684,1789154699999,futures
1789154700000,2026-09-11T19:25:00.000Z,2026-09-12 03:25,2544.32,2547.25,2544.1,2544.32,10077.013,1789154999999,futures
1789155000000,2026-09-11T19:30:00.000Z,2026-09-12 03:30,2544.32,2545.89,2543.46,2544.65,6647.734,1789155299999,futures
1789155300000,2026-09-11T19:35:00.000Z,2026-09-12 03:35,2544.65,2545.99,2540.59,2543.38,8650.879,1789155599999,futures
1789155600000,2026-09-11T19:40:00.000Z,2026-09-12 03:40,2543.38,2545.59,2540.86,2542.7,4739.727,1789155899999,futures
1789155900000,2026-09-11T19:45:00.000Z,2026-09-12 03:45,2542.69,2542.99,2538.67,2539.39,4994.922,1789156199999,futures
1789156200000,2026-09-11T19:50:00.000Z,2026-09-12 03:50,2539.39,2542.03,2538.09,2540.04,5953.173,1789156499999,futures
1789156500000,2026-09-11T19:55:00.000Z,2026-09-12 03:55,2540.03,2541.16,2536.67,2538.3,20291.499,1789156799999,futures
1789156800000,2026-09-11T20:00:00.000Z,2026-09-12 04:00,2538.3,2544.77,2536.6,2544.23,9101.714,1789157099999,futures
1789157100000,2026-09-11T20:05:00.000Z,2026-09-12 04:05,2544.23,2545.22,2541.42,2541.45,9042.925,1789157399999,futures
1789157400000,2026-09-11T20:10:00.000Z,2026-09-12 04:10,2541.45,2546.6,2541.01,2543.46,6663.741,1789157699999,futures
1789157700000,2026-09-11T20:15:00.000Z,2026-09-12 04:15,2543.46,2543.47,2537.67,2538.93,6094.505,1789157999999,futures
1789158000000,2026-09-11T20:20:00.000Z,2026-09-12 04:20,2538.92,2539.27,2537.24,2539.23,4624.156,1789158299999,futures
1789158300000,2026-09-11T20:25:00.000Z,2026-09-12 04:25,2539.23,2540.58,2534.39,2535.49,7836.147,1789158599999,futures
1789158600000,2026-09-11T20:30:00.000Z,2026-09-12 04:30,2535.5,2535.5,2522.01,2532.25,33676.295,1789158899999,futures
1789158900000,2026-09-11T20:35:00.000Z,2026-09-12 04:35,2532.25,2537.44,2531.52,2537.43,8124.764,1789159199999,futures
1789159200000,2026-09-11T20:40:00.000Z,2026-09-12 04:40,2537.44,2540.73,2535.03,2536.19,12598.756,1789159499999,futures
1789159500000,2026-09-11T20:45:00.000Z,2026-09-12 04:45,2536.19,2536.77,2524.89,2527.71,10539.433,1789159799999,futures
1789159800000,2026-09-11T20:50:00.000Z,2026-09-12 04:50,2527.72,2530.41,2521.57,2527.46,26924.704,1789160099999,futures
1789160100000,2026-09-11T20:55:00.000Z,2026-09-12 04:55,2527.47,2530.49,2525.51,2529.4,8228.043,1789160399999,futures
1789160400000,2026-09-11T21:00:00.000Z,2026-09-12 05:00,2529.4,2531.63,2529.19,2531.41,3384.839,1789160699999,futures
1789160700000,2026-09-11T21:05:00.000Z,2026-09-12 05:05,2531.41,2536.36,2529.89,2535.42,10474.878,1789160999999,futures
1789161000000,2026-09-11T21:10:00.000Z,2026-09-12 05:10,2535.42,2539.51,2535.21,2538.24,6944.202,1789161299999,futures
1789161300000,2026-09-11T21:15:00.000Z,2026-09-12 05:15,2538.24,2539.69,2537.5,2537.5,3508.006,1789161599999,futures
1789161600000,2026-09-11T21:20:00.000Z,2026-09-12 05:20,2537.5,2538.61,2535.96,2536.38,2851.133,1789161899999,futures
1789161900000,2026-09-11T21:25:00.000Z,2026-09-12 05:25,2536.37,2537.42,2534.75,2534.76,3052.438,1789162199999,futures
1789162200000,2026-09-11T21:30:00.000Z,2026-09-12 05:30,2534.76,2537.34,2532.93,2537.13,5202.684,1789162499999,futures
1789162500000,2026-09-11T21:35:00.000Z,2026-09-12 05:35,2537.13,2537.6,2533.79,2536.64,2861.553,1789162799999,futures
1789162800000,2026-09-11T21:40:00.000Z,2026-09-12 05:40,2536.64,2536.65,2532.93,2533.76,3245.746,1789163099999,futures
1789163100000,2026-09-11T21:45:00.000Z,2026-09-12 05:45,2533.76,2534.64,2528.5,2528.5,4392.086,1789163399999,futures
1789163400000,2026-09-11T21:50:00.000Z,2026-09-12 05:50,2528.5,2529.32,2521.05,2522.03,9865.624,1789163699999,futures
1789163700000,2026-09-11T21:55:00.000Z,2026-09-12 05:55,2522.01,2522.02,2512.12,2515.07,39843.303,1789163999999,futures
1789164000000,2026-09-11T22:00:00.000Z,2026-09-12 06:00,2515.07,2519.37,2504.57,2518.56,43161.926,1789164299999,futures
1789164300000,2026-09-11T22:05:00.000Z,2026-09-12 06:05,2518.56,2519.03,2508.59,2509.55,12902.39,1789164599999,futures
1789164600000,2026-09-11T22:10:00.000Z,2026-09-12 06:10,2509.54,2519.05,2509.54,2518.88,11512.183,1789164899999,futures
1789164900000,2026-09-11T22:15:00.000Z,2026-09-12 06:15,2518.88,2519.98,2515.53,2519.34,7545.492,1789165199999,futures
1789165200000,2026-09-11T22:20:00.000Z,2026-09-12 06:20,2519.34,2521.5,2517.64,2521.08,7200.312,1789165499999,futures
1789165500000,2026-09-11T22:25:00.000Z,2026-09-12 06:25,2521.08,2522.65,2515.63,2516.73,9814.449,1789165799999,futures
1789165800000,2026-09-11T22:30:00.000Z,2026-09-12 06:30,2516.72,2518.09,2509.48,2509.74,13650.937,1789166099999,futures
1789166100000,2026-09-11T22:35:00.000Z,2026-09-12 06:35,2509.73,2519,2508.74,2518.99,10505.215,1789166399999,futures
1789166400000,2026-09-11T22:40:00.000Z,2026-09-12 06:40,2518.99,2521.82,2515.19,2516.24,11382.899,1789166699999,futures
1789166700000,2026-09-11T22:45:00.000Z,2026-09-12 06:45,2516.24,2516.24,2510.38,2510.38,5551.089,1789166999999,futures
1789167000000,2026-09-11T22:50:00.000Z,2026-09-12 06:50,2510.38,2512.16,2505.46,2511.21,12004.896,1789167299999,futures
1789167300000,2026-09-11T22:55:00.000Z,2026-09-12 06:55,2511.22,2515.14,2506.01,2510.64,23301.693,1789167599999,futures
1789167600000,2026-09-11T23:00:00.000Z,2026-09-12 07:00,2510.64,2513.22,2507.4,2513.21,11121.24,1789167899999,futures
1789167900000,2026-09-11T23:05:00.000Z,2026-09-12 07:05,2513.21,2513.22,2508.65,2512.17,5753.037,1789168199999,futures
1789168200000,2026-09-11T23:10:00.000Z,2026-09-12 07:10,2512.17,2514.01,2511.26,2512,6357.693,1789168499999,futures
1789168500000,2026-09-11T23:15:00.000Z,2026-09-12 07:15,2512,2514.17,2511.01,2513.4,5355.362,1789168799999,futures
1789168800000,2026-09-11T23:20:00.000Z,2026-09-12 07:20,2513.4,2513.62,2508.24,2509.21,4313.806,1789169099999,futures
1789169100000,2026-09-11T23:25:00.000Z,2026-09-12 07:25,2509.21,2513.78,2509.2,2510.95,4978.388,1789169399999,futures
1789169400000,2026-09-11T23:30:00.000Z,2026-09-12 07:30,2510.95,2511.73,2510,2510.03,3430.393,1789169699999,futures
1789169700000,2026-09-11T23:35:00.000Z,2026-09-12 07:35,2510.03,2512.77,2510.02,2512.5,2421.905,1789169999999,futures
1789170000000,2026-09-11T23:40:00.000Z,2026-09-12 07:40,2512.5,2513.19,2509.78,2510.02,7643.68,1789170299999,futures
1789170300000,2026-09-11T23:45:00.000Z,2026-09-12 07:45,2510.01,2511.94,2510,2511.69,2802.277,1789170599999,futures
1789170600000,2026-09-11T23:50:00.000Z,2026-09-12 07:50,2511.68,2514.41,2511.27,2513.72,5996.304,1789170899999,futures
1789170900000,2026-09-11T23:55:00.000Z,2026-09-12 07:55,2513.72,2515.63,2513.72,2515.47,5705.453,1789171199999,futures
1789171200000,2026-09-12T00:00:00.000Z,2026-09-12 08:00,2515.47,2516.73,2512.4,2515.73,11510.79,1789171499999,futures
1789171500000,2026-09-12T00:05:00.000Z,2026-09-12 08:05,2515.74,2515.74,2510.49,2511.76,10922.196,1789171799999,futures
1789171800000,2026-09-12T00:10:00.000Z,2026-09-12 08:10,2511.75,2516,2510.26,2516,7252.767,1789172099999,futures
1789172100000,2026-09-12T00:15:00.000Z,2026-09-12 08:15,2515.99,2516.71,2514.09,2515.9,6849.065,1789172399999,futures
1789172400000,2026-09-12T00:20:00.000Z,2026-09-12 08:20,2515.9,2515.9,2513.96,2515.37,3238.946,1789172699999,futures
1789172700000,2026-09-12T00:25:00.000Z,2026-09-12 08:25,2515.38,2515.85,2514,2514.15,4044.542,1789172999999,futures
1789173000000,2026-09-12T00:30:00.000Z,2026-09-12 08:30,2514.16,2514.16,2511.56,2513.62,5005.924,1789173299999,futures
1789173300000,2026-09-12T00:35:00.000Z,2026-09-12 08:35,2513.61,2513.84,2511.68,2513.4,2520.419,1789173599999,futures
1789173600000,2026-09-12T00:40:00.000Z,2026-09-12 08:40,2513.39,2513.4,2512,2512.27,2547.22,1789173899999,futures
1789173900000,2026-09-12T00:45:00.000Z,2026-09-12 08:45,2512.27,2512.27,2510.26,2510.52,4520.442,1789174199999,futures
1789174200000,2026-09-12T00:50:00.000Z,2026-09-12 08:50,2510.52,2512.51,2509.5,2512.23,4552.912,1789174499999,futures
1789174500000,2026-09-12T00:55:00.000Z,2026-09-12 08:55,2512.23,2513.19,2509.49,2509.5,6933.979,1789174799999,futures
1789174800000,2026-09-12T01:00:00.000Z,2026-09-12 09:00,2509.49,2511.66,2508.3,2511.65,7251.458,1789175099999,futures
1789175100000,2026-09-12T01:05:00.000Z,2026-09-12 09:05,2511.66,2514,2511.37,2513.85,4756.573,1789175399999,futures
1789175400000,2026-09-12T01:10:00.000Z,2026-09-12 09:10,2513.84,2515.01,2512.53,2514.97,6213.415,1789175699999,futures
1789175700000,2026-09-12T01:15:00.000Z,2026-09-12 09:15,2514.96,2516.13,2514.26,2514.3,9115.454,1789175999999,futures
1789176000000,2026-09-12T01:20:00.000Z,2026-09-12 09:20,2514.29,2515.02,2512.65,2514.87,4696.848,1789176299999,futures
1789176300000,2026-09-12T01:25:00.000Z,2026-09-12 09:25,2514.87,2514.87,2511.04,2513.12,3622.365,1789176599999,futures
1789176600000,2026-09-12T01:30:00.000Z,2026-09-12 09:30,2513.11,2514,2512.04,2513.99,2413.764,1789176899999,futures
1789176900000,2026-09-12T01:35:00.000Z,2026-09-12 09:35,2514,2514.48,2510.5,2512.4,4950,1789177199999,futures
1789177200000,2026-09-12T01:40:00.000Z,2026-09-12 09:40,2512.39,2513.68,2511.21,2512.5,4041.002,1789177499999,futures
1789177500000,2026-09-12T01:45:00.000Z,2026-09-12 09:45,2512.5,2514.68,2511.82,2514.54,2506.741,1789177799999,futures
1789177800000,2026-09-12T01:50:00.000Z,2026-09-12 09:50,2514.53,2515.63,2511.51,2514.13,5320.08,1789178099999,futures
1789178100000,2026-09-12T01:55:00.000Z,2026-09-12 09:55,2514.14,2514.14,2512.46,2512.46,4092.191,1789178399999,futures
1789178400000,2026-09-12T02:00:00.000Z,2026-09-12 10:00,2512.47,2514.48,2511.6,2512.43,2863.625,1789178699999,futures
1789178700000,2026-09-12T02:05:00.000Z,2026-09-12 10:05,2512.43,2514.07,2512,2513.53,2882.36,1789178999999,futures
1789179000000,2026-09-12T02:10:00.000Z,2026-09-12 10:10,2513.52,2514.82,2512.12,2512.13,3466.776,1789179299999,futures
1789179300000,2026-09-12T02:15:00.000Z,2026-09-12 10:15,2512.13,2512.88,2511.68,2512.29,1626.98,1789179599999,futures
1789179600000,2026-09-12T02:20:00.000Z,2026-09-12 10:20,2512.28,2514.01,2511.78,2513.34,2185.283,1789179899999,futures
1789179900000,2026-09-12T02:25:00.000Z,2026-09-12 10:25,2513.35,2514.26,2512.31,2513.12,2824.04,1789180199999,futures
1789180200000,2026-09-12T02:30:00.000Z,2026-09-12 10:30,2513.12,2513.87,2511.78,2511.79,1468.379,1789180499999,futures
1789180500000,2026-09-12T02:35:00.000Z,2026-09-12 10:35,2511.78,2513.43,2511.43,2512.99,4519.525,1789180799999,futures
1789180800000,2026-09-12T02:40:00.000Z,2026-09-12 10:40,2512.98,2514.65,2511.83,2512.61,4085.969,1789181099999,futures
1789181100000,2026-09-12T02:45:00.000Z,2026-09-12 10:45,2512.61,2514.18,2511.39,2513,3945.211,1789181399999,futures
1789181400000,2026-09-12T02:50:00.000Z,2026-09-12 10:50,2512.99,2513.66,2511.02,2513.39,4865.904,1789181699999,futures
1789181700000,2026-09-12T02:55:00.000Z,2026-09-12 10:55,2513.4,2514.11,2511.58,2513.11,5313.076,1789181999999,futures
1789182000000,2026-09-12T03:00:00.000Z,2026-09-12 11:00,2513.1,2513.91,2510.36,2513.86,4135.005,1789182299999,futures
1789182300000,2026-09-12T03:05:00.000Z,2026-09-12 11:05,2513.86,2514.6,2511.04,2512.79,5927.575,1789182599999,futures
1789182600000,2026-09-12T03:10:00.000Z,2026-09-12 11:10,2512.8,2514.9,2512.27,2512.39,4006.899,1789182899999,futures
1789182900000,2026-09-12T03:15:00.000Z,2026-09-12 11:15,2512.38,2514.99,2511.04,2513.24,8275.334,1789183199999,futures
1789183200000,2026-09-12T03:20:00.000Z,2026-09-12 11:20,2513.24,2513.24,2508.1,2510,15246.872,1789183499999,futures
1789183500000,2026-09-12T03:25:00.000Z,2026-09-12 11:25,2510,2512.46,2509.99,2512.2,2466.547,1789183799999,futures
1789183800000,2026-09-12T03:30:00.000Z,2026-09-12 11:30,2512.2,2512.46,2511.27,2512.02,1422.313,1789184099999,futures
1789184100000,2026-09-12T03:35:00.000Z,2026-09-12 11:35,2512.01,2512.21,2511.35,2511.5,926.046,1789184399999,futures
1789184400000,2026-09-12T03:40:00.000Z,2026-09-12 11:40,2511.52,2511.86,2510.54,2511.75,1345.149,1789184699999,futures
1789184700000,2026-09-12T03:45:00.000Z,2026-09-12 11:45,2511.75,2511.75,2510.36,2511.19,1433.841,1789184999999,futures
1789185000000,2026-09-12T03:50:00.000Z,2026-09-12 11:50,2511.2,2512.5,2510.98,2512.42,1473.211,1789185299999,futures
1789185300000,2026-09-12T03:55:00.000Z,2026-09-12 11:55,2512.42,2512.64,2511.6,2511.98,1845.979,1789185599999,futures
1789185600000,2026-09-12T04:00:00.000Z,2026-09-12 12:00,2511.99,2512.59,2511.46,2511.55,2786.861,1789185899999,futures
1789185900000,2026-09-12T04:05:00.000Z,2026-09-12 12:05,2511.56,2512.5,2511.46,2511.64,3884.875,1789186199999,futures
1789186200000,2026-09-12T04:10:00.000Z,2026-09-12 12:10,2511.63,2512,2511.39,2511.66,1492.463,1789186499999,futures
1789186500000,2026-09-12T04:15:00.000Z,2026-09-12 12:15,2511.66,2512.38,2508.9,2509.68,7286.156,1789186799999,futures
1789186800000,2026-09-12T04:20:00.000Z,2026-09-12 12:20,2509.68,2510.93,2508.58,2509.53,3192.067,1789187099999,futures
1789187100000,2026-09-12T04:25:00.000Z,2026-09-12 12:25,2509.53,2511.17,2509.35,2511.17,2087.06,1789187399999,futures
1789187400000,2026-09-12T04:30:00.000Z,2026-09-12 12:30,2511.17,2513.03,2511.17,2511.83,3073.052,1789187699999,futures
1789187700000,2026-09-12T04:35:00.000Z,2026-09-12 12:35,2511.84,2513.97,2511.83,2513.68,2923.505,1789187999999,futures
1789188000000,2026-09-12T04:40:00.000Z,2026-09-12 12:40,2513.67,2513.86,2511.83,2512.07,3546.278,1789188299999,futures
1789188300000,2026-09-12T04:45:00.000Z,2026-09-12 12:45,2512.08,2512.32,2510.89,2512.32,1558.074,1789188599999,futures
1789188600000,2026-09-12T04:50:00.000Z,2026-09-12 12:50,2512.32,2512.39,2511.34,2511.53,1387.485,1789188899999,futures
1789188900000,2026-09-12T04:55:00.000Z,2026-09-12 12:55,2511.53,2511.79,2511.5,2511.5,969.436,1789189199999,futures
1789189200000,2026-09-12T05:00:00.000Z,2026-09-12 13:00,2511.51,2511.51,2510.5,2511.39,3256.62,1789189499999,futures
1789189500000,2026-09-12T05:05:00.000Z,2026-09-12 13:05,2511.38,2511.46,2510.32,2510.34,2651.6,1789189799999,futures
1789189800000,2026-09-12T05:10:00.000Z,2026-09-12 13:10,2510.33,2511.56,2509.3,2509.79,4963.132,1789190099999,futures
1789190100000,2026-09-12T05:15:00.000Z,2026-09-12 13:15,2509.79,2510.52,2508.08,2510.16,6006.427,1789190399999,futures
1789190400000,2026-09-12T05:20:00.000Z,2026-09-12 13:20,2510.16,2511.49,2508.82,2509.72,3825.115,1789190699999,futures
1789190700000,2026-09-12T05:25:00.000Z,2026-09-12 13:25,2509.71,2510.66,2508.34,2508.34,3638.855,1789190999999,futures
1789191000000,2026-09-12T05:30:00.000Z,2026-09-12 13:30,2508.33,2510.9,2507.6,2510.9,6648.632,1789191299999,futures
1789191300000,2026-09-12T05:35:00.000Z,2026-09-12 13:35,2510.89,2512,2509.72,2510.59,6145.588,1789191599999,futures
1789191600000,2026-09-12T05:40:00.000Z,2026-09-12 13:40,2510.59,2510.91,2509.88,2510.44,1510.643,1789191899999,futures
1789191900000,2026-09-12T05:45:00.000Z,2026-09-12 13:45,2510.44,2511.23,2510.43,2510.99,1706.538,1789192199999,futures
1789192200000,2026-09-12T05:50:00.000Z,2026-09-12 13:50,2510.98,2511.32,2510.98,2511.02,1610.033,1789192499999,futures
1789192500000,2026-09-12T05:55:00.000Z,2026-09-12 13:55,2511.03,2511.54,2510.37,2510.61,4681.349,1789192799999,futures
1789192800000,2026-09-12T06:00:00.000Z,2026-09-12 14:00,2510.61,2510.92,2510.37,2510.42,2043.508,1789193099999,futures
1789193100000,2026-09-12T06:05:00.000Z,2026-09-12 14:05,2510.42,2510.42,2509.59,2509.91,3723.988,1789193399999,futures
1789193400000,2026-09-12T06:10:00.000Z,2026-09-12 14:10,2509.91,2510.21,2509.21,2509.54,2952.139,1789193699999,futures
1789193700000,2026-09-12T06:15:00.000Z,2026-09-12 14:15,2509.54,2512,2509.4,2511,3298.338,1789193999999,futures
1789194000000,2026-09-12T06:20:00.000Z,2026-09-12 14:20,2511.01,2511.59,2510.5,2510.77,1846.111,1789194299999,futures
1789194300000,2026-09-12T06:25:00.000Z,2026-09-12 14:25,2510.76,2511.86,2510.76,2511.12,2286.896,1789194599999,futures
1789194600000,2026-09-12T06:30:00.000Z,2026-09-12 14:30,2511.11,2514.39,2511.11,2512.52,9010.762,1789194899999,futures
1789194900000,2026-09-12T06:35:00.000Z,2026-09-12 14:35,2512.52,2514.67,2512.14,2514.5,3437.453,1789195199999,futures
1789195200000,2026-09-12T06:40:00.000Z,2026-09-12 14:40,2514.49,2517.69,2514.12,2517.58,10391.769,1789195499999,futures
1789195500000,2026-09-12T06:45:00.000Z,2026-09-12 14:45,2517.58,2521.62,2517,2519.82,20777.623,1789195799999,futures
1789195800000,2026-09-12T06:50:00.000Z,2026-09-12 14:50,2519.82,2520.5,2518.99,2519,6397.1,1789196099999,futures
1789196100000,2026-09-12T06:55:00.000Z,2026-09-12 14:55,2519,2519.38,2517.2,2518.21,8614.079,1789196399999,futures
1789196400000,2026-09-12T07:00:00.000Z,2026-09-12 15:00,2518.21,2522.37,2518.2,2521.3,6228.73,1789196699999,futures
1789196700000,2026-09-12T07:05:00.000Z,2026-09-12 15:05,2521.3,2523.74,2520.24,2523.25,8950.12,1789196999999,futures
1789197000000,2026-09-12T07:10:00.000Z,2026-09-12 15:10,2523.25,2523.59,2522,2523.21,4768.353,1789197299999,futures
1789197300000,2026-09-12T07:15:00.000Z,2026-09-12 15:15,2523.21,2523.21,2521,2521.12,3879.048,1789197599999,futures
1789197600000,2026-09-12T07:20:00.000Z,2026-09-12 15:20,2521.11,2523.38,2521.11,2522.58,4477.676,1789197899999,futures
1789197900000,2026-09-12T07:25:00.000Z,2026-09-12 15:25,2522.58,2523.12,2521.79,2521.84,3921.581,1789198199999,futures
1789198200000,2026-09-12T07:30:00.000Z,2026-09-12 15:30,2521.83,2522.41,2521.06,2521.06,3268.326,1789198499999,futures
1789198500000,2026-09-12T07:35:00.000Z,2026-09-12 15:35,2521.07,2522.2,2521.06,2521.3,2260.774,1789198799999,futures
1789198800000,2026-09-12T07:40:00.000Z,2026-09-12 15:40,2521.31,2522.38,2521.14,2522.11,3618.115,1789199099999,futures
1789199100000,2026-09-12T07:45:00.000Z,2026-09-12 15:45,2522.12,2522.12,2521.16,2522.11,3612.681,1789199399999,futures
1789199400000,2026-09-12T07:50:00.000Z,2026-09-12 15:50,2522.12,2523.64,2521.85,2523.05,2712.291,1789199699999,futures
1789199700000,2026-09-12T07:55:00.000Z,2026-09-12 15:55,2523.05,2523.43,2522.23,2522.99,4101.265,1789199999999,futures
1789200000000,2026-09-12T08:00:00.000Z,2026-09-12 16:00,2523,2523,2522.01,2522.48,3588.377,1789200299999,futures
1789200300000,2026-09-12T08:05:00.000Z,2026-09-12 16:05,2522.49,2525.97,2522.27,2525.66,10200.19,1789200599999,futures
1789200600000,2026-09-12T08:10:00.000Z,2026-09-12 16:10,2525.67,2527.69,2523.44,2524.77,10157.89,1789200899999,futures
1789200900000,2026-09-12T08:15:00.000Z,2026-09-12 16:15,2524.78,2527.51,2524.6,2526.28,6676.14,1789201199999,futures
1789201200000,2026-09-12T08:20:00.000Z,2026-09-12 16:20,2526.28,2528.88,2525.8,2526.46,12100.837,1789201499999,futures
1789201500000,2026-09-12T08:25:00.000Z,2026-09-12 16:25,2526.46,2528.37,2525.67,2527.86,4623.454,1789201799999,futures
1789201800000,2026-09-12T08:30:00.000Z,2026-09-12 16:30,2527.86,2529,2526.4,2527.81,4744.429,1789202099999,futures
1789202100000,2026-09-12T08:35:00.000Z,2026-09-12 16:35,2527.8,2531.99,2526.57,2530.06,13564.85,1789202399999,futures
1789202400000,2026-09-12T08:40:00.000Z,2026-09-12 16:40,2530.05,2532.6,2529.7,2531.53,8770.424,1789202699999,futures
1789202700000,2026-09-12T08:45:00.000Z,2026-09-12 16:45,2531.52,2534.3,2531.32,2533.94,11811.571,1789202999999,futures
1789203000000,2026-09-12T08:50:00.000Z,2026-09-12 16:50,2533.96,2535.8,2532.8,2532.83,13731.926,1789203299999,futures
1789203300000,2026-09-12T08:55:00.000Z,2026-09-12 16:55,2532.83,2533.58,2530.72,2532.29,6597.666,1789203599999,futures
1789203600000,2026-09-12T09:00:00.000Z,2026-09-12 17:00,2532.29,2535.36,2531.11,2533.29,8207.27,1789203899999,futures
1789203900000,2026-09-12T09:05:00.000Z,2026-09-12 17:05,2533.29,2535.64,2531.29,2531.63,5492.532,1789204199999,futures
1789204200000,2026-09-12T09:10:00.000Z,2026-09-12 17:10,2531.62,2534.1,2531,2534.09,5183.018,1789204499999,futures
1789204500000,2026-09-12T09:15:00.000Z,2026-09-12 17:15,2534.09,2536.35,2533.36,2534.35,5622.556,1789204799999,futures
1789204800000,2026-09-12T09:20:00.000Z,2026-09-12 17:20,2534.36,2535.35,2531.5,2534.6,7217.262,1789205099999,futures
1789205100000,2026-09-12T09:25:00.000Z,2026-09-12 17:25,2534.6,2536.18,2533.48,2534.8,6670.677,1789205399999,futures
1789205400000,2026-09-12T09:30:00.000Z,2026-09-12 17:30,2534.79,2536.19,2531.4,2532.17,6590.921,1789205699999,futures
1789205700000,2026-09-12T09:35:00.000Z,2026-09-12 17:35,2532.17,2534.75,2530.57,2532.92,8668.866,1789205999999,futures
1789206000000,2026-09-12T09:40:00.000Z,2026-09-12 17:40,2532.91,2533.8,2530.86,2531.23,4177.855,1789206299999,futures
1789206300000,2026-09-12T09:45:00.000Z,2026-09-12 17:45,2531.23,2531.85,2528.59,2529.05,9975.071,1789206599999,futures
1789206600000,2026-09-12T09:50:00.000Z,2026-09-12 17:50,2529.05,2531.49,2528.33,2528.33,8857.842,1789206899999,futures
1789206900000,2026-09-12T09:55:00.000Z,2026-09-12 17:55,2528.34,2530,2528.17,2529.99,3279.164,1789207199999,futures
1789207200000,2026-09-12T10:00:00.000Z,2026-09-12 18:00,2530,2533.69,2529.99,2531.81,4818.552,1789207499999,futures
1789207500000,2026-09-12T10:05:00.000Z,2026-09-12 18:05,2531.81,2535.37,2531.79,2533.25,4422.597,1789207799999,futures
1789207800000,2026-09-12T10:10:00.000Z,2026-09-12 18:10,2533.24,2533.8,2532.47,2533,1915.454,1789208099999,futures
1789208100000,2026-09-12T10:15:00.000Z,2026-09-12 18:15,2533,2533.01,2532,2532.01,1546.766,1789208399999,futures
1789208400000,2026-09-12T10:20:00.000Z,2026-09-12 18:20,2532,2532.5,2530.83,2531,2594.066,1789208699999,futures
1789208700000,2026-09-12T10:25:00.000Z,2026-09-12 18:25,2531,2531.03,2530.99,2531.03,1003.858,1789208999999,futures
1789209000000,2026-09-12T10:30:00.000Z,2026-09-12 18:30,2531.02,2531.16,2530.28,2530.28,2522.156,1789209299999,futures
1789209300000,2026-09-12T10:35:00.000Z,2026-09-12 18:35,2530.29,2531.16,2530.28,2531.15,1905.18,1789209599999,futures
1789209600000,2026-09-12T10:40:00.000Z,2026-09-12 18:40,2531.15,2532.54,2531.15,2532.23,3250.421,1789209899999,futures
1789209900000,2026-09-12T10:45:00.000Z,2026-09-12 18:45,2532.23,2533.72,2531.64,2532.36,3549.031,1789210199999,futures
1789210200000,2026-09-12T10:50:00.000Z,2026-09-12 18:50,2532.37,2532.37,2530.33,2530.33,2533.238,1789210499999,futures
1789210500000,2026-09-12T10:55:00.000Z,2026-09-12 18:55,2530.33,2533,2530.33,2532.52,3609.891,1789210799999,futures
1789210800000,2026-09-12T11:00:00.000Z,2026-09-12 19:00,2532.52,2534.17,2531.5,2531.86,5276.123,1789211099999,futures
1789211100000,2026-09-12T11:05:00.000Z,2026-09-12 19:05,2531.86,2532.03,2530.53,2530.65,1811.708,1789211399999,futures
1789211400000,2026-09-12T11:10:00.000Z,2026-09-12 19:10,2530.65,2531.81,2530.06,2531.01,2385.865,1789211699999,futures
1789211700000,2026-09-12T11:15:00.000Z,2026-09-12 19:15,2531,2531.15,2529.51,2530.99,3706.281,1789211999999,futures
1789212000000,2026-09-12T11:20:00.000Z,2026-09-12 19:20,2530.99,2531.5,2530.99,2531.5,1033.023,1789212299999,futures
1789212300000,2026-09-12T11:25:00.000Z,2026-09-12 19:25,2531.5,2532,2531,2531.75,2466.314,1789212599999,futures
1789212600000,2026-09-12T11:30:00.000Z,2026-09-12 19:30,2531.75,2534.15,2531.74,2533.76,3155.304,1789212899999,futures
1789212900000,2026-09-12T11:35:00.000Z,2026-09-12 19:35,2533.77,2536.07,2533.48,2534.09,5524.514,1789213199999,futures
1789213200000,2026-09-12T11:40:00.000Z,2026-09-12 19:40,2534.09,2536.07,2533.9,2535.76,4203.808,1789213499999,futures
1789213500000,2026-09-12T11:45:00.000Z,2026-09-12 19:45,2535.76,2536.11,2534.76,2535,2743.304,1789213799999,futures
1789213800000,2026-09-12T11:50:00.000Z,2026-09-12 19:50,2535.01,2535.19,2534.34,2534.87,1933.655,1789214099999,futures
1789214100000,2026-09-12T11:55:00.000Z,2026-09-12 19:55,2534.86,2535.21,2534.47,2535.21,2438.49,1789214399999,futures
1789214400000,2026-09-12T12:00:00.000Z,2026-09-12 20:00,2535.21,2535.21,2533.7,2534,2611.631,1789214699999,futures
1789214700000,2026-09-12T12:05:00.000Z,2026-09-12 20:05,2534.01,2535,2534,2534.49,1867.102,1789214999999,futures
1789215000000,2026-09-12T12:10:00.000Z,2026-09-12 20:10,2534.5,2534.5,2532.09,2533,8287.966,1789215299999,futures
1789215300000,2026-09-12T12:15:00.000Z,2026-09-12 20:15,2532.99,2533.98,2531.88,2532.24,4591.515,1789215599999,futures
1789215600000,2026-09-12T12:20:00.000Z,2026-09-12 20:20,2532.24,2532.69,2532.24,2532.49,1777.299,1789215899999,futures
1789215900000,2026-09-12T12:25:00.000Z,2026-09-12 20:25,2532.5,2533.12,2532.27,2532.56,1882.187,1789216199999,futures
1789216200000,2026-09-12T12:30:00.000Z,2026-09-12 20:30,2532.55,2532.81,2532.01,2532.47,1405.569,1789216499999,futures
1789216500000,2026-09-12T12:35:00.000Z,2026-09-12 20:35,2532.47,2534.66,2532.46,2534.24,2591.977,1789216799999,futures
1789216800000,2026-09-12T12:40:00.000Z,2026-09-12 20:40,2534.24,2535.21,2533,2533.36,2393.989,1789217099999,futures
1789217100000,2026-09-12T12:45:00.000Z,2026-09-12 20:45,2533.37,2535.13,2533.36,2534.4,1902.062,1789217399999,futures
1789217400000,2026-09-12T12:50:00.000Z,2026-09-12 20:50,2534.39,2534.4,2530.72,2531.58,5792.511,1789217699999,futures
1789217700000,2026-09-12T12:55:00.000Z,2026-09-12 20:55,2531.58,2534.44,2531.58,2534.39,5189.404,1789217999999,futures
1789218000000,2026-09-12T13:00:00.000Z,2026-09-12 21:00,2534.39,2534.75,2532.34,2534.63,4351.366,1789218299999,futures
1789218300000,2026-09-12T13:05:00.000Z,2026-09-12 21:05,2534.63,2544.66,2534,2538.86,28617.137,1789218599999,futures
1789218600000,2026-09-12T13:10:00.000Z,2026-09-12 21:10,2538.85,2542.8,2537.82,2538.01,17333.245,1789218899999,futures
1789218900000,2026-09-12T13:15:00.000Z,2026-09-12 21:15,2538,2539.69,2535.42,2538.19,11660.586,1789219199999,futures
1789219200000,2026-09-12T13:20:00.000Z,2026-09-12 21:20,2538.2,2539.82,2538.19,2539.64,5335.503,1789219499999,futures
1789219500000,2026-09-12T13:25:00.000Z,2026-09-12 21:25,2539.65,2540.99,2537.63,2539.69,6228.748,1789219799999,futures
1789219800000,2026-09-12T13:30:00.000Z,2026-09-12 21:30,2539.69,2540.34,2536.6,2539.67,7364.442,1789220099999,futures
1789220100000,2026-09-12T13:35:00.000Z,2026-09-12 21:35,2539.67,2539.68,2537.61,2537.99,3492.522,1789220399999,futures
1789220400000,2026-09-12T13:40:00.000Z,2026-09-12 21:40,2537.99,2538.7,2537.07,2537.4,3764.14,1789220699999,futures
1789220700000,2026-09-12T13:45:00.000Z,2026-09-12 21:45,2537.39,2538.14,2536.37,2537.49,6664.707,1789220999999,futures
1789221000000,2026-09-12T13:50:00.000Z,2026-09-12 21:50,2537.5,2541.12,2537.21,2540.18,8376.089,1789221299999,futures
1789221300000,2026-09-12T13:55:00.000Z,2026-09-12 21:55,2540.18,2546.11,2540.09,2543.62,28357.481,1789221599999,futures
1789221600000,2026-09-12T14:00:00.000Z,2026-09-12 22:00,2543.63,2544.4,2541.05,2541.99,6436.414,1789221899999,futures
1789221900000,2026-09-12T14:05:00.000Z,2026-09-12 22:05,2542,2544,2541.38,2541.86,8034.669,1789222199999,futures
1789222200000,2026-09-12T14:10:00.000Z,2026-09-12 22:10,2541.86,2541.87,2539.49,2540.2,3299.859,1789222499999,futures
1789222500000,2026-09-12T14:15:00.000Z,2026-09-12 22:15,2540.2,2540.9,2539.84,2539.86,2893.119,1789222799999,futures
1789222800000,2026-09-12T14:20:00.000Z,2026-09-12 22:20,2539.85,2542.55,2539.85,2540.07,4008.076,1789223099999,futures
1789223100000,2026-09-12T14:25:00.000Z,2026-09-12 22:25,2540.08,2542,2539.73,2541.5,3464.813,1789223399999,futures
1789223400000,2026-09-12T14:30:00.000Z,2026-09-12 22:30,2541.51,2543.5,2539.74,2539.96,5800.918,1789223699999,futures
1789223700000,2026-09-12T14:35:00.000Z,2026-09-12 22:35,2539.96,2542.68,2539.96,2541.35,4049.281,1789223999999,futures
1789224000000,2026-09-12T14:40:00.000Z,2026-09-12 22:40,2541.36,2543.19,2538.05,2538.57,5558.631,1789224299999,futures
1789224300000,2026-09-12T14:45:00.000Z,2026-09-12 22:45,2538.56,2540,2538.21,2540,4331.6,1789224599999,futures
1789224600000,2026-09-12T14:50:00.000Z,2026-09-12 22:50,2540,2540.83,2538.83,2539.69,3307.846,1789224899999,futures
1789224900000,2026-09-12T14:55:00.000Z,2026-09-12 22:55,2539.69,2540,2538.33,2538.99,3762.304,1789225199999,futures
1789225200000,2026-09-12T15:00:00.000Z,2026-09-12 23:00,2539,2539.83,2538.67,2539.15,2988.236,1789225499999,futures
1789225500000,2026-09-12T15:05:00.000Z,2026-09-12 23:05,2539.15,2539.16,2537.51,2537.58,5912.263,1789225799999,futures
1789225800000,2026-09-12T15:10:00.000Z,2026-09-12 23:10,2537.58,2539.92,2536.36,2539.16,10076.008,1789226099999,futures
1789226100000,2026-09-12T15:15:00.000Z,2026-09-12 23:15,2539.16,2541.56,2538.08,2539.08,6338.223,1789226399999,futures
1789226400000,2026-09-12T15:20:00.000Z,2026-09-12 23:20,2539.09,2540.15,2539.09,2539.19,3520.447,1789226699999,futures
1789226700000,2026-09-12T15:25:00.000Z,2026-09-12 23:25,2539.2,2541.24,2539,2539,4042.887,1789226999999,futures
1789227000000,2026-09-12T15:30:00.000Z,2026-09-12 23:30,2539,2539.68,2536,2537.31,8597.911,1789227299999,futures
1789227300000,2026-09-12T15:35:00.000Z,2026-09-12 23:35,2537.31,2537.31,2530.4,2534.55,26398.318,1789227599999,futures
1789227600000,2026-09-12T15:40:00.000Z,2026-09-12 23:40,2534.56,2535.18,2532.89,2534.02,4359.306,1789227899999,futures
1789227900000,2026-09-12T15:45:00.000Z,2026-09-12 23:45,2534.01,2534.79,2531.05,2531.73,6281.189,1789228199999,futures
1789228200000,2026-09-12T15:50:00.000Z,2026-09-12 23:50,2531.74,2532.58,2531.73,2532.45,5513.675,1789228499999,futures
1789228500000,2026-09-12T15:55:00.000Z,2026-09-12 23:55,2532.45,2535.48,2531.88,2534,8431.687,1789228799999,futures
