openTimeMs,openTimeUtc,openTimeLocal,open,high,low,close,volume,closeTime,source
1788407100000,2026-09-03T03:45:00.000Z,2026-09-03 11:45,0.10007,0.10029,0.10006,0.10018,9944,1788407399999,futures
1788407400000,2026-09-03T03:50:00.000Z,2026-09-03 11:50,0.10017,0.10033,0.10015,0.10031,4916,1788407699999,futures
1788407700000,2026-09-03T03:55:00.000Z,2026-09-03 11:55,0.10031,0.10048,0.10021,0.10021,11519,1788407999999,futures
1788408000000,2026-09-03T04:00:00.000Z,2026-09-03 12:00,0.1002,0.1002,0.0999,0.1002,63856,1788408299999,futures
1788408300000,2026-09-03T04:05:00.000Z,2026-09-03 12:05,0.1002,0.10125,0.10015,0.10122,87667,1788408599999,futures
1788408600000,2026-09-03T04:10:00.000Z,2026-09-03 12:10,0.10132,0.10153,0.10118,0.10152,34911,1788408899999,futures
1788408900000,2026-09-03T04:15:00.000Z,2026-09-03 12:15,0.10152,0.1018,0.10136,0.10136,72565,1788409199999,futures
1788409200000,2026-09-03T04:20:00.000Z,2026-09-03 12:20,0.10136,0.1017,0.10123,0.10159,25983,1788409499999,futures
1788409500000,2026-09-03T04:25:00.000Z,2026-09-03 12:25,0.10158,0.1017,0.101,0.10109,45402,1788409799999,futures
1788409800000,2026-09-03T04:30:00.000Z,2026-09-03 12:30,0.10106,0.10159,0.10106,0.10144,20968,1788410099999,futures
1788410100000,2026-09-03T04:35:00.000Z,2026-09-03 12:35,0.10144,0.10176,0.10112,0.10129,78821,1788410399999,futures
1788410400000,2026-09-03T04:40:00.000Z,2026-09-03 12:40,0.10114,0.1013,0.10113,0.10123,15944,1788410699999,futures
1788410700000,2026-09-03T04:45:00.000Z,2026-09-03 12:45,0.10122,0.10133,0.10114,0.10133,14736,1788410999999,futures
1788411000000,2026-09-03T04:50:00.000Z,2026-09-03 12:50,0.10132,0.10171,0.10132,0.10169,27567,1788411299999,futures
1788411300000,2026-09-03T04:55:00.000Z,2026-09-03 12:55,0.10158,0.10169,0.10122,0.10141,51365,1788411599999,futures
1788411600000,2026-09-03T05:00:00.000Z,2026-09-03 13:00,0.10141,0.10152,0.1012,0.10128,61518,1788411899999,futures
1788411900000,2026-09-03T05:05:00.000Z,2026-09-03 13:05,0.10124,0.10154,0.1011,0.10153,93273,1788412199999,futures
1788412200000,2026-09-03T05:10:00.000Z,2026-09-03 13:10,0.10158,0.10202,0.1014,0.1014,109596,1788412499999,futures
1788412500000,2026-09-03T05:15:00.000Z,2026-09-03 13:15,0.10145,0.10151,0.10123,0.10125,11034,1788412799999,futures
1788412800000,2026-09-03T05:20:00.000Z,2026-09-03 13:20,0.1012,0.10125,0.1004,0.1004,77927,1788413099999,futures
1788413100000,2026-09-03T05:25:00.000Z,2026-09-03 13:25,0.10042,0.10043,0.10009,0.10022,28488,1788413399999,futures
1788413400000,2026-09-03T05:30:00.000Z,2026-09-03 13:30,0.10022,0.10073,0.10022,0.10068,19997,1788413699999,futures
1788413700000,2026-09-03T05:35:00.000Z,2026-09-03 13:35,0.10069,0.10091,0.10068,0.10072,22560,1788413999999,futures
1788414000000,2026-09-03T05:40:00.000Z,2026-09-03 13:40,0.10069,0.10082,0.10048,0.10069,14477,1788414299999,futures
1788414300000,2026-09-03T05:45:00.000Z,2026-09-03 13:45,0.1007,0.10089,0.1006,0.10083,13136,1788414599999,futures
1788414600000,2026-09-03T05:50:00.000Z,2026-09-03 13:50,0.10086,0.10109,0.10059,0.1008,62530,1788414899999,futures
1788414900000,2026-09-03T05:55:00.000Z,2026-09-03 13:55,0.10094,0.10109,0.10089,0.10101,13557,1788415199999,futures
1788415200000,2026-09-03T06:00:00.000Z,2026-09-03 14:00,0.10102,0.10148,0.10095,0.10145,51935,1788415499999,futures
1788415500000,2026-09-03T06:05:00.000Z,2026-09-03 14:05,0.1014,0.10144,0.10115,0.10127,13270,1788415799999,futures
1788415800000,2026-09-03T06:10:00.000Z,2026-09-03 14:10,0.10124,0.10146,0.10124,0.10145,11033,1788416099999,futures
1788416100000,2026-09-03T06:15:00.000Z,2026-09-03 14:15,0.10145,0.10166,0.10118,0.10134,43361,1788416399999,futures
1788416400000,2026-09-03T06:20:00.000Z,2026-09-03 14:20,0.10134,0.10141,0.10116,0.10124,18958,1788416699999,futures
1788416700000,2026-09-03T06:25:00.000Z,2026-09-03 14:25,0.10118,0.10121,0.10084,0.10084,18705,1788416999999,futures
1788417000000,2026-09-03T06:30:00.000Z,2026-09-03 14:30,0.10084,0.10095,0.10077,0.10095,16463,1788417299999,futures
1788417300000,2026-09-03T06:35:00.000Z,2026-09-03 14:35,0.10091,0.10104,0.10084,0.10094,4189,1788417599999,futures
1788417600000,2026-09-03T06:40:00.000Z,2026-09-03 14:40,0.10102,0.10107,0.10069,0.1008,34438,1788417899999,futures
1788417900000,2026-09-03T06:45:00.000Z,2026-09-03 14:45,0.10075,0.10079,0.10065,0.10065,11708,1788418199999,futures
1788418200000,2026-09-03T06:50:00.000Z,2026-09-03 14:50,0.10068,0.10091,0.10064,0.10086,12902,1788418499999,futures
1788418500000,2026-09-03T06:55:00.000Z,2026-09-03 14:55,0.10089,0.10096,0.1008,0.10096,12397,1788418799999,futures
1788418800000,2026-09-03T07:00:00.000Z,2026-09-03 15:00,0.10083,0.10134,0.10065,0.10125,42916,1788419099999,futures
1788419100000,2026-09-03T07:05:00.000Z,2026-09-03 15:05,0.10125,0.10137,0.10096,0.10099,19842,1788419399999,futures
1788419400000,2026-09-03T07:10:00.000Z,2026-09-03 15:10,0.10098,0.1012,0.10085,0.10089,38633,1788419699999,futures
1788419700000,2026-09-03T07:15:00.000Z,2026-09-03 15:15,0.10089,0.1011,0.10081,0.10105,11872,1788419999999,futures
1788420000000,2026-09-03T07:20:00.000Z,2026-09-03 15:20,0.10105,0.10105,0.10081,0.10081,41513,1788420299999,futures
1788420300000,2026-09-03T07:25:00.000Z,2026-09-03 15:25,0.10081,0.10087,0.10069,0.1008,9290,1788420599999,futures
1788420600000,2026-09-03T07:30:00.000Z,2026-09-03 15:30,0.1008,0.1009,0.1007,0.10084,10370,1788420899999,futures
1788420900000,2026-09-03T07:35:00.000Z,2026-09-03 15:35,0.1009,0.10102,0.1008,0.10095,6277,1788421199999,futures
1788421200000,2026-09-03T07:40:00.000Z,2026-09-03 15:40,0.10095,0.1011,0.10074,0.10086,6181,1788421499999,futures
1788421500000,2026-09-03T07:45:00.000Z,2026-09-03 15:45,0.1007,0.10089,0.10065,0.10078,10701,1788421799999,futures
1788421800000,2026-09-03T07:50:00.000Z,2026-09-03 15:50,0.10079,0.10087,0.10065,0.10074,9469,1788422099999,futures
1788422100000,2026-09-03T07:55:00.000Z,2026-09-03 15:55,0.10076,0.10108,0.10074,0.10098,4333,1788422399999,futures
1788422400000,2026-09-03T08:00:00.000Z,2026-09-03 16:00,0.10098,0.10098,0.10074,0.10097,33860,1788422699999,futures
1788422700000,2026-09-03T08:05:00.000Z,2026-09-03 16:05,0.10097,0.10186,0.10097,0.10155,86681,1788422999999,futures
1788423000000,2026-09-03T08:10:00.000Z,2026-09-03 16:10,0.10152,0.10152,0.10106,0.10117,19351,1788423299999,futures
1788423300000,2026-09-03T08:15:00.000Z,2026-09-03 16:15,0.10123,0.10138,0.10116,0.10138,5780,1788423599999,futures
1788423600000,2026-09-03T08:20:00.000Z,2026-09-03 16:20,0.10134,0.10138,0.10131,0.10137,5169,1788423899999,futures
1788423900000,2026-09-03T08:25:00.000Z,2026-09-03 16:25,0.10137,0.10138,0.10113,0.10136,14653,1788424199999,futures
1788424200000,2026-09-03T08:30:00.000Z,2026-09-03 16:30,0.10131,0.10146,0.1013,0.10146,14437,1788424499999,futures
1788424500000,2026-09-03T08:35:00.000Z,2026-09-03 16:35,0.10137,0.10143,0.10125,0.10132,13077,1788424799999,futures
1788424800000,2026-09-03T08:40:00.000Z,2026-09-03 16:40,0.10123,0.10143,0.10118,0.10123,9546,1788425099999,futures
1788425100000,2026-09-03T08:45:00.000Z,2026-09-03 16:45,0.1013,0.10152,0.1013,0.10143,6462,1788425399999,futures
1788425400000,2026-09-03T08:50:00.000Z,2026-09-03 16:50,0.10143,0.10151,0.10114,0.10126,47869,1788425699999,futures
1788425700000,2026-09-03T08:55:00.000Z,2026-09-03 16:55,0.10126,0.1014,0.10126,0.10132,5170,1788425999999,futures
1788426000000,2026-09-03T09:00:00.000Z,2026-09-03 17:00,0.10133,0.10146,0.1011,0.10114,10390,1788426299999,futures
1788426300000,2026-09-03T09:05:00.000Z,2026-09-03 17:05,0.10117,0.10125,0.10095,0.10106,15726,1788426599999,futures
1788426600000,2026-09-03T09:10:00.000Z,2026-09-03 17:10,0.10106,0.10106,0.10083,0.10092,18990,1788426899999,futures
1788426900000,2026-09-03T09:15:00.000Z,2026-09-03 17:15,0.10086,0.10106,0.10085,0.10093,7926,1788427199999,futures
1788427200000,2026-09-03T09:20:00.000Z,2026-09-03 17:20,0.10093,0.10093,0.10069,0.10073,23631,1788427499999,futures
1788427500000,2026-09-03T09:25:00.000Z,2026-09-03 17:25,0.10074,0.1008,0.10065,0.10068,20572,1788427799999,futures
1788427800000,2026-09-03T09:30:00.000Z,2026-09-03 17:30,0.10078,0.10092,0.10071,0.10091,9954,1788428099999,futures
1788428100000,2026-09-03T09:35:00.000Z,2026-09-03 17:35,0.10083,0.10091,0.10083,0.10087,4067,1788428399999,futures
1788428400000,2026-09-03T09:40:00.000Z,2026-09-03 17:40,0.10088,0.10102,0.10085,0.10091,11805,1788428699999,futures
1788428700000,2026-09-03T09:45:00.000Z,2026-09-03 17:45,0.10098,0.10108,0.10091,0.10102,16484,1788428999999,futures
1788429000000,2026-09-03T09:50:00.000Z,2026-09-03 17:50,0.10102,0.1011,0.10081,0.10103,15709,1788429299999,futures
1788429300000,2026-09-03T09:55:00.000Z,2026-09-03 17:55,0.101,0.10108,0.10091,0.10103,8603,1788429599999,futures
1788429600000,2026-09-03T10:00:00.000Z,2026-09-03 18:00,0.10091,0.10122,0.10074,0.10114,40691,1788429899999,futures
1788429900000,2026-09-03T10:05:00.000Z,2026-09-03 18:05,0.10116,0.10129,0.10098,0.101,27857,1788430199999,futures
1788430200000,2026-09-03T10:10:00.000Z,2026-09-03 18:10,0.10105,0.10167,0.10097,0.1016,66402,1788430499999,futures
1788430500000,2026-09-03T10:15:00.000Z,2026-09-03 18:15,0.10161,0.10169,0.10123,0.1014,57737,1788430799999,futures
1788430800000,2026-09-03T10:20:00.000Z,2026-09-03 18:20,0.10139,0.10157,0.10137,0.1014,7994,1788431099999,futures
1788431100000,2026-09-03T10:25:00.000Z,2026-09-03 18:25,0.10136,0.1016,0.10126,0.10138,40463,1788431399999,futures
1788431400000,2026-09-03T10:30:00.000Z,2026-09-03 18:30,0.10131,0.10157,0.10126,0.10133,21019,1788431699999,futures
1788431700000,2026-09-03T10:35:00.000Z,2026-09-03 18:35,0.10137,0.10142,0.10122,0.10133,24954,1788431999999,futures
1788432000000,2026-09-03T10:40:00.000Z,2026-09-03 18:40,0.1013,0.10161,0.10123,0.10158,17677,1788432299999,futures
1788432300000,2026-09-03T10:45:00.000Z,2026-09-03 18:45,0.10163,0.10178,0.10157,0.10163,8415,1788432599999,futures
1788432600000,2026-09-03T10:50:00.000Z,2026-09-03 18:50,0.10163,0.10177,0.10154,0.10155,27210,1788432899999,futures
1788432900000,2026-09-03T10:55:00.000Z,2026-09-03 18:55,0.10156,0.10189,0.10156,0.10175,15604,1788433199999,futures
1788433200000,2026-09-03T11:00:00.000Z,2026-09-03 19:00,0.10178,0.10189,0.1017,0.10188,23340,1788433499999,futures
1788433500000,2026-09-03T11:05:00.000Z,2026-09-03 19:05,0.10179,0.10196,0.10171,0.10182,9929,1788433799999,futures
1788433800000,2026-09-03T11:10:00.000Z,2026-09-03 19:10,0.1018,0.1018,0.10168,0.10176,2433,1788434099999,futures
1788434100000,2026-09-03T11:15:00.000Z,2026-09-03 19:15,0.10175,0.10225,0.10174,0.10225,39939,1788434399999,futures
1788434400000,2026-09-03T11:20:00.000Z,2026-09-03 19:20,0.10225,0.10225,0.10206,0.10211,17815,1788434699999,futures
1788434700000,2026-09-03T11:25:00.000Z,2026-09-03 19:25,0.1021,0.10216,0.10193,0.10208,21142,1788434999999,futures
1788435000000,2026-09-03T11:30:00.000Z,2026-09-03 19:30,0.10203,0.10206,0.1016,0.10186,37110,1788435299999,futures
1788435300000,2026-09-03T11:35:00.000Z,2026-09-03 19:35,0.10186,0.10213,0.10181,0.10196,35676,1788435599999,futures
1788435600000,2026-09-03T11:40:00.000Z,2026-09-03 19:40,0.10185,0.1019,0.10168,0.10168,14162,1788435899999,futures
1788435900000,2026-09-03T11:45:00.000Z,2026-09-03 19:45,0.10168,0.10179,0.10141,0.10177,35676,1788436199999,futures
1788436200000,2026-09-03T11:50:00.000Z,2026-09-03 19:50,0.10168,0.10185,0.1014,0.10149,35248,1788436499999,futures
1788436500000,2026-09-03T11:55:00.000Z,2026-09-03 19:55,0.10149,0.1016,0.10126,0.10138,35697,1788436799999,futures
1788436800000,2026-09-03T12:00:00.000Z,2026-09-03 20:00,0.1014,0.10167,0.10133,0.10158,49183,1788437099999,futures
1788437100000,2026-09-03T12:05:00.000Z,2026-09-03 20:05,0.10161,0.10185,0.10154,0.1016,34861,1788437399999,futures
1788437400000,2026-09-03T12:10:00.000Z,2026-09-03 20:10,0.1016,0.10182,0.10157,0.10162,5190,1788437699999,futures
1788437700000,2026-09-03T12:15:00.000Z,2026-09-03 20:15,0.10163,0.10173,0.10155,0.10159,7902,1788437999999,futures
1788438000000,2026-09-03T12:20:00.000Z,2026-09-03 20:20,0.10159,0.10175,0.10158,0.10168,2590,1788438299999,futures
1788438300000,2026-09-03T12:25:00.000Z,2026-09-03 20:25,0.10162,0.10168,0.10157,0.10157,2706,1788438599999,futures
1788438600000,2026-09-03T12:30:00.000Z,2026-09-03 20:30,0.10165,0.10193,0.10165,0.10182,29285,1788438899999,futures
1788438900000,2026-09-03T12:35:00.000Z,2026-09-03 20:35,0.10174,0.10196,0.10174,0.10192,16695,1788439199999,futures
1788439200000,2026-09-03T12:40:00.000Z,2026-09-03 20:40,0.10188,0.10197,0.10176,0.10188,8820,1788439499999,futures
1788439500000,2026-09-03T12:45:00.000Z,2026-09-03 20:45,0.10192,0.10214,0.10191,0.10207,30685,1788439799999,futures
1788439800000,2026-09-03T12:50:00.000Z,2026-09-03 20:50,0.10207,0.10236,0.102,0.10225,24835,1788440099999,futures
1788440100000,2026-09-03T12:55:00.000Z,2026-09-03 20:55,0.1023,0.10244,0.10222,0.10229,11907,1788440399999,futures
1788440400000,2026-09-03T13:00:00.000Z,2026-09-03 21:00,0.10227,0.10227,0.102,0.1021,29161,1788440699999,futures
1788440700000,2026-09-03T13:05:00.000Z,2026-09-03 21:05,0.1021,0.10214,0.10199,0.10199,19115,1788440999999,futures
1788441000000,2026-09-03T13:10:00.000Z,2026-09-03 21:10,0.10193,0.10199,0.10186,0.1019,6425,1788441299999,futures
1788441300000,2026-09-03T13:15:00.000Z,2026-09-03 21:15,0.1019,0.10194,0.1018,0.10189,10152,1788441599999,futures
1788441600000,2026-09-03T13:20:00.000Z,2026-09-03 21:20,0.10185,0.10191,0.10182,0.10182,11044,1788441899999,futures
1788441900000,2026-09-03T13:25:00.000Z,2026-09-03 21:25,0.10182,0.10182,0.10125,0.10133,35350,1788442199999,futures
1788442200000,2026-09-03T13:30:00.000Z,2026-09-03 21:30,0.10134,0.10156,0.10128,0.10136,43972,1788442499999,futures
1788442500000,2026-09-03T13:35:00.000Z,2026-09-03 21:35,0.10136,0.10136,0.10104,0.1012,29368,1788442799999,futures
1788442800000,2026-09-03T13:40:00.000Z,2026-09-03 21:40,0.10125,0.10146,0.10125,0.10145,8079,1788443099999,futures
1788443100000,2026-09-03T13:45:00.000Z,2026-09-03 21:45,0.10147,0.10152,0.10131,0.1015,36512,1788443399999,futures
1788443400000,2026-09-03T13:50:00.000Z,2026-09-03 21:50,0.1015,0.10159,0.10136,0.10136,39065,1788443699999,futures
1788443700000,2026-09-03T13:55:00.000Z,2026-09-03 21:55,0.10136,0.10148,0.10109,0.10109,81187,1788443999999,futures
1788444000000,2026-09-03T14:00:00.000Z,2026-09-03 22:00,0.10113,0.10145,0.10109,0.10145,58365,1788444299999,futures
1788444300000,2026-09-03T14:05:00.000Z,2026-09-03 22:05,0.10143,0.1017,0.10139,0.10161,30792,1788444599999,futures
1788444600000,2026-09-03T14:10:00.000Z,2026-09-03 22:10,0.10163,0.10181,0.10137,0.10149,72856,1788444899999,futures
1788444900000,2026-09-03T14:15:00.000Z,2026-09-03 22:15,0.10161,0.10193,0.10151,0.1017,116272,1788445199999,futures
1788445200000,2026-09-03T14:20:00.000Z,2026-09-03 22:20,0.10174,0.10209,0.10174,0.10201,37629,1788445499999,futures
1788445500000,2026-09-03T14:25:00.000Z,2026-09-03 22:25,0.10209,0.10211,0.10184,0.10195,11339,1788445799999,futures
1788445800000,2026-09-03T14:30:00.000Z,2026-09-03 22:30,0.10186,0.10208,0.10174,0.10182,23244,1788446099999,futures
1788446100000,2026-09-03T14:35:00.000Z,2026-09-03 22:35,0.10176,0.10184,0.10142,0.10155,23662,1788446399999,futures
1788446400000,2026-09-03T14:40:00.000Z,2026-09-03 22:40,0.10152,0.10175,0.1015,0.10161,41263,1788446699999,futures
1788446700000,2026-09-03T14:45:00.000Z,2026-09-03 22:45,0.10161,0.10214,0.1016,0.10208,30387,1788446999999,futures
1788447000000,2026-09-03T14:50:00.000Z,2026-09-03 22:50,0.10209,0.10285,0.10209,0.10273,94410,1788447299999,futures
1788447300000,2026-09-03T14:55:00.000Z,2026-09-03 22:55,0.10286,0.10343,0.10277,0.10323,90466,1788447599999,futures
1788447600000,2026-09-03T15:00:00.000Z,2026-09-03 23:00,0.10334,0.10339,0.1029,0.1029,110051,1788447899999,futures
1788447900000,2026-09-03T15:05:00.000Z,2026-09-03 23:05,0.10294,0.10314,0.10271,0.10282,41652,1788448199999,futures
1788448200000,2026-09-03T15:10:00.000Z,2026-09-03 23:10,0.10282,0.10342,0.10245,0.10329,86587,1788448499999,futures
1788448500000,2026-09-03T15:15:00.000Z,2026-09-03 23:15,0.10336,0.10336,0.10297,0.10328,90135,1788448799999,futures
1788448800000,2026-09-03T15:20:00.000Z,2026-09-03 23:20,0.1033,0.10346,0.10317,0.10342,20295,1788449099999,futures
1788449100000,2026-09-03T15:25:00.000Z,2026-09-03 23:25,0.10341,0.10357,0.10335,0.10352,9333,1788449399999,futures
1788449400000,2026-09-03T15:30:00.000Z,2026-09-03 23:30,0.10349,0.1037,0.10304,0.10334,88718,1788449699999,futures
1788449700000,2026-09-03T15:35:00.000Z,2026-09-03 23:35,0.10337,0.10372,0.1033,0.10367,33703,1788449999999,futures
1788450000000,2026-09-03T15:40:00.000Z,2026-09-03 23:40,0.10366,0.10407,0.10355,0.10378,69566,1788450299999,futures
1788450300000,2026-09-03T15:45:00.000Z,2026-09-03 23:45,0.10379,0.10408,0.10354,0.10368,48847,1788450599999,futures
1788450600000,2026-09-03T15:50:00.000Z,2026-09-03 23:50,0.10364,0.10425,0.10353,0.10425,29021,1788450899999,futures
1788450900000,2026-09-03T15:55:00.000Z,2026-09-03 23:55,0.10425,0.10452,0.10414,0.10422,107683,1788451199999,futures
1788451200000,2026-09-03T16:00:00.000Z,2026-09-04 00:00,0.10421,0.10435,0.10342,0.10369,262591,1788451499999,futures
1788451500000,2026-09-03T16:05:00.000Z,2026-09-04 00:05,0.10362,0.10366,0.10298,0.10337,173203,1788451799999,futures
1788451800000,2026-09-03T16:10:00.000Z,2026-09-04 00:10,0.10334,0.10367,0.10331,0.10331,64275,1788452099999,futures
1788452100000,2026-09-03T16:15:00.000Z,2026-09-04 00:15,0.10342,0.10342,0.10315,0.10334,20591,1788452399999,futures
1788452400000,2026-09-03T16:20:00.000Z,2026-09-04 00:20,0.10335,0.10361,0.10326,0.10326,14894,1788452699999,futures
1788452700000,2026-09-03T16:25:00.000Z,2026-09-04 00:25,0.10325,0.10349,0.10324,0.10348,9238,1788452999999,futures
1788453000000,2026-09-03T16:30:00.000Z,2026-09-04 00:30,0.10347,0.10371,0.10336,0.10368,35573,1788453299999,futures
1788453300000,2026-09-03T16:35:00.000Z,2026-09-04 00:35,0.10358,0.1037,0.10353,0.10355,5613,1788453599999,futures
1788453600000,2026-09-03T16:40:00.000Z,2026-09-04 00:40,0.10364,0.10389,0.10356,0.10368,14182,1788453899999,futures
1788453900000,2026-09-03T16:45:00.000Z,2026-09-04 00:45,0.10373,0.10402,0.10373,0.10398,14638,1788454199999,futures
1788454200000,2026-09-03T16:50:00.000Z,2026-09-04 00:50,0.10398,0.104,0.10384,0.10391,7347,1788454499999,futures
1788454500000,2026-09-03T16:55:00.000Z,2026-09-04 00:55,0.10389,0.10409,0.10388,0.10401,11340,1788454799999,futures
1788454800000,2026-09-03T17:00:00.000Z,2026-09-04 01:00,0.10402,0.10421,0.1038,0.10421,29262,1788455099999,futures
1788455100000,2026-09-03T17:05:00.000Z,2026-09-04 01:05,0.10416,0.10423,0.10399,0.1041,12195,1788455399999,futures
1788455400000,2026-09-03T17:10:00.000Z,2026-09-04 01:10,0.10409,0.10414,0.10403,0.10412,8033,1788455699999,futures
1788455700000,2026-09-03T17:15:00.000Z,2026-09-04 01:15,0.10412,0.10424,0.10402,0.10411,75515,1788455999999,futures
1788456000000,2026-09-03T17:20:00.000Z,2026-09-04 01:20,0.10407,0.10411,0.10378,0.10386,46617,1788456299999,futures
1788456300000,2026-09-03T17:25:00.000Z,2026-09-04 01:25,0.10385,0.10385,0.10367,0.10367,7682,1788456599999,futures
1788456600000,2026-09-03T17:30:00.000Z,2026-09-04 01:30,0.10367,0.10388,0.10366,0.10388,13876,1788456899999,futures
1788456900000,2026-09-03T17:35:00.000Z,2026-09-04 01:35,0.10388,0.10388,0.10366,0.10374,15229,1788457199999,futures
1788457200000,2026-09-03T17:40:00.000Z,2026-09-04 01:40,0.1038,0.10389,0.10371,0.10387,10953,1788457499999,futures
1788457500000,2026-09-03T17:45:00.000Z,2026-09-04 01:45,0.10381,0.10398,0.10378,0.10384,9291,1788457799999,futures
1788457800000,2026-09-03T17:50:00.000Z,2026-09-04 01:50,0.10381,0.10383,0.10371,0.10371,9157,1788458099999,futures
1788458100000,2026-09-03T17:55:00.000Z,2026-09-04 01:55,0.10371,0.10374,0.10366,0.10367,4620,1788458399999,futures
1788458400000,2026-09-03T18:00:00.000Z,2026-09-04 02:00,0.10365,0.10396,0.10355,0.10388,41550,1788458699999,futures
1788458700000,2026-09-03T18:05:00.000Z,2026-09-04 02:05,0.10387,0.10402,0.10383,0.10396,8955,1788458999999,futures
1788459000000,2026-09-03T18:10:00.000Z,2026-09-04 02:10,0.10389,0.10394,0.10384,0.10393,7442,1788459299999,futures
1788459300000,2026-09-03T18:15:00.000Z,2026-09-04 02:15,0.10387,0.10394,0.10363,0.10368,27824,1788459599999,futures
1788459600000,2026-09-03T18:20:00.000Z,2026-09-04 02:20,0.10363,0.1037,0.10362,0.10363,4574,1788459899999,futures
1788459900000,2026-09-03T18:25:00.000Z,2026-09-04 02:25,0.10361,0.10361,0.10353,0.10353,5287,1788460199999,futures
1788460200000,2026-09-03T18:30:00.000Z,2026-09-04 02:30,0.10353,0.1039,0.10353,0.1039,27691,1788460499999,futures
1788460500000,2026-09-03T18:35:00.000Z,2026-09-04 02:35,0.10382,0.10389,0.10358,0.10385,20238,1788460799999,futures
1788460800000,2026-09-03T18:40:00.000Z,2026-09-04 02:40,0.1038,0.10391,0.10368,0.10371,9713,1788461099999,futures
1788461100000,2026-09-03T18:45:00.000Z,2026-09-04 02:45,0.10371,0.10387,0.10358,0.1038,15797,1788461399999,futures
1788461400000,2026-09-03T18:50:00.000Z,2026-09-04 02:50,0.10374,0.10391,0.10367,0.10382,12180,1788461699999,futures
1788461700000,2026-09-03T18:55:00.000Z,2026-09-04 02:55,0.10382,0.10392,0.1037,0.10388,8566,1788461999999,futures
1788462000000,2026-09-03T19:00:00.000Z,2026-09-04 03:00,0.10377,0.10388,0.10365,0.10388,23782,1788462299999,futures
1788462300000,2026-09-03T19:05:00.000Z,2026-09-04 03:05,0.10388,0.10388,0.10351,0.1037,57172,1788462599999,futures
1788462600000,2026-09-03T19:10:00.000Z,2026-09-04 03:10,0.10363,0.10368,0.10352,0.10358,34634,1788462899999,futures
1788462900000,2026-09-03T19:15:00.000Z,2026-09-04 03:15,0.10356,0.10382,0.10354,0.1038,8552,1788463199999,futures
1788463200000,2026-09-03T19:20:00.000Z,2026-09-04 03:20,0.10381,0.1039,0.1038,0.1038,6252,1788463499999,futures
1788463500000,2026-09-03T19:25:00.000Z,2026-09-04 03:25,0.10378,0.10393,0.10376,0.10387,5449,1788463799999,futures
1788463800000,2026-09-03T19:30:00.000Z,2026-09-04 03:30,0.10387,0.10391,0.10374,0.10381,7904,1788464099999,futures
1788464100000,2026-09-03T19:35:00.000Z,2026-09-04 03:35,0.10389,0.1039,0.10354,0.1039,19095,1788464399999,futures
1788464400000,2026-09-03T19:40:00.000Z,2026-09-04 03:40,0.10389,0.10389,0.10353,0.10358,9911,1788464699999,futures
1788464700000,2026-09-03T19:45:00.000Z,2026-09-04 03:45,0.10358,0.10366,0.10351,0.10351,10932,1788464999999,futures
1788465000000,2026-09-03T19:50:00.000Z,2026-09-04 03:50,0.10359,0.10365,0.10348,0.10352,13458,1788465299999,futures
1788465300000,2026-09-03T19:55:00.000Z,2026-09-04 03:55,0.10352,0.10374,0.10349,0.10371,5626,1788465599999,futures
1788465600000,2026-09-03T20:00:00.000Z,2026-09-04 04:00,0.1037,0.1037,0.10331,0.10363,35010,1788465899999,futures
1788465900000,2026-09-03T20:05:00.000Z,2026-09-04 04:05,0.1036,0.1038,0.10351,0.10376,12104,1788466199999,futures
1788466200000,2026-09-03T20:10:00.000Z,2026-09-04 04:10,0.10374,0.10374,0.10343,0.10343,10588,1788466499999,futures
1788466500000,2026-09-03T20:15:00.000Z,2026-09-04 04:15,0.10342,0.1037,0.10342,0.10363,9267,1788466799999,futures
1788466800000,2026-09-03T20:20:00.000Z,2026-09-04 04:20,0.10363,0.1037,0.1035,0.10359,18636,1788467099999,futures
1788467100000,2026-09-03T20:25:00.000Z,2026-09-04 04:25,0.10364,0.10379,0.10357,0.10369,39150,1788467399999,futures
1788467400000,2026-09-03T20:30:00.000Z,2026-09-04 04:30,0.10372,0.10377,0.10356,0.10365,12394,1788467699999,futures
1788467700000,2026-09-03T20:35:00.000Z,2026-09-04 04:35,0.10365,0.10369,0.10347,0.10364,13520,1788467999999,futures
1788468000000,2026-09-03T20:40:00.000Z,2026-09-04 04:40,0.10361,0.10368,0.10355,0.10362,3139,1788468299999,futures
1788468300000,2026-09-03T20:45:00.000Z,2026-09-04 04:45,0.10362,0.10376,0.10362,0.10373,7950,1788468599999,futures
1788468600000,2026-09-03T20:50:00.000Z,2026-09-04 04:50,0.10372,0.10379,0.1035,0.10355,6179,1788468899999,futures
1788468900000,2026-09-03T20:55:00.000Z,2026-09-04 04:55,0.10345,0.10372,0.10345,0.1036,15721,1788469199999,futures
1788469200000,2026-09-03T21:00:00.000Z,2026-09-04 05:00,0.10356,0.10371,0.10351,0.10368,21392,1788469499999,futures
1788469500000,2026-09-03T21:05:00.000Z,2026-09-04 05:05,0.10368,0.1038,0.10361,0.10371,12695,1788469799999,futures
1788469800000,2026-09-03T21:10:00.000Z,2026-09-04 05:10,0.10375,0.1038,0.10371,0.10372,4906,1788470099999,futures
1788470100000,2026-09-03T21:15:00.000Z,2026-09-04 05:15,0.10372,0.10392,0.10371,0.10388,29421,1788470399999,futures
1788470400000,2026-09-03T21:20:00.000Z,2026-09-04 05:20,0.10388,0.10399,0.10384,0.10387,4742,1788470699999,futures
1788470700000,2026-09-03T21:25:00.000Z,2026-09-04 05:25,0.10385,0.10395,0.10385,0.10392,2443,1788470999999,futures
1788471000000,2026-09-03T21:30:00.000Z,2026-09-04 05:30,0.10394,0.10438,0.10394,0.10417,42045,1788471299999,futures
1788471300000,2026-09-03T21:35:00.000Z,2026-09-04 05:35,0.10417,0.10417,0.10378,0.10387,39203,1788471599999,futures
1788471600000,2026-09-03T21:40:00.000Z,2026-09-04 05:40,0.10383,0.10385,0.10355,0.10376,73859,1788471899999,futures
1788471900000,2026-09-03T21:45:00.000Z,2026-09-04 05:45,0.10378,0.10385,0.10359,0.10383,13893,1788472199999,futures
1788472200000,2026-09-03T21:50:00.000Z,2026-09-04 05:50,0.10381,0.10384,0.10375,0.10375,4819,1788472499999,futures
1788472500000,2026-09-03T21:55:00.000Z,2026-09-04 05:55,0.10379,0.10385,0.10375,0.10382,3295,1788472799999,futures
1788472800000,2026-09-03T22:00:00.000Z,2026-09-04 06:00,0.10375,0.10375,0.10324,0.10351,39487,1788473099999,futures
1788473100000,2026-09-03T22:05:00.000Z,2026-09-04 06:05,0.10351,0.10379,0.10348,0.10373,63495,1788473399999,futures
1788473400000,2026-09-03T22:10:00.000Z,2026-09-04 06:10,0.10378,0.1039,0.10353,0.10378,15345,1788473699999,futures
1788473700000,2026-09-03T22:15:00.000Z,2026-09-04 06:15,0.10378,0.10397,0.10378,0.10388,11231,1788473999999,futures
1788474000000,2026-09-03T22:20:00.000Z,2026-09-04 06:20,0.10381,0.10398,0.10381,0.10384,6486,1788474299999,futures
1788474300000,2026-09-03T22:25:00.000Z,2026-09-04 06:25,0.10384,0.10384,0.10343,0.10343,7816,1788474599999,futures
1788474600000,2026-09-03T22:30:00.000Z,2026-09-04 06:30,0.10345,0.10369,0.10339,0.10345,21871,1788474899999,futures
1788474900000,2026-09-03T22:35:00.000Z,2026-09-04 06:35,0.10356,0.10377,0.10355,0.10374,12604,1788475199999,futures
1788475200000,2026-09-03T22:40:00.000Z,2026-09-04 06:40,0.10372,0.10385,0.10371,0.10376,11229,1788475499999,futures
1788475500000,2026-09-03T22:45:00.000Z,2026-09-04 06:45,0.10375,0.10397,0.10363,0.10363,24326,1788475799999,futures
1788475800000,2026-09-03T22:50:00.000Z,2026-09-04 06:50,0.10368,0.10392,0.10365,0.10379,8755,1788476099999,futures
1788476100000,2026-09-03T22:55:00.000Z,2026-09-04 06:55,0.10379,0.10391,0.10365,0.10371,8410,1788476399999,futures
1788476400000,2026-09-03T23:00:00.000Z,2026-09-04 07:00,0.10371,0.1038,0.10346,0.10362,16192,1788476699999,futures
1788476700000,2026-09-03T23:05:00.000Z,2026-09-04 07:05,0.10362,0.10385,0.10358,0.10367,22029,1788476999999,futures
1788477000000,2026-09-03T23:10:00.000Z,2026-09-04 07:10,0.1037,0.10387,0.10356,0.10386,11003,1788477299999,futures
1788477300000,2026-09-03T23:15:00.000Z,2026-09-04 07:15,0.10377,0.10396,0.10371,0.10385,8025,1788477599999,futures
1788477600000,2026-09-03T23:20:00.000Z,2026-09-04 07:20,0.10388,0.10399,0.10374,0.10384,13213,1788477899999,futures
1788477900000,2026-09-03T23:25:00.000Z,2026-09-04 07:25,0.1038,0.10394,0.10372,0.10377,6080,1788478199999,futures
1788478200000,2026-09-03T23:30:00.000Z,2026-09-04 07:30,0.10381,0.10386,0.10357,0.1037,33698,1788478499999,futures
1788478500000,2026-09-03T23:35:00.000Z,2026-09-04 07:35,0.10369,0.1037,0.10362,0.10369,16141,1788478799999,futures
1788478800000,2026-09-03T23:40:00.000Z,2026-09-04 07:40,0.1037,0.10383,0.10362,0.1037,15484,1788479099999,futures
1788479100000,2026-09-03T23:45:00.000Z,2026-09-04 07:45,0.10364,0.10369,0.10358,0.10364,15107,1788479399999,futures
1788479400000,2026-09-03T23:50:00.000Z,2026-09-04 07:50,0.1036,0.10363,0.10348,0.10355,22108,1788479699999,futures
1788479700000,2026-09-03T23:55:00.000Z,2026-09-04 07:55,0.10355,0.10364,0.10338,0.10355,27049,1788479999999,futures
1788480000000,2026-09-04T00:00:00.000Z,2026-09-04 08:00,0.10359,0.10364,0.10337,0.10356,67996,1788480299999,futures
1788480300000,2026-09-04T00:05:00.000Z,2026-09-04 08:05,0.10348,0.10354,0.1033,0.10338,26944,1788480599999,futures
1788480600000,2026-09-04T00:10:00.000Z,2026-09-04 08:10,0.10339,0.10342,0.10328,0.10337,12832,1788480899999,futures
1788480900000,2026-09-04T00:15:00.000Z,2026-09-04 08:15,0.10337,0.10378,0.10337,0.10352,58838,1788481199999,futures
1788481200000,2026-09-04T00:20:00.000Z,2026-09-04 08:20,0.10354,0.10375,0.10343,0.1037,20423,1788481499999,futures
1788481500000,2026-09-04T00:25:00.000Z,2026-09-04 08:25,0.10371,0.10371,0.1035,0.10356,10509,1788481799999,futures
1788481800000,2026-09-04T00:30:00.000Z,2026-09-04 08:30,0.10356,0.10372,0.10344,0.10347,14223,1788482099999,futures
1788482100000,2026-09-04T00:35:00.000Z,2026-09-04 08:35,0.10345,0.10367,0.10309,0.10347,100802,1788482399999,futures
1788482400000,2026-09-04T00:40:00.000Z,2026-09-04 08:40,0.10347,0.10347,0.1031,0.1031,25450,1788482699999,futures
1788482700000,2026-09-04T00:45:00.000Z,2026-09-04 08:45,0.1032,0.1032,0.10236,0.1027,505490,1788482999999,futures
1788483000000,2026-09-04T00:50:00.000Z,2026-09-04 08:50,0.10266,0.10277,0.10242,0.10265,62497,1788483299999,futures
1788483300000,2026-09-04T00:55:00.000Z,2026-09-04 08:55,0.10254,0.10265,0.10222,0.10229,21959,1788483599999,futures
1788483600000,2026-09-04T01:00:00.000Z,2026-09-04 09:00,0.10232,0.10258,0.10231,0.10244,49270,1788483899999,futures
1788483900000,2026-09-04T01:05:00.000Z,2026-09-04 09:05,0.10238,0.10249,0.10217,0.10223,46941,1788484199999,futures
1788484200000,2026-09-04T01:10:00.000Z,2026-09-04 09:10,0.10225,0.10239,0.1022,0.10224,28125,1788484499999,futures
1788484500000,2026-09-04T01:15:00.000Z,2026-09-04 09:15,0.10223,0.10237,0.10218,0.10236,25863,1788484799999,futures
1788484800000,2026-09-04T01:20:00.000Z,2026-09-04 09:20,0.10237,0.10273,0.10236,0.10256,65466,1788485099999,futures
1788485100000,2026-09-04T01:25:00.000Z,2026-09-04 09:25,0.10257,0.10263,0.10245,0.10245,17704,1788485399999,futures
1788485400000,2026-09-04T01:30:00.000Z,2026-09-04 09:30,0.10247,0.10265,0.10222,0.1023,11051,1788485699999,futures
1788485700000,2026-09-04T01:35:00.000Z,2026-09-04 09:35,0.10242,0.10245,0.10215,0.10215,49969,1788485999999,futures
1788486000000,2026-09-04T01:40:00.000Z,2026-09-04 09:40,0.10228,0.10228,0.102,0.10214,16355,1788486299999,futures
1788486300000,2026-09-04T01:45:00.000Z,2026-09-04 09:45,0.10211,0.10225,0.10199,0.10222,10959,1788486599999,futures
1788486600000,2026-09-04T01:50:00.000Z,2026-09-04 09:50,0.10224,0.10226,0.10218,0.10226,9625,1788486899999,futures
1788486900000,2026-09-04T01:55:00.000Z,2026-09-04 09:55,0.10226,0.10226,0.10213,0.10214,5040,1788487199999,futures
1788487200000,2026-09-04T02:00:00.000Z,2026-09-04 10:00,0.10212,0.10221,0.10206,0.10215,12579,1788487499999,futures
1788487500000,2026-09-04T02:05:00.000Z,2026-09-04 10:05,0.10221,0.10227,0.10216,0.10226,7492,1788487799999,futures
1788487800000,2026-09-04T02:10:00.000Z,2026-09-04 10:10,0.10226,0.10232,0.10222,0.10228,3965,1788488099999,futures
1788488100000,2026-09-04T02:15:00.000Z,2026-09-04 10:15,0.10229,0.10245,0.10228,0.10238,15294,1788488399999,futures
1788488400000,2026-09-04T02:20:00.000Z,2026-09-04 10:20,0.10239,0.10241,0.10215,0.10225,4967,1788488699999,futures
1788488700000,2026-09-04T02:25:00.000Z,2026-09-04 10:25,0.10226,0.10232,0.10215,0.10215,10121,1788488999999,futures
1788489000000,2026-09-04T02:30:00.000Z,2026-09-04 10:30,0.10222,0.10242,0.1022,0.10239,13790,1788489299999,futures
1788489300000,2026-09-04T02:35:00.000Z,2026-09-04 10:35,0.10239,0.10242,0.10228,0.10242,7462,1788489599999,futures
1788489600000,2026-09-04T02:40:00.000Z,2026-09-04 10:40,0.10242,0.10247,0.10229,0.10243,12141,1788489899999,futures
1788489900000,2026-09-04T02:45:00.000Z,2026-09-04 10:45,0.10243,0.10255,0.10232,0.10252,14490,1788490199999,futures
1788490200000,2026-09-04T02:50:00.000Z,2026-09-04 10:50,0.10255,0.10255,0.10239,0.10241,9123,1788490499999,futures
1788490500000,2026-09-04T02:55:00.000Z,2026-09-04 10:55,0.10245,0.10266,0.10233,0.10266,43167,1788490799999,futures
1788490800000,2026-09-04T03:00:00.000Z,2026-09-04 11:00,0.10262,0.10275,0.10243,0.10265,44681,1788491099999,futures
1788491100000,2026-09-04T03:05:00.000Z,2026-09-04 11:05,0.10265,0.10266,0.10245,0.1026,23074,1788491399999,futures
1788491400000,2026-09-04T03:10:00.000Z,2026-09-04 11:10,0.10262,0.10266,0.10253,0.10262,16200,1788491699999,futures
1788491700000,2026-09-04T03:15:00.000Z,2026-09-04 11:15,0.10262,0.10262,0.10245,0.10245,22799,1788491999999,futures
1788492000000,2026-09-04T03:20:00.000Z,2026-09-04 11:20,0.10254,0.10254,0.10239,0.10248,9243,1788492299999,futures
1788492300000,2026-09-04T03:25:00.000Z,2026-09-04 11:25,0.10243,0.10243,0.10211,0.10217,60556,1788492599999,futures
1788492600000,2026-09-04T03:30:00.000Z,2026-09-04 11:30,0.10214,0.10222,0.10202,0.10204,11215,1788492899999,futures
1788492900000,2026-09-04T03:35:00.000Z,2026-09-04 11:35,0.10206,0.10215,0.10204,0.10212,5758,1788493199999,futures
1788493200000,2026-09-04T03:40:00.000Z,2026-09-04 11:40,0.10213,0.10217,0.10205,0.10211,4239,1788493499999,futures
1788493500000,2026-09-04T03:45:00.000Z,2026-09-04 11:45,0.10211,0.10215,0.10202,0.10204,9122,1788493799999,futures
1788493800000,2026-09-04T03:50:00.000Z,2026-09-04 11:50,0.10203,0.10233,0.1019,0.10233,21864,1788494099999,futures
1788494100000,2026-09-04T03:55:00.000Z,2026-09-04 11:55,0.10223,0.10238,0.10213,0.10216,8539,1788494399999,futures
1788494400000,2026-09-04T04:00:00.000Z,2026-09-04 12:00,0.10215,0.10216,0.10196,0.102,45621,1788494699999,futures
1788494700000,2026-09-04T04:05:00.000Z,2026-09-04 12:05,0.10209,0.10221,0.10198,0.10202,22312,1788494999999,futures
1788495000000,2026-09-04T04:10:00.000Z,2026-09-04 12:10,0.102,0.10204,0.10192,0.10204,3763,1788495299999,futures
1788495300000,2026-09-04T04:15:00.000Z,2026-09-04 12:15,0.10204,0.10232,0.10204,0.10228,14795,1788495599999,futures
1788495600000,2026-09-04T04:20:00.000Z,2026-09-04 12:20,0.10232,0.10237,0.10215,0.10228,14661,1788495899999,futures
1788495900000,2026-09-04T04:25:00.000Z,2026-09-04 12:25,0.10229,0.10259,0.10226,0.10248,51873,1788496199999,futures
1788496200000,2026-09-04T04:30:00.000Z,2026-09-04 12:30,0.10253,0.10257,0.10236,0.10246,13856,1788496499999,futures
1788496500000,2026-09-04T04:35:00.000Z,2026-09-04 12:35,0.10238,0.10238,0.102,0.10213,33656,1788496799999,futures
1788496800000,2026-09-04T04:40:00.000Z,2026-09-04 12:40,0.10206,0.10213,0.10196,0.10203,4429,1788497099999,futures
1788497100000,2026-09-04T04:45:00.000Z,2026-09-04 12:45,0.10196,0.10203,0.10189,0.10201,16922,1788497399999,futures
1788497400000,2026-09-04T04:50:00.000Z,2026-09-04 12:50,0.10194,0.10212,0.10194,0.10212,8404,1788497699999,futures
1788497700000,2026-09-04T04:55:00.000Z,2026-09-04 12:55,0.10203,0.10215,0.10203,0.10215,4810,1788497999999,futures
1788498000000,2026-09-04T05:00:00.000Z,2026-09-04 13:00,0.10214,0.10214,0.10193,0.10205,24732,1788498299999,futures
1788498300000,2026-09-04T05:05:00.000Z,2026-09-04 13:05,0.10205,0.10225,0.10205,0.10225,4781,1788498599999,futures
1788498600000,2026-09-04T05:10:00.000Z,2026-09-04 13:10,0.1022,0.10226,0.10204,0.10207,7859,1788498899999,futures
1788498900000,2026-09-04T05:15:00.000Z,2026-09-04 13:15,0.10207,0.10227,0.10203,0.1022,10675,1788499199999,futures
1788499200000,2026-09-04T05:20:00.000Z,2026-09-04 13:20,0.1022,0.10229,0.10214,0.10222,9678,1788499499999,futures
1788499500000,2026-09-04T05:25:00.000Z,2026-09-04 13:25,0.10223,0.10225,0.10213,0.10213,4139,1788499799999,futures
1788499800000,2026-09-04T05:30:00.000Z,2026-09-04 13:30,0.10208,0.10215,0.10187,0.10212,22284,1788500099999,futures
1788500100000,2026-09-04T05:35:00.000Z,2026-09-04 13:35,0.10208,0.1021,0.10197,0.102,12005,1788500399999,futures
1788500400000,2026-09-04T05:40:00.000Z,2026-09-04 13:40,0.10201,0.10206,0.10193,0.10206,8815,1788500699999,futures
1788500700000,2026-09-04T05:45:00.000Z,2026-09-04 13:45,0.10206,0.10214,0.1017,0.10183,30792,1788500999999,futures
1788501000000,2026-09-04T05:50:00.000Z,2026-09-04 13:50,0.10182,0.10186,0.10168,0.10182,14371,1788501299999,futures
1788501300000,2026-09-04T05:55:00.000Z,2026-09-04 13:55,0.10177,0.102,0.10175,0.10194,13860,1788501599999,futures
1788501600000,2026-09-04T06:00:00.000Z,2026-09-04 14:00,0.10194,0.10199,0.10185,0.10198,15171,1788501899999,futures
1788501900000,2026-09-04T06:05:00.000Z,2026-09-04 14:05,0.102,0.10205,0.10194,0.10198,5946,1788502199999,futures
1788502200000,2026-09-04T06:10:00.000Z,2026-09-04 14:10,0.10201,0.10226,0.10201,0.10223,14183,1788502499999,futures
1788502500000,2026-09-04T06:15:00.000Z,2026-09-04 14:15,0.10225,0.10236,0.10212,0.10223,35054,1788502799999,futures
1788502800000,2026-09-04T06:20:00.000Z,2026-09-04 14:20,0.10223,0.10266,0.10223,0.10251,52965,1788503099999,futures
1788503100000,2026-09-04T06:25:00.000Z,2026-09-04 14:25,0.10261,0.10261,0.10243,0.10248,15518,1788503399999,futures
1788503400000,2026-09-04T06:30:00.000Z,2026-09-04 14:30,0.10251,0.10256,0.10242,0.10254,11666,1788503699999,futures
1788503700000,2026-09-04T06:35:00.000Z,2026-09-04 14:35,0.10254,0.10258,0.10243,0.10251,9526,1788503999999,futures
1788504000000,2026-09-04T06:40:00.000Z,2026-09-04 14:40,0.10253,0.10305,0.10253,0.10286,75846,1788504299999,futures
1788504300000,2026-09-04T06:45:00.000Z,2026-09-04 14:45,0.10289,0.10293,0.10274,0.10291,11597,1788504599999,futures
1788504600000,2026-09-04T06:50:00.000Z,2026-09-04 14:50,0.10293,0.1031,0.10291,0.10305,10503,1788504899999,futures
1788504900000,2026-09-04T06:55:00.000Z,2026-09-04 14:55,0.10305,0.10346,0.10298,0.10346,21352,1788505199999,futures
1788505200000,2026-09-04T07:00:00.000Z,2026-09-04 15:00,0.10339,0.10351,0.10314,0.10337,42027,1788505499999,futures
1788505500000,2026-09-04T07:05:00.000Z,2026-09-04 15:05,0.10337,0.10338,0.10321,0.10326,20261,1788505799999,futures
1788505800000,2026-09-04T07:10:00.000Z,2026-09-04 15:10,0.10327,0.10337,0.10312,0.10312,4657,1788506099999,futures
1788506100000,2026-09-04T07:15:00.000Z,2026-09-04 15:15,0.10312,0.10327,0.10297,0.10318,12528,1788506399999,futures
1788506400000,2026-09-04T07:20:00.000Z,2026-09-04 15:20,0.10319,0.10322,0.10273,0.10276,22319,1788506699999,futures
1788506700000,2026-09-04T07:25:00.000Z,2026-09-04 15:25,0.10277,0.10293,0.10277,0.10279,10176,1788506999999,futures
1788507000000,2026-09-04T07:30:00.000Z,2026-09-04 15:30,0.10283,0.10286,0.10275,0.10282,7724,1788507299999,futures
1788507300000,2026-09-04T07:35:00.000Z,2026-09-04 15:35,0.10282,0.10294,0.10267,0.1029,18890,1788507599999,futures
1788507600000,2026-09-04T07:40:00.000Z,2026-09-04 15:40,0.10292,0.10297,0.10288,0.10291,3925,1788507899999,futures
1788507900000,2026-09-04T07:45:00.000Z,2026-09-04 15:45,0.10292,0.10292,0.10277,0.10292,6982,1788508199999,futures
1788508200000,2026-09-04T07:50:00.000Z,2026-09-04 15:50,0.10281,0.10284,0.10261,0.10269,8723,1788508499999,futures
1788508500000,2026-09-04T07:55:00.000Z,2026-09-04 15:55,0.10264,0.1027,0.10258,0.10258,3133,1788508799999,futures
1788508800000,2026-09-04T08:00:00.000Z,2026-09-04 16:00,0.10259,0.10274,0.10252,0.10252,24512,1788509099999,futures
1788509100000,2026-09-04T08:05:00.000Z,2026-09-04 16:05,0.10256,0.10274,0.10238,0.10268,35414,1788509399999,futures
1788509400000,2026-09-04T08:10:00.000Z,2026-09-04 16:10,0.10265,0.10266,0.10258,0.10266,3505,1788509699999,futures
1788509700000,2026-09-04T08:15:00.000Z,2026-09-04 16:15,0.10259,0.10269,0.10257,0.1026,9861,1788509999999,futures
1788510000000,2026-09-04T08:20:00.000Z,2026-09-04 16:20,0.10258,0.10273,0.10251,0.10265,9405,1788510299999,futures
1788510300000,2026-09-04T08:25:00.000Z,2026-09-04 16:25,0.10266,0.10286,0.10265,0.10272,3774,1788510599999,futures
1788510600000,2026-09-04T08:30:00.000Z,2026-09-04 16:30,0.10274,0.10286,0.10247,0.1027,20498,1788510899999,futures
1788510900000,2026-09-04T08:35:00.000Z,2026-09-04 16:35,0.1027,0.10273,0.10248,0.10255,10093,1788511199999,futures
1788511200000,2026-09-04T08:40:00.000Z,2026-09-04 16:40,0.10252,0.10261,0.10248,0.10251,5898,1788511499999,futures
1788511500000,2026-09-04T08:45:00.000Z,2026-09-04 16:45,0.10253,0.10287,0.10246,0.10268,31425,1788511799999,futures
1788511800000,2026-09-04T08:50:00.000Z,2026-09-04 16:50,0.10268,0.10291,0.10268,0.10291,9071,1788512099999,futures
1788512100000,2026-09-04T08:55:00.000Z,2026-09-04 16:55,0.10282,0.10314,0.10282,0.10314,8036,1788512399999,futures
1788512400000,2026-09-04T09:00:00.000Z,2026-09-04 17:00,0.10314,0.10327,0.10304,0.10322,30177,1788512699999,futures
1788512700000,2026-09-04T09:05:00.000Z,2026-09-04 17:05,0.10314,0.10322,0.10305,0.10315,4105,1788512999999,futures
1788513000000,2026-09-04T09:10:00.000Z,2026-09-04 17:10,0.10315,0.10325,0.10311,0.10312,10746,1788513299999,futures
1788513300000,2026-09-04T09:15:00.000Z,2026-09-04 17:15,0.10314,0.10349,0.10313,0.10335,35590,1788513599999,futures
1788513600000,2026-09-04T09:20:00.000Z,2026-09-04 17:20,0.10335,0.10335,0.10309,0.10316,19294,1788513899999,futures
1788513900000,2026-09-04T09:25:00.000Z,2026-09-04 17:25,0.10314,0.10333,0.10311,0.10321,7830,1788514199999,futures
1788514200000,2026-09-04T09:30:00.000Z,2026-09-04 17:30,0.10318,0.10332,0.10306,0.10319,13556,1788514499999,futures
1788514500000,2026-09-04T09:35:00.000Z,2026-09-04 17:35,0.1032,0.1032,0.10307,0.1031,4210,1788514799999,futures
1788514800000,2026-09-04T09:40:00.000Z,2026-09-04 17:40,0.10309,0.10331,0.1029,0.1029,18696,1788515099999,futures
1788515100000,2026-09-04T09:45:00.000Z,2026-09-04 17:45,0.10301,0.10302,0.10274,0.10288,22888,1788515399999,futures
1788515400000,2026-09-04T09:50:00.000Z,2026-09-04 17:50,0.10292,0.10301,0.10279,0.10291,8283,1788515699999,futures
1788515700000,2026-09-04T09:55:00.000Z,2026-09-04 17:55,0.10289,0.10299,0.1028,0.10287,5198,1788515999999,futures
1788516000000,2026-09-04T10:00:00.000Z,2026-09-04 18:00,0.10281,0.10291,0.10269,0.10282,11167,1788516299999,futures
1788516300000,2026-09-04T10:05:00.000Z,2026-09-04 18:05,0.10277,0.10282,0.10272,0.10277,4867,1788516599999,futures
1788516600000,2026-09-04T10:10:00.000Z,2026-09-04 18:10,0.10278,0.10278,0.10243,0.1026,39168,1788516899999,futures
1788516900000,2026-09-04T10:15:00.000Z,2026-09-04 18:15,0.10253,0.10273,0.10248,0.10261,53471,1788517199999,futures
1788517200000,2026-09-04T10:20:00.000Z,2026-09-04 18:20,0.10259,0.10267,0.10251,0.10255,8104,1788517499999,futures
1788517500000,2026-09-04T10:25:00.000Z,2026-09-04 18:25,0.10255,0.10259,0.10234,0.10256,28874,1788517799999,futures
1788517800000,2026-09-04T10:30:00.000Z,2026-09-04 18:30,0.10257,0.10274,0.10248,0.10271,14651,1788518099999,futures
1788518100000,2026-09-04T10:35:00.000Z,2026-09-04 18:35,0.10267,0.10281,0.10265,0.10275,6396,1788518399999,futures
1788518400000,2026-09-04T10:40:00.000Z,2026-09-04 18:40,0.10279,0.10298,0.10277,0.10298,34110,1788518699999,futures
1788518700000,2026-09-04T10:45:00.000Z,2026-09-04 18:45,0.10297,0.10303,0.10282,0.10282,18202,1788518999999,futures
1788519000000,2026-09-04T10:50:00.000Z,2026-09-04 18:50,0.10285,0.10298,0.1028,0.10298,6922,1788519299999,futures
1788519300000,2026-09-04T10:55:00.000Z,2026-09-04 18:55,0.10297,0.10298,0.10286,0.10294,6076,1788519599999,futures
1788519600000,2026-09-04T11:00:00.000Z,2026-09-04 19:00,0.10294,0.10294,0.1027,0.10272,39364,1788519899999,futures
1788519900000,2026-09-04T11:05:00.000Z,2026-09-04 19:05,0.10282,0.10305,0.10278,0.10296,24943,1788520199999,futures
1788520200000,2026-09-04T11:10:00.000Z,2026-09-04 19:10,0.10296,0.10305,0.1029,0.10305,5725,1788520499999,futures
1788520500000,2026-09-04T11:15:00.000Z,2026-09-04 19:15,0.103,0.10317,0.10291,0.10305,10769,1788520799999,futures
1788520800000,2026-09-04T11:20:00.000Z,2026-09-04 19:20,0.10295,0.10307,0.10292,0.10303,7867,1788521099999,futures
1788521100000,2026-09-04T11:25:00.000Z,2026-09-04 19:25,0.10296,0.10303,0.10287,0.10287,6745,1788521399999,futures
1788521400000,2026-09-04T11:30:00.000Z,2026-09-04 19:30,0.10287,0.10305,0.10281,0.10281,13211,1788521699999,futures
1788521700000,2026-09-04T11:35:00.000Z,2026-09-04 19:35,0.10291,0.10318,0.1029,0.10318,14910,1788521999999,futures
1788522000000,2026-09-04T11:40:00.000Z,2026-09-04 19:40,0.10318,0.10318,0.10294,0.103,5932,1788522299999,futures
1788522300000,2026-09-04T11:45:00.000Z,2026-09-04 19:45,0.103,0.10306,0.10263,0.10269,11031,1788522599999,futures
1788522600000,2026-09-04T11:50:00.000Z,2026-09-04 19:50,0.10269,0.10279,0.10247,0.10251,22533,1788522899999,futures
1788522900000,2026-09-04T11:55:00.000Z,2026-09-04 19:55,0.10249,0.10258,0.102,0.1021,86213,1788523199999,futures
1788523200000,2026-09-04T12:00:00.000Z,2026-09-04 20:00,0.10212,0.10245,0.10208,0.10234,48273,1788523499999,futures
1788523500000,2026-09-04T12:05:00.000Z,2026-09-04 20:05,0.10238,0.10265,0.10231,0.10251,57290,1788523799999,futures
1788523800000,2026-09-04T12:10:00.000Z,2026-09-04 20:10,0.1025,0.10255,0.10225,0.10227,28008,1788524099999,futures
1788524100000,2026-09-04T12:15:00.000Z,2026-09-04 20:15,0.10227,0.10235,0.10218,0.10224,22126,1788524399999,futures
1788524400000,2026-09-04T12:20:00.000Z,2026-09-04 20:20,0.10224,0.10245,0.10221,0.10243,23028,1788524699999,futures
1788524700000,2026-09-04T12:25:00.000Z,2026-09-04 20:25,0.10237,0.10248,0.1023,0.10243,11758,1788524999999,futures
1788525000000,2026-09-04T12:30:00.000Z,2026-09-04 20:30,0.10236,0.10236,0.09966,0.10082,502132,1788525299999,futures
1788525300000,2026-09-04T12:35:00.000Z,2026-09-04 20:35,0.10081,0.101,0.10017,0.10087,153028,1788525599999,futures
1788525600000,2026-09-04T12:40:00.000Z,2026-09-04 20:40,0.10099,0.10105,0.10047,0.10047,68753,1788525899999,futures
1788525900000,2026-09-04T12:45:00.000Z,2026-09-04 20:45,0.10047,0.10047,0.09937,0.09988,169146,1788526199999,futures
1788526200000,2026-09-04T12:50:00.000Z,2026-09-04 20:50,0.10001,0.10037,0.09979,0.10036,22409,1788526499999,futures
1788526500000,2026-09-04T12:55:00.000Z,2026-09-04 20:55,0.10029,0.10037,0.09994,0.10035,44585,1788526799999,futures
1788526800000,2026-09-04T13:00:00.000Z,2026-09-04 21:00,0.10029,0.10084,0.10013,0.10042,129714,1788527099999,futures
1788527100000,2026-09-04T13:05:00.000Z,2026-09-04 21:05,0.10045,0.10109,0.10044,0.10096,125388,1788527399999,futures
1788527400000,2026-09-04T13:10:00.000Z,2026-09-04 21:10,0.10089,0.101,0.10062,0.10084,87910,1788527699999,futures
1788527700000,2026-09-04T13:15:00.000Z,2026-09-04 21:15,0.10079,0.10117,0.10079,0.10106,18357,1788527999999,futures
1788528000000,2026-09-04T13:20:00.000Z,2026-09-04 21:20,0.10107,0.10133,0.10107,0.10114,23546,1788528299999,futures
1788528300000,2026-09-04T13:25:00.000Z,2026-09-04 21:25,0.10113,0.10136,0.10111,0.1013,27665,1788528599999,futures
1788528600000,2026-09-04T13:30:00.000Z,2026-09-04 21:30,0.10125,0.10158,0.10125,0.10134,31612,1788528899999,futures
1788528900000,2026-09-04T13:35:00.000Z,2026-09-04 21:35,0.10127,0.10148,0.10094,0.10136,69816,1788529199999,futures
1788529200000,2026-09-04T13:40:00.000Z,2026-09-04 21:40,0.10133,0.1015,0.10102,0.10132,70465,1788529499999,futures
1788529500000,2026-09-04T13:45:00.000Z,2026-09-04 21:45,0.1013,0.10187,0.10126,0.10178,22180,1788529799999,futures
1788529800000,2026-09-04T13:50:00.000Z,2026-09-04 21:50,0.10188,0.10188,0.10151,0.10156,17175,1788530099999,futures
1788530100000,2026-09-04T13:55:00.000Z,2026-09-04 21:55,0.10154,0.10181,0.10151,0.10154,17729,1788530399999,futures
1788530400000,2026-09-04T14:00:00.000Z,2026-09-04 22:00,0.10154,0.10196,0.1015,0.10151,47287,1788530699999,futures
1788530700000,2026-09-04T14:05:00.000Z,2026-09-04 22:05,0.10164,0.10164,0.10124,0.10139,59540,1788530999999,futures
1788531000000,2026-09-04T14:10:00.000Z,2026-09-04 22:10,0.1013,0.10147,0.10117,0.10137,17157,1788531299999,futures
1788531300000,2026-09-04T14:15:00.000Z,2026-09-04 22:15,0.10131,0.10142,0.10106,0.10131,28597,1788531599999,futures
1788531600000,2026-09-04T14:20:00.000Z,2026-09-04 22:20,0.10126,0.1015,0.10112,0.10142,19389,1788531899999,futures
1788531900000,2026-09-04T14:25:00.000Z,2026-09-04 22:25,0.1014,0.10157,0.10136,0.10143,6656,1788532199999,futures
1788532200000,2026-09-04T14:30:00.000Z,2026-09-04 22:30,0.10146,0.10151,0.10123,0.10132,8623,1788532499999,futures
1788532500000,2026-09-04T14:35:00.000Z,2026-09-04 22:35,0.10134,0.10155,0.10107,0.10114,15111,1788532799999,futures
1788532800000,2026-09-04T14:40:00.000Z,2026-09-04 22:40,0.1012,0.10124,0.10078,0.101,28558,1788533099999,futures
1788533100000,2026-09-04T14:45:00.000Z,2026-09-04 22:45,0.10096,0.10118,0.10066,0.10078,28170,1788533399999,futures
1788533400000,2026-09-04T14:50:00.000Z,2026-09-04 22:50,0.10066,0.10114,0.10052,0.10114,34507,1788533699999,futures
1788533700000,2026-09-04T14:55:00.000Z,2026-09-04 22:55,0.1011,0.10121,0.1007,0.10095,61384,1788533999999,futures
1788534000000,2026-09-04T15:00:00.000Z,2026-09-04 23:00,0.10096,0.10128,0.10094,0.10128,18626,1788534299999,futures
1788534300000,2026-09-04T15:05:00.000Z,2026-09-04 23:05,0.10128,0.10153,0.10125,0.10153,9503,1788534599999,futures
1788534600000,2026-09-04T15:10:00.000Z,2026-09-04 23:10,0.1015,0.10151,0.10125,0.10125,5847,1788534899999,futures
1788534900000,2026-09-04T15:15:00.000Z,2026-09-04 23:15,0.10129,0.10181,0.10129,0.10165,25445,1788535199999,futures
1788535200000,2026-09-04T15:20:00.000Z,2026-09-04 23:20,0.10164,0.10185,0.10164,0.10178,14567,1788535499999,futures
1788535500000,2026-09-04T15:25:00.000Z,2026-09-04 23:25,0.10178,0.10191,0.10162,0.10185,54142,1788535799999,futures
1788535800000,2026-09-04T15:30:00.000Z,2026-09-04 23:30,0.10181,0.10181,0.1016,0.10174,76922,1788536099999,futures
1788536100000,2026-09-04T15:35:00.000Z,2026-09-04 23:35,0.10169,0.10188,0.10166,0.10182,21080,1788536399999,futures
1788536400000,2026-09-04T15:40:00.000Z,2026-09-04 23:40,0.1018,0.10187,0.10174,0.10185,6489,1788536699999,futures
1788536700000,2026-09-04T15:45:00.000Z,2026-09-04 23:45,0.10179,0.10188,0.10165,0.10174,11736,1788536999999,futures
1788537000000,2026-09-04T15:50:00.000Z,2026-09-04 23:50,0.10171,0.10258,0.10164,0.10252,203798,1788537299999,futures
1788537300000,2026-09-04T15:55:00.000Z,2026-09-04 23:55,0.10257,0.10265,0.10251,0.10251,15516,1788537599999,futures
1788537600000,2026-09-04T16:00:00.000Z,2026-09-05 00:00,0.10251,0.10279,0.10244,0.10257,52882,1788537899999,futures
1788537900000,2026-09-04T16:05:00.000Z,2026-09-05 00:05,0.10262,0.10308,0.10257,0.10302,54538,1788538199999,futures
1788538200000,2026-09-04T16:10:00.000Z,2026-09-05 00:10,0.10301,0.10311,0.10238,0.1026,98451,1788538499999,futures
1788538500000,2026-09-04T16:15:00.000Z,2026-09-05 00:15,0.10261,0.1029,0.10254,0.1029,32057,1788538799999,futures
1788538800000,2026-09-04T16:20:00.000Z,2026-09-05 00:20,0.10284,0.10304,0.10275,0.10277,21346,1788539099999,futures
1788539100000,2026-09-04T16:25:00.000Z,2026-09-05 00:25,0.10275,0.10296,0.10275,0.1029,10991,1788539399999,futures
1788539400000,2026-09-04T16:30:00.000Z,2026-09-05 00:30,0.10287,0.10318,0.1028,0.10302,23885,1788539699999,futures
1788539700000,2026-09-04T16:35:00.000Z,2026-09-05 00:35,0.10305,0.10323,0.10296,0.10296,17199,1788539999999,futures
1788540000000,2026-09-04T16:40:00.000Z,2026-09-05 00:40,0.10298,0.10315,0.10292,0.10315,14016,1788540299999,futures
1788540300000,2026-09-04T16:45:00.000Z,2026-09-05 00:45,0.10308,0.10332,0.10303,0.10324,14772,1788540599999,futures
1788540600000,2026-09-04T16:50:00.000Z,2026-09-05 00:50,0.10324,0.10343,0.10311,0.10318,22646,1788540899999,futures
1788540900000,2026-09-04T16:55:00.000Z,2026-09-05 00:55,0.10309,0.10328,0.10303,0.10306,22976,1788541199999,futures
1788541200000,2026-09-04T17:00:00.000Z,2026-09-05 01:00,0.10307,0.10343,0.10302,0.10343,26762,1788541499999,futures
1788541500000,2026-09-04T17:05:00.000Z,2026-09-05 01:05,0.10334,0.10346,0.10313,0.1032,15664,1788541799999,futures
1788541800000,2026-09-04T17:10:00.000Z,2026-09-05 01:10,0.10315,0.1034,0.10311,0.10319,40870,1788542099999,futures
1788542100000,2026-09-04T17:15:00.000Z,2026-09-05 01:15,0.10315,0.10332,0.10312,0.10323,23849,1788542399999,futures
1788542400000,2026-09-04T17:20:00.000Z,2026-09-05 01:20,0.10323,0.10326,0.10312,0.10317,16875,1788542699999,futures
1788542700000,2026-09-04T17:25:00.000Z,2026-09-05 01:25,0.10317,0.10343,0.10314,0.10334,8340,1788542999999,futures
1788543000000,2026-09-04T17:30:00.000Z,2026-09-05 01:30,0.1033,0.10335,0.10317,0.10326,8381,1788543299999,futures
1788543300000,2026-09-04T17:35:00.000Z,2026-09-05 01:35,0.10331,0.10334,0.10313,0.10322,7618,1788543599999,futures
1788543600000,2026-09-04T17:40:00.000Z,2026-09-05 01:40,0.10318,0.10322,0.10283,0.10304,61977,1788543899999,futures
1788543900000,2026-09-04T17:45:00.000Z,2026-09-05 01:45,0.10301,0.10301,0.10278,0.103,24885,1788544199999,futures
1788544200000,2026-09-04T17:50:00.000Z,2026-09-05 01:50,0.10291,0.10299,0.1028,0.10292,5670,1788544499999,futures
1788544500000,2026-09-04T17:55:00.000Z,2026-09-05 01:55,0.10293,0.10301,0.10233,0.10255,120908,1788544799999,futures
1788544800000,2026-09-04T18:00:00.000Z,2026-09-05 02:00,0.10251,0.10258,0.1024,0.10249,30059,1788545099999,futures
1788545100000,2026-09-04T18:05:00.000Z,2026-09-05 02:05,0.10251,0.10258,0.10241,0.10246,10610,1788545399999,futures
1788545400000,2026-09-04T18:10:00.000Z,2026-09-05 02:10,0.10248,0.10251,0.10235,0.10236,2126,1788545699999,futures
1788545700000,2026-09-04T18:15:00.000Z,2026-09-05 02:15,0.10235,0.10251,0.10224,0.10244,19925,1788545999999,futures
1788546000000,2026-09-04T18:20:00.000Z,2026-09-05 02:20,0.10246,0.10257,0.10246,0.10251,5192,1788546299999,futures
1788546300000,2026-09-04T18:25:00.000Z,2026-09-05 02:25,0.10248,0.1025,0.10236,0.10242,4612,1788546599999,futures
1788546600000,2026-09-04T18:30:00.000Z,2026-09-05 02:30,0.10241,0.10249,0.10237,0.10237,10898,1788546899999,futures
1788546900000,2026-09-04T18:35:00.000Z,2026-09-05 02:35,0.10236,0.10238,0.10228,0.10234,37219,1788547199999,futures
1788547200000,2026-09-04T18:40:00.000Z,2026-09-05 02:40,0.10233,0.10234,0.10228,0.1023,4250,1788547499999,futures
1788547500000,2026-09-04T18:45:00.000Z,2026-09-05 02:45,0.10229,0.1025,0.10215,0.10241,51844,1788547799999,futures
1788547800000,2026-09-04T18:50:00.000Z,2026-09-05 02:50,0.10244,0.10256,0.10243,0.10256,6891,1788548099999,futures
1788548100000,2026-09-04T18:55:00.000Z,2026-09-05 02:55,0.10253,0.10262,0.10251,0.10252,4390,1788548399999,futures
1788548400000,2026-09-04T19:00:00.000Z,2026-09-05 03:00,0.10251,0.10258,0.10246,0.10251,12848,1788548699999,futures
1788548700000,2026-09-04T19:05:00.000Z,2026-09-05 03:05,0.10247,0.1025,0.10241,0.10249,7859,1788548999999,futures
1788549000000,2026-09-04T19:10:00.000Z,2026-09-05 03:10,0.10244,0.10249,0.10239,0.10245,6705,1788549299999,futures
1788549300000,2026-09-04T19:15:00.000Z,2026-09-05 03:15,0.10244,0.10251,0.10212,0.10229,35767,1788549599999,futures
1788549600000,2026-09-04T19:20:00.000Z,2026-09-05 03:20,0.10229,0.10232,0.10211,0.1022,10212,1788549899999,futures
1788549900000,2026-09-04T19:25:00.000Z,2026-09-05 03:25,0.1022,0.1027,0.1021,0.10262,148618,1788550199999,futures
1788550200000,2026-09-04T19:30:00.000Z,2026-09-05 03:30,0.1026,0.10264,0.10244,0.10247,16241,1788550499999,futures
1788550500000,2026-09-04T19:35:00.000Z,2026-09-05 03:35,0.10246,0.10254,0.10243,0.10254,4096,1788550799999,futures
1788550800000,2026-09-04T19:40:00.000Z,2026-09-05 03:40,0.10246,0.10255,0.10244,0.10244,5224,1788551099999,futures
1788551100000,2026-09-04T19:45:00.000Z,2026-09-05 03:45,0.10244,0.10261,0.10243,0.10253,9992,1788551399999,futures
1788551400000,2026-09-04T19:50:00.000Z,2026-09-05 03:50,0.10253,0.10261,0.10236,0.10247,31316,1788551699999,futures
1788551700000,2026-09-04T19:55:00.000Z,2026-09-05 03:55,0.10244,0.10255,0.1024,0.10251,8874,1788551999999,futures
1788552000000,2026-09-04T20:00:00.000Z,2026-09-05 04:00,0.10245,0.1026,0.10242,0.10247,17768,1788552299999,futures
1788552300000,2026-09-04T20:05:00.000Z,2026-09-05 04:05,0.10246,0.10253,0.10236,0.10248,36631,1788552599999,futures
1788552600000,2026-09-04T20:10:00.000Z,2026-09-05 04:10,0.1024,0.10247,0.10231,0.10233,16814,1788552899999,futures
1788552900000,2026-09-04T20:15:00.000Z,2026-09-05 04:15,0.10232,0.1025,0.10232,0.10247,12952,1788553199999,futures
1788553200000,2026-09-04T20:20:00.000Z,2026-09-05 04:20,0.10247,0.10248,0.10242,0.10242,4005,1788553499999,futures
1788553500000,2026-09-04T20:25:00.000Z,2026-09-05 04:25,0.10242,0.10249,0.10235,0.10242,10163,1788553799999,futures
1788553800000,2026-09-04T20:30:00.000Z,2026-09-05 04:30,0.10235,0.10243,0.10226,0.10242,29825,1788554099999,futures
1788554100000,2026-09-04T20:35:00.000Z,2026-09-05 04:35,0.10235,0.10241,0.10222,0.10239,10504,1788554399999,futures
1788554400000,2026-09-04T20:40:00.000Z,2026-09-05 04:40,0.10232,0.10243,0.10226,0.10236,7622,1788554699999,futures
1788554700000,2026-09-04T20:45:00.000Z,2026-09-05 04:45,0.10236,0.10242,0.10231,0.10235,5914,1788554999999,futures
1788555000000,2026-09-04T20:50:00.000Z,2026-09-05 04:50,0.10238,0.10238,0.10226,0.10231,7904,1788555299999,futures
1788555300000,2026-09-04T20:55:00.000Z,2026-09-05 04:55,0.10232,0.10244,0.10232,0.10241,8701,1788555599999,futures
1788555600000,2026-09-04T21:00:00.000Z,2026-09-05 05:00,0.10232,0.10252,0.10216,0.10229,48067,1788555899999,futures
1788555900000,2026-09-04T21:05:00.000Z,2026-09-05 05:05,0.10226,0.10234,0.10222,0.10228,5216,1788556199999,futures
1788556200000,2026-09-04T21:10:00.000Z,2026-09-05 05:10,0.10229,0.10243,0.10218,0.10225,26604,1788556499999,futures
1788556500000,2026-09-04T21:15:00.000Z,2026-09-05 05:15,0.10225,0.10233,0.1022,0.10224,10024,1788556799999,futures
1788556800000,2026-09-04T21:20:00.000Z,2026-09-05 05:20,0.1022,0.10244,0.10215,0.10233,6888,1788557099999,futures
1788557100000,2026-09-04T21:25:00.000Z,2026-09-05 05:25,0.10236,0.10237,0.10213,0.10221,3538,1788557399999,futures
1788557400000,2026-09-04T21:30:00.000Z,2026-09-05 05:30,0.10221,0.10224,0.10207,0.10211,14620,1788557699999,futures
1788557700000,2026-09-04T21:35:00.000Z,2026-09-05 05:35,0.10215,0.10224,0.10213,0.10223,1641,1788557999999,futures
1788558000000,2026-09-04T21:40:00.000Z,2026-09-05 05:40,0.10223,0.10236,0.10208,0.10231,25405,1788558299999,futures
1788558300000,2026-09-04T21:45:00.000Z,2026-09-05 05:45,0.10226,0.10233,0.10212,0.10226,10480,1788558599999,futures
1788558600000,2026-09-04T21:50:00.000Z,2026-09-05 05:50,0.10224,0.10229,0.10195,0.10208,24331,1788558899999,futures
1788558900000,2026-09-04T21:55:00.000Z,2026-09-05 05:55,0.10207,0.10222,0.10191,0.10217,25755,1788559199999,futures
1788559200000,2026-09-04T22:00:00.000Z,2026-09-05 06:00,0.10216,0.10251,0.10208,0.10231,42447,1788559499999,futures
1788559500000,2026-09-04T22:05:00.000Z,2026-09-05 06:05,0.1023,0.10238,0.10219,0.10219,7370,1788559799999,futures
1788559800000,2026-09-04T22:10:00.000Z,2026-09-05 06:10,0.10212,0.10213,0.10172,0.10206,60517,1788560099999,futures
1788560100000,2026-09-04T22:15:00.000Z,2026-09-05 06:15,0.10195,0.10205,0.10186,0.10195,21353,1788560399999,futures
1788560400000,2026-09-04T22:20:00.000Z,2026-09-05 06:20,0.10195,0.10204,0.10187,0.10203,6443,1788560699999,futures
1788560700000,2026-09-04T22:25:00.000Z,2026-09-05 06:25,0.10196,0.10202,0.10188,0.10195,5774,1788560999999,futures
1788561000000,2026-09-04T22:30:00.000Z,2026-09-05 06:30,0.10196,0.10196,0.1017,0.10179,9944,1788561299999,futures
1788561300000,2026-09-04T22:35:00.000Z,2026-09-05 06:35,0.10176,0.10192,0.10167,0.10192,13813,1788561599999,futures
1788561600000,2026-09-04T22:40:00.000Z,2026-09-05 06:40,0.10187,0.10197,0.10175,0.10175,5451,1788561899999,futures
1788561900000,2026-09-04T22:45:00.000Z,2026-09-05 06:45,0.10172,0.10186,0.10169,0.1017,9156,1788562199999,futures
1788562200000,2026-09-04T22:50:00.000Z,2026-09-05 06:50,0.10173,0.10191,0.10172,0.10174,11968,1788562499999,futures
1788562500000,2026-09-04T22:55:00.000Z,2026-09-05 06:55,0.10177,0.10182,0.10166,0.10177,21114,1788562799999,futures
1788562800000,2026-09-04T23:00:00.000Z,2026-09-05 07:00,0.10173,0.10183,0.1017,0.10177,5729,1788563099999,futures
1788563100000,2026-09-04T23:05:00.000Z,2026-09-05 07:05,0.10177,0.10193,0.10177,0.10184,22072,1788563399999,futures
1788563400000,2026-09-04T23:10:00.000Z,2026-09-05 07:10,0.10184,0.102,0.10179,0.1018,27031,1788563699999,futures
1788563700000,2026-09-04T23:15:00.000Z,2026-09-05 07:15,0.10186,0.10201,0.10184,0.10198,13011,1788563999999,futures
1788564000000,2026-09-04T23:20:00.000Z,2026-09-05 07:20,0.10199,0.10217,0.10198,0.10217,7057,1788564299999,futures
1788564300000,2026-09-04T23:25:00.000Z,2026-09-05 07:25,0.10215,0.1023,0.10209,0.10221,15674,1788564599999,futures
1788564600000,2026-09-04T23:30:00.000Z,2026-09-05 07:30,0.10221,0.10231,0.10205,0.10216,15913,1788564899999,futures
1788564900000,2026-09-04T23:35:00.000Z,2026-09-05 07:35,0.10216,0.10218,0.10209,0.10218,5466,1788565199999,futures
1788565200000,2026-09-04T23:40:00.000Z,2026-09-05 07:40,0.10217,0.10217,0.10206,0.1021,5395,1788565499999,futures
1788565500000,2026-09-04T23:45:00.000Z,2026-09-05 07:45,0.1021,0.10232,0.10208,0.1022,18936,1788565799999,futures
1788565800000,2026-09-04T23:50:00.000Z,2026-09-05 07:50,0.1022,0.1023,0.10216,0.10222,8380,1788566099999,futures
1788566100000,2026-09-04T23:55:00.000Z,2026-09-05 07:55,0.10221,0.10228,0.10214,0.10223,11495,1788566399999,futures
1788566400000,2026-09-05T00:00:00.000Z,2026-09-05 08:00,0.10216,0.10237,0.10196,0.10216,42179,1788566699999,futures
1788566700000,2026-09-05T00:05:00.000Z,2026-09-05 08:05,0.10209,0.1022,0.10207,0.10214,9672,1788566999999,futures
1788567000000,2026-09-05T00:10:00.000Z,2026-09-05 08:10,0.10214,0.10219,0.10206,0.10208,7815,1788567299999,futures
1788567300000,2026-09-05T00:15:00.000Z,2026-09-05 08:15,0.10207,0.10208,0.10176,0.10179,22555,1788567599999,futures
1788567600000,2026-09-05T00:20:00.000Z,2026-09-05 08:20,0.10177,0.10243,0.10176,0.10231,41996,1788567899999,futures
1788567900000,2026-09-05T00:25:00.000Z,2026-09-05 08:25,0.10232,0.10245,0.1023,0.10231,26337,1788568199999,futures
1788568200000,2026-09-05T00:30:00.000Z,2026-09-05 08:30,0.10231,0.10235,0.1022,0.1022,13027,1788568499999,futures
1788568500000,2026-09-05T00:35:00.000Z,2026-09-05 08:35,0.1022,0.1022,0.10209,0.1021,9380,1788568799999,futures
1788568800000,2026-09-05T00:40:00.000Z,2026-09-05 08:40,0.10215,0.10244,0.10215,0.10237,25595,1788569099999,futures
1788569100000,2026-09-05T00:45:00.000Z,2026-09-05 08:45,0.10235,0.10248,0.10228,0.1024,19834,1788569399999,futures
1788569400000,2026-09-05T00:50:00.000Z,2026-09-05 08:50,0.10236,0.10247,0.10213,0.10213,13000,1788569699999,futures
1788569700000,2026-09-05T00:55:00.000Z,2026-09-05 08:55,0.10213,0.10233,0.10209,0.10223,14872,1788569999999,futures
1788570000000,2026-09-05T01:00:00.000Z,2026-09-05 09:00,0.10219,0.10234,0.10166,0.10184,184168,1788570299999,futures
1788570300000,2026-09-05T01:05:00.000Z,2026-09-05 09:05,0.10188,0.10188,0.10163,0.10168,48749,1788570599999,futures
1788570600000,2026-09-05T01:10:00.000Z,2026-09-05 09:10,0.10169,0.10186,0.10152,0.10152,30277,1788570899999,futures
1788570900000,2026-09-05T01:15:00.000Z,2026-09-05 09:15,0.10151,0.10164,0.1015,0.10164,5908,1788571199999,futures
1788571200000,2026-09-05T01:20:00.000Z,2026-09-05 09:20,0.10161,0.10176,0.10154,0.10158,15350,1788571499999,futures
1788571500000,2026-09-05T01:25:00.000Z,2026-09-05 09:25,0.10163,0.10163,0.10153,0.10158,1801,1788571799999,futures
1788571800000,2026-09-05T01:30:00.000Z,2026-09-05 09:30,0.10161,0.10168,0.10151,0.10151,12647,1788572099999,futures
1788572100000,2026-09-05T01:35:00.000Z,2026-09-05 09:35,0.10157,0.10163,0.10127,0.10154,113779,1788572399999,futures
1788572400000,2026-09-05T01:40:00.000Z,2026-09-05 09:40,0.10146,0.1015,0.10136,0.10136,6553,1788572699999,futures
1788572700000,2026-09-05T01:45:00.000Z,2026-09-05 09:45,0.1014,0.10145,0.10119,0.10127,18632,1788572999999,futures
1788573000000,2026-09-05T01:50:00.000Z,2026-09-05 09:50,0.10126,0.10148,0.10126,0.10136,4119,1788573299999,futures
1788573300000,2026-09-05T01:55:00.000Z,2026-09-05 09:55,0.10137,0.10145,0.10079,0.10113,141753,1788573599999,futures
1788573600000,2026-09-05T02:00:00.000Z,2026-09-05 10:00,0.10106,0.10124,0.10099,0.10106,31427,1788573899999,futures
1788573900000,2026-09-05T02:05:00.000Z,2026-09-05 10:05,0.10107,0.1012,0.10106,0.10112,12109,1788574199999,futures
1788574200000,2026-09-05T02:10:00.000Z,2026-09-05 10:10,0.1012,0.10125,0.10113,0.10121,4525,1788574499999,futures
1788574500000,2026-09-05T02:15:00.000Z,2026-09-05 10:15,0.10121,0.10143,0.10121,0.10139,23504,1788574799999,futures
1788574800000,2026-09-05T02:20:00.000Z,2026-09-05 10:20,0.10136,0.10157,0.10134,0.10154,8823,1788575099999,futures
1788575100000,2026-09-05T02:25:00.000Z,2026-09-05 10:25,0.10154,0.10168,0.10147,0.10147,5065,1788575399999,futures
1788575400000,2026-09-05T02:30:00.000Z,2026-09-05 10:30,0.10147,0.10156,0.10138,0.10156,8687,1788575699999,futures
1788575700000,2026-09-05T02:35:00.000Z,2026-09-05 10:35,0.10152,0.10162,0.1015,0.10155,4702,1788575999999,futures
1788576000000,2026-09-05T02:40:00.000Z,2026-09-05 10:40,0.10154,0.10163,0.1015,0.10156,5531,1788576299999,futures
1788576300000,2026-09-05T02:45:00.000Z,2026-09-05 10:45,0.10156,0.10171,0.10156,0.1017,9516,1788576599999,futures
1788576600000,2026-09-05T02:50:00.000Z,2026-09-05 10:50,0.10165,0.10177,0.10158,0.10173,11336,1788576899999,futures
1788576900000,2026-09-05T02:55:00.000Z,2026-09-05 10:55,0.10178,0.1018,0.10176,0.10177,8912,1788577199999,futures
1788577200000,2026-09-05T03:00:00.000Z,2026-09-05 11:00,0.10178,0.10184,0.10164,0.10181,35094,1788577499999,futures
1788577500000,2026-09-05T03:05:00.000Z,2026-09-05 11:05,0.10182,0.10183,0.10159,0.10167,6585,1788577799999,futures
1788577800000,2026-09-05T03:10:00.000Z,2026-09-05 11:10,0.10159,0.10172,0.10159,0.10165,4645,1788578099999,futures
1788578100000,2026-09-05T03:15:00.000Z,2026-09-05 11:15,0.10165,0.10187,0.10162,0.10187,10211,1788578399999,futures
1788578400000,2026-09-05T03:20:00.000Z,2026-09-05 11:20,0.10184,0.10201,0.10177,0.10201,67399,1788578699999,futures
1788578700000,2026-09-05T03:25:00.000Z,2026-09-05 11:25,0.10194,0.10202,0.10187,0.10198,10684,1788578999999,futures
1788579000000,2026-09-05T03:30:00.000Z,2026-09-05 11:30,0.10198,0.10198,0.10174,0.10185,7091,1788579299999,futures
1788579300000,2026-09-05T03:35:00.000Z,2026-09-05 11:35,0.10186,0.10192,0.1017,0.10186,22711,1788579599999,futures
1788579600000,2026-09-05T03:40:00.000Z,2026-09-05 11:40,0.10183,0.10183,0.10169,0.10169,4374,1788579899999,futures
1788579900000,2026-09-05T03:45:00.000Z,2026-09-05 11:45,0.1017,0.10179,0.1016,0.10172,48540,1788580199999,futures
1788580200000,2026-09-05T03:50:00.000Z,2026-09-05 11:50,0.10171,0.10191,0.10169,0.10186,16914,1788580499999,futures
1788580500000,2026-09-05T03:55:00.000Z,2026-09-05 11:55,0.10186,0.10192,0.10178,0.10189,13725,1788580799999,futures
1788580800000,2026-09-05T04:00:00.000Z,2026-09-05 12:00,0.10185,0.10191,0.10167,0.10179,32922,1788581099999,futures
1788581100000,2026-09-05T04:05:00.000Z,2026-09-05 12:05,0.10181,0.10195,0.10111,0.10151,79864,1788581399999,futures
1788581400000,2026-09-05T04:10:00.000Z,2026-09-05 12:10,0.10153,0.10168,0.10145,0.10168,10977,1788581699999,futures
1788581700000,2026-09-05T04:15:00.000Z,2026-09-05 12:15,0.10166,0.10192,0.10165,0.10185,47428,1788581999999,futures
1788582000000,2026-09-05T04:20:00.000Z,2026-09-05 12:20,0.10185,0.10195,0.10176,0.10176,13888,1788582299999,futures
1788582300000,2026-09-05T04:25:00.000Z,2026-09-05 12:25,0.10179,0.10189,0.10156,0.10157,9481,1788582599999,futures
1788582600000,2026-09-05T04:30:00.000Z,2026-09-05 12:30,0.10155,0.10185,0.10154,0.10181,12972,1788582899999,futures
1788582900000,2026-09-05T04:35:00.000Z,2026-09-05 12:35,0.10177,0.10178,0.10159,0.10163,9581,1788583199999,futures
1788583200000,2026-09-05T04:40:00.000Z,2026-09-05 12:40,0.10164,0.10173,0.1016,0.1017,6164,1788583499999,futures
1788583500000,2026-09-05T04:45:00.000Z,2026-09-05 12:45,0.10165,0.10178,0.10153,0.10161,9240,1788583799999,futures
1788583800000,2026-09-05T04:50:00.000Z,2026-09-05 12:50,0.10161,0.10178,0.10154,0.10167,7677,1788584099999,futures
1788584100000,2026-09-05T04:55:00.000Z,2026-09-05 12:55,0.10167,0.10192,0.10167,0.1018,14300,1788584399999,futures
1788584400000,2026-09-05T05:00:00.000Z,2026-09-05 13:00,0.10175,0.10178,0.10147,0.10153,27450,1788584699999,futures
1788584700000,2026-09-05T05:05:00.000Z,2026-09-05 13:05,0.10153,0.1017,0.10141,0.10165,3554,1788584999999,futures
1788585000000,2026-09-05T05:10:00.000Z,2026-09-05 13:10,0.10165,0.10181,0.10165,0.10179,8195,1788585299999,futures
1788585300000,2026-09-05T05:15:00.000Z,2026-09-05 13:15,0.10175,0.10189,0.10169,0.10182,8543,1788585599999,futures
1788585600000,2026-09-05T05:20:00.000Z,2026-09-05 13:20,0.10182,0.10188,0.10182,0.10186,1726,1788585899999,futures
1788585900000,2026-09-05T05:25:00.000Z,2026-09-05 13:25,0.10184,0.10193,0.10184,0.10191,3342,1788586199999,futures
1788586200000,2026-09-05T05:30:00.000Z,2026-09-05 13:30,0.10194,0.10201,0.10189,0.10198,10558,1788586499999,futures
1788586500000,2026-09-05T05:35:00.000Z,2026-09-05 13:35,0.10199,0.10202,0.10187,0.10191,10989,1788586799999,futures
1788586800000,2026-09-05T05:40:00.000Z,2026-09-05 13:40,0.10193,0.10199,0.10187,0.10194,7588,1788587099999,futures
1788587100000,2026-09-05T05:45:00.000Z,2026-09-05 13:45,0.1019,0.102,0.1019,0.10197,12790,1788587399999,futures
1788587400000,2026-09-05T05:50:00.000Z,2026-09-05 13:50,0.10199,0.10212,0.10192,0.10209,23810,1788587699999,futures
1788587700000,2026-09-05T05:55:00.000Z,2026-09-05 13:55,0.10211,0.10211,0.10203,0.10208,8699,1788587999999,futures
1788588000000,2026-09-05T06:00:00.000Z,2026-09-05 14:00,0.10207,0.10228,0.10198,0.10228,48007,1788588299999,futures
1788588300000,2026-09-05T06:05:00.000Z,2026-09-05 14:05,0.10224,0.10224,0.10218,0.10218,5238,1788588599999,futures
1788588600000,2026-09-05T06:10:00.000Z,2026-09-05 14:10,0.10224,0.10248,0.1022,0.10244,9091,1788588899999,futures
1788588900000,2026-09-05T06:15:00.000Z,2026-09-05 14:15,0.10244,0.10252,0.10242,0.10245,7825,1788589199999,futures
1788589200000,2026-09-05T06:20:00.000Z,2026-09-05 14:20,0.10244,0.10267,0.10242,0.10263,20451,1788589499999,futures
1788589500000,2026-09-05T06:25:00.000Z,2026-09-05 14:25,0.10262,0.10271,0.10256,0.1027,8914,1788589799999,futures
1788589800000,2026-09-05T06:30:00.000Z,2026-09-05 14:30,0.10269,0.10279,0.1026,0.10275,16177,1788590099999,futures
1788590100000,2026-09-05T06:35:00.000Z,2026-09-05 14:35,0.10274,0.10275,0.10256,0.1026,6154,1788590399999,futures
1788590400000,2026-09-05T06:40:00.000Z,2026-09-05 14:40,0.10261,0.10271,0.10253,0.10253,6568,1788590699999,futures
1788590700000,2026-09-05T06:45:00.000Z,2026-09-05 14:45,0.10253,0.10269,0.1025,0.10262,9723,1788590999999,futures
1788591000000,2026-09-05T06:50:00.000Z,2026-09-05 14:50,0.10262,0.10276,0.10255,0.10276,10596,1788591299999,futures
1788591300000,2026-09-05T06:55:00.000Z,2026-09-05 14:55,0.10271,0.10274,0.10267,0.10273,11179,1788591599999,futures
1788591600000,2026-09-05T07:00:00.000Z,2026-09-05 15:00,0.10269,0.10272,0.1025,0.1026,19578,1788591899999,futures
1788591900000,2026-09-05T07:05:00.000Z,2026-09-05 15:05,0.10265,0.10272,0.1026,0.10272,8320,1788592199999,futures
1788592200000,2026-09-05T07:10:00.000Z,2026-09-05 15:10,0.10266,0.10272,0.10261,0.10271,12624,1788592499999,futures
1788592500000,2026-09-05T07:15:00.000Z,2026-09-05 15:15,0.10264,0.1027,0.10264,0.10269,7295,1788592799999,futures
1788592800000,2026-09-05T07:20:00.000Z,2026-09-05 15:20,0.10265,0.1027,0.10247,0.10247,25517,1788593099999,futures
1788593100000,2026-09-05T07:25:00.000Z,2026-09-05 15:25,0.10246,0.10256,0.10235,0.10242,20795,1788593399999,futures
1788593400000,2026-09-05T07:30:00.000Z,2026-09-05 15:30,0.10247,0.10258,0.10245,0.10247,14641,1788593699999,futures
1788593700000,2026-09-05T07:35:00.000Z,2026-09-05 15:35,0.10246,0.10251,0.10241,0.10243,5586,1788593999999,futures
1788594000000,2026-09-05T07:40:00.000Z,2026-09-05 15:40,0.10243,0.10245,0.10234,0.1024,11348,1788594299999,futures
1788594300000,2026-09-05T07:45:00.000Z,2026-09-05 15:45,0.10235,0.10244,0.10233,0.10244,7527,1788594599999,futures
1788594600000,2026-09-05T07:50:00.000Z,2026-09-05 15:50,0.10241,0.10269,0.1024,0.10266,9342,1788594899999,futures
1788594900000,2026-09-05T07:55:00.000Z,2026-09-05 15:55,0.10265,0.1027,0.10253,0.10257,24345,1788595199999,futures
1788595200000,2026-09-05T08:00:00.000Z,2026-09-05 16:00,0.10253,0.10275,0.10236,0.10266,43583,1788595499999,futures
1788595500000,2026-09-05T08:05:00.000Z,2026-09-05 16:05,0.1027,0.10283,0.10262,0.10283,20622,1788595799999,futures
1788595800000,2026-09-05T08:10:00.000Z,2026-09-05 16:10,0.10282,0.10283,0.10275,0.10281,6399,1788596099999,futures
1788596100000,2026-09-05T08:15:00.000Z,2026-09-05 16:15,0.10279,0.10287,0.10276,0.10276,12624,1788596399999,futures
1788596400000,2026-09-05T08:20:00.000Z,2026-09-05 16:20,0.10277,0.10277,0.10254,0.10261,7979,1788596699999,futures
1788596700000,2026-09-05T08:25:00.000Z,2026-09-05 16:25,0.10258,0.10265,0.10258,0.10265,6979,1788596999999,futures
1788597000000,2026-09-05T08:30:00.000Z,2026-09-05 16:30,0.10264,0.10264,0.10254,0.10261,7484,1788597299999,futures
1788597300000,2026-09-05T08:35:00.000Z,2026-09-05 16:35,0.10256,0.1027,0.10254,0.10266,7288,1788597599999,futures
1788597600000,2026-09-05T08:40:00.000Z,2026-09-05 16:40,0.10263,0.10267,0.10257,0.10258,3348,1788597899999,futures
1788597900000,2026-09-05T08:45:00.000Z,2026-09-05 16:45,0.10258,0.10258,0.10246,0.10254,10412,1788598199999,futures
1788598200000,2026-09-05T08:50:00.000Z,2026-09-05 16:50,0.10248,0.10277,0.10248,0.10263,7452,1788598499999,futures
1788598500000,2026-09-05T08:55:00.000Z,2026-09-05 16:55,0.10264,0.10279,0.10257,0.10279,7605,1788598799999,futures
1788598800000,2026-09-05T09:00:00.000Z,2026-09-05 17:00,0.10277,0.10286,0.10267,0.10285,17413,1788599099999,futures
1788599100000,2026-09-05T09:05:00.000Z,2026-09-05 17:05,0.10281,0.10284,0.10272,0.10275,10536,1788599399999,futures
1788599400000,2026-09-05T09:10:00.000Z,2026-09-05 17:10,0.10275,0.10284,0.10275,0.10284,5873,1788599699999,futures
1788599700000,2026-09-05T09:15:00.000Z,2026-09-05 17:15,0.10278,0.1029,0.10278,0.1029,7197,1788599999999,futures
1788600000000,2026-09-05T09:20:00.000Z,2026-09-05 17:20,0.10286,0.10286,0.10268,0.1027,9984,1788600299999,futures
1788600300000,2026-09-05T09:25:00.000Z,2026-09-05 17:25,0.10268,0.1027,0.10257,0.1026,9879,1788600599999,futures
1788600600000,2026-09-05T09:30:00.000Z,2026-09-05 17:30,0.10261,0.10266,0.10249,0.1026,12853,1788600899999,futures
1788600900000,2026-09-05T09:35:00.000Z,2026-09-05 17:35,0.10252,0.10269,0.10252,0.10259,10430,1788601199999,futures
1788601200000,2026-09-05T09:40:00.000Z,2026-09-05 17:40,0.10263,0.10281,0.10261,0.10278,7437,1788601499999,futures
1788601500000,2026-09-05T09:45:00.000Z,2026-09-05 17:45,0.10275,0.10287,0.1026,0.10287,12818,1788601799999,futures
1788601800000,2026-09-05T09:50:00.000Z,2026-09-05 17:50,0.10283,0.10286,0.1027,0.10285,11031,1788602099999,futures
1788602100000,2026-09-05T09:55:00.000Z,2026-09-05 17:55,0.10283,0.10296,0.10282,0.10294,11840,1788602399999,futures
1788602400000,2026-09-05T10:00:00.000Z,2026-09-05 18:00,0.10291,0.10299,0.10274,0.10286,55538,1788602699999,futures
1788602700000,2026-09-05T10:05:00.000Z,2026-09-05 18:05,0.10286,0.10293,0.10271,0.10285,20186,1788602999999,futures
1788603000000,2026-09-05T10:10:00.000Z,2026-09-05 18:10,0.10278,0.1029,0.10276,0.10278,11125,1788603299999,futures
1788603300000,2026-09-05T10:15:00.000Z,2026-09-05 18:15,0.10279,0.10291,0.10272,0.10277,8436,1788603599999,futures
1788603600000,2026-09-05T10:20:00.000Z,2026-09-05 18:20,0.10281,0.10288,0.10277,0.10277,14067,1788603899999,futures
1788603900000,2026-09-05T10:25:00.000Z,2026-09-05 18:25,0.1028,0.1028,0.1026,0.10263,7834,1788604199999,futures
1788604200000,2026-09-05T10:30:00.000Z,2026-09-05 18:30,0.10262,0.10262,0.10244,0.10244,22024,1788604499999,futures
1788604500000,2026-09-05T10:35:00.000Z,2026-09-05 18:35,0.10246,0.10257,0.10243,0.10257,5367,1788604799999,futures
1788604800000,2026-09-05T10:40:00.000Z,2026-09-05 18:40,0.10257,0.10271,0.10256,0.10264,3541,1788605099999,futures
1788605100000,2026-09-05T10:45:00.000Z,2026-09-05 18:45,0.10268,0.10268,0.1025,0.10257,8442,1788605399999,futures
1788605400000,2026-09-05T10:50:00.000Z,2026-09-05 18:50,0.10254,0.10272,0.10248,0.10259,20457,1788605699999,futures
1788605700000,2026-09-05T10:55:00.000Z,2026-09-05 18:55,0.10251,0.10259,0.10244,0.10249,5841,1788605999999,futures
1788606000000,2026-09-05T11:00:00.000Z,2026-09-05 19:00,0.10257,0.10271,0.10257,0.10261,22742,1788606299999,futures
1788606300000,2026-09-05T11:05:00.000Z,2026-09-05 19:05,0.10257,0.10272,0.10257,0.10267,9251,1788606599999,futures
1788606600000,2026-09-05T11:10:00.000Z,2026-09-05 19:10,0.10268,0.10272,0.10262,0.10272,4142,1788606899999,futures
1788606900000,2026-09-05T11:15:00.000Z,2026-09-05 19:15,0.10262,0.1027,0.10259,0.10262,5201,1788607199999,futures
1788607200000,2026-09-05T11:20:00.000Z,2026-09-05 19:20,0.10265,0.10274,0.10264,0.1027,5101,1788607499999,futures
1788607500000,2026-09-05T11:25:00.000Z,2026-09-05 19:25,0.1027,0.10282,0.10258,0.10262,64044,1788607799999,futures
1788607800000,2026-09-05T11:30:00.000Z,2026-09-05 19:30,0.10267,0.10276,0.10247,0.10261,22295,1788608099999,futures
1788608100000,2026-09-05T11:35:00.000Z,2026-09-05 19:35,0.10261,0.10267,0.10253,0.10263,5279,1788608399999,futures
1788608400000,2026-09-05T11:40:00.000Z,2026-09-05 19:40,0.10266,0.10266,0.10256,0.10256,2643,1788608699999,futures
1788608700000,2026-09-05T11:45:00.000Z,2026-09-05 19:45,0.10256,0.1027,0.10246,0.1027,17518,1788608999999,futures
1788609000000,2026-09-05T11:50:00.000Z,2026-09-05 19:50,0.10271,0.10289,0.1027,0.10287,44347,1788609299999,futures
1788609300000,2026-09-05T11:55:00.000Z,2026-09-05 19:55,0.10287,0.10292,0.10279,0.10292,9385,1788609599999,futures
1788609600000,2026-09-05T12:00:00.000Z,2026-09-05 20:00,0.1029,0.10293,0.10258,0.1026,55943,1788609899999,futures
1788609900000,2026-09-05T12:05:00.000Z,2026-09-05 20:05,0.10265,0.10276,0.10262,0.10271,15808,1788610199999,futures
1788610200000,2026-09-05T12:10:00.000Z,2026-09-05 20:10,0.10267,0.10275,0.10266,0.10268,7234,1788610499999,futures
1788610500000,2026-09-05T12:15:00.000Z,2026-09-05 20:15,0.10268,0.10278,0.10266,0.10277,4556,1788610799999,futures
1788610800000,2026-09-05T12:20:00.000Z,2026-09-05 20:20,0.10276,0.10289,0.10274,0.10288,4508,1788611099999,futures
1788611100000,2026-09-05T12:25:00.000Z,2026-09-05 20:25,0.10288,0.10294,0.10284,0.10294,4058,1788611399999,futures
1788611400000,2026-09-05T12:30:00.000Z,2026-09-05 20:30,0.10291,0.10294,0.10275,0.10288,12588,1788611699999,futures
1788611700000,2026-09-05T12:35:00.000Z,2026-09-05 20:35,0.10289,0.10299,0.10289,0.10297,9044,1788611999999,futures
1788612000000,2026-09-05T12:40:00.000Z,2026-09-05 20:40,0.10295,0.10365,0.10295,0.10333,287999,1788612299999,futures
1788612300000,2026-09-05T12:45:00.000Z,2026-09-05 20:45,0.10334,0.10352,0.10328,0.1035,35550,1788612599999,futures
1788612600000,2026-09-05T12:50:00.000Z,2026-09-05 20:50,0.1035,0.10352,0.10337,0.10343,10711,1788612899999,futures
1788612900000,2026-09-05T12:55:00.000Z,2026-09-05 20:55,0.10339,0.10372,0.10339,0.10367,30571,1788613199999,futures
1788613200000,2026-09-05T13:00:00.000Z,2026-09-05 21:00,0.10361,0.10369,0.10361,0.10365,4196,1788613499999,futures
1788613500000,2026-09-05T13:05:00.000Z,2026-09-05 21:05,0.10364,0.10367,0.10358,0.10359,5822,1788613799999,futures
1788613800000,2026-09-05T13:10:00.000Z,2026-09-05 21:10,0.10358,0.10363,0.10331,0.10335,12641,1788614099999,futures
1788614100000,2026-09-05T13:15:00.000Z,2026-09-05 21:15,0.10334,0.10336,0.10317,0.10334,11606,1788614399999,futures
1788614400000,2026-09-05T13:20:00.000Z,2026-09-05 21:20,0.10331,0.10331,0.10286,0.10292,104264,1788614699999,futures
1788614700000,2026-09-05T13:25:00.000Z,2026-09-05 21:25,0.10292,0.10293,0.1026,0.10274,27438,1788614999999,futures
1788615000000,2026-09-05T13:30:00.000Z,2026-09-05 21:30,0.10274,0.10279,0.10259,0.10271,27263,1788615299999,futures
1788615300000,2026-09-05T13:35:00.000Z,2026-09-05 21:35,0.10271,0.10277,0.10256,0.10258,12438,1788615599999,futures
1788615600000,2026-09-05T13:40:00.000Z,2026-09-05 21:40,0.10258,0.10268,0.1023,0.10236,21306,1788615899999,futures
1788615900000,2026-09-05T13:45:00.000Z,2026-09-05 21:45,0.10235,0.10246,0.10227,0.10246,10834,1788616199999,futures
1788616200000,2026-09-05T13:50:00.000Z,2026-09-05 21:50,0.10244,0.10244,0.10211,0.10224,18723,1788616499999,futures
1788616500000,2026-09-05T13:55:00.000Z,2026-09-05 21:55,0.10226,0.10242,0.10226,0.10235,5690,1788616799999,futures
1788616800000,2026-09-05T14:00:00.000Z,2026-09-05 22:00,0.10235,0.10236,0.10217,0.10228,12054,1788617099999,futures
1788617100000,2026-09-05T14:05:00.000Z,2026-09-05 22:05,0.10225,0.10231,0.10223,0.10224,13282,1788617399999,futures
1788617400000,2026-09-05T14:10:00.000Z,2026-09-05 22:10,0.10224,0.10224,0.10214,0.10223,9070,1788617699999,futures
1788617700000,2026-09-05T14:15:00.000Z,2026-09-05 22:15,0.10222,0.10244,0.10219,0.10235,13914,1788617999999,futures
1788618000000,2026-09-05T14:20:00.000Z,2026-09-05 22:20,0.10235,0.10255,0.10235,0.10239,12511,1788618299999,futures
1788618300000,2026-09-05T14:25:00.000Z,2026-09-05 22:25,0.10239,0.10244,0.10231,0.10243,5662,1788618599999,futures
1788618600000,2026-09-05T14:30:00.000Z,2026-09-05 22:30,0.10243,0.10253,0.1024,0.1025,11609,1788618899999,futures
1788618900000,2026-09-05T14:35:00.000Z,2026-09-05 22:35,0.1025,0.10259,0.10244,0.10256,6940,1788619199999,futures
1788619200000,2026-09-05T14:40:00.000Z,2026-09-05 22:40,0.10249,0.10253,0.10233,0.10233,13589,1788619499999,futures
1788619500000,2026-09-05T14:45:00.000Z,2026-09-05 22:45,0.10234,0.10244,0.10221,0.1024,13492,1788619799999,futures
1788619800000,2026-09-05T14:50:00.000Z,2026-09-05 22:50,0.10243,0.10257,0.10238,0.10247,15626,1788620099999,futures
1788620100000,2026-09-05T14:55:00.000Z,2026-09-05 22:55,0.10247,0.10257,0.10242,0.10249,16601,1788620399999,futures
1788620400000,2026-09-05T15:00:00.000Z,2026-09-05 23:00,0.10246,0.1025,0.10236,0.10244,16779,1788620699999,futures
1788620700000,2026-09-05T15:05:00.000Z,2026-09-05 23:05,0.10247,0.10264,0.1023,0.10255,40334,1788620999999,futures
1788621000000,2026-09-05T15:10:00.000Z,2026-09-05 23:10,0.10255,0.10259,0.10245,0.10256,15536,1788621299999,futures
1788621300000,2026-09-05T15:15:00.000Z,2026-09-05 23:15,0.10256,0.10258,0.10235,0.10248,13964,1788621599999,futures
1788621600000,2026-09-05T15:20:00.000Z,2026-09-05 23:20,0.10246,0.10259,0.10246,0.10247,4845,1788621899999,futures
1788621900000,2026-09-05T15:25:00.000Z,2026-09-05 23:25,0.1025,0.1025,0.10239,0.10245,8212,1788622199999,futures
1788622200000,2026-09-05T15:30:00.000Z,2026-09-05 23:30,0.10241,0.10257,0.10238,0.10243,10998,1788622499999,futures
1788622500000,2026-09-05T15:35:00.000Z,2026-09-05 23:35,0.10243,0.10243,0.10236,0.1024,2426,1788622799999,futures
1788622800000,2026-09-05T15:40:00.000Z,2026-09-05 23:40,0.1024,0.10249,0.1024,0.10241,5091,1788623099999,futures
1788623100000,2026-09-05T15:45:00.000Z,2026-09-05 23:45,0.10241,0.10262,0.10239,0.10262,12482,1788623399999,futures
1788623400000,2026-09-05T15:50:00.000Z,2026-09-05 23:50,0.10257,0.10264,0.10238,0.10242,24538,1788623699999,futures
1788623700000,2026-09-05T15:55:00.000Z,2026-09-05 23:55,0.10253,0.10256,0.10242,0.10254,9585,1788623999999,futures
1788624000000,2026-09-05T16:00:00.000Z,2026-09-06 00:00,0.1025,0.10255,0.10231,0.10238,48691,1788624299999,futures
1788624300000,2026-09-05T16:05:00.000Z,2026-09-06 00:05,0.10241,0.10241,0.10228,0.10233,29292,1788624599999,futures
1788624600000,2026-09-05T16:10:00.000Z,2026-09-06 00:10,0.10231,0.10234,0.10224,0.10234,7366,1788624899999,futures
1788624900000,2026-09-05T16:15:00.000Z,2026-09-06 00:15,0.10232,0.1025,0.10232,0.1025,8097,1788625199999,futures
1788625200000,2026-09-05T16:20:00.000Z,2026-09-06 00:20,0.10242,0.10259,0.10241,0.10246,12600,1788625499999,futures
1788625500000,2026-09-05T16:25:00.000Z,2026-09-06 00:25,0.10247,0.10249,0.10234,0.10242,6827,1788625799999,futures
1788625800000,2026-09-05T16:30:00.000Z,2026-09-06 00:30,0.10242,0.1026,0.10242,0.1025,30971,1788626099999,futures
1788626100000,2026-09-05T16:35:00.000Z,2026-09-06 00:35,0.10246,0.10246,0.10211,0.10213,16223,1788626399999,futures
1788626400000,2026-09-05T16:40:00.000Z,2026-09-06 00:40,0.10216,0.10223,0.10205,0.10214,6836,1788626699999,futures
1788626700000,2026-09-05T16:45:00.000Z,2026-09-06 00:45,0.10214,0.10235,0.10206,0.10235,14727,1788626999999,futures
1788627000000,2026-09-05T16:50:00.000Z,2026-09-06 00:50,0.10239,0.10259,0.10232,0.10253,17292,1788627299999,futures
1788627300000,2026-09-05T16:55:00.000Z,2026-09-06 00:55,0.10253,0.10264,0.1025,0.10257,45546,1788627599999,futures
1788627600000,2026-09-05T17:00:00.000Z,2026-09-06 01:00,0.10248,0.1026,0.10234,0.10247,24370,1788627899999,futures
1788627900000,2026-09-05T17:05:00.000Z,2026-09-06 01:05,0.10247,0.10271,0.10246,0.1027,11178,1788628199999,futures
1788628200000,2026-09-05T17:10:00.000Z,2026-09-06 01:10,0.1027,0.10296,0.10259,0.10289,37782,1788628499999,futures
1788628500000,2026-09-05T17:15:00.000Z,2026-09-06 01:15,0.10285,0.10291,0.10274,0.10283,12742,1788628799999,futures
1788628800000,2026-09-05T17:20:00.000Z,2026-09-06 01:20,0.10282,0.10282,0.10264,0.10272,17281,1788629099999,futures
1788629100000,2026-09-05T17:25:00.000Z,2026-09-06 01:25,0.10266,0.10274,0.10247,0.10258,14213,1788629399999,futures
1788629400000,2026-09-05T17:30:00.000Z,2026-09-06 01:30,0.10261,0.10288,0.10258,0.10275,9794,1788629699999,futures
1788629700000,2026-09-05T17:35:00.000Z,2026-09-06 01:35,0.1027,0.1028,0.1026,0.10262,7245,1788629999999,futures
1788630000000,2026-09-05T17:40:00.000Z,2026-09-06 01:40,0.10262,0.10281,0.10262,0.10276,8901,1788630299999,futures
1788630300000,2026-09-05T17:45:00.000Z,2026-09-06 01:45,0.10275,0.10276,0.10264,0.10275,7998,1788630599999,futures
1788630600000,2026-09-05T17:50:00.000Z,2026-09-06 01:50,0.10273,0.10305,0.10273,0.10283,47741,1788630899999,futures
1788630900000,2026-09-05T17:55:00.000Z,2026-09-06 01:55,0.10288,0.103,0.10279,0.10286,43665,1788631199999,futures
1788631200000,2026-09-05T18:00:00.000Z,2026-09-06 02:00,0.10292,0.10293,0.10278,0.10286,9992,1788631499999,futures
1788631500000,2026-09-05T18:05:00.000Z,2026-09-06 02:05,0.10287,0.10293,0.10264,0.10276,23341,1788631799999,futures
1788631800000,2026-09-05T18:10:00.000Z,2026-09-06 02:10,0.1027,0.10278,0.1026,0.1027,16672,1788632099999,futures
1788632100000,2026-09-05T18:15:00.000Z,2026-09-06 02:15,0.10271,0.1028,0.1026,0.10271,13827,1788632399999,futures
1788632400000,2026-09-05T18:20:00.000Z,2026-09-06 02:20,0.10272,0.10294,0.10271,0.1028,9064,1788632699999,futures
1788632700000,2026-09-05T18:25:00.000Z,2026-09-06 02:25,0.10283,0.10286,0.10265,0.10265,5992,1788632999999,futures
1788633000000,2026-09-05T18:30:00.000Z,2026-09-06 02:30,0.1027,0.103,0.1027,0.10286,17203,1788633299999,futures
1788633300000,2026-09-05T18:35:00.000Z,2026-09-06 02:35,0.10274,0.1028,0.10261,0.10268,4748,1788633599999,futures
1788633600000,2026-09-05T18:40:00.000Z,2026-09-06 02:40,0.10266,0.10277,0.1026,0.10269,4759,1788633899999,futures
1788633900000,2026-09-05T18:45:00.000Z,2026-09-06 02:45,0.10276,0.10276,0.10259,0.10267,13900,1788634199999,futures
1788634200000,2026-09-05T18:50:00.000Z,2026-09-06 02:50,0.10272,0.10282,0.10264,0.10269,9670,1788634499999,futures
1788634500000,2026-09-05T18:55:00.000Z,2026-09-06 02:55,0.10269,0.1029,0.10269,0.10288,5677,1788634799999,futures
1788634800000,2026-09-05T19:00:00.000Z,2026-09-06 03:00,0.10288,0.10288,0.10257,0.10263,37745,1788635099999,futures
1788635100000,2026-09-05T19:05:00.000Z,2026-09-06 03:05,0.10266,0.10269,0.10259,0.10269,3548,1788635399999,futures
1788635400000,2026-09-05T19:10:00.000Z,2026-09-06 03:10,0.10269,0.10271,0.10259,0.10259,15984,1788635699999,futures
1788635700000,2026-09-05T19:15:00.000Z,2026-09-06 03:15,0.10258,0.10267,0.10257,0.10267,6945,1788635999999,futures
1788636000000,2026-09-05T19:20:00.000Z,2026-09-06 03:20,0.10267,0.10268,0.10259,0.10267,6902,1788636299999,futures
1788636300000,2026-09-05T19:25:00.000Z,2026-09-06 03:25,0.10267,0.10273,0.10264,0.10264,3847,1788636599999,futures
1788636600000,2026-09-05T19:30:00.000Z,2026-09-06 03:30,0.10268,0.10274,0.10257,0.10257,10524,1788636899999,futures
1788636900000,2026-09-05T19:35:00.000Z,2026-09-06 03:35,0.10256,0.10261,0.10244,0.1025,16727,1788637199999,futures
1788637200000,2026-09-05T19:40:00.000Z,2026-09-06 03:40,0.10247,0.10257,0.10247,0.10252,3537,1788637499999,futures
1788637500000,2026-09-05T19:45:00.000Z,2026-09-06 03:45,0.10252,0.10252,0.10229,0.10245,34466,1788637799999,futures
1788637800000,2026-09-05T19:50:00.000Z,2026-09-06 03:50,0.10241,0.10248,0.10235,0.10248,11579,1788638099999,futures
1788638100000,2026-09-05T19:55:00.000Z,2026-09-06 03:55,0.10249,0.10262,0.1024,0.10249,13582,1788638399999,futures
1788638400000,2026-09-05T20:00:00.000Z,2026-09-06 04:00,0.10246,0.10262,0.10243,0.10248,12622,1788638699999,futures
1788638700000,2026-09-05T20:05:00.000Z,2026-09-06 04:05,0.10241,0.10266,0.10241,0.10258,5920,1788638999999,futures
1788639000000,2026-09-05T20:10:00.000Z,2026-09-06 04:10,0.10259,0.10278,0.10254,0.10258,11727,1788639299999,futures
1788639300000,2026-09-05T20:15:00.000Z,2026-09-06 04:15,0.10254,0.1027,0.10254,0.10261,6051,1788639599999,futures
1788639600000,2026-09-05T20:20:00.000Z,2026-09-06 04:20,0.10259,0.10271,0.10253,0.10253,8230,1788639899999,futures
1788639900000,2026-09-05T20:25:00.000Z,2026-09-06 04:25,0.1026,0.1027,0.10254,0.10259,6030,1788640199999,futures
1788640200000,2026-09-05T20:30:00.000Z,2026-09-06 04:30,0.10254,0.10264,0.10245,0.10261,10192,1788640499999,futures
1788640500000,2026-09-05T20:35:00.000Z,2026-09-06 04:35,0.10263,0.10283,0.10263,0.10279,9097,1788640799999,futures
1788640800000,2026-09-05T20:40:00.000Z,2026-09-06 04:40,0.1028,0.10287,0.10272,0.1028,15149,1788641099999,futures
1788641100000,2026-09-05T20:45:00.000Z,2026-09-06 04:45,0.10281,0.10284,0.10271,0.10284,13628,1788641399999,futures
1788641400000,2026-09-05T20:50:00.000Z,2026-09-06 04:50,0.10283,0.10302,0.10275,0.103,19271,1788641699999,futures
1788641700000,2026-09-05T20:55:00.000Z,2026-09-06 04:55,0.103,0.1033,0.10296,0.10326,20221,1788641999999,futures
1788642000000,2026-09-05T21:00:00.000Z,2026-09-06 05:00,0.1033,0.1033,0.10317,0.10325,41677,1788642299999,futures
1788642300000,2026-09-05T21:05:00.000Z,2026-09-06 05:05,0.10324,0.1033,0.10324,0.10325,8050,1788642599999,futures
1788642600000,2026-09-05T21:10:00.000Z,2026-09-06 05:10,0.10325,0.10331,0.1032,0.10331,7055,1788642899999,futures
1788642900000,2026-09-05T21:15:00.000Z,2026-09-06 05:15,0.10331,0.10359,0.1033,0.10357,17315,1788643199999,futures
1788643200000,2026-09-05T21:20:00.000Z,2026-09-06 05:20,0.10358,0.10373,0.10358,0.10373,13847,1788643499999,futures
1788643500000,2026-09-05T21:25:00.000Z,2026-09-06 05:25,0.10374,0.10376,0.10364,0.10372,11077,1788643799999,futures
1788643800000,2026-09-05T21:30:00.000Z,2026-09-06 05:30,0.10372,0.10392,0.10372,0.1039,16487,1788644099999,futures
1788644100000,2026-09-05T21:35:00.000Z,2026-09-06 05:35,0.10389,0.1039,0.10375,0.10389,3932,1788644399999,futures
1788644400000,2026-09-05T21:40:00.000Z,2026-09-06 05:40,0.10383,0.10389,0.10369,0.1038,17484,1788644699999,futures
1788644700000,2026-09-05T21:45:00.000Z,2026-09-06 05:45,0.1038,0.1038,0.10361,0.10363,9602,1788644999999,futures
1788645000000,2026-09-05T21:50:00.000Z,2026-09-06 05:50,0.10365,0.10376,0.1036,0.10365,13507,1788645299999,futures
1788645300000,2026-09-05T21:55:00.000Z,2026-09-06 05:55,0.10364,0.10373,0.10364,0.1037,14540,1788645599999,futures
1788645600000,2026-09-05T22:00:00.000Z,2026-09-06 06:00,0.10372,0.10397,0.1037,0.10379,26221,1788645899999,futures
1788645900000,2026-09-05T22:05:00.000Z,2026-09-06 06:05,0.1038,0.10381,0.10377,0.10377,5877,1788646199999,futures
1788646200000,2026-09-05T22:10:00.000Z,2026-09-06 06:10,0.10377,0.10389,0.10377,0.10381,13301,1788646499999,futures
1788646500000,2026-09-05T22:15:00.000Z,2026-09-06 06:15,0.10381,0.10388,0.10371,0.10371,14385,1788646799999,futures
1788646800000,2026-09-05T22:20:00.000Z,2026-09-06 06:20,0.10368,0.10371,0.10328,0.10341,115065,1788647099999,futures
1788647100000,2026-09-05T22:25:00.000Z,2026-09-06 06:25,0.10342,0.10342,0.1033,0.10338,16927,1788647399999,futures
1788647400000,2026-09-05T22:30:00.000Z,2026-09-06 06:30,0.10338,0.10348,0.10338,0.10345,11850,1788647699999,futures
1788647700000,2026-09-05T22:35:00.000Z,2026-09-06 06:35,0.10343,0.10348,0.10339,0.1034,4419,1788647999999,futures
1788648000000,2026-09-05T22:40:00.000Z,2026-09-06 06:40,0.10343,0.10348,0.10334,0.10343,11246,1788648299999,futures
1788648300000,2026-09-05T22:45:00.000Z,2026-09-06 06:45,0.10343,0.10346,0.10339,0.10339,9597,1788648599999,futures
1788648600000,2026-09-05T22:50:00.000Z,2026-09-06 06:50,0.10341,0.10361,0.10338,0.10361,22468,1788648899999,futures
1788648900000,2026-09-05T22:55:00.000Z,2026-09-06 06:55,0.10361,0.10371,0.10356,0.10363,24895,1788649199999,futures
1788649200000,2026-09-05T23:00:00.000Z,2026-09-06 07:00,0.10362,0.10371,0.10358,0.10362,24031,1788649499999,futures
1788649500000,2026-09-05T23:05:00.000Z,2026-09-06 07:05,0.10361,0.10367,0.10358,0.10363,21650,1788649799999,futures
1788649800000,2026-09-05T23:10:00.000Z,2026-09-06 07:10,0.10363,0.10365,0.10354,0.10354,2550,1788650099999,futures
1788650100000,2026-09-05T23:15:00.000Z,2026-09-06 07:15,0.10354,0.10363,0.10337,0.1035,14661,1788650399999,futures
1788650400000,2026-09-05T23:20:00.000Z,2026-09-06 07:20,0.1035,0.1035,0.10337,0.10337,7343,1788650699999,futures
1788650700000,2026-09-05T23:25:00.000Z,2026-09-06 07:25,0.10333,0.10342,0.10329,0.10334,15380,1788650999999,futures
1788651000000,2026-09-05T23:30:00.000Z,2026-09-06 07:30,0.10337,0.10352,0.10335,0.10348,9122,1788651299999,futures
1788651300000,2026-09-05T23:35:00.000Z,2026-09-06 07:35,0.10347,0.1035,0.10327,0.10341,26916,1788651599999,futures
1788651600000,2026-09-05T23:40:00.000Z,2026-09-06 07:40,0.10341,0.10357,0.10338,0.10351,11120,1788651899999,futures
1788651900000,2026-09-05T23:45:00.000Z,2026-09-06 07:45,0.10351,0.10363,0.10335,0.10337,24168,1788652199999,futures
1788652200000,2026-09-05T23:50:00.000Z,2026-09-06 07:50,0.10331,0.10353,0.10331,0.10351,4656,1788652499999,futures
1788652500000,2026-09-05T23:55:00.000Z,2026-09-06 07:55,0.10352,0.10355,0.10342,0.10355,21972,1788652799999,futures
1788652800000,2026-09-06T00:00:00.000Z,2026-09-06 08:00,0.10351,0.10362,0.10332,0.1035,34893,1788653099999,futures
1788653100000,2026-09-06T00:05:00.000Z,2026-09-06 08:05,0.10351,0.10361,0.10347,0.10357,14141,1788653399999,futures
1788653400000,2026-09-06T00:10:00.000Z,2026-09-06 08:10,0.10361,0.10372,0.10357,0.10364,11136,1788653699999,futures
1788653700000,2026-09-06T00:15:00.000Z,2026-09-06 08:15,0.10368,0.1037,0.10355,0.10355,7581,1788653999999,futures
1788654000000,2026-09-06T00:20:00.000Z,2026-09-06 08:20,0.10359,0.10362,0.10349,0.10353,17575,1788654299999,futures
1788654300000,2026-09-06T00:25:00.000Z,2026-09-06 08:25,0.10353,0.1036,0.10353,0.10354,3574,1788654599999,futures
1788654600000,2026-09-06T00:30:00.000Z,2026-09-06 08:30,0.10354,0.10363,0.10351,0.10356,9038,1788654899999,futures
1788654900000,2026-09-06T00:35:00.000Z,2026-09-06 08:35,0.10356,0.10366,0.10335,0.10346,15519,1788655199999,futures
1788655200000,2026-09-06T00:40:00.000Z,2026-09-06 08:40,0.10343,0.10356,0.10341,0.10342,5942,1788655499999,futures
1788655500000,2026-09-06T00:45:00.000Z,2026-09-06 08:45,0.10342,0.1035,0.10336,0.1035,13691,1788655799999,futures
1788655800000,2026-09-06T00:50:00.000Z,2026-09-06 08:50,0.10351,0.10358,0.10343,0.10345,3460,1788656099999,futures
1788656100000,2026-09-06T00:55:00.000Z,2026-09-06 08:55,0.1034,0.10345,0.1034,0.10342,3899,1788656399999,futures
1788656400000,2026-09-06T01:00:00.000Z,2026-09-06 09:00,0.10337,0.10356,0.10335,0.10343,36230,1788656699999,futures
1788656700000,2026-09-06T01:05:00.000Z,2026-09-06 09:05,0.1034,0.10348,0.10332,0.10335,19176,1788656999999,futures
1788657000000,2026-09-06T01:10:00.000Z,2026-09-06 09:10,0.10342,0.10352,0.1034,0.10346,8274,1788657299999,futures
1788657300000,2026-09-06T01:15:00.000Z,2026-09-06 09:15,0.1034,0.10348,0.10334,0.10342,16200,1788657599999,futures
1788657600000,2026-09-06T01:20:00.000Z,2026-09-06 09:20,0.10342,0.10342,0.10331,0.10331,4502,1788657899999,futures
1788657900000,2026-09-06T01:25:00.000Z,2026-09-06 09:25,0.10331,0.10334,0.1033,0.1033,4890,1788658199999,futures
1788658200000,2026-09-06T01:30:00.000Z,2026-09-06 09:30,0.10328,0.10358,0.10326,0.10358,13886,1788658499999,futures
1788658500000,2026-09-06T01:35:00.000Z,2026-09-06 09:35,0.10353,0.10362,0.10348,0.10359,12616,1788658799999,futures
1788658800000,2026-09-06T01:40:00.000Z,2026-09-06 09:40,0.10362,0.10362,0.10344,0.10354,13314,1788659099999,futures
1788659100000,2026-09-06T01:45:00.000Z,2026-09-06 09:45,0.10356,0.1036,0.10335,0.10355,25461,1788659399999,futures
1788659400000,2026-09-06T01:50:00.000Z,2026-09-06 09:50,0.10352,0.10359,0.10342,0.10353,10705,1788659699999,futures
1788659700000,2026-09-06T01:55:00.000Z,2026-09-06 09:55,0.10359,0.10359,0.10346,0.10348,26789,1788659999999,futures
1788660000000,2026-09-06T02:00:00.000Z,2026-09-06 10:00,0.10354,0.10356,0.10337,0.10343,37084,1788660299999,futures
1788660300000,2026-09-06T02:05:00.000Z,2026-09-06 10:05,0.10343,0.10364,0.10343,0.1036,13328,1788660599999,futures
1788660600000,2026-09-06T02:10:00.000Z,2026-09-06 10:10,0.10361,0.10363,0.10338,0.1035,68059,1788660899999,futures
1788660900000,2026-09-06T02:15:00.000Z,2026-09-06 10:15,0.1035,0.10352,0.10336,0.10343,28597,1788661199999,futures
1788661200000,2026-09-06T02:20:00.000Z,2026-09-06 10:20,0.1034,0.10348,0.1033,0.10342,15798,1788661499999,futures
1788661500000,2026-09-06T02:25:00.000Z,2026-09-06 10:25,0.10347,0.1035,0.10344,0.1035,4154,1788661799999,futures
1788661800000,2026-09-06T02:30:00.000Z,2026-09-06 10:30,0.10352,0.10384,0.1035,0.1038,22700,1788662099999,futures
1788662100000,2026-09-06T02:35:00.000Z,2026-09-06 10:35,0.10383,0.10384,0.10359,0.1037,62079,1788662399999,futures
1788662400000,2026-09-06T02:40:00.000Z,2026-09-06 10:40,0.1037,0.10373,0.10346,0.10346,8802,1788662699999,futures
1788662700000,2026-09-06T02:45:00.000Z,2026-09-06 10:45,0.10347,0.10347,0.10326,0.10343,15483,1788662999999,futures
1788663000000,2026-09-06T02:50:00.000Z,2026-09-06 10:50,0.10341,0.10358,0.10332,0.10348,8543,1788663299999,futures
1788663300000,2026-09-06T02:55:00.000Z,2026-09-06 10:55,0.10357,0.10357,0.10337,0.10347,8396,1788663599999,futures
1788663600000,2026-09-06T03:00:00.000Z,2026-09-06 11:00,0.10347,0.10382,0.10347,0.10378,31202,1788663899999,futures
1788663900000,2026-09-06T03:05:00.000Z,2026-09-06 11:05,0.10378,0.1038,0.10344,0.10352,17107,1788664199999,futures
1788664200000,2026-09-06T03:10:00.000Z,2026-09-06 11:10,0.10355,0.10364,0.10353,0.10364,7088,1788664499999,futures
1788664500000,2026-09-06T03:15:00.000Z,2026-09-06 11:15,0.10366,0.10387,0.10363,0.10369,44886,1788664799999,futures
1788664800000,2026-09-06T03:20:00.000Z,2026-09-06 11:20,0.10379,0.10379,0.10369,0.10372,3424,1788665099999,futures
1788665100000,2026-09-06T03:25:00.000Z,2026-09-06 11:25,0.10373,0.10387,0.10359,0.10386,26499,1788665399999,futures
1788665400000,2026-09-06T03:30:00.000Z,2026-09-06 11:30,0.10386,0.10391,0.10371,0.1038,22253,1788665699999,futures
1788665700000,2026-09-06T03:35:00.000Z,2026-09-06 11:35,0.10387,0.10394,0.1038,0.10393,13475,1788665999999,futures
1788666000000,2026-09-06T03:40:00.000Z,2026-09-06 11:40,0.10393,0.104,0.10381,0.10389,23729,1788666299999,futures
1788666300000,2026-09-06T03:45:00.000Z,2026-09-06 11:45,0.10392,0.10397,0.10383,0.10383,15067,1788666599999,futures
1788666600000,2026-09-06T03:50:00.000Z,2026-09-06 11:50,0.10392,0.10398,0.10387,0.10397,9228,1788666899999,futures
1788666900000,2026-09-06T03:55:00.000Z,2026-09-06 11:55,0.10397,0.10399,0.10386,0.10386,9347,1788667199999,futures
1788667200000,2026-09-06T04:00:00.000Z,2026-09-06 12:00,0.10387,0.10395,0.1038,0.10389,10591,1788667499999,futures
1788667500000,2026-09-06T04:05:00.000Z,2026-09-06 12:05,0.10389,0.10389,0.10364,0.10366,10238,1788667799999,futures
1788667800000,2026-09-06T04:10:00.000Z,2026-09-06 12:10,0.10367,0.10373,0.10341,0.10358,28024,1788668099999,futures
1788668100000,2026-09-06T04:15:00.000Z,2026-09-06 12:15,0.10358,0.10358,0.10341,0.10341,8727,1788668399999,futures
1788668400000,2026-09-06T04:20:00.000Z,2026-09-06 12:20,0.10347,0.10348,0.10275,0.10302,262205,1788668699999,futures
1788668700000,2026-09-06T04:25:00.000Z,2026-09-06 12:25,0.10307,0.10308,0.10293,0.10304,9923,1788668999999,futures
1788669000000,2026-09-06T04:30:00.000Z,2026-09-06 12:30,0.10304,0.10308,0.10299,0.10308,12818,1788669299999,futures
1788669300000,2026-09-06T04:35:00.000Z,2026-09-06 12:35,0.10303,0.1032,0.10302,0.10302,15682,1788669599999,futures
1788669600000,2026-09-06T04:40:00.000Z,2026-09-06 12:40,0.10308,0.10319,0.10308,0.10313,12924,1788669899999,futures
1788669900000,2026-09-06T04:45:00.000Z,2026-09-06 12:45,0.10315,0.10343,0.10313,0.10343,50542,1788670199999,futures
1788670200000,2026-09-06T04:50:00.000Z,2026-09-06 12:50,0.10343,0.10361,0.10336,0.10352,32656,1788670499999,futures
1788670500000,2026-09-06T04:55:00.000Z,2026-09-06 12:55,0.10354,0.10362,0.10345,0.10345,16566,1788670799999,futures
1788670800000,2026-09-06T05:00:00.000Z,2026-09-06 13:00,0.10358,0.10363,0.1034,0.10347,19091,1788671099999,futures
1788671100000,2026-09-06T05:05:00.000Z,2026-09-06 13:05,0.10346,0.10361,0.1034,0.10361,15355,1788671399999,futures
1788671400000,2026-09-06T05:10:00.000Z,2026-09-06 13:10,0.10361,0.10361,0.10342,0.10352,6743,1788671699999,futures
1788671700000,2026-09-06T05:15:00.000Z,2026-09-06 13:15,0.10352,0.10363,0.10336,0.10354,6654,1788671999999,futures
1788672000000,2026-09-06T05:20:00.000Z,2026-09-06 13:20,0.10361,0.10369,0.10353,0.10362,18031,1788672299999,futures
1788672300000,2026-09-06T05:25:00.000Z,2026-09-06 13:25,0.10364,0.1037,0.10356,0.10362,8437,1788672599999,futures
1788672600000,2026-09-06T05:30:00.000Z,2026-09-06 13:30,0.10362,0.10381,0.10352,0.1038,38520,1788672899999,futures
1788672900000,2026-09-06T05:35:00.000Z,2026-09-06 13:35,0.1038,0.10391,0.10368,0.10378,9556,1788673199999,futures
1788673200000,2026-09-06T05:40:00.000Z,2026-09-06 13:40,0.10384,0.10392,0.10371,0.10371,4868,1788673499999,futures
1788673500000,2026-09-06T05:45:00.000Z,2026-09-06 13:45,0.10374,0.10382,0.10371,0.10371,7071,1788673799999,futures
1788673800000,2026-09-06T05:50:00.000Z,2026-09-06 13:50,0.10372,0.10384,0.10369,0.10383,12707,1788674099999,futures
1788674100000,2026-09-06T05:55:00.000Z,2026-09-06 13:55,0.10382,0.10397,0.10374,0.10396,10067,1788674399999,futures
1788674400000,2026-09-06T06:00:00.000Z,2026-09-06 14:00,0.10398,0.10412,0.10386,0.104,71098,1788674699999,futures
1788674700000,2026-09-06T06:05:00.000Z,2026-09-06 14:05,0.1041,0.10412,0.10388,0.10388,9465,1788674999999,futures
1788675000000,2026-09-06T06:10:00.000Z,2026-09-06 14:10,0.1039,0.10393,0.1038,0.10389,6870,1788675299999,futures
1788675300000,2026-09-06T06:15:00.000Z,2026-09-06 14:15,0.10388,0.1039,0.10374,0.10381,11055,1788675599999,futures
1788675600000,2026-09-06T06:20:00.000Z,2026-09-06 14:20,0.10388,0.10388,0.10369,0.10375,13872,1788675899999,futures
1788675900000,2026-09-06T06:25:00.000Z,2026-09-06 14:25,0.10377,0.1038,0.10358,0.10365,32191,1788676199999,futures
1788676200000,2026-09-06T06:30:00.000Z,2026-09-06 14:30,0.10365,0.10382,0.10363,0.10371,30720,1788676499999,futures
1788676500000,2026-09-06T06:35:00.000Z,2026-09-06 14:35,0.10374,0.10374,0.10349,0.10361,20074,1788676799999,futures
1788676800000,2026-09-06T06:40:00.000Z,2026-09-06 14:40,0.10358,0.10365,0.10351,0.10357,7625,1788677099999,futures
1788677100000,2026-09-06T06:45:00.000Z,2026-09-06 14:45,0.1036,0.10365,0.10355,0.10362,5323,1788677399999,futures
1788677400000,2026-09-06T06:50:00.000Z,2026-09-06 14:50,0.10362,0.10372,0.10354,0.10356,7864,1788677699999,futures
1788677700000,2026-09-06T06:55:00.000Z,2026-09-06 14:55,0.10356,0.10363,0.10349,0.1035,9390,1788677999999,futures
1788678000000,2026-09-06T07:00:00.000Z,2026-09-06 15:00,0.10354,0.10361,0.10341,0.1035,20520,1788678299999,futures
1788678300000,2026-09-06T07:05:00.000Z,2026-09-06 15:05,0.10349,0.10356,0.10309,0.1032,14202,1788678599999,futures
1788678600000,2026-09-06T07:10:00.000Z,2026-09-06 15:10,0.10318,0.10321,0.10258,0.10271,33372,1788678899999,futures
1788678900000,2026-09-06T07:15:00.000Z,2026-09-06 15:15,0.10275,0.10317,0.10272,0.10317,10522,1788679199999,futures
1788679200000,2026-09-06T07:20:00.000Z,2026-09-06 15:20,0.10318,0.10339,0.10302,0.10318,22958,1788679499999,futures
1788679500000,2026-09-06T07:25:00.000Z,2026-09-06 15:25,0.10318,0.10344,0.10318,0.10342,21626,1788679799999,futures
1788679800000,2026-09-06T07:30:00.000Z,2026-09-06 15:30,0.1034,0.10343,0.10324,0.10329,7712,1788680099999,futures
1788680100000,2026-09-06T07:35:00.000Z,2026-09-06 15:35,0.10329,0.10333,0.10302,0.1032,50939,1788680399999,futures
1788680400000,2026-09-06T07:40:00.000Z,2026-09-06 15:40,0.10316,0.10322,0.10309,0.10318,7394,1788680699999,futures
1788680700000,2026-09-06T07:45:00.000Z,2026-09-06 15:45,0.10319,0.10336,0.10319,0.10332,6940,1788680999999,futures
1788681000000,2026-09-06T07:50:00.000Z,2026-09-06 15:50,0.10333,0.10335,0.10316,0.10324,15577,1788681299999,futures
1788681300000,2026-09-06T07:55:00.000Z,2026-09-06 15:55,0.10327,0.10356,0.10327,0.10349,22555,1788681599999,futures
1788681600000,2026-09-06T08:00:00.000Z,2026-09-06 16:00,0.10344,0.10362,0.10344,0.10344,9434,1788681899999,futures
1788681900000,2026-09-06T08:05:00.000Z,2026-09-06 16:05,0.10346,0.10378,0.10346,0.10373,46945,1788682199999,futures
1788682200000,2026-09-06T08:10:00.000Z,2026-09-06 16:10,0.10372,0.10375,0.10356,0.10356,7119,1788682499999,futures
1788682500000,2026-09-06T08:15:00.000Z,2026-09-06 16:15,0.10364,0.10365,0.10352,0.10355,5510,1788682799999,futures
1788682800000,2026-09-06T08:20:00.000Z,2026-09-06 16:20,0.10357,0.10361,0.1035,0.1035,4520,1788683099999,futures
1788683100000,2026-09-06T08:25:00.000Z,2026-09-06 16:25,0.10351,0.10357,0.10344,0.10354,4267,1788683399999,futures
1788683400000,2026-09-06T08:30:00.000Z,2026-09-06 16:30,0.10349,0.10358,0.10346,0.10357,7239,1788683699999,futures
1788683700000,2026-09-06T08:35:00.000Z,2026-09-06 16:35,0.10357,0.10357,0.10335,0.10349,10353,1788683999999,futures
1788684000000,2026-09-06T08:40:00.000Z,2026-09-06 16:40,0.10353,0.10362,0.10347,0.1036,5329,1788684299999,futures
1788684300000,2026-09-06T08:45:00.000Z,2026-09-06 16:45,0.1036,0.10362,0.10351,0.10362,6389,1788684599999,futures
1788684600000,2026-09-06T08:50:00.000Z,2026-09-06 16:50,0.10357,0.10372,0.10357,0.10369,3519,1788684899999,futures
1788684900000,2026-09-06T08:55:00.000Z,2026-09-06 16:55,0.10366,0.10384,0.10366,0.10369,6675,1788685199999,futures
1788685200000,2026-09-06T09:00:00.000Z,2026-09-06 17:00,0.10379,0.10389,0.10357,0.10376,13993,1788685499999,futures
1788685500000,2026-09-06T09:05:00.000Z,2026-09-06 17:05,0.10381,0.10381,0.10359,0.1037,23701,1788685799999,futures
1788685800000,2026-09-06T09:10:00.000Z,2026-09-06 17:10,0.10369,0.10371,0.10357,0.10369,6625,1788686099999,futures
1788686100000,2026-09-06T09:15:00.000Z,2026-09-06 17:15,0.10368,0.10371,0.10355,0.10367,8768,1788686399999,futures
1788686400000,2026-09-06T09:20:00.000Z,2026-09-06 17:20,0.10367,0.10381,0.10362,0.10363,12871,1788686699999,futures
1788686700000,2026-09-06T09:25:00.000Z,2026-09-06 17:25,0.10363,0.10376,0.10359,0.10359,12088,1788686999999,futures
1788687000000,2026-09-06T09:30:00.000Z,2026-09-06 17:30,0.10355,0.10364,0.10349,0.10361,14510,1788687299999,futures
1788687300000,2026-09-06T09:35:00.000Z,2026-09-06 17:35,0.10358,0.10365,0.10345,0.10353,6325,1788687599999,futures
1788687600000,2026-09-06T09:40:00.000Z,2026-09-06 17:40,0.10354,0.10363,0.10345,0.10354,11138,1788687899999,futures
1788687900000,2026-09-06T09:45:00.000Z,2026-09-06 17:45,0.10347,0.10366,0.10347,0.10354,9266,1788688199999,futures
1788688200000,2026-09-06T09:50:00.000Z,2026-09-06 17:50,0.10357,0.10361,0.10348,0.10355,5297,1788688499999,futures
1788688500000,2026-09-06T09:55:00.000Z,2026-09-06 17:55,0.10355,0.10364,0.10351,0.10356,12594,1788688799999,futures
1788688800000,2026-09-06T10:00:00.000Z,2026-09-06 18:00,0.10358,0.10378,0.10357,0.10361,13112,1788689099999,futures
1788689100000,2026-09-06T10:05:00.000Z,2026-09-06 18:05,0.10361,0.1038,0.10361,0.10364,13842,1788689399999,futures
1788689400000,2026-09-06T10:10:00.000Z,2026-09-06 18:10,0.10364,0.10369,0.10353,0.10367,8048,1788689699999,futures
1788689700000,2026-09-06T10:15:00.000Z,2026-09-06 18:15,0.10367,0.10374,0.10361,0.10369,8246,1788689999999,futures
1788690000000,2026-09-06T10:20:00.000Z,2026-09-06 18:20,0.10369,0.1037,0.10348,0.10359,16466,1788690299999,futures
1788690300000,2026-09-06T10:25:00.000Z,2026-09-06 18:25,0.10359,0.10359,0.10347,0.10358,6358,1788690599999,futures
1788690600000,2026-09-06T10:30:00.000Z,2026-09-06 18:30,0.10358,0.10368,0.10357,0.10366,8913,1788690899999,futures
1788690900000,2026-09-06T10:35:00.000Z,2026-09-06 18:35,0.10357,0.10368,0.1035,0.1035,10942,1788691199999,futures
1788691200000,2026-09-06T10:40:00.000Z,2026-09-06 18:40,0.10354,0.10368,0.10352,0.10363,4761,1788691499999,futures
1788691500000,2026-09-06T10:45:00.000Z,2026-09-06 18:45,0.10363,0.1037,0.10357,0.10362,7157,1788691799999,futures
1788691800000,2026-09-06T10:50:00.000Z,2026-09-06 18:50,0.10362,0.10373,0.10357,0.10373,9513,1788692099999,futures
1788692100000,2026-09-06T10:55:00.000Z,2026-09-06 18:55,0.10373,0.10373,0.1036,0.10368,3580,1788692399999,futures
1788692400000,2026-09-06T11:00:00.000Z,2026-09-06 19:00,0.10369,0.10369,0.10344,0.10362,12024,1788692699999,futures
1788692700000,2026-09-06T11:05:00.000Z,2026-09-06 19:05,0.10355,0.10379,0.10352,0.10373,10960,1788692999999,futures
1788693000000,2026-09-06T11:10:00.000Z,2026-09-06 19:10,0.10373,0.10373,0.10352,0.1036,5856,1788693299999,futures
1788693300000,2026-09-06T11:15:00.000Z,2026-09-06 19:15,0.10366,0.10371,0.1036,0.10371,5581,1788693599999,futures
1788693600000,2026-09-06T11:20:00.000Z,2026-09-06 19:20,0.10373,0.10385,0.10365,0.10385,18252,1788693899999,futures
1788693900000,2026-09-06T11:25:00.000Z,2026-09-06 19:25,0.10379,0.10394,0.1037,0.1039,23621,1788694199999,futures
1788694200000,2026-09-06T11:30:00.000Z,2026-09-06 19:30,0.1039,0.10392,0.1038,0.10383,8515,1788694499999,futures
1788694500000,2026-09-06T11:35:00.000Z,2026-09-06 19:35,0.10384,0.10397,0.10369,0.10385,9703,1788694799999,futures
1788694800000,2026-09-06T11:40:00.000Z,2026-09-06 19:40,0.10394,0.10402,0.10381,0.10386,7966,1788695099999,futures
1788695100000,2026-09-06T11:45:00.000Z,2026-09-06 19:45,0.10394,0.10404,0.10381,0.10383,21032,1788695399999,futures
1788695400000,2026-09-06T11:50:00.000Z,2026-09-06 19:50,0.10393,0.10393,0.10377,0.10386,14381,1788695699999,futures
1788695700000,2026-09-06T11:55:00.000Z,2026-09-06 19:55,0.10384,0.10384,0.10368,0.1037,2013,1788695999999,futures
1788696000000,2026-09-06T12:00:00.000Z,2026-09-06 20:00,0.10371,0.1038,0.10364,0.10368,22362,1788696299999,futures
1788696300000,2026-09-06T12:05:00.000Z,2026-09-06 20:05,0.10368,0.10371,0.1036,0.10368,3639,1788696599999,futures
1788696600000,2026-09-06T12:10:00.000Z,2026-09-06 20:10,0.10366,0.10379,0.10364,0.10374,6928,1788696899999,futures
1788696900000,2026-09-06T12:15:00.000Z,2026-09-06 20:15,0.10377,0.10382,0.10362,0.10362,8126,1788697199999,futures
1788697200000,2026-09-06T12:20:00.000Z,2026-09-06 20:20,0.10364,0.10392,0.10364,0.10375,37693,1788697499999,futures
1788697500000,2026-09-06T12:25:00.000Z,2026-09-06 20:25,0.10372,0.10372,0.10363,0.10364,2355,1788697799999,futures
1788697800000,2026-09-06T12:30:00.000Z,2026-09-06 20:30,0.10364,0.10371,0.10363,0.1037,4606,1788698099999,futures
1788698100000,2026-09-06T12:35:00.000Z,2026-09-06 20:35,0.1037,0.10388,0.10365,0.10377,5521,1788698399999,futures
1788698400000,2026-09-06T12:40:00.000Z,2026-09-06 20:40,0.10387,0.10388,0.10371,0.10371,10082,1788698699999,futures
1788698700000,2026-09-06T12:45:00.000Z,2026-09-06 20:45,0.10375,0.10379,0.10371,0.10372,8403,1788698999999,futures
1788699000000,2026-09-06T12:50:00.000Z,2026-09-06 20:50,0.10375,0.10379,0.10371,0.10378,12712,1788699299999,futures
1788699300000,2026-09-06T12:55:00.000Z,2026-09-06 20:55,0.10371,0.10388,0.10362,0.10365,20142,1788699599999,futures
1788699600000,2026-09-06T13:00:00.000Z,2026-09-06 21:00,0.10366,0.10382,0.10362,0.10377,10247,1788699899999,futures
1788699900000,2026-09-06T13:05:00.000Z,2026-09-06 21:05,0.10374,0.10375,0.10358,0.10366,38262,1788700199999,futures
1788700200000,2026-09-06T13:10:00.000Z,2026-09-06 21:10,0.10363,0.10363,0.1036,0.1036,2561,1788700499999,futures
1788700500000,2026-09-06T13:15:00.000Z,2026-09-06 21:15,0.10361,0.10361,0.10338,0.10342,14795,1788700799999,futures
1788700800000,2026-09-06T13:20:00.000Z,2026-09-06 21:20,0.10345,0.10347,0.10335,0.10335,4858,1788701099999,futures
1788701100000,2026-09-06T13:25:00.000Z,2026-09-06 21:25,0.10333,0.10334,0.10317,0.10326,17648,1788701399999,futures
1788701400000,2026-09-06T13:30:00.000Z,2026-09-06 21:30,0.10326,0.10326,0.10309,0.10316,8473,1788701699999,futures
1788701700000,2026-09-06T13:35:00.000Z,2026-09-06 21:35,0.10313,0.10325,0.1031,0.10317,12516,1788701999999,futures
1788702000000,2026-09-06T13:40:00.000Z,2026-09-06 21:40,0.10316,0.10338,0.10315,0.10326,11383,1788702299999,futures
1788702300000,2026-09-06T13:45:00.000Z,2026-09-06 21:45,0.10331,0.10344,0.10322,0.10334,65571,1788702599999,futures
1788702600000,2026-09-06T13:50:00.000Z,2026-09-06 21:50,0.1033,0.10348,0.1033,0.10345,17269,1788702899999,futures
1788702900000,2026-09-06T13:55:00.000Z,2026-09-06 21:55,0.10343,0.10346,0.1033,0.10343,25189,1788703199999,futures
1788703200000,2026-09-06T14:00:00.000Z,2026-09-06 22:00,0.10339,0.10344,0.10321,0.10328,11723,1788703499999,futures
1788703500000,2026-09-06T14:05:00.000Z,2026-09-06 22:05,0.10327,0.10333,0.10326,0.10329,4930,1788703799999,futures
1788703800000,2026-09-06T14:10:00.000Z,2026-09-06 22:10,0.10326,0.10343,0.10322,0.10337,19707,1788704099999,futures
1788704100000,2026-09-06T14:15:00.000Z,2026-09-06 22:15,0.10338,0.1034,0.10288,0.10318,24096,1788704399999,futures
1788704400000,2026-09-06T14:20:00.000Z,2026-09-06 22:20,0.10314,0.10314,0.10285,0.10289,14037,1788704699999,futures
1788704700000,2026-09-06T14:25:00.000Z,2026-09-06 22:25,0.10289,0.10293,0.10264,0.10274,18906,1788704999999,futures
1788705000000,2026-09-06T14:30:00.000Z,2026-09-06 22:30,0.10274,0.1028,0.10189,0.10261,181805,1788705299999,futures
1788705300000,2026-09-06T14:35:00.000Z,2026-09-06 22:35,0.10266,0.1027,0.10244,0.10244,22326,1788705599999,futures
1788705600000,2026-09-06T14:40:00.000Z,2026-09-06 22:40,0.10256,0.10308,0.10253,0.10308,42180,1788705899999,futures
1788705900000,2026-09-06T14:45:00.000Z,2026-09-06 22:45,0.10308,0.10313,0.1029,0.10299,61586,1788706199999,futures
1788706200000,2026-09-06T14:50:00.000Z,2026-09-06 22:50,0.10299,0.10327,0.10298,0.10318,12176,1788706499999,futures
1788706500000,2026-09-06T14:55:00.000Z,2026-09-06 22:55,0.10318,0.10329,0.10304,0.10307,28133,1788706799999,futures
1788706800000,2026-09-06T15:00:00.000Z,2026-09-06 23:00,0.10308,0.10313,0.10268,0.10302,41887,1788707099999,futures
1788707100000,2026-09-06T15:05:00.000Z,2026-09-06 23:05,0.10303,0.10321,0.10303,0.10308,13536,1788707399999,futures
1788707400000,2026-09-06T15:10:00.000Z,2026-09-06 23:10,0.10311,0.10312,0.10297,0.10298,6624,1788707699999,futures
1788707700000,2026-09-06T15:15:00.000Z,2026-09-06 23:15,0.10301,0.10316,0.10297,0.1031,9717,1788707999999,futures
1788708000000,2026-09-06T15:20:00.000Z,2026-09-06 23:20,0.10304,0.10319,0.10304,0.10312,4718,1788708299999,futures
1788708300000,2026-09-06T15:25:00.000Z,2026-09-06 23:25,0.10316,0.10332,0.10313,0.10326,9756,1788708599999,futures
1788708600000,2026-09-06T15:30:00.000Z,2026-09-06 23:30,0.10328,0.10335,0.1032,0.10332,17574,1788708899999,futures
1788708900000,2026-09-06T15:35:00.000Z,2026-09-06 23:35,0.1033,0.10339,0.10324,0.10339,16592,1788709199999,futures
1788709200000,2026-09-06T15:40:00.000Z,2026-09-06 23:40,0.10339,0.1036,0.10328,0.10352,28056,1788709499999,futures
1788709500000,2026-09-06T15:45:00.000Z,2026-09-06 23:45,0.10353,0.1036,0.10333,0.10335,34749,1788709799999,futures
1788709800000,2026-09-06T15:50:00.000Z,2026-09-06 23:50,0.10337,0.10349,0.10325,0.10325,11691,1788710099999,futures
1788710100000,2026-09-06T15:55:00.000Z,2026-09-06 23:55,0.10326,0.10331,0.10317,0.10322,16566,1788710399999,futures
1788710400000,2026-09-06T16:00:00.000Z,2026-09-07 00:00,0.10324,0.10332,0.10316,0.10325,21700,1788710699999,futures
1788710700000,2026-09-06T16:05:00.000Z,2026-09-07 00:05,0.10325,0.1033,0.10296,0.10305,27876,1788710999999,futures
1788711000000,2026-09-06T16:10:00.000Z,2026-09-07 00:10,0.10305,0.10341,0.10305,0.1033,7800,1788711299999,futures
1788711300000,2026-09-06T16:15:00.000Z,2026-09-07 00:15,0.10339,0.10343,0.10332,0.10336,4327,1788711599999,futures
1788711600000,2026-09-06T16:20:00.000Z,2026-09-07 00:20,0.10337,0.10342,0.1033,0.1033,10262,1788711899999,futures
1788711900000,2026-09-06T16:25:00.000Z,2026-09-07 00:25,0.1033,0.10341,0.10322,0.10331,6456,1788712199999,futures
1788712200000,2026-09-06T16:30:00.000Z,2026-09-07 00:30,0.10336,0.10343,0.10329,0.10335,9701,1788712499999,futures
1788712500000,2026-09-06T16:35:00.000Z,2026-09-07 00:35,0.1034,0.1034,0.10322,0.10324,6198,1788712799999,futures
1788712800000,2026-09-06T16:40:00.000Z,2026-09-07 00:40,0.10326,0.10344,0.10317,0.10325,12209,1788713099999,futures
1788713100000,2026-09-06T16:45:00.000Z,2026-09-07 00:45,0.10335,0.10336,0.10321,0.10325,9790,1788713399999,futures
1788713400000,2026-09-06T16:50:00.000Z,2026-09-07 00:50,0.10326,0.10334,0.10317,0.10317,11444,1788713699999,futures
1788713700000,2026-09-06T16:55:00.000Z,2026-09-07 00:55,0.10322,0.10324,0.10313,0.10322,7328,1788713999999,futures
1788714000000,2026-09-06T17:00:00.000Z,2026-09-07 01:00,0.10317,0.10331,0.10313,0.10314,14718,1788714299999,futures
1788714300000,2026-09-06T17:05:00.000Z,2026-09-07 01:05,0.10317,0.10318,0.10292,0.10296,9443,1788714599999,futures
1788714600000,2026-09-06T17:10:00.000Z,2026-09-07 01:10,0.10298,0.10308,0.10293,0.10306,7199,1788714899999,futures
1788714900000,2026-09-06T17:15:00.000Z,2026-09-07 01:15,0.10305,0.10332,0.10299,0.10332,8139,1788715199999,futures
1788715200000,2026-09-06T17:20:00.000Z,2026-09-07 01:20,0.10332,0.10337,0.10309,0.10323,8225,1788715499999,futures
1788715500000,2026-09-06T17:25:00.000Z,2026-09-07 01:25,0.10332,0.10337,0.10316,0.10317,8681,1788715799999,futures
1788715800000,2026-09-06T17:30:00.000Z,2026-09-07 01:30,0.10319,0.10345,0.10314,0.10334,11682,1788716099999,futures
1788716100000,2026-09-06T17:35:00.000Z,2026-09-07 01:35,0.10334,0.10344,0.10328,0.10339,6076,1788716399999,futures
1788716400000,2026-09-06T17:40:00.000Z,2026-09-07 01:40,0.10339,0.1035,0.10334,0.1035,11775,1788716699999,futures
1788716700000,2026-09-06T17:45:00.000Z,2026-09-07 01:45,0.10341,0.10349,0.1032,0.1033,16899,1788716999999,futures
1788717000000,2026-09-06T17:50:00.000Z,2026-09-07 01:50,0.10327,0.10331,0.10318,0.10321,5257,1788717299999,futures
1788717300000,2026-09-06T17:55:00.000Z,2026-09-07 01:55,0.10321,0.10321,0.10303,0.10308,11086,1788717599999,futures
1788717600000,2026-09-06T18:00:00.000Z,2026-09-07 02:00,0.10308,0.10316,0.10303,0.10304,13825,1788717899999,futures
1788717900000,2026-09-06T18:05:00.000Z,2026-09-07 02:05,0.10306,0.10309,0.10303,0.10304,2263,1788718199999,futures
1788718200000,2026-09-06T18:10:00.000Z,2026-09-07 02:10,0.10303,0.10317,0.10302,0.10317,2712,1788718499999,futures
1788718500000,2026-09-06T18:15:00.000Z,2026-09-07 02:15,0.1031,0.10317,0.103,0.10304,6573,1788718799999,futures
1788718800000,2026-09-06T18:20:00.000Z,2026-09-07 02:20,0.10304,0.10308,0.10299,0.10302,1640,1788719099999,futures
1788719100000,2026-09-06T18:25:00.000Z,2026-09-07 02:25,0.10302,0.10314,0.10299,0.10314,5405,1788719399999,futures
1788719400000,2026-09-06T18:30:00.000Z,2026-09-07 02:30,0.1031,0.10325,0.10307,0.10307,11469,1788719699999,futures
1788719700000,2026-09-06T18:35:00.000Z,2026-09-07 02:35,0.1031,0.10319,0.10298,0.10319,3038,1788719999999,futures
1788720000000,2026-09-06T18:40:00.000Z,2026-09-07 02:40,0.10323,0.10329,0.10311,0.10311,8005,1788720299999,futures
1788720300000,2026-09-06T18:45:00.000Z,2026-09-07 02:45,0.10311,0.10311,0.10296,0.1031,8458,1788720599999,futures
1788720600000,2026-09-06T18:50:00.000Z,2026-09-07 02:50,0.10307,0.10331,0.10307,0.10324,6890,1788720899999,futures
1788720900000,2026-09-06T18:55:00.000Z,2026-09-07 02:55,0.10324,0.10324,0.10302,0.10306,4266,1788721199999,futures
1788721200000,2026-09-06T19:00:00.000Z,2026-09-07 03:00,0.10308,0.10319,0.10304,0.10319,6339,1788721499999,futures
1788721500000,2026-09-06T19:05:00.000Z,2026-09-07 03:05,0.10314,0.10315,0.10307,0.10307,654,1788721799999,futures
1788721800000,2026-09-06T19:10:00.000Z,2026-09-07 03:10,0.10308,0.10314,0.10305,0.10314,1769,1788722099999,futures
1788722100000,2026-09-06T19:15:00.000Z,2026-09-07 03:15,0.10316,0.1032,0.10303,0.10303,4195,1788722399999,futures
1788722400000,2026-09-06T19:20:00.000Z,2026-09-07 03:20,0.10304,0.10308,0.10295,0.103,3553,1788722699999,futures
1788722700000,2026-09-06T19:25:00.000Z,2026-09-07 03:25,0.10301,0.10306,0.10298,0.10299,2320,1788722999999,futures
1788723000000,2026-09-06T19:30:00.000Z,2026-09-07 03:30,0.103,0.10313,0.10298,0.10312,4363,1788723299999,futures
1788723300000,2026-09-06T19:35:00.000Z,2026-09-07 03:35,0.10312,0.1032,0.10312,0.1032,2073,1788723599999,futures
1788723600000,2026-09-06T19:40:00.000Z,2026-09-07 03:40,0.10317,0.10326,0.1031,0.1032,13676,1788723899999,futures
1788723900000,2026-09-06T19:45:00.000Z,2026-09-07 03:45,0.10321,0.10328,0.103,0.10319,11172,1788724199999,futures
1788724200000,2026-09-06T19:50:00.000Z,2026-09-07 03:50,0.10319,0.10326,0.1031,0.10313,3704,1788724499999,futures
1788724500000,2026-09-06T19:55:00.000Z,2026-09-07 03:55,0.10316,0.10316,0.10312,0.10314,3057,1788724799999,futures
1788724800000,2026-09-06T20:00:00.000Z,2026-09-07 04:00,0.10313,0.10316,0.10303,0.10303,11126,1788725099999,futures
1788725100000,2026-09-06T20:05:00.000Z,2026-09-07 04:05,0.10302,0.10309,0.10296,0.10298,5796,1788725399999,futures
1788725400000,2026-09-06T20:10:00.000Z,2026-09-07 04:10,0.10298,0.10306,0.10294,0.10306,3396,1788725699999,futures
1788725700000,2026-09-06T20:15:00.000Z,2026-09-07 04:15,0.1031,0.10317,0.10305,0.10306,2783,1788725999999,futures
1788726000000,2026-09-06T20:20:00.000Z,2026-09-07 04:20,0.10309,0.10321,0.10306,0.10316,2441,1788726299999,futures
1788726300000,2026-09-06T20:25:00.000Z,2026-09-07 04:25,0.10314,0.10314,0.10307,0.10308,5782,1788726599999,futures
1788726600000,2026-09-06T20:30:00.000Z,2026-09-07 04:30,0.10308,0.10308,0.10296,0.10304,23032,1788726899999,futures
1788726900000,2026-09-06T20:35:00.000Z,2026-09-07 04:35,0.10299,0.10306,0.10296,0.10299,15659,1788727199999,futures
1788727200000,2026-09-06T20:40:00.000Z,2026-09-07 04:40,0.10297,0.10297,0.10292,0.10293,12829,1788727499999,futures
1788727500000,2026-09-06T20:45:00.000Z,2026-09-07 04:45,0.10294,0.103,0.10293,0.10294,16670,1788727799999,futures
1788727800000,2026-09-06T20:50:00.000Z,2026-09-07 04:50,0.10294,0.10294,0.10283,0.10283,10315,1788728099999,futures
1788728100000,2026-09-06T20:55:00.000Z,2026-09-07 04:55,0.10281,0.10283,0.10275,0.10281,6415,1788728399999,futures
1788728400000,2026-09-06T21:00:00.000Z,2026-09-07 05:00,0.10281,0.10287,0.10279,0.1028,23571,1788728699999,futures
1788728700000,2026-09-06T21:05:00.000Z,2026-09-07 05:05,0.10283,0.10291,0.10274,0.10287,31358,1788728999999,futures
1788729000000,2026-09-06T21:10:00.000Z,2026-09-07 05:10,0.10287,0.10287,0.10274,0.10275,8194,1788729299999,futures
1788729300000,2026-09-06T21:15:00.000Z,2026-09-07 05:15,0.10275,0.10299,0.10275,0.10291,31011,1788729599999,futures
1788729600000,2026-09-06T21:20:00.000Z,2026-09-07 05:20,0.10293,0.10293,0.10278,0.10282,13912,1788729899999,futures
1788729900000,2026-09-06T21:25:00.000Z,2026-09-07 05:25,0.10282,0.10291,0.10282,0.10287,7313,1788730199999,futures
1788730200000,2026-09-06T21:30:00.000Z,2026-09-07 05:30,0.10286,0.10288,0.10271,0.10282,24679,1788730499999,futures
1788730500000,2026-09-06T21:35:00.000Z,2026-09-07 05:35,0.10283,0.10288,0.10277,0.10286,11373,1788730799999,futures
1788730800000,2026-09-06T21:40:00.000Z,2026-09-07 05:40,0.10286,0.10292,0.10275,0.1028,17856,1788731099999,futures
1788731100000,2026-09-06T21:45:00.000Z,2026-09-07 05:45,0.10283,0.10296,0.10282,0.10294,11762,1788731399999,futures
1788731400000,2026-09-06T21:50:00.000Z,2026-09-07 05:50,0.10294,0.10308,0.1029,0.10305,22176,1788731699999,futures
1788731700000,2026-09-06T21:55:00.000Z,2026-09-07 05:55,0.10304,0.10304,0.10287,0.10296,20192,1788731999999,futures
1788732000000,2026-09-06T22:00:00.000Z,2026-09-07 06:00,0.10296,0.10298,0.10268,0.10274,31757,1788732299999,futures
1788732300000,2026-09-06T22:05:00.000Z,2026-09-07 06:05,0.10278,0.10293,0.1026,0.1026,15060,1788732599999,futures
1788732600000,2026-09-06T22:10:00.000Z,2026-09-07 06:10,0.10269,0.10272,0.1025,0.10255,8361,1788732899999,futures
1788732900000,2026-09-06T22:15:00.000Z,2026-09-07 06:15,0.10261,0.10272,0.10257,0.10263,8999,1788733199999,futures
1788733200000,2026-09-06T22:20:00.000Z,2026-09-07 06:20,0.10258,0.10277,0.10257,0.10274,5156,1788733499999,futures
1788733500000,2026-09-06T22:25:00.000Z,2026-09-07 06:25,0.10277,0.10295,0.10277,0.10291,6397,1788733799999,futures
1788733800000,2026-09-06T22:30:00.000Z,2026-09-07 06:30,0.10286,0.10299,0.10285,0.10296,14269,1788734099999,futures
1788734100000,2026-09-06T22:35:00.000Z,2026-09-07 06:35,0.10296,0.10299,0.10283,0.10294,11014,1788734399999,futures
1788734400000,2026-09-06T22:40:00.000Z,2026-09-07 06:40,0.10297,0.10305,0.10294,0.10298,10956,1788734699999,futures
1788734700000,2026-09-06T22:45:00.000Z,2026-09-07 06:45,0.10301,0.10301,0.1029,0.10291,4306,1788734999999,futures
1788735000000,2026-09-06T22:50:00.000Z,2026-09-07 06:50,0.10297,0.10307,0.10292,0.10299,8057,1788735299999,futures
1788735300000,2026-09-06T22:55:00.000Z,2026-09-07 06:55,0.10298,0.10299,0.10292,0.10294,7525,1788735599999,futures
1788735600000,2026-09-06T23:00:00.000Z,2026-09-07 07:00,0.10298,0.10339,0.10291,0.10325,48135,1788735899999,futures
1788735900000,2026-09-06T23:05:00.000Z,2026-09-07 07:05,0.10327,0.10327,0.10316,0.10317,2643,1788736199999,futures
1788736200000,2026-09-06T23:10:00.000Z,2026-09-07 07:10,0.10318,0.10332,0.10312,0.1033,11598,1788736499999,futures
1788736500000,2026-09-06T23:15:00.000Z,2026-09-07 07:15,0.10323,0.10345,0.1031,0.10341,8281,1788736799999,futures
1788736800000,2026-09-06T23:20:00.000Z,2026-09-07 07:20,0.10345,0.10367,0.10345,0.10355,64540,1788737099999,futures
1788737100000,2026-09-06T23:25:00.000Z,2026-09-07 07:25,0.10355,0.10355,0.10338,0.10338,17579,1788737399999,futures
1788737400000,2026-09-06T23:30:00.000Z,2026-09-07 07:30,0.10339,0.10356,0.10335,0.10349,16221,1788737699999,futures
1788737700000,2026-09-06T23:35:00.000Z,2026-09-07 07:35,0.10353,0.10376,0.10299,0.10316,229550,1788737999999,futures
1788738000000,2026-09-06T23:40:00.000Z,2026-09-07 07:40,0.10324,0.10331,0.10309,0.10324,55797,1788738299999,futures
1788738300000,2026-09-06T23:45:00.000Z,2026-09-07 07:45,0.10328,0.10337,0.10326,0.10333,13051,1788738599999,futures
1788738600000,2026-09-06T23:50:00.000Z,2026-09-07 07:50,0.10336,0.1036,0.10334,0.10359,46364,1788738899999,futures
1788738900000,2026-09-06T23:55:00.000Z,2026-09-07 07:55,0.10356,0.10365,0.10353,0.10362,17942,1788739199999,futures
1788739200000,2026-09-07T00:00:00.000Z,2026-09-07 08:00,0.10362,0.10367,0.10345,0.10345,28125,1788739499999,futures
1788739500000,2026-09-07T00:05:00.000Z,2026-09-07 08:05,0.10356,0.1036,0.10345,0.10359,6509,1788739799999,futures
1788739800000,2026-09-07T00:10:00.000Z,2026-09-07 08:10,0.10359,0.10373,0.10357,0.10372,12895,1788740099999,futures
1788740100000,2026-09-07T00:15:00.000Z,2026-09-07 08:15,0.1037,0.10373,0.1036,0.1036,7290,1788740399999,futures
1788740400000,2026-09-07T00:20:00.000Z,2026-09-07 08:20,0.10356,0.10379,0.10352,0.10372,33582,1788740699999,futures
1788740700000,2026-09-07T00:25:00.000Z,2026-09-07 08:25,0.10372,0.10375,0.10366,0.10375,8262,1788740999999,futures
1788741000000,2026-09-07T00:30:00.000Z,2026-09-07 08:30,0.10368,0.10379,0.10357,0.10377,17162,1788741299999,futures
1788741300000,2026-09-07T00:35:00.000Z,2026-09-07 08:35,0.10377,0.10386,0.10377,0.1038,9721,1788741599999,futures
1788741600000,2026-09-07T00:40:00.000Z,2026-09-07 08:40,0.10384,0.10391,0.10376,0.10377,16538,1788741899999,futures
1788741900000,2026-09-07T00:45:00.000Z,2026-09-07 08:45,0.10378,0.10392,0.10376,0.10388,16355,1788742199999,futures
1788742200000,2026-09-07T00:50:00.000Z,2026-09-07 08:50,0.10385,0.10385,0.10338,0.10342,36808,1788742499999,futures
1788742500000,2026-09-07T00:55:00.000Z,2026-09-07 08:55,0.10342,0.10358,0.10332,0.1034,8439,1788742799999,futures
1788742800000,2026-09-07T01:00:00.000Z,2026-09-07 09:00,0.10345,0.10363,0.10332,0.10342,23824,1788743099999,futures
1788743100000,2026-09-07T01:05:00.000Z,2026-09-07 09:05,0.10342,0.10342,0.10294,0.10301,24364,1788743399999,futures
1788743400000,2026-09-07T01:10:00.000Z,2026-09-07 09:10,0.10294,0.1032,0.10288,0.10288,69681,1788743699999,futures
1788743700000,2026-09-07T01:15:00.000Z,2026-09-07 09:15,0.1029,0.10296,0.10268,0.10283,38334,1788743999999,futures
1788744000000,2026-09-07T01:20:00.000Z,2026-09-07 09:20,0.10276,0.10281,0.10248,0.10261,28177,1788744299999,futures
1788744300000,2026-09-07T01:25:00.000Z,2026-09-07 09:25,0.10262,0.10267,0.10235,0.10242,34937,1788744599999,futures
1788744600000,2026-09-07T01:30:00.000Z,2026-09-07 09:30,0.10243,0.10284,0.10238,0.10277,57280,1788744899999,futures
1788744900000,2026-09-07T01:35:00.000Z,2026-09-07 09:35,0.1028,0.10283,0.10266,0.10269,9546,1788745199999,futures
1788745200000,2026-09-07T01:40:00.000Z,2026-09-07 09:40,0.10278,0.10282,0.10254,0.10254,18014,1788745499999,futures
1788745500000,2026-09-07T01:45:00.000Z,2026-09-07 09:45,0.10255,0.10271,0.10252,0.10264,11678,1788745799999,futures
1788745800000,2026-09-07T01:50:00.000Z,2026-09-07 09:50,0.10265,0.10279,0.10256,0.10273,27140,1788746099999,futures
1788746100000,2026-09-07T01:55:00.000Z,2026-09-07 09:55,0.10277,0.10291,0.10268,0.10291,16950,1788746399999,futures
1788746400000,2026-09-07T02:00:00.000Z,2026-09-07 10:00,0.10295,0.10306,0.10277,0.1029,52757,1788746699999,futures
1788746700000,2026-09-07T02:05:00.000Z,2026-09-07 10:05,0.103,0.10308,0.10292,0.10295,51521,1788746999999,futures
1788747000000,2026-09-07T02:10:00.000Z,2026-09-07 10:10,0.10299,0.10312,0.10296,0.10311,23953,1788747299999,futures
1788747300000,2026-09-07T02:15:00.000Z,2026-09-07 10:15,0.10311,0.10326,0.10293,0.10305,26379,1788747599999,futures
1788747600000,2026-09-07T02:20:00.000Z,2026-09-07 10:20,0.10305,0.10312,0.10296,0.10308,20164,1788747899999,futures
1788747900000,2026-09-07T02:25:00.000Z,2026-09-07 10:25,0.10308,0.10333,0.10303,0.10329,17296,1788748199999,futures
1788748200000,2026-09-07T02:30:00.000Z,2026-09-07 10:30,0.10334,0.10336,0.10308,0.10317,18031,1788748499999,futures
1788748500000,2026-09-07T02:35:00.000Z,2026-09-07 10:35,0.10323,0.10403,0.1031,0.104,68830,1788748799999,futures
1788748800000,2026-09-07T02:40:00.000Z,2026-09-07 10:40,0.10405,0.10405,0.1038,0.10391,17952,1788749099999,futures
1788749100000,2026-09-07T02:45:00.000Z,2026-09-07 10:45,0.104,0.10404,0.10383,0.10383,10822,1788749399999,futures
1788749400000,2026-09-07T02:50:00.000Z,2026-09-07 10:50,0.10396,0.10399,0.10371,0.10372,9657,1788749699999,futures
1788749700000,2026-09-07T02:55:00.000Z,2026-09-07 10:55,0.1037,0.10371,0.10321,0.10335,71701,1788749999999,futures
1788750000000,2026-09-07T03:00:00.000Z,2026-09-07 11:00,0.10339,0.10366,0.10331,0.10363,18508,1788750299999,futures
1788750300000,2026-09-07T03:05:00.000Z,2026-09-07 11:05,0.10362,0.10365,0.10335,0.10336,10055,1788750599999,futures
1788750600000,2026-09-07T03:10:00.000Z,2026-09-07 11:10,0.10338,0.10338,0.10324,0.10324,9668,1788750899999,futures
1788750900000,2026-09-07T03:15:00.000Z,2026-09-07 11:15,0.10324,0.10331,0.10318,0.10329,6392,1788751199999,futures
1788751200000,2026-09-07T03:20:00.000Z,2026-09-07 11:20,0.10327,0.10346,0.10327,0.10334,8440,1788751499999,futures
1788751500000,2026-09-07T03:25:00.000Z,2026-09-07 11:25,0.10342,0.10343,0.10316,0.1032,4521,1788751799999,futures
1788751800000,2026-09-07T03:30:00.000Z,2026-09-07 11:30,0.10323,0.10325,0.10264,0.10292,76313,1788752099999,futures
1788752100000,2026-09-07T03:35:00.000Z,2026-09-07 11:35,0.10292,0.10296,0.10271,0.1028,18041,1788752399999,futures
1788752400000,2026-09-07T03:40:00.000Z,2026-09-07 11:40,0.10286,0.10298,0.1028,0.1028,10268,1788752699999,futures
1788752700000,2026-09-07T03:45:00.000Z,2026-09-07 11:45,0.10284,0.10298,0.10284,0.10284,7907,1788752999999,futures
1788753000000,2026-09-07T03:50:00.000Z,2026-09-07 11:50,0.10288,0.10366,0.10288,0.10334,232824,1788753299999,futures
1788753300000,2026-09-07T03:55:00.000Z,2026-09-07 11:55,0.10334,0.10335,0.1032,0.10323,10093,1788753599999,futures
1788753600000,2026-09-07T04:00:00.000Z,2026-09-07 12:00,0.10323,0.1033,0.10319,0.1033,7987,1788753899999,futures
1788753900000,2026-09-07T04:05:00.000Z,2026-09-07 12:05,0.1033,0.10356,0.10311,0.10354,64160,1788754199999,futures
1788754200000,2026-09-07T04:10:00.000Z,2026-09-07 12:10,0.1035,0.10356,0.10338,0.10349,13976,1788754499999,futures
1788754500000,2026-09-07T04:15:00.000Z,2026-09-07 12:15,0.10355,0.10377,0.10349,0.1037,49530,1788754799999,futures
1788754800000,2026-09-07T04:20:00.000Z,2026-09-07 12:20,0.10379,0.10388,0.10359,0.1036,34542,1788755099999,futures
1788755100000,2026-09-07T04:25:00.000Z,2026-09-07 12:25,0.10366,0.10368,0.10334,0.1034,23817,1788755399999,futures
1788755400000,2026-09-07T04:30:00.000Z,2026-09-07 12:30,0.10344,0.10352,0.10334,0.10346,13454,1788755699999,futures
1788755700000,2026-09-07T04:35:00.000Z,2026-09-07 12:35,0.10347,0.10512,0.10321,0.10395,732811,1788755999999,futures
1788756000000,2026-09-07T04:40:00.000Z,2026-09-07 12:40,0.10393,0.10421,0.10368,0.10376,61430,1788756299999,futures
1788756300000,2026-09-07T04:45:00.000Z,2026-09-07 12:45,0.10376,0.10386,0.10358,0.1036,20818,1788756599999,futures
1788756600000,2026-09-07T04:50:00.000Z,2026-09-07 12:50,0.10356,0.10358,0.10317,0.10323,96361,1788756899999,futures
1788756900000,2026-09-07T04:55:00.000Z,2026-09-07 12:55,0.10322,0.10353,0.10321,0.10339,10187,1788757199999,futures
1788757200000,2026-09-07T05:00:00.000Z,2026-09-07 13:00,0.10337,0.10358,0.10328,0.10341,26263,1788757499999,futures
1788757500000,2026-09-07T05:05:00.000Z,2026-09-07 13:05,0.10347,0.10364,0.10345,0.10356,23553,1788757799999,futures
1788757800000,2026-09-07T05:10:00.000Z,2026-09-07 13:10,0.10357,0.10361,0.10334,0.10358,10194,1788758099999,futures
1788758100000,2026-09-07T05:15:00.000Z,2026-09-07 13:15,0.10352,0.10364,0.1035,0.10359,7849,1788758399999,futures
1788758400000,2026-09-07T05:20:00.000Z,2026-09-07 13:20,0.10355,0.10363,0.10341,0.10359,13832,1788758699999,futures
1788758700000,2026-09-07T05:25:00.000Z,2026-09-07 13:25,0.10356,0.10361,0.10342,0.10352,12474,1788758999999,futures
1788759000000,2026-09-07T05:30:00.000Z,2026-09-07 13:30,0.1035,0.10358,0.1034,0.10358,19181,1788759299999,futures
1788759300000,2026-09-07T05:35:00.000Z,2026-09-07 13:35,0.10355,0.10365,0.1034,0.10365,22230,1788759599999,futures
1788759600000,2026-09-07T05:40:00.000Z,2026-09-07 13:40,0.10358,0.10381,0.10348,0.10381,21491,1788759899999,futures
1788759900000,2026-09-07T05:45:00.000Z,2026-09-07 13:45,0.10378,0.10378,0.10345,0.10345,15930,1788760199999,futures
1788760200000,2026-09-07T05:50:00.000Z,2026-09-07 13:50,0.10356,0.10367,0.10342,0.10351,27483,1788760499999,futures
1788760500000,2026-09-07T05:55:00.000Z,2026-09-07 13:55,0.10349,0.10362,0.10335,0.10356,21520,1788760799999,futures
1788760800000,2026-09-07T06:00:00.000Z,2026-09-07 14:00,0.10355,0.10379,0.10344,0.10362,21584,1788761099999,futures
1788761100000,2026-09-07T06:05:00.000Z,2026-09-07 14:05,0.10373,0.10375,0.10353,0.10363,7962,1788761399999,futures
1788761400000,2026-09-07T06:10:00.000Z,2026-09-07 14:10,0.10364,0.10391,0.10357,0.10389,5662,1788761699999,futures
1788761700000,2026-09-07T06:15:00.000Z,2026-09-07 14:15,0.10391,0.10391,0.10366,0.10368,6284,1788761999999,futures
1788762000000,2026-09-07T06:20:00.000Z,2026-09-07 14:20,0.10367,0.10383,0.10366,0.10383,2804,1788762299999,futures
1788762300000,2026-09-07T06:25:00.000Z,2026-09-07 14:25,0.10377,0.1038,0.10366,0.10375,10837,1788762599999,futures
1788762600000,2026-09-07T06:30:00.000Z,2026-09-07 14:30,0.10372,0.1038,0.1036,0.1037,16699,1788762899999,futures
1788762900000,2026-09-07T06:35:00.000Z,2026-09-07 14:35,0.10374,0.10396,0.1037,0.10378,10965,1788763199999,futures
1788763200000,2026-09-07T06:40:00.000Z,2026-09-07 14:40,0.10384,0.10392,0.10373,0.10382,7783,1788763499999,futures
1788763500000,2026-09-07T06:45:00.000Z,2026-09-07 14:45,0.10384,0.10397,0.10381,0.10388,4010,1788763799999,futures
1788763800000,2026-09-07T06:50:00.000Z,2026-09-07 14:50,0.10388,0.10397,0.10381,0.10389,6272,1788764099999,futures
1788764100000,2026-09-07T06:55:00.000Z,2026-09-07 14:55,0.10389,0.10391,0.10378,0.10388,19033,1788764399999,futures
1788764400000,2026-09-07T07:00:00.000Z,2026-09-07 15:00,0.10389,0.10428,0.10384,0.10401,39844,1788764699999,futures
1788764700000,2026-09-07T07:05:00.000Z,2026-09-07 15:05,0.10407,0.10428,0.10398,0.10421,9585,1788764999999,futures
1788765000000,2026-09-07T07:10:00.000Z,2026-09-07 15:10,0.10428,0.10431,0.1042,0.1042,4148,1788765299999,futures
1788765300000,2026-09-07T07:15:00.000Z,2026-09-07 15:15,0.10421,0.10438,0.10417,0.10427,9004,1788765599999,futures
1788765600000,2026-09-07T07:20:00.000Z,2026-09-07 15:20,0.10434,0.10438,0.10419,0.10426,18777,1788765899999,futures
1788765900000,2026-09-07T07:25:00.000Z,2026-09-07 15:25,0.10423,0.10452,0.10413,0.10415,82372,1788766199999,futures
1788766200000,2026-09-07T07:30:00.000Z,2026-09-07 15:30,0.10415,0.10435,0.10361,0.10379,54097,1788766499999,futures
1788766500000,2026-09-07T07:35:00.000Z,2026-09-07 15:35,0.10384,0.104,0.10354,0.10379,44950,1788766799999,futures
1788766800000,2026-09-07T07:40:00.000Z,2026-09-07 15:40,0.10379,0.10395,0.10325,0.10393,65121,1788767099999,futures
1788767100000,2026-09-07T07:45:00.000Z,2026-09-07 15:45,0.10394,0.10424,0.10393,0.10413,22835,1788767399999,futures
1788767400000,2026-09-07T07:50:00.000Z,2026-09-07 15:50,0.10413,0.10421,0.10393,0.10397,22482,1788767699999,futures
1788767700000,2026-09-07T07:55:00.000Z,2026-09-07 15:55,0.10398,0.10417,0.10385,0.10412,10304,1788767999999,futures
1788768000000,2026-09-07T08:00:00.000Z,2026-09-07 16:00,0.10415,0.10443,0.10413,0.10435,33682,1788768299999,futures
1788768300000,2026-09-07T08:05:00.000Z,2026-09-07 16:05,0.10437,0.10464,0.10432,0.10462,16538,1788768599999,futures
1788768600000,2026-09-07T08:10:00.000Z,2026-09-07 16:10,0.10466,0.10471,0.10429,0.10432,59495,1788768899999,futures
1788768900000,2026-09-07T08:15:00.000Z,2026-09-07 16:15,0.10429,0.1043,0.10396,0.10427,42392,1788769199999,futures
1788769200000,2026-09-07T08:20:00.000Z,2026-09-07 16:20,0.10428,0.10435,0.10414,0.10421,7395,1788769499999,futures
1788769500000,2026-09-07T08:25:00.000Z,2026-09-07 16:25,0.10426,0.10444,0.10421,0.10433,5815,1788769799999,futures
1788769800000,2026-09-07T08:30:00.000Z,2026-09-07 16:30,0.10435,0.10455,0.10417,0.10432,40176,1788770099999,futures
1788770100000,2026-09-07T08:35:00.000Z,2026-09-07 16:35,0.1043,0.10445,0.10411,0.10441,16936,1788770399999,futures
1788770400000,2026-09-07T08:40:00.000Z,2026-09-07 16:40,0.10439,0.10457,0.10435,0.10436,6628,1788770699999,futures
1788770700000,2026-09-07T08:45:00.000Z,2026-09-07 16:45,0.1044,0.10444,0.10407,0.10428,9460,1788770999999,futures
1788771000000,2026-09-07T08:50:00.000Z,2026-09-07 16:50,0.10428,0.1043,0.10413,0.10419,15289,1788771299999,futures
1788771300000,2026-09-07T08:55:00.000Z,2026-09-07 16:55,0.10419,0.10423,0.10407,0.10413,7721,1788771599999,futures
1788771600000,2026-09-07T09:00:00.000Z,2026-09-07 17:00,0.10416,0.10431,0.10369,0.10384,156205,1788771899999,futures
1788771900000,2026-09-07T09:05:00.000Z,2026-09-07 17:05,0.10385,0.104,0.10375,0.10395,15276,1788772199999,futures
1788772200000,2026-09-07T09:10:00.000Z,2026-09-07 17:10,0.10396,0.10443,0.10396,0.10438,23248,1788772499999,futures
1788772500000,2026-09-07T09:15:00.000Z,2026-09-07 17:15,0.10435,0.10444,0.10429,0.1043,10633,1788772799999,futures
1788772800000,2026-09-07T09:20:00.000Z,2026-09-07 17:20,0.10433,0.10433,0.10408,0.10408,12666,1788773099999,futures
1788773100000,2026-09-07T09:25:00.000Z,2026-09-07 17:25,0.10416,0.1042,0.10403,0.10415,5887,1788773399999,futures
1788773400000,2026-09-07T09:30:00.000Z,2026-09-07 17:30,0.1041,0.1041,0.10381,0.1039,17126,1788773699999,futures
1788773700000,2026-09-07T09:35:00.000Z,2026-09-07 17:35,0.10385,0.10388,0.10342,0.10342,27488,1788773999999,futures
1788774000000,2026-09-07T09:40:00.000Z,2026-09-07 17:40,0.10344,0.10344,0.10323,0.10332,23871,1788774299999,futures
1788774300000,2026-09-07T09:45:00.000Z,2026-09-07 17:45,0.10332,0.10368,0.1033,0.10333,96775,1788774599999,futures
1788774600000,2026-09-07T09:50:00.000Z,2026-09-07 17:50,0.10335,0.10342,0.10298,0.10303,66390,1788774899999,futures
1788774900000,2026-09-07T09:55:00.000Z,2026-09-07 17:55,0.10303,0.10305,0.10252,0.10272,73048,1788775199999,futures
1788775200000,2026-09-07T10:00:00.000Z,2026-09-07 18:00,0.10273,0.10306,0.10272,0.10302,67841,1788775499999,futures
1788775500000,2026-09-07T10:05:00.000Z,2026-09-07 18:05,0.10299,0.10311,0.1029,0.1031,29135,1788775799999,futures
1788775800000,2026-09-07T10:10:00.000Z,2026-09-07 18:10,0.10304,0.10307,0.1029,0.10293,1883,1788776099999,futures
1788776100000,2026-09-07T10:15:00.000Z,2026-09-07 18:15,0.10298,0.1031,0.10297,0.10306,7579,1788776399999,futures
1788776400000,2026-09-07T10:20:00.000Z,2026-09-07 18:20,0.10306,0.10306,0.10289,0.103,2917,1788776699999,futures
1788776700000,2026-09-07T10:25:00.000Z,2026-09-07 18:25,0.10298,0.103,0.10245,0.10275,164693,1788776999999,futures
1788777000000,2026-09-07T10:30:00.000Z,2026-09-07 18:30,0.10275,0.10275,0.1025,0.10267,28278,1788777299999,futures
1788777300000,2026-09-07T10:35:00.000Z,2026-09-07 18:35,0.10262,0.10275,0.10256,0.10266,8723,1788777599999,futures
1788777600000,2026-09-07T10:40:00.000Z,2026-09-07 18:40,0.10275,0.10276,0.1024,0.10261,31109,1788777899999,futures
1788777900000,2026-09-07T10:45:00.000Z,2026-09-07 18:45,0.10261,0.10299,0.10256,0.10296,34638,1788778199999,futures
1788778200000,2026-09-07T10:50:00.000Z,2026-09-07 18:50,0.10297,0.10304,0.10284,0.10296,16219,1788778499999,futures
1788778500000,2026-09-07T10:55:00.000Z,2026-09-07 18:55,0.10297,0.103,0.10267,0.10274,8018,1788778799999,futures
1788778800000,2026-09-07T11:00:00.000Z,2026-09-07 19:00,0.10278,0.10294,0.10265,0.10274,27157,1788779099999,futures
1788779100000,2026-09-07T11:05:00.000Z,2026-09-07 19:05,0.10275,0.1028,0.10261,0.10272,9251,1788779399999,futures
1788779400000,2026-09-07T11:10:00.000Z,2026-09-07 19:10,0.10272,0.10289,0.1024,0.10263,78763,1788779699999,futures
1788779700000,2026-09-07T11:15:00.000Z,2026-09-07 19:15,0.10254,0.10267,0.10251,0.10267,5361,1788779999999,futures
1788780000000,2026-09-07T11:20:00.000Z,2026-09-07 19:20,0.10267,0.10282,0.10262,0.10279,7896,1788780299999,futures
1788780300000,2026-09-07T11:25:00.000Z,2026-09-07 19:25,0.1028,0.1028,0.1025,0.10251,8490,1788780599999,futures
1788780600000,2026-09-07T11:30:00.000Z,2026-09-07 19:30,0.10257,0.10272,0.10256,0.10266,13502,1788780899999,futures
1788780900000,2026-09-07T11:35:00.000Z,2026-09-07 19:35,0.10266,0.10266,0.10246,0.10247,7754,1788781199999,futures
1788781200000,2026-09-07T11:40:00.000Z,2026-09-07 19:40,0.10253,0.10257,0.10238,0.10252,35121,1788781499999,futures
1788781500000,2026-09-07T11:45:00.000Z,2026-09-07 19:45,0.10252,0.10282,0.10252,0.10279,26655,1788781799999,futures
1788781800000,2026-09-07T11:50:00.000Z,2026-09-07 19:50,0.10277,0.10281,0.10262,0.10269,4061,1788782099999,futures
1788782100000,2026-09-07T11:55:00.000Z,2026-09-07 19:55,0.10269,0.10269,0.10216,0.10256,118529,1788782399999,futures
1788782400000,2026-09-07T12:00:00.000Z,2026-09-07 20:00,0.10259,0.10297,0.10259,0.10288,86743,1788782699999,futures
1788782700000,2026-09-07T12:05:00.000Z,2026-09-07 20:05,0.10287,0.103,0.10286,0.103,5543,1788782999999,futures
1788783000000,2026-09-07T12:10:00.000Z,2026-09-07 20:10,0.10299,0.10306,0.1029,0.10306,18518,1788783299999,futures
1788783300000,2026-09-07T12:15:00.000Z,2026-09-07 20:15,0.10305,0.10341,0.10301,0.10327,43699,1788783599999,futures
1788783600000,2026-09-07T12:20:00.000Z,2026-09-07 20:20,0.10329,0.10343,0.10329,0.10336,7627,1788783899999,futures
1788783900000,2026-09-07T12:25:00.000Z,2026-09-07 20:25,0.10336,0.10343,0.10334,0.10337,2510,1788784199999,futures
1788784200000,2026-09-07T12:30:00.000Z,2026-09-07 20:30,0.10336,0.10348,0.10329,0.10347,13456,1788784499999,futures
1788784500000,2026-09-07T12:35:00.000Z,2026-09-07 20:35,0.10337,0.10354,0.10337,0.10354,5487,1788784799999,futures
1788784800000,2026-09-07T12:40:00.000Z,2026-09-07 20:40,0.1035,0.1035,0.10335,0.10338,7702,1788785099999,futures
1788785100000,2026-09-07T12:45:00.000Z,2026-09-07 20:45,0.1034,0.10363,0.1034,0.1036,10761,1788785399999,futures
1788785400000,2026-09-07T12:50:00.000Z,2026-09-07 20:50,0.10363,0.10364,0.10361,0.10362,2093,1788785699999,futures
1788785700000,2026-09-07T12:55:00.000Z,2026-09-07 20:55,0.10363,0.10363,0.10342,0.1035,14405,1788785999999,futures
1788786000000,2026-09-07T13:00:00.000Z,2026-09-07 21:00,0.10347,0.1036,0.10333,0.10358,35007,1788786299999,futures
1788786300000,2026-09-07T13:05:00.000Z,2026-09-07 21:05,0.10356,0.10356,0.10335,0.10338,43293,1788786599999,futures
1788786600000,2026-09-07T13:10:00.000Z,2026-09-07 21:10,0.10338,0.1036,0.10338,0.1036,4006,1788786899999,futures
1788786900000,2026-09-07T13:15:00.000Z,2026-09-07 21:15,0.1035,0.10403,0.10343,0.10368,147549,1788787199999,futures
1788787200000,2026-09-07T13:20:00.000Z,2026-09-07 21:20,0.10366,0.10366,0.10355,0.10355,3426,1788787499999,futures
1788787500000,2026-09-07T13:25:00.000Z,2026-09-07 21:25,0.10355,0.10355,0.10341,0.10346,16560,1788787799999,futures
1788787800000,2026-09-07T13:30:00.000Z,2026-09-07 21:30,0.10349,0.1035,0.10321,0.10324,20156,1788788099999,futures
1788788100000,2026-09-07T13:35:00.000Z,2026-09-07 21:35,0.10318,0.10318,0.10279,0.10315,131410,1788788399999,futures
1788788400000,2026-09-07T13:40:00.000Z,2026-09-07 21:40,0.10313,0.10315,0.10302,0.10313,4124,1788788699999,futures
1788788700000,2026-09-07T13:45:00.000Z,2026-09-07 21:45,0.10307,0.1031,0.10284,0.10295,25332,1788788999999,futures
1788789000000,2026-09-07T13:50:00.000Z,2026-09-07 21:50,0.10291,0.10313,0.10287,0.10307,9700,1788789299999,futures
1788789300000,2026-09-07T13:55:00.000Z,2026-09-07 21:55,0.1031,0.1032,0.10306,0.10314,36483,1788789599999,futures
1788789600000,2026-09-07T14:00:00.000Z,2026-09-07 22:00,0.10313,0.10313,0.10285,0.10287,26628,1788789899999,futures
1788789900000,2026-09-07T14:05:00.000Z,2026-09-07 22:05,0.10291,0.10296,0.10254,0.1027,47171,1788790199999,futures
1788790200000,2026-09-07T14:10:00.000Z,2026-09-07 22:10,0.10272,0.10302,0.10272,0.10288,22425,1788790499999,futures
1788790500000,2026-09-07T14:15:00.000Z,2026-09-07 22:15,0.1029,0.10316,0.10286,0.10294,30844,1788790799999,futures
1788790800000,2026-09-07T14:20:00.000Z,2026-09-07 22:20,0.10294,0.10297,0.10269,0.10276,9709,1788791099999,futures
1788791100000,2026-09-07T14:25:00.000Z,2026-09-07 22:25,0.10276,0.1028,0.10255,0.10271,18659,1788791399999,futures
1788791400000,2026-09-07T14:30:00.000Z,2026-09-07 22:30,0.10274,0.10285,0.10256,0.10285,23367,1788791699999,futures
1788791700000,2026-09-07T14:35:00.000Z,2026-09-07 22:35,0.10283,0.10283,0.10252,0.10252,9539,1788791999999,futures
1788792000000,2026-09-07T14:40:00.000Z,2026-09-07 22:40,0.10256,0.10272,0.10237,0.10272,19042,1788792299999,futures
1788792300000,2026-09-07T14:45:00.000Z,2026-09-07 22:45,0.10269,0.10299,0.10261,0.10292,12976,1788792599999,futures
1788792600000,2026-09-07T14:50:00.000Z,2026-09-07 22:50,0.10296,0.10323,0.1029,0.10323,23292,1788792899999,futures
1788792900000,2026-09-07T14:55:00.000Z,2026-09-07 22:55,0.10313,0.10322,0.10313,0.10316,4576,1788793199999,futures
1788793200000,2026-09-07T15:00:00.000Z,2026-09-07 23:00,0.10318,0.10318,0.10283,0.10283,27881,1788793499999,futures
1788793500000,2026-09-07T15:05:00.000Z,2026-09-07 23:05,0.10281,0.10289,0.1026,0.10272,7653,1788793799999,futures
1788793800000,2026-09-07T15:10:00.000Z,2026-09-07 23:10,0.10279,0.10281,0.10259,0.10266,7994,1788794099999,futures
1788794100000,2026-09-07T15:15:00.000Z,2026-09-07 23:15,0.10262,0.10299,0.10236,0.10299,25714,1788794399999,futures
1788794400000,2026-09-07T15:20:00.000Z,2026-09-07 23:20,0.10299,0.10307,0.10285,0.10288,6133,1788794699999,futures
1788794700000,2026-09-07T15:25:00.000Z,2026-09-07 23:25,0.10288,0.10305,0.10279,0.1028,16071,1788794999999,futures
1788795000000,2026-09-07T15:30:00.000Z,2026-09-07 23:30,0.1028,0.1028,0.10214,0.10236,51052,1788795299999,futures
1788795300000,2026-09-07T15:35:00.000Z,2026-09-07 23:35,0.10232,0.10246,0.10192,0.10202,53409,1788795599999,futures
1788795600000,2026-09-07T15:40:00.000Z,2026-09-07 23:40,0.10206,0.10206,0.10168,0.1019,15510,1788795899999,futures
1788795900000,2026-09-07T15:45:00.000Z,2026-09-07 23:45,0.1019,0.102,0.10171,0.10179,14582,1788796199999,futures
1788796200000,2026-09-07T15:50:00.000Z,2026-09-07 23:50,0.10185,0.10196,0.10167,0.10167,23691,1788796499999,futures
1788796500000,2026-09-07T15:55:00.000Z,2026-09-07 23:55,0.10169,0.10172,0.10136,0.10156,103841,1788796799999,futures
1788796800000,2026-09-07T16:00:00.000Z,2026-09-08 00:00,0.10156,0.10214,0.10153,0.10205,22380,1788797099999,futures
1788797100000,2026-09-07T16:05:00.000Z,2026-09-08 00:05,0.10201,0.10232,0.10201,0.10224,20272,1788797399999,futures
1788797400000,2026-09-07T16:10:00.000Z,2026-09-08 00:10,0.10224,0.10229,0.10213,0.10218,7427,1788797699999,futures
1788797700000,2026-09-07T16:15:00.000Z,2026-09-08 00:15,0.10218,0.10234,0.102,0.10234,10936,1788797999999,futures
1788798000000,2026-09-07T16:20:00.000Z,2026-09-08 00:20,0.10235,0.10247,0.10229,0.10238,16783,1788798299999,futures
1788798300000,2026-09-07T16:25:00.000Z,2026-09-08 00:25,0.10239,0.10244,0.10223,0.1023,6395,1788798599999,futures
1788798600000,2026-09-07T16:30:00.000Z,2026-09-08 00:30,0.1023,0.1025,0.10228,0.10243,14765,1788798899999,futures
1788798900000,2026-09-07T16:35:00.000Z,2026-09-08 00:35,0.10243,0.10263,0.10243,0.10257,8711,1788799199999,futures
1788799200000,2026-09-07T16:40:00.000Z,2026-09-08 00:40,0.1026,0.10269,0.10247,0.10249,12885,1788799499999,futures
1788799500000,2026-09-07T16:45:00.000Z,2026-09-08 00:45,0.10249,0.10261,0.10244,0.10244,3702,1788799799999,futures
1788799800000,2026-09-07T16:50:00.000Z,2026-09-08 00:50,0.10251,0.10257,0.10235,0.10236,12267,1788800099999,futures
1788800100000,2026-09-07T16:55:00.000Z,2026-09-08 00:55,0.10235,0.10247,0.10235,0.10247,2925,1788800399999,futures
1788800400000,2026-09-07T17:00:00.000Z,2026-09-08 01:00,0.10248,0.10248,0.10214,0.10228,20342,1788800699999,futures
1788800700000,2026-09-07T17:05:00.000Z,2026-09-08 01:05,0.10222,0.10239,0.10213,0.10229,6893,1788800999999,futures
1788801000000,2026-09-07T17:10:00.000Z,2026-09-08 01:10,0.10233,0.10242,0.10231,0.10238,2299,1788801299999,futures
1788801300000,2026-09-07T17:15:00.000Z,2026-09-08 01:15,0.10235,0.10237,0.10217,0.10224,20488,1788801599999,futures
1788801600000,2026-09-07T17:20:00.000Z,2026-09-08 01:20,0.10226,0.10236,0.1022,0.10225,8402,1788801899999,futures
1788801900000,2026-09-07T17:25:00.000Z,2026-09-08 01:25,0.10225,0.10229,0.10219,0.10229,2736,1788802199999,futures
1788802200000,2026-09-07T17:30:00.000Z,2026-09-08 01:30,0.10229,0.1023,0.10216,0.10216,9809,1788802499999,futures
1788802500000,2026-09-07T17:35:00.000Z,2026-09-08 01:35,0.10216,0.10235,0.10213,0.1023,5722,1788802799999,futures
1788802800000,2026-09-07T17:40:00.000Z,2026-09-08 01:40,0.10233,0.1024,0.10223,0.10235,3262,1788803099999,futures
1788803100000,2026-09-07T17:45:00.000Z,2026-09-08 01:45,0.10235,0.10236,0.10222,0.10233,11282,1788803399999,futures
1788803400000,2026-09-07T17:50:00.000Z,2026-09-08 01:50,0.10229,0.10237,0.10214,0.10228,9003,1788803699999,futures
1788803700000,2026-09-07T17:55:00.000Z,2026-09-08 01:55,0.10228,0.10233,0.10216,0.10226,14032,1788803999999,futures
1788804000000,2026-09-07T18:00:00.000Z,2026-09-08 02:00,0.10226,0.10226,0.10208,0.10224,16472,1788804299999,futures
1788804300000,2026-09-07T18:05:00.000Z,2026-09-08 02:05,0.10225,0.10239,0.10218,0.10229,9529,1788804599999,futures
1788804600000,2026-09-07T18:10:00.000Z,2026-09-08 02:10,0.10228,0.10232,0.1022,0.10226,4161,1788804899999,futures
1788804900000,2026-09-07T18:15:00.000Z,2026-09-08 02:15,0.10226,0.10233,0.10212,0.10233,20025,1788805199999,futures
1788805200000,2026-09-07T18:20:00.000Z,2026-09-08 02:20,0.1023,0.10231,0.1022,0.1022,3433,1788805499999,futures
1788805500000,2026-09-07T18:25:00.000Z,2026-09-08 02:25,0.10222,0.10227,0.10219,0.10223,2886,1788805799999,futures
1788805800000,2026-09-07T18:30:00.000Z,2026-09-08 02:30,0.1022,0.10222,0.10203,0.10216,11180,1788806099999,futures
1788806100000,2026-09-07T18:35:00.000Z,2026-09-08 02:35,0.10218,0.10247,0.10212,0.10243,26257,1788806399999,futures
1788806400000,2026-09-07T18:40:00.000Z,2026-09-08 02:40,0.1024,0.10241,0.1022,0.10241,19934,1788806699999,futures
1788806700000,2026-09-07T18:45:00.000Z,2026-09-08 02:45,0.1024,0.10245,0.1023,0.10235,8597,1788806999999,futures
1788807000000,2026-09-07T18:50:00.000Z,2026-09-08 02:50,0.10236,0.10237,0.10221,0.10228,5202,1788807299999,futures
1788807300000,2026-09-07T18:55:00.000Z,2026-09-08 02:55,0.10231,0.10233,0.1021,0.10228,4516,1788807599999,futures
1788807600000,2026-09-07T19:00:00.000Z,2026-09-08 03:00,0.10221,0.10221,0.10197,0.1022,23233,1788807899999,futures
1788807900000,2026-09-07T19:05:00.000Z,2026-09-08 03:05,0.10212,0.10212,0.10198,0.10198,1407,1788808199999,futures
1788808200000,2026-09-07T19:10:00.000Z,2026-09-08 03:10,0.10198,0.10206,0.10194,0.10206,2912,1788808499999,futures
1788808500000,2026-09-07T19:15:00.000Z,2026-09-08 03:15,0.10206,0.10213,0.102,0.10204,2528,1788808799999,futures
1788808800000,2026-09-07T19:20:00.000Z,2026-09-08 03:20,0.10203,0.10203,0.10184,0.10196,11287,1788809099999,futures
1788809100000,2026-09-07T19:25:00.000Z,2026-09-08 03:25,0.102,0.10202,0.10184,0.10196,18803,1788809399999,futures
1788809400000,2026-09-07T19:30:00.000Z,2026-09-08 03:30,0.10198,0.10219,0.10194,0.10213,5451,1788809699999,futures
1788809700000,2026-09-07T19:35:00.000Z,2026-09-08 03:35,0.10211,0.10228,0.1021,0.1022,5080,1788809999999,futures
1788810000000,2026-09-07T19:40:00.000Z,2026-09-08 03:40,0.1022,0.10228,0.1022,0.10221,2971,1788810299999,futures
1788810300000,2026-09-07T19:45:00.000Z,2026-09-08 03:45,0.10225,0.1024,0.1022,0.10232,7871,1788810599999,futures
1788810600000,2026-09-07T19:50:00.000Z,2026-09-08 03:50,0.1023,0.10243,0.10228,0.10235,13608,1788810899999,futures
1788810900000,2026-09-07T19:55:00.000Z,2026-09-08 03:55,0.1023,0.10236,0.10226,0.10236,8286,1788811199999,futures
1788811200000,2026-09-07T20:00:00.000Z,2026-09-08 04:00,0.10236,0.10237,0.10219,0.10235,32172,1788811499999,futures
1788811500000,2026-09-07T20:05:00.000Z,2026-09-08 04:05,0.10236,0.10242,0.1022,0.10239,13105,1788811799999,futures
1788811800000,2026-09-07T20:10:00.000Z,2026-09-08 04:10,0.10239,0.10249,0.10217,0.10218,13504,1788812099999,futures
1788812100000,2026-09-07T20:15:00.000Z,2026-09-08 04:15,0.10223,0.10248,0.1022,0.10233,7106,1788812399999,futures
1788812400000,2026-09-07T20:20:00.000Z,2026-09-08 04:20,0.10236,0.10239,0.10221,0.10226,2157,1788812699999,futures
1788812700000,2026-09-07T20:25:00.000Z,2026-09-08 04:25,0.10228,0.10237,0.10226,0.10226,3987,1788812999999,futures
1788813000000,2026-09-07T20:30:00.000Z,2026-09-08 04:30,0.10233,0.10252,0.10228,0.10252,6639,1788813299999,futures
1788813300000,2026-09-07T20:35:00.000Z,2026-09-08 04:35,0.10251,0.10253,0.1023,0.10231,7581,1788813599999,futures
1788813600000,2026-09-07T20:40:00.000Z,2026-09-08 04:40,0.1023,0.10238,0.10222,0.10223,5837,1788813899999,futures
1788813900000,2026-09-07T20:45:00.000Z,2026-09-08 04:45,0.10228,0.10239,0.10217,0.10238,3268,1788814199999,futures
1788814200000,2026-09-07T20:50:00.000Z,2026-09-08 04:50,0.10232,0.10239,0.10224,0.10225,7228,1788814499999,futures
1788814500000,2026-09-07T20:55:00.000Z,2026-09-08 04:55,0.10231,0.1024,0.10224,0.10237,5872,1788814799999,futures
1788814800000,2026-09-07T21:00:00.000Z,2026-09-08 05:00,0.10228,0.10234,0.10223,0.1023,13588,1788815099999,futures
1788815100000,2026-09-07T21:05:00.000Z,2026-09-08 05:05,0.10232,0.10232,0.10223,0.10227,1562,1788815399999,futures
1788815400000,2026-09-07T21:10:00.000Z,2026-09-08 05:10,0.10226,0.10247,0.10222,0.10247,24301,1788815699999,futures
1788815700000,2026-09-07T21:15:00.000Z,2026-09-08 05:15,0.10247,0.10248,0.1023,0.10247,9775,1788815999999,futures
1788816000000,2026-09-07T21:20:00.000Z,2026-09-08 05:20,0.10245,0.10262,0.1023,0.10238,6831,1788816299999,futures
1788816300000,2026-09-07T21:25:00.000Z,2026-09-08 05:25,0.10239,0.10245,0.1023,0.10231,4652,1788816599999,futures
1788816600000,2026-09-07T21:30:00.000Z,2026-09-08 05:30,0.10232,0.10241,0.10225,0.1023,4033,1788816899999,futures
1788816900000,2026-09-07T21:35:00.000Z,2026-09-08 05:35,0.10231,0.1024,0.10226,0.1024,2483,1788817199999,futures
1788817200000,2026-09-07T21:40:00.000Z,2026-09-08 05:40,0.10236,0.1024,0.10222,0.10224,9509,1788817499999,futures
1788817500000,2026-09-07T21:45:00.000Z,2026-09-08 05:45,0.10234,0.10241,0.10222,0.10233,7089,1788817799999,futures
1788817800000,2026-09-07T21:50:00.000Z,2026-09-08 05:50,0.10223,0.10232,0.10217,0.10217,6133,1788818099999,futures
1788818100000,2026-09-07T21:55:00.000Z,2026-09-08 05:55,0.10217,0.10222,0.10216,0.10222,2479,1788818399999,futures
1788818400000,2026-09-07T22:00:00.000Z,2026-09-08 06:00,0.10222,0.10222,0.10204,0.10209,10231,1788818699999,futures
1788818700000,2026-09-07T22:05:00.000Z,2026-09-08 06:05,0.10215,0.1022,0.10209,0.1022,1437,1788818999999,futures
1788819000000,2026-09-07T22:10:00.000Z,2026-09-08 06:10,0.1022,0.10222,0.10214,0.10222,2456,1788819299999,futures
1788819300000,2026-09-07T22:15:00.000Z,2026-09-08 06:15,0.10222,0.10223,0.10201,0.10201,6536,1788819599999,futures
1788819600000,2026-09-07T22:20:00.000Z,2026-09-08 06:20,0.10202,0.10206,0.1019,0.10203,5079,1788819899999,futures
1788819900000,2026-09-07T22:25:00.000Z,2026-09-08 06:25,0.10211,0.10223,0.10205,0.10206,3631,1788820199999,futures
1788820200000,2026-09-07T22:30:00.000Z,2026-09-08 06:30,0.10205,0.10205,0.10185,0.10194,12276,1788820499999,futures
1788820500000,2026-09-07T22:35:00.000Z,2026-09-08 06:35,0.10193,0.10194,0.10178,0.10178,14853,1788820799999,futures
1788820800000,2026-09-07T22:40:00.000Z,2026-09-08 06:40,0.10177,0.1018,0.10153,0.10175,52480,1788821099999,futures
1788821100000,2026-09-07T22:45:00.000Z,2026-09-08 06:45,0.10178,0.10186,0.10169,0.10169,6749,1788821399999,futures
1788821400000,2026-09-07T22:50:00.000Z,2026-09-08 06:50,0.10173,0.10186,0.1017,0.10183,5635,1788821699999,futures
1788821700000,2026-09-07T22:55:00.000Z,2026-09-08 06:55,0.1018,0.1019,0.10175,0.10187,4721,1788821999999,futures
1788822000000,2026-09-07T23:00:00.000Z,2026-09-08 07:00,0.10184,0.10193,0.10176,0.1019,25507,1788822299999,futures
1788822300000,2026-09-07T23:05:00.000Z,2026-09-08 07:05,0.10189,0.10215,0.10186,0.10208,4437,1788822599999,futures
1788822600000,2026-09-07T23:10:00.000Z,2026-09-08 07:10,0.10209,0.10215,0.10202,0.10215,4548,1788822899999,futures
1788822900000,2026-09-07T23:15:00.000Z,2026-09-08 07:15,0.10216,0.10221,0.10202,0.1021,6082,1788823199999,futures
1788823200000,2026-09-07T23:20:00.000Z,2026-09-08 07:20,0.10212,0.10216,0.10188,0.10188,5709,1788823499999,futures
1788823500000,2026-09-07T23:25:00.000Z,2026-09-08 07:25,0.10187,0.10204,0.10187,0.10204,3006,1788823799999,futures
1788823800000,2026-09-07T23:30:00.000Z,2026-09-08 07:30,0.10201,0.10218,0.10192,0.10209,16823,1788824099999,futures
1788824100000,2026-09-07T23:35:00.000Z,2026-09-08 07:35,0.10208,0.10233,0.10208,0.10227,5537,1788824399999,futures
1788824400000,2026-09-07T23:40:00.000Z,2026-09-08 07:40,0.10222,0.10242,0.10219,0.10241,19373,1788824699999,futures
1788824700000,2026-09-07T23:45:00.000Z,2026-09-08 07:45,0.10235,0.1026,0.1023,0.10248,22305,1788824999999,futures
1788825000000,2026-09-07T23:50:00.000Z,2026-09-08 07:50,0.10248,0.10252,0.10237,0.10243,8975,1788825299999,futures
1788825300000,2026-09-07T23:55:00.000Z,2026-09-08 07:55,0.10243,0.1025,0.10231,0.10248,8962,1788825599999,futures
1788825600000,2026-09-08T00:00:00.000Z,2026-09-08 08:00,0.10232,0.10246,0.10199,0.10214,42263,1788825899999,futures
1788825900000,2026-09-08T00:05:00.000Z,2026-09-08 08:05,0.10207,0.10274,0.10207,0.10259,61416,1788826199999,futures
1788826200000,2026-09-08T00:10:00.000Z,2026-09-08 08:10,0.10264,0.10265,0.10229,0.10235,26150,1788826499999,futures
1788826500000,2026-09-08T00:15:00.000Z,2026-09-08 08:15,0.10235,0.10252,0.10232,0.10233,6763,1788826799999,futures
1788826800000,2026-09-08T00:20:00.000Z,2026-09-08 08:20,0.10231,0.10231,0.10213,0.10228,9685,1788827099999,futures
1788827100000,2026-09-08T00:25:00.000Z,2026-09-08 08:25,0.10229,0.10235,0.10221,0.10228,2069,1788827399999,futures
1788827400000,2026-09-08T00:30:00.000Z,2026-09-08 08:30,0.10215,0.10243,0.1021,0.10242,14260,1788827699999,futures
1788827700000,2026-09-08T00:35:00.000Z,2026-09-08 08:35,0.10242,0.10262,0.10238,0.10244,8598,1788827999999,futures
1788828000000,2026-09-08T00:40:00.000Z,2026-09-08 08:40,0.10245,0.10262,0.10238,0.10246,8521,1788828299999,futures
1788828300000,2026-09-08T00:45:00.000Z,2026-09-08 08:45,0.10239,0.1025,0.10235,0.10248,3059,1788828599999,futures
1788828600000,2026-09-08T00:50:00.000Z,2026-09-08 08:50,0.10245,0.10262,0.10237,0.10253,5495,1788828899999,futures
1788828900000,2026-09-08T00:55:00.000Z,2026-09-08 08:55,0.10248,0.10249,0.10227,0.10236,9809,1788829199999,futures
1788829200000,2026-09-08T01:00:00.000Z,2026-09-08 09:00,0.1023,0.10252,0.10227,0.10244,56527,1788829499999,futures
1788829500000,2026-09-08T01:05:00.000Z,2026-09-08 09:05,0.10245,0.10248,0.10227,0.10248,6308,1788829799999,futures
1788829800000,2026-09-08T01:10:00.000Z,2026-09-08 09:10,0.10246,0.10264,0.10244,0.10262,12892,1788830099999,futures
1788830100000,2026-09-08T01:15:00.000Z,2026-09-08 09:15,0.10258,0.10264,0.10248,0.10264,4894,1788830399999,futures
1788830400000,2026-09-08T01:20:00.000Z,2026-09-08 09:20,0.10261,0.10268,0.10248,0.10255,14689,1788830699999,futures
1788830700000,2026-09-08T01:25:00.000Z,2026-09-08 09:25,0.10259,0.1027,0.10258,0.10269,3579,1788830999999,futures
1788831000000,2026-09-08T01:30:00.000Z,2026-09-08 09:30,0.10268,0.10271,0.10265,0.10269,6206,1788831299999,futures
1788831300000,2026-09-08T01:35:00.000Z,2026-09-08 09:35,0.10269,0.10273,0.10258,0.10258,5110,1788831599999,futures
1788831600000,2026-09-08T01:40:00.000Z,2026-09-08 09:40,0.10258,0.10266,0.10252,0.10258,15354,1788831899999,futures
1788831900000,2026-09-08T01:45:00.000Z,2026-09-08 09:45,0.1026,0.10264,0.10253,0.10256,3618,1788832199999,futures
1788832200000,2026-09-08T01:50:00.000Z,2026-09-08 09:50,0.10256,0.10263,0.10246,0.10256,18392,1788832499999,futures
1788832500000,2026-09-08T01:55:00.000Z,2026-09-08 09:55,0.10258,0.10276,0.10247,0.10266,8199,1788832799999,futures
1788832800000,2026-09-08T02:00:00.000Z,2026-09-08 10:00,0.10266,0.10267,0.10248,0.10261,18424,1788833099999,futures
1788833100000,2026-09-08T02:05:00.000Z,2026-09-08 10:05,0.1026,0.1026,0.10247,0.10249,9787,1788833399999,futures
1788833400000,2026-09-08T02:10:00.000Z,2026-09-08 10:10,0.10254,0.10266,0.10247,0.10264,13810,1788833699999,futures
1788833700000,2026-09-08T02:15:00.000Z,2026-09-08 10:15,0.10264,0.10276,0.10262,0.10271,2549,1788833999999,futures
1788834000000,2026-09-08T02:20:00.000Z,2026-09-08 10:20,0.10271,0.10276,0.10266,0.1027,3642,1788834299999,futures
1788834300000,2026-09-08T02:25:00.000Z,2026-09-08 10:25,0.1027,0.10275,0.10249,0.10261,25303,1788834599999,futures
1788834600000,2026-09-08T02:30:00.000Z,2026-09-08 10:30,0.10258,0.10267,0.10247,0.10264,7677,1788834899999,futures
1788834900000,2026-09-08T02:35:00.000Z,2026-09-08 10:35,0.10264,0.10264,0.10243,0.10246,11729,1788835199999,futures
1788835200000,2026-09-08T02:40:00.000Z,2026-09-08 10:40,0.10246,0.10249,0.10236,0.10243,5727,1788835499999,futures
1788835500000,2026-09-08T02:45:00.000Z,2026-09-08 10:45,0.10247,0.10248,0.10226,0.10235,5068,1788835799999,futures
1788835800000,2026-09-08T02:50:00.000Z,2026-09-08 10:50,0.10229,0.1023,0.10212,0.10218,18872,1788836099999,futures
1788836100000,2026-09-08T02:55:00.000Z,2026-09-08 10:55,0.10226,0.10228,0.10211,0.1022,25198,1788836399999,futures
1788836400000,2026-09-08T03:00:00.000Z,2026-09-08 11:00,0.10221,0.10221,0.10207,0.10208,15768,1788836699999,futures
1788836700000,2026-09-08T03:05:00.000Z,2026-09-08 11:05,0.1021,0.10219,0.1021,0.10214,4470,1788836999999,futures
1788837000000,2026-09-08T03:10:00.000Z,2026-09-08 11:10,0.10214,0.10218,0.10207,0.10207,4072,1788837299999,futures
1788837300000,2026-09-08T03:15:00.000Z,2026-09-08 11:15,0.10211,0.10216,0.10205,0.10208,3794,1788837599999,futures
1788837600000,2026-09-08T03:20:00.000Z,2026-09-08 11:20,0.10206,0.10227,0.10191,0.10215,50957,1788837899999,futures
1788837900000,2026-09-08T03:25:00.000Z,2026-09-08 11:25,0.10218,0.10231,0.10214,0.10231,7418,1788838199999,futures
1788838200000,2026-09-08T03:30:00.000Z,2026-09-08 11:30,0.10231,0.10263,0.10231,0.10248,31752,1788838499999,futures
1788838500000,2026-09-08T03:35:00.000Z,2026-09-08 11:35,0.10249,0.10272,0.10249,0.10265,18832,1788838799999,futures
1788838800000,2026-09-08T03:40:00.000Z,2026-09-08 11:40,0.10271,0.10311,0.10265,0.10298,65435,1788839099999,futures
1788839100000,2026-09-08T03:45:00.000Z,2026-09-08 11:45,0.10305,0.10419,0.103,0.10358,533773,1788839399999,futures
1788839400000,2026-09-08T03:50:00.000Z,2026-09-08 11:50,0.1036,0.10364,0.10265,0.10291,358921,1788839699999,futures
1788839700000,2026-09-08T03:55:00.000Z,2026-09-08 11:55,0.10293,0.10298,0.10265,0.10275,61644,1788839999999,futures
1788840000000,2026-09-08T04:00:00.000Z,2026-09-08 12:00,0.10275,0.10317,0.10275,0.10309,84409,1788840299999,futures
1788840300000,2026-09-08T04:05:00.000Z,2026-09-08 12:05,0.10311,0.10315,0.10299,0.10313,20933,1788840599999,futures
1788840600000,2026-09-08T04:10:00.000Z,2026-09-08 12:10,0.10313,0.10315,0.10303,0.10311,14810,1788840899999,futures
1788840900000,2026-09-08T04:15:00.000Z,2026-09-08 12:15,0.10312,0.10315,0.10287,0.10292,37551,1788841199999,futures
1788841200000,2026-09-08T04:20:00.000Z,2026-09-08 12:20,0.10293,0.10294,0.10135,0.10177,240725,1788841499999,futures
1788841500000,2026-09-08T04:25:00.000Z,2026-09-08 12:25,0.10178,0.10217,0.10178,0.10202,39069,1788841799999,futures
1788841800000,2026-09-08T04:30:00.000Z,2026-09-08 12:30,0.10201,0.10204,0.10182,0.1019,17766,1788842099999,futures
1788842100000,2026-09-08T04:35:00.000Z,2026-09-08 12:35,0.10193,0.10213,0.10193,0.10209,15800,1788842399999,futures
1788842400000,2026-09-08T04:40:00.000Z,2026-09-08 12:40,0.1021,0.10211,0.10195,0.10207,10707,1788842699999,futures
1788842700000,2026-09-08T04:45:00.000Z,2026-09-08 12:45,0.10202,0.10217,0.10198,0.10205,11062,1788842999999,futures
1788843000000,2026-09-08T04:50:00.000Z,2026-09-08 12:50,0.10209,0.10238,0.10207,0.10237,25191,1788843299999,futures
1788843300000,2026-09-08T04:55:00.000Z,2026-09-08 12:55,0.10237,0.10238,0.10225,0.10231,26023,1788843599999,futures
1788843600000,2026-09-08T05:00:00.000Z,2026-09-08 13:00,0.10226,0.10289,0.10213,0.10288,86136,1788843899999,futures
1788843900000,2026-09-08T05:05:00.000Z,2026-09-08 13:05,0.10284,0.1029,0.10257,0.10257,34109,1788844199999,futures
1788844200000,2026-09-08T05:10:00.000Z,2026-09-08 13:10,0.10254,0.10275,0.10252,0.10252,24376,1788844499999,futures
1788844500000,2026-09-08T05:15:00.000Z,2026-09-08 13:15,0.10251,0.10274,0.10248,0.10266,9479,1788844799999,futures
1788844800000,2026-09-08T05:20:00.000Z,2026-09-08 13:20,0.10264,0.10284,0.10244,0.10253,53372,1788845099999,futures
1788845100000,2026-09-08T05:25:00.000Z,2026-09-08 13:25,0.10253,0.10254,0.10236,0.10248,8216,1788845399999,futures
1788845400000,2026-09-08T05:30:00.000Z,2026-09-08 13:30,0.10248,0.1025,0.1023,0.10237,9528,1788845699999,futures
1788845700000,2026-09-08T05:35:00.000Z,2026-09-08 13:35,0.10237,0.10252,0.10221,0.1025,10350,1788845999999,futures
1788846000000,2026-09-08T05:40:00.000Z,2026-09-08 13:40,0.10243,0.1025,0.10197,0.10208,41307,1788846299999,futures
1788846300000,2026-09-08T05:45:00.000Z,2026-09-08 13:45,0.10205,0.1022,0.10205,0.1022,5066,1788846599999,futures
1788846600000,2026-09-08T05:50:00.000Z,2026-09-08 13:50,0.10221,0.10229,0.1019,0.10203,23791,1788846899999,futures
1788846900000,2026-09-08T05:55:00.000Z,2026-09-08 13:55,0.10199,0.10217,0.10199,0.10216,4506,1788847199999,futures
1788847200000,2026-09-08T06:00:00.000Z,2026-09-08 14:00,0.10213,0.10222,0.10196,0.10207,27205,1788847499999,futures
1788847500000,2026-09-08T06:05:00.000Z,2026-09-08 14:05,0.10205,0.10208,0.10195,0.10201,13908,1788847799999,futures
1788847800000,2026-09-08T06:10:00.000Z,2026-09-08 14:10,0.102,0.10208,0.10184,0.10206,7359,1788848099999,futures
1788848100000,2026-09-08T06:15:00.000Z,2026-09-08 14:15,0.102,0.10205,0.10157,0.10157,34948,1788848399999,futures
1788848400000,2026-09-08T06:20:00.000Z,2026-09-08 14:20,0.10157,0.10157,0.10107,0.10125,48931,1788848699999,futures
1788848700000,2026-09-08T06:25:00.000Z,2026-09-08 14:25,0.10125,0.10131,0.10114,0.10125,8059,1788848999999,futures
1788849000000,2026-09-08T06:30:00.000Z,2026-09-08 14:30,0.10116,0.10123,0.10105,0.1012,29554,1788849299999,futures
1788849300000,2026-09-08T06:35:00.000Z,2026-09-08 14:35,0.10117,0.10124,0.10106,0.10119,16488,1788849599999,futures
1788849600000,2026-09-08T06:40:00.000Z,2026-09-08 14:40,0.10117,0.1012,0.10091,0.10101,33458,1788849899999,futures
1788849900000,2026-09-08T06:45:00.000Z,2026-09-08 14:45,0.10097,0.10109,0.10084,0.10087,37785,1788850199999,futures
1788850200000,2026-09-08T06:50:00.000Z,2026-09-08 14:50,0.10092,0.10096,0.10083,0.1009,17167,1788850499999,futures
1788850500000,2026-09-08T06:55:00.000Z,2026-09-08 14:55,0.10086,0.10123,0.1008,0.10109,21575,1788850799999,futures
1788850800000,2026-09-08T07:00:00.000Z,2026-09-08 15:00,0.10117,0.10153,0.10117,0.1012,37579,1788851099999,futures
1788851100000,2026-09-08T07:05:00.000Z,2026-09-08 15:05,0.10126,0.10138,0.10126,0.10136,13093,1788851399999,futures
1788851400000,2026-09-08T07:10:00.000Z,2026-09-08 15:10,0.10135,0.10144,0.10132,0.10139,19992,1788851699999,futures
1788851700000,2026-09-08T07:15:00.000Z,2026-09-08 15:15,0.10138,0.10138,0.1012,0.10131,14902,1788851999999,futures
1788852000000,2026-09-08T07:20:00.000Z,2026-09-08 15:20,0.10131,0.10139,0.10122,0.10139,11873,1788852299999,futures
1788852300000,2026-09-08T07:25:00.000Z,2026-09-08 15:25,0.10139,0.10161,0.10139,0.10154,17413,1788852599999,futures
1788852600000,2026-09-08T07:30:00.000Z,2026-09-08 15:30,0.1015,0.1015,0.10128,0.10128,25407,1788852899999,futures
1788852900000,2026-09-08T07:35:00.000Z,2026-09-08 15:35,0.10132,0.10167,0.1013,0.10157,16986,1788853199999,futures
1788853200000,2026-09-08T07:40:00.000Z,2026-09-08 15:40,0.10158,0.10167,0.10143,0.10144,12394,1788853499999,futures
1788853500000,2026-09-08T07:45:00.000Z,2026-09-08 15:45,0.10151,0.10151,0.10135,0.10136,11712,1788853799999,futures
1788853800000,2026-09-08T07:50:00.000Z,2026-09-08 15:50,0.10136,0.10159,0.10122,0.10159,8256,1788854099999,futures
1788854100000,2026-09-08T07:55:00.000Z,2026-09-08 15:55,0.10158,0.10172,0.10156,0.10172,16188,1788854399999,futures
1788854400000,2026-09-08T08:00:00.000Z,2026-09-08 16:00,0.1017,0.10171,0.10132,0.10135,35506,1788854699999,futures
1788854700000,2026-09-08T08:05:00.000Z,2026-09-08 16:05,0.10137,0.10157,0.10127,0.10155,28555,1788854999999,futures
1788855000000,2026-09-08T08:10:00.000Z,2026-09-08 16:10,0.10148,0.10155,0.10113,0.10128,24845,1788855299999,futures
1788855300000,2026-09-08T08:15:00.000Z,2026-09-08 16:15,0.10126,0.1014,0.10116,0.10135,4578,1788855599999,futures
1788855600000,2026-09-08T08:20:00.000Z,2026-09-08 16:20,0.10135,0.10138,0.10124,0.10137,6815,1788855899999,futures
1788855900000,2026-09-08T08:25:00.000Z,2026-09-08 16:25,0.10134,0.10144,0.10118,0.10138,8529,1788856199999,futures
1788856200000,2026-09-08T08:30:00.000Z,2026-09-08 16:30,0.10138,0.10163,0.10131,0.10154,12372,1788856499999,futures
1788856500000,2026-09-08T08:35:00.000Z,2026-09-08 16:35,0.10155,0.10179,0.10155,0.10173,8787,1788856799999,futures
1788856800000,2026-09-08T08:40:00.000Z,2026-09-08 16:40,0.10168,0.10175,0.10152,0.10164,8936,1788857099999,futures
1788857100000,2026-09-08T08:45:00.000Z,2026-09-08 16:45,0.10164,0.10164,0.10147,0.10157,4757,1788857399999,futures
1788857400000,2026-09-08T08:50:00.000Z,2026-09-08 16:50,0.10157,0.10169,0.10152,0.10159,22053,1788857699999,futures
1788857700000,2026-09-08T08:55:00.000Z,2026-09-08 16:55,0.10156,0.10193,0.10156,0.10171,35060,1788857999999,futures
1788858000000,2026-09-08T09:00:00.000Z,2026-09-08 17:00,0.10174,0.10192,0.10174,0.10183,4951,1788858299999,futures
1788858300000,2026-09-08T09:05:00.000Z,2026-09-08 17:05,0.10183,0.10194,0.10172,0.10172,18295,1788858599999,futures
1788858600000,2026-09-08T09:10:00.000Z,2026-09-08 17:10,0.10172,0.10184,0.10172,0.10184,5133,1788858899999,futures
1788858900000,2026-09-08T09:15:00.000Z,2026-09-08 17:15,0.10184,0.10188,0.1017,0.1017,8566,1788859199999,futures
1788859200000,2026-09-08T09:20:00.000Z,2026-09-08 17:20,0.10168,0.10172,0.10158,0.10169,3841,1788859499999,futures
1788859500000,2026-09-08T09:25:00.000Z,2026-09-08 17:25,0.10174,0.10185,0.10166,0.10166,8649,1788859799999,futures
1788859800000,2026-09-08T09:30:00.000Z,2026-09-08 17:30,0.10172,0.10208,0.10166,0.10204,19770,1788860099999,futures
1788860100000,2026-09-08T09:35:00.000Z,2026-09-08 17:35,0.10202,0.10203,0.10192,0.10196,16545,1788860399999,futures
1788860400000,2026-09-08T09:40:00.000Z,2026-09-08 17:40,0.10196,0.10205,0.10195,0.10196,7502,1788860699999,futures
1788860700000,2026-09-08T09:45:00.000Z,2026-09-08 17:45,0.10195,0.10207,0.1019,0.10202,10041,1788860999999,futures
1788861000000,2026-09-08T09:50:00.000Z,2026-09-08 17:50,0.10197,0.10228,0.10197,0.10218,29694,1788861299999,futures
1788861300000,2026-09-08T09:55:00.000Z,2026-09-08 17:55,0.10215,0.10228,0.1021,0.10223,23153,1788861599999,futures
1788861600000,2026-09-08T10:00:00.000Z,2026-09-08 18:00,0.10214,0.10234,0.10205,0.10225,13321,1788861899999,futures
1788861900000,2026-09-08T10:05:00.000Z,2026-09-08 18:05,0.10225,0.10247,0.10223,0.10247,21791,1788862199999,futures
1788862200000,2026-09-08T10:10:00.000Z,2026-09-08 18:10,0.10241,0.10263,0.10238,0.10262,7117,1788862499999,futures
1788862500000,2026-09-08T10:15:00.000Z,2026-09-08 18:15,0.10263,0.10287,0.10263,0.10278,17409,1788862799999,futures
1788862800000,2026-09-08T10:20:00.000Z,2026-09-08 18:20,0.10281,0.10318,0.10281,0.1031,37000,1788863099999,futures
1788863100000,2026-09-08T10:25:00.000Z,2026-09-08 18:25,0.10304,0.10371,0.10303,0.1036,57880,1788863399999,futures
1788863400000,2026-09-08T10:30:00.000Z,2026-09-08 18:30,0.10361,0.10373,0.10346,0.10359,22413,1788863699999,futures
1788863700000,2026-09-08T10:35:00.000Z,2026-09-08 18:35,0.10359,0.10365,0.10351,0.10356,11776,1788863999999,futures
1788864000000,2026-09-08T10:40:00.000Z,2026-09-08 18:40,0.10354,0.10369,0.10349,0.10351,10051,1788864299999,futures
1788864300000,2026-09-08T10:45:00.000Z,2026-09-08 18:45,0.10356,0.10358,0.10342,0.10357,30032,1788864599999,futures
1788864600000,2026-09-08T10:50:00.000Z,2026-09-08 18:50,0.10352,0.10357,0.10323,0.10332,14138,1788864899999,futures
1788864900000,2026-09-08T10:55:00.000Z,2026-09-08 18:55,0.10326,0.10327,0.10312,0.1032,14932,1788865199999,futures
1788865200000,2026-09-08T11:00:00.000Z,2026-09-08 19:00,0.10323,0.10328,0.10293,0.10299,33029,1788865499999,futures
1788865500000,2026-09-08T11:05:00.000Z,2026-09-08 19:05,0.10293,0.10293,0.10274,0.10284,27676,1788865799999,futures
1788865800000,2026-09-08T11:10:00.000Z,2026-09-08 19:10,0.10274,0.10275,0.10237,0.10248,6512,1788866099999,futures
1788866100000,2026-09-08T11:15:00.000Z,2026-09-08 19:15,0.10238,0.1026,0.10231,0.1026,13662,1788866399999,futures
1788866400000,2026-09-08T11:20:00.000Z,2026-09-08 19:20,0.1026,0.1027,0.1026,0.1027,7175,1788866699999,futures
1788866700000,2026-09-08T11:25:00.000Z,2026-09-08 19:25,0.1027,0.10271,0.1026,0.10265,5147,1788866999999,futures
1788867000000,2026-09-08T11:30:00.000Z,2026-09-08 19:30,0.10269,0.10293,0.10264,0.10289,26236,1788867299999,futures
1788867300000,2026-09-08T11:35:00.000Z,2026-09-08 19:35,0.10287,0.10307,0.1028,0.10285,29033,1788867599999,futures
1788867600000,2026-09-08T11:40:00.000Z,2026-09-08 19:40,0.10286,0.10298,0.10283,0.10291,2806,1788867899999,futures
1788867900000,2026-09-08T11:45:00.000Z,2026-09-08 19:45,0.10283,0.10297,0.10265,0.10267,47139,1788868199999,futures
1788868200000,2026-09-08T11:50:00.000Z,2026-09-08 19:50,0.10275,0.10283,0.10266,0.10275,6461,1788868499999,futures
1788868500000,2026-09-08T11:55:00.000Z,2026-09-08 19:55,0.10282,0.10308,0.10273,0.10308,15095,1788868799999,futures
1788868800000,2026-09-08T12:00:00.000Z,2026-09-08 20:00,0.10306,0.10314,0.10259,0.10259,23781,1788869099999,futures
1788869100000,2026-09-08T12:05:00.000Z,2026-09-08 20:05,0.10259,0.10266,0.10252,0.10258,14177,1788869399999,futures
1788869400000,2026-09-08T12:10:00.000Z,2026-09-08 20:10,0.1026,0.1026,0.10224,0.10244,34357,1788869699999,futures
1788869700000,2026-09-08T12:15:00.000Z,2026-09-08 20:15,0.10239,0.10241,0.10217,0.10237,30124,1788869999999,futures
1788870000000,2026-09-08T12:20:00.000Z,2026-09-08 20:20,0.10238,0.10255,0.10238,0.10247,11454,1788870299999,futures
1788870300000,2026-09-08T12:25:00.000Z,2026-09-08 20:25,0.10247,0.10247,0.10239,0.10243,4607,1788870599999,futures
1788870600000,2026-09-08T12:30:00.000Z,2026-09-08 20:30,0.10244,0.10291,0.1024,0.10278,68471,1788870899999,futures
1788870900000,2026-09-08T12:35:00.000Z,2026-09-08 20:35,0.10278,0.10307,0.10266,0.10297,11573,1788871199999,futures
1788871200000,2026-09-08T12:40:00.000Z,2026-09-08 20:40,0.10298,0.10303,0.10282,0.10303,18749,1788871499999,futures
1788871500000,2026-09-08T12:45:00.000Z,2026-09-08 20:45,0.10304,0.10307,0.1029,0.10304,7333,1788871799999,futures
1788871800000,2026-09-08T12:50:00.000Z,2026-09-08 20:50,0.10302,0.10308,0.10281,0.10299,17029,1788872099999,futures
1788872100000,2026-09-08T12:55:00.000Z,2026-09-08 20:55,0.10303,0.10308,0.10281,0.10292,29658,1788872399999,futures
1788872400000,2026-09-08T13:00:00.000Z,2026-09-08 21:00,0.10293,0.10294,0.10265,0.10267,29755,1788872699999,futures
1788872700000,2026-09-08T13:05:00.000Z,2026-09-08 21:05,0.10267,0.10284,0.10252,0.10258,10883,1788872999999,futures
1788873000000,2026-09-08T13:10:00.000Z,2026-09-08 21:10,0.10254,0.10258,0.10244,0.10254,9433,1788873299999,futures
1788873300000,2026-09-08T13:15:00.000Z,2026-09-08 21:15,0.1025,0.10269,0.1025,0.10258,9856,1788873599999,futures
1788873600000,2026-09-08T13:20:00.000Z,2026-09-08 21:20,0.10249,0.10253,0.10229,0.10231,16671,1788873899999,futures
1788873900000,2026-09-08T13:25:00.000Z,2026-09-08 21:25,0.1023,0.10239,0.10228,0.10229,6179,1788874199999,futures
1788874200000,2026-09-08T13:30:00.000Z,2026-09-08 21:30,0.10229,0.10235,0.10125,0.1014,125580,1788874499999,futures
1788874500000,2026-09-08T13:35:00.000Z,2026-09-08 21:35,0.10139,0.10147,0.101,0.10107,34758,1788874799999,futures
1788874800000,2026-09-08T13:40:00.000Z,2026-09-08 21:40,0.10103,0.10104,0.10045,0.10098,89505,1788875099999,futures
1788875100000,2026-09-08T13:45:00.000Z,2026-09-08 21:45,0.10089,0.10111,0.10083,0.10096,33756,1788875399999,futures
1788875400000,2026-09-08T13:50:00.000Z,2026-09-08 21:50,0.10099,0.10099,0.10065,0.1009,20325,1788875699999,futures
1788875700000,2026-09-08T13:55:00.000Z,2026-09-08 21:55,0.10099,0.10154,0.10099,0.10148,30632,1788875999999,futures
1788876000000,2026-09-08T14:00:00.000Z,2026-09-08 22:00,0.10151,0.10163,0.10135,0.10138,41482,1788876299999,futures
1788876300000,2026-09-08T14:05:00.000Z,2026-09-08 22:05,0.10145,0.1018,0.10136,0.10175,36219,1788876599999,futures
1788876600000,2026-09-08T14:10:00.000Z,2026-09-08 22:10,0.10171,0.10197,0.10153,0.10191,15509,1788876899999,futures
1788876900000,2026-09-08T14:15:00.000Z,2026-09-08 22:15,0.10188,0.10221,0.10188,0.10207,37074,1788877199999,futures
1788877200000,2026-09-08T14:20:00.000Z,2026-09-08 22:20,0.10198,0.10202,0.1016,0.10171,29397,1788877499999,futures
1788877500000,2026-09-08T14:25:00.000Z,2026-09-08 22:25,0.10169,0.10182,0.10154,0.10182,28846,1788877799999,futures
1788877800000,2026-09-08T14:30:00.000Z,2026-09-08 22:30,0.10186,0.1022,0.10183,0.10196,19221,1788878099999,futures
1788878100000,2026-09-08T14:35:00.000Z,2026-09-08 22:35,0.10198,0.1022,0.10188,0.10216,23480,1788878399999,futures
1788878400000,2026-09-08T14:40:00.000Z,2026-09-08 22:40,0.10214,0.10271,0.10204,0.10239,58081,1788878699999,futures
1788878700000,2026-09-08T14:45:00.000Z,2026-09-08 22:45,0.10243,0.10284,0.10243,0.1027,11507,1788878999999,futures
1788879000000,2026-09-08T14:50:00.000Z,2026-09-08 22:50,0.1027,0.10282,0.10246,0.10265,29739,1788879299999,futures
1788879300000,2026-09-08T14:55:00.000Z,2026-09-08 22:55,0.10264,0.10285,0.10256,0.10279,20556,1788879599999,futures
1788879600000,2026-09-08T15:00:00.000Z,2026-09-08 23:00,0.10275,0.1028,0.10253,0.10254,18266,1788879899999,futures
1788879900000,2026-09-08T15:05:00.000Z,2026-09-08 23:05,0.10255,0.10261,0.1024,0.1026,11493,1788880199999,futures
1788880200000,2026-09-08T15:10:00.000Z,2026-09-08 23:10,0.10258,0.1028,0.10247,0.10276,35540,1788880499999,futures
1788880500000,2026-09-08T15:15:00.000Z,2026-09-08 23:15,0.10276,0.10294,0.10267,0.10271,8725,1788880799999,futures
1788880800000,2026-09-08T15:20:00.000Z,2026-09-08 23:20,0.10271,0.10295,0.10261,0.10287,17274,1788881099999,futures
1788881100000,2026-09-08T15:25:00.000Z,2026-09-08 23:25,0.10287,0.10306,0.10281,0.10288,12796,1788881399999,futures
1788881400000,2026-09-08T15:30:00.000Z,2026-09-08 23:30,0.10288,0.10306,0.10283,0.10288,8908,1788881699999,futures
1788881700000,2026-09-08T15:35:00.000Z,2026-09-08 23:35,0.10287,0.10339,0.10286,0.10323,14925,1788881999999,futures
1788882000000,2026-09-08T15:40:00.000Z,2026-09-08 23:40,0.10312,0.10336,0.10309,0.10326,17520,1788882299999,futures
1788882300000,2026-09-08T15:45:00.000Z,2026-09-08 23:45,0.10328,0.10329,0.10322,0.10326,9597,1788882599999,futures
1788882600000,2026-09-08T15:50:00.000Z,2026-09-08 23:50,0.10324,0.10329,0.10315,0.10322,13200,1788882899999,futures
1788882900000,2026-09-08T15:55:00.000Z,2026-09-08 23:55,0.10322,0.10338,0.10313,0.10322,10325,1788883199999,futures
1788883200000,2026-09-08T16:00:00.000Z,2026-09-09 00:00,0.10322,0.10336,0.10314,0.10326,16408,1788883499999,futures
1788883500000,2026-09-08T16:05:00.000Z,2026-09-09 00:05,0.10326,0.10326,0.10286,0.10295,34680,1788883799999,futures
1788883800000,2026-09-08T16:10:00.000Z,2026-09-09 00:10,0.10295,0.10311,0.10285,0.10293,15216,1788884099999,futures
1788884100000,2026-09-08T16:15:00.000Z,2026-09-09 00:15,0.10289,0.10325,0.10289,0.10309,20207,1788884399999,futures
1788884400000,2026-09-08T16:20:00.000Z,2026-09-09 00:20,0.10308,0.10308,0.10269,0.10286,23381,1788884699999,futures
1788884700000,2026-09-08T16:25:00.000Z,2026-09-09 00:25,0.10284,0.10287,0.10272,0.10274,5108,1788884999999,futures
1788885000000,2026-09-08T16:30:00.000Z,2026-09-09 00:30,0.10272,0.10274,0.10263,0.10263,7764,1788885299999,futures
1788885300000,2026-09-08T16:35:00.000Z,2026-09-09 00:35,0.10263,0.10293,0.10263,0.10293,10238,1788885599999,futures
1788885600000,2026-09-08T16:40:00.000Z,2026-09-09 00:40,0.10294,0.10308,0.10262,0.10262,5888,1788885899999,futures
1788885900000,2026-09-08T16:45:00.000Z,2026-09-09 00:45,0.10265,0.10276,0.10262,0.10274,8376,1788886199999,futures
1788886200000,2026-09-08T16:50:00.000Z,2026-09-09 00:50,0.10268,0.10274,0.10255,0.10266,12038,1788886499999,futures
1788886500000,2026-09-08T16:55:00.000Z,2026-09-09 00:55,0.10266,0.10283,0.10258,0.1028,6005,1788886799999,futures
1788886800000,2026-09-08T17:00:00.000Z,2026-09-09 01:00,0.10273,0.10305,0.10262,0.10295,15774,1788887099999,futures
1788887100000,2026-09-08T17:05:00.000Z,2026-09-09 01:05,0.10295,0.10303,0.10272,0.10272,17679,1788887399999,futures
1788887400000,2026-09-08T17:10:00.000Z,2026-09-09 01:10,0.10272,0.10274,0.10262,0.10262,2146,1788887699999,futures
1788887700000,2026-09-08T17:15:00.000Z,2026-09-09 01:15,0.10266,0.10273,0.10255,0.10259,5290,1788887999999,futures
1788888000000,2026-09-08T17:20:00.000Z,2026-09-09 01:20,0.10256,0.10263,0.10246,0.10257,8757,1788888299999,futures
1788888300000,2026-09-08T17:25:00.000Z,2026-09-09 01:25,0.1025,0.10253,0.10242,0.10248,14585,1788888599999,futures
1788888600000,2026-09-08T17:30:00.000Z,2026-09-09 01:30,0.10248,0.10249,0.10237,0.10247,6876,1788888899999,futures
1788888900000,2026-09-08T17:35:00.000Z,2026-09-09 01:35,0.10249,0.10276,0.10247,0.10265,6391,1788889199999,futures
1788889200000,2026-09-08T17:40:00.000Z,2026-09-09 01:40,0.10261,0.10264,0.10244,0.10244,3627,1788889499999,futures
1788889500000,2026-09-08T17:45:00.000Z,2026-09-09 01:45,0.10244,0.10256,0.10234,0.10248,15161,1788889799999,futures
1788889800000,2026-09-08T17:50:00.000Z,2026-09-09 01:50,0.10246,0.10263,0.10234,0.10246,19429,1788890099999,futures
1788890100000,2026-09-08T17:55:00.000Z,2026-09-09 01:55,0.10246,0.10257,0.10245,0.10247,6595,1788890399999,futures
1788890400000,2026-09-08T18:00:00.000Z,2026-09-09 02:00,0.10246,0.10252,0.10218,0.10228,39308,1788890699999,futures
1788890700000,2026-09-08T18:05:00.000Z,2026-09-09 02:05,0.10228,0.10271,0.10226,0.10271,7293,1788890999999,futures
1788891000000,2026-09-08T18:10:00.000Z,2026-09-09 02:10,0.10269,0.10283,0.10261,0.10277,13745,1788891299999,futures
1788891300000,2026-09-08T18:15:00.000Z,2026-09-09 02:15,0.10277,0.10297,0.10272,0.10278,15105,1788891599999,futures
1788891600000,2026-09-08T18:20:00.000Z,2026-09-09 02:20,0.10281,0.10281,0.10265,0.1027,6008,1788891899999,futures
1788891900000,2026-09-08T18:25:00.000Z,2026-09-09 02:25,0.1027,0.1027,0.10236,0.10245,29959,1788892199999,futures
1788892200000,2026-09-08T18:30:00.000Z,2026-09-09 02:30,0.10242,0.10263,0.10242,0.10253,5801,1788892499999,futures
1788892500000,2026-09-08T18:35:00.000Z,2026-09-09 02:35,0.10253,0.10253,0.10231,0.10246,6283,1788892799999,futures
1788892800000,2026-09-08T18:40:00.000Z,2026-09-09 02:40,0.10245,0.10277,0.10245,0.10276,8121,1788893099999,futures
1788893100000,2026-09-08T18:45:00.000Z,2026-09-09 02:45,0.10275,0.10275,0.10185,0.10191,13693,1788893399999,futures
1788893400000,2026-09-08T18:50:00.000Z,2026-09-09 02:50,0.10195,0.10209,0.10172,0.10177,15519,1788893699999,futures
1788893700000,2026-09-08T18:55:00.000Z,2026-09-09 02:55,0.10177,0.10204,0.10168,0.10201,6856,1788893999999,futures
1788894000000,2026-09-08T19:00:00.000Z,2026-09-09 03:00,0.10201,0.10209,0.10181,0.10197,8283,1788894299999,futures
1788894300000,2026-09-08T19:05:00.000Z,2026-09-09 03:05,0.10197,0.10209,0.10177,0.10197,9327,1788894599999,futures
1788894600000,2026-09-08T19:10:00.000Z,2026-09-09 03:10,0.10197,0.10212,0.10189,0.10198,13780,1788894899999,futures
1788894900000,2026-09-08T19:15:00.000Z,2026-09-09 03:15,0.10207,0.10234,0.10207,0.10222,16013,1788895199999,futures
1788895200000,2026-09-08T19:20:00.000Z,2026-09-09 03:20,0.10222,0.1024,0.10213,0.10231,6577,1788895499999,futures
1788895500000,2026-09-08T19:25:00.000Z,2026-09-09 03:25,0.10223,0.10239,0.10215,0.10239,5334,1788895799999,futures
1788895800000,2026-09-08T19:30:00.000Z,2026-09-09 03:30,0.1024,0.10252,0.10225,0.10237,10003,1788896099999,futures
1788896100000,2026-09-08T19:35:00.000Z,2026-09-09 03:35,0.10242,0.10263,0.10231,0.10254,9311,1788896399999,futures
1788896400000,2026-09-08T19:40:00.000Z,2026-09-09 03:40,0.10255,0.10255,0.10215,0.10225,15062,1788896699999,futures
1788896700000,2026-09-08T19:45:00.000Z,2026-09-09 03:45,0.10216,0.10228,0.10198,0.10228,10535,1788896999999,futures
1788897000000,2026-09-08T19:50:00.000Z,2026-09-09 03:50,0.10218,0.10228,0.10197,0.1022,28160,1788897299999,futures
1788897300000,2026-09-08T19:55:00.000Z,2026-09-09 03:55,0.10213,0.10213,0.10195,0.10208,7349,1788897599999,futures
1788897600000,2026-09-08T20:00:00.000Z,2026-09-09 04:00,0.10211,0.10228,0.10198,0.10206,8224,1788897899999,futures
1788897900000,2026-09-08T20:05:00.000Z,2026-09-09 04:05,0.10206,0.10237,0.10206,0.10237,7062,1788898199999,futures
1788898200000,2026-09-08T20:10:00.000Z,2026-09-09 04:10,0.10237,0.10257,0.10237,0.10254,15301,1788898499999,futures
1788898500000,2026-09-08T20:15:00.000Z,2026-09-09 04:15,0.10256,0.10257,0.10216,0.10217,10707,1788898799999,futures
1788898800000,2026-09-08T20:20:00.000Z,2026-09-09 04:20,0.10222,0.10232,0.10208,0.10232,4700,1788899099999,futures
1788899100000,2026-09-08T20:25:00.000Z,2026-09-09 04:25,0.10227,0.10241,0.10226,0.10228,10718,1788899399999,futures
1788899400000,2026-09-08T20:30:00.000Z,2026-09-09 04:30,0.10224,0.10233,0.10201,0.10214,6249,1788899699999,futures
1788899700000,2026-09-08T20:35:00.000Z,2026-09-09 04:35,0.10212,0.1025,0.10212,0.10249,12197,1788899999999,futures
1788900000000,2026-09-08T20:40:00.000Z,2026-09-09 04:40,0.10236,0.10238,0.10222,0.10228,9338,1788900299999,futures
1788900300000,2026-09-08T20:45:00.000Z,2026-09-09 04:45,0.10234,0.10246,0.10227,0.10227,13474,1788900599999,futures
1788900600000,2026-09-08T20:50:00.000Z,2026-09-09 04:50,0.10226,0.10248,0.10223,0.10238,12841,1788900899999,futures
1788900900000,2026-09-08T20:55:00.000Z,2026-09-09 04:55,0.10234,0.10248,0.10224,0.10248,7068,1788901199999,futures
1788901200000,2026-09-08T21:00:00.000Z,2026-09-09 05:00,0.10234,0.10259,0.10234,0.10241,14885,1788901499999,futures
1788901500000,2026-09-08T21:05:00.000Z,2026-09-09 05:05,0.10243,0.10252,0.10238,0.10245,20698,1788901799999,futures
1788901800000,2026-09-08T21:10:00.000Z,2026-09-09 05:10,0.10247,0.10262,0.10247,0.1026,3106,1788902099999,futures
1788902100000,2026-09-08T21:15:00.000Z,2026-09-09 05:15,0.10258,0.10263,0.10251,0.10252,8225,1788902399999,futures
1788902400000,2026-09-08T21:20:00.000Z,2026-09-09 05:20,0.10256,0.10256,0.10232,0.10236,9015,1788902699999,futures
1788902700000,2026-09-08T21:25:00.000Z,2026-09-09 05:25,0.10236,0.10249,0.10232,0.10244,4466,1788902999999,futures
1788903000000,2026-09-08T21:30:00.000Z,2026-09-09 05:30,0.10236,0.10247,0.1023,0.10232,4135,1788903299999,futures
1788903300000,2026-09-08T21:35:00.000Z,2026-09-09 05:35,0.10232,0.10247,0.10228,0.10247,2147,1788903599999,futures
1788903600000,2026-09-08T21:40:00.000Z,2026-09-09 05:40,0.10241,0.10249,0.1023,0.10247,5239,1788903899999,futures
1788903900000,2026-09-08T21:45:00.000Z,2026-09-09 05:45,0.10247,0.10248,0.10231,0.10248,2409,1788904199999,futures
1788904200000,2026-09-08T21:50:00.000Z,2026-09-09 05:50,0.10232,0.10239,0.1021,0.10211,13766,1788904499999,futures
1788904500000,2026-09-08T21:55:00.000Z,2026-09-09 05:55,0.10211,0.10223,0.10208,0.1021,2159,1788904799999,futures
1788904800000,2026-09-08T22:00:00.000Z,2026-09-09 06:00,0.10206,0.10245,0.10206,0.10238,10635,1788905099999,futures
1788905100000,2026-09-08T22:05:00.000Z,2026-09-09 06:05,0.10238,0.10238,0.10225,0.10225,9984,1788905399999,futures
1788905400000,2026-09-08T22:10:00.000Z,2026-09-09 06:10,0.10224,0.10238,0.10224,0.10234,4040,1788905699999,futures
1788905700000,2026-09-08T22:15:00.000Z,2026-09-09 06:15,0.10234,0.1024,0.10228,0.1024,4535,1788905999999,futures
1788906000000,2026-09-08T22:20:00.000Z,2026-09-09 06:20,0.1024,0.10254,0.10232,0.10254,6043,1788906299999,futures
1788906300000,2026-09-08T22:25:00.000Z,2026-09-09 06:25,0.10244,0.10252,0.10239,0.10252,1879,1788906599999,futures
1788906600000,2026-09-08T22:30:00.000Z,2026-09-09 06:30,0.10251,0.10257,0.1024,0.10245,30707,1788906899999,futures
1788906900000,2026-09-08T22:35:00.000Z,2026-09-09 06:35,0.10245,0.10254,0.10242,0.10242,11178,1788907199999,futures
1788907200000,2026-09-08T22:40:00.000Z,2026-09-09 06:40,0.10246,0.10253,0.10242,0.1025,5962,1788907499999,futures
1788907500000,2026-09-08T22:45:00.000Z,2026-09-09 06:45,0.10247,0.10256,0.10244,0.10256,2220,1788907799999,futures
1788907800000,2026-09-08T22:50:00.000Z,2026-09-09 06:50,0.10256,0.10256,0.10242,0.10247,8754,1788908099999,futures
1788908100000,2026-09-08T22:55:00.000Z,2026-09-09 06:55,0.10246,0.10246,0.10241,0.10246,4024,1788908399999,futures
1788908400000,2026-09-08T23:00:00.000Z,2026-09-09 07:00,0.10246,0.10254,0.10242,0.10252,14579,1788908699999,futures
1788908700000,2026-09-08T23:05:00.000Z,2026-09-09 07:05,0.10247,0.10251,0.10242,0.10246,8775,1788908999999,futures
1788909000000,2026-09-08T23:10:00.000Z,2026-09-09 07:10,0.10242,0.10246,0.10228,0.10244,15561,1788909299999,futures
1788909300000,2026-09-08T23:15:00.000Z,2026-09-09 07:15,0.10243,0.10245,0.10232,0.10242,5548,1788909599999,futures
1788909600000,2026-09-08T23:20:00.000Z,2026-09-09 07:20,0.10241,0.10252,0.10233,0.10251,5255,1788909899999,futures
1788909900000,2026-09-08T23:25:00.000Z,2026-09-09 07:25,0.10249,0.10254,0.1024,0.10254,7051,1788910199999,futures
1788910200000,2026-09-08T23:30:00.000Z,2026-09-09 07:30,0.10255,0.10261,0.10247,0.1026,8635,1788910499999,futures
1788910500000,2026-09-08T23:35:00.000Z,2026-09-09 07:35,0.10258,0.10294,0.10258,0.10286,110392,1788910799999,futures
1788910800000,2026-09-08T23:40:00.000Z,2026-09-09 07:40,0.10286,0.10299,0.10283,0.10289,8441,1788911099999,futures
1788911100000,2026-09-08T23:45:00.000Z,2026-09-09 07:45,0.10288,0.10289,0.10282,0.10282,9914,1788911399999,futures
1788911400000,2026-09-08T23:50:00.000Z,2026-09-09 07:50,0.10282,0.10301,0.10273,0.10273,72517,1788911699999,futures
1788911700000,2026-09-08T23:55:00.000Z,2026-09-09 07:55,0.10274,0.10312,0.10274,0.10302,21736,1788911999999,futures
1788912000000,2026-09-09T00:00:00.000Z,2026-09-09 08:00,0.10301,0.10304,0.10281,0.10304,32348,1788912299999,futures
1788912300000,2026-09-09T00:05:00.000Z,2026-09-09 08:05,0.10299,0.10353,0.10299,0.10326,42630,1788912599999,futures
1788912600000,2026-09-09T00:10:00.000Z,2026-09-09 08:10,0.10328,0.10347,0.10326,0.10345,2964,1788912899999,futures
1788912900000,2026-09-09T00:15:00.000Z,2026-09-09 08:15,0.10348,0.1035,0.10323,0.1033,10401,1788913199999,futures
1788913200000,2026-09-09T00:20:00.000Z,2026-09-09 08:20,0.1033,0.10344,0.10321,0.10344,16341,1788913499999,futures
1788913500000,2026-09-09T00:25:00.000Z,2026-09-09 08:25,0.10344,0.10352,0.10334,0.10336,9211,1788913799999,futures
1788913800000,2026-09-09T00:30:00.000Z,2026-09-09 08:30,0.10338,0.10349,0.10326,0.10335,14422,1788914099999,futures
1788914100000,2026-09-09T00:35:00.000Z,2026-09-09 08:35,0.10332,0.10336,0.10316,0.10324,14013,1788914399999,futures
1788914400000,2026-09-09T00:40:00.000Z,2026-09-09 08:40,0.10332,0.10332,0.10302,0.10306,8832,1788914699999,futures
1788914700000,2026-09-09T00:45:00.000Z,2026-09-09 08:45,0.10309,0.10323,0.10301,0.10308,6549,1788914999999,futures
1788915000000,2026-09-09T00:50:00.000Z,2026-09-09 08:50,0.10312,0.10321,0.10299,0.10321,9839,1788915299999,futures
1788915300000,2026-09-09T00:55:00.000Z,2026-09-09 08:55,0.10323,0.10325,0.10309,0.1031,6175,1788915599999,futures
1788915600000,2026-09-09T01:00:00.000Z,2026-09-09 09:00,0.10309,0.10309,0.10278,0.10278,9676,1788915899999,futures
1788915900000,2026-09-09T01:05:00.000Z,2026-09-09 09:05,0.10274,0.10282,0.10246,0.10255,33538,1788916199999,futures
1788916200000,2026-09-09T01:10:00.000Z,2026-09-09 09:10,0.10259,0.10297,0.10259,0.10276,62058,1788916499999,futures
1788916500000,2026-09-09T01:15:00.000Z,2026-09-09 09:15,0.10273,0.10277,0.10241,0.1025,24102,1788916799999,futures
1788916800000,2026-09-09T01:20:00.000Z,2026-09-09 09:20,0.10245,0.10253,0.10232,0.10241,6835,1788917099999,futures
1788917100000,2026-09-09T01:25:00.000Z,2026-09-09 09:25,0.10238,0.10263,0.10233,0.10249,24311,1788917399999,futures
1788917400000,2026-09-09T01:30:00.000Z,2026-09-09 09:30,0.10247,0.10277,0.1023,0.10268,84402,1788917699999,futures
1788917700000,2026-09-09T01:35:00.000Z,2026-09-09 09:35,0.10262,0.10347,0.10247,0.10326,146395,1788917999999,futures
1788918000000,2026-09-09T01:40:00.000Z,2026-09-09 09:40,0.10323,0.10326,0.10308,0.10322,6973,1788918299999,futures
1788918300000,2026-09-09T01:45:00.000Z,2026-09-09 09:45,0.10322,0.1033,0.10293,0.10304,20128,1788918599999,futures
1788918600000,2026-09-09T01:50:00.000Z,2026-09-09 09:50,0.10304,0.10318,0.10288,0.103,23056,1788918899999,futures
1788918900000,2026-09-09T01:55:00.000Z,2026-09-09 09:55,0.10303,0.10403,0.10292,0.10383,292835,1788919199999,futures
1788919200000,2026-09-09T02:00:00.000Z,2026-09-09 10:00,0.10379,0.10533,0.10364,0.10386,211947,1788919499999,futures
1788919500000,2026-09-09T02:05:00.000Z,2026-09-09 10:05,0.10383,0.10383,0.10345,0.10359,27755,1788919799999,futures
1788919800000,2026-09-09T02:10:00.000Z,2026-09-09 10:10,0.1036,0.10362,0.10329,0.10331,27292,1788920099999,futures
1788920100000,2026-09-09T02:15:00.000Z,2026-09-09 10:15,0.10323,0.1033,0.10301,0.1031,28953,1788920399999,futures
1788920400000,2026-09-09T02:20:00.000Z,2026-09-09 10:20,0.1031,0.10331,0.103,0.10331,16636,1788920699999,futures
1788920700000,2026-09-09T02:25:00.000Z,2026-09-09 10:25,0.10329,0.10367,0.10312,0.10338,90072,1788920999999,futures
1788921000000,2026-09-09T02:30:00.000Z,2026-09-09 10:30,0.10337,0.10347,0.10293,0.10297,45268,1788921299999,futures
1788921300000,2026-09-09T02:35:00.000Z,2026-09-09 10:35,0.10296,0.103,0.10287,0.10299,5860,1788921599999,futures
1788921600000,2026-09-09T02:40:00.000Z,2026-09-09 10:40,0.10298,0.10333,0.10298,0.10333,11462,1788921899999,futures
1788921900000,2026-09-09T02:45:00.000Z,2026-09-09 10:45,0.10327,0.10338,0.10299,0.10299,15183,1788922199999,futures
1788922200000,2026-09-09T02:50:00.000Z,2026-09-09 10:50,0.10299,0.10314,0.10288,0.10289,11247,1788922499999,futures
1788922500000,2026-09-09T02:55:00.000Z,2026-09-09 10:55,0.10288,0.1029,0.10267,0.10271,20333,1788922799999,futures
1788922800000,2026-09-09T03:00:00.000Z,2026-09-09 11:00,0.10265,0.10295,0.10261,0.10269,59982,1788923099999,futures
1788923100000,2026-09-09T03:05:00.000Z,2026-09-09 11:05,0.1027,0.10281,0.10264,0.10268,6835,1788923399999,futures
1788923400000,2026-09-09T03:10:00.000Z,2026-09-09 11:10,0.10264,0.10274,0.10248,0.10269,13832,1788923699999,futures
1788923700000,2026-09-09T03:15:00.000Z,2026-09-09 11:15,0.10269,0.10294,0.10269,0.10284,23493,1788923999999,futures
1788924000000,2026-09-09T03:20:00.000Z,2026-09-09 11:20,0.10279,0.1036,0.10274,0.1036,74663,1788924299999,futures
1788924300000,2026-09-09T03:25:00.000Z,2026-09-09 11:25,0.10352,0.10381,0.10319,0.10373,71099,1788924599999,futures
1788924600000,2026-09-09T03:30:00.000Z,2026-09-09 11:30,0.10369,0.10383,0.10358,0.10361,21140,1788924899999,futures
1788924900000,2026-09-09T03:35:00.000Z,2026-09-09 11:35,0.10361,0.10395,0.10353,0.10387,43195,1788925199999,futures
1788925200000,2026-09-09T03:40:00.000Z,2026-09-09 11:40,0.10391,0.10393,0.10353,0.10387,33024,1788925499999,futures
1788925500000,2026-09-09T03:45:00.000Z,2026-09-09 11:45,0.10387,0.10428,0.10387,0.10406,38566,1788925799999,futures
1788925800000,2026-09-09T03:50:00.000Z,2026-09-09 11:50,0.10416,0.10416,0.10363,0.10377,56076,1788926099999,futures
1788926100000,2026-09-09T03:55:00.000Z,2026-09-09 11:55,0.10372,0.10401,0.1034,0.1034,26779,1788926399999,futures
1788926400000,2026-09-09T04:00:00.000Z,2026-09-09 12:00,0.10334,0.10361,0.1033,0.10345,104463,1788926699999,futures
1788926700000,2026-09-09T04:05:00.000Z,2026-09-09 12:05,0.10351,0.10351,0.10286,0.10286,59884,1788926999999,futures
1788927000000,2026-09-09T04:10:00.000Z,2026-09-09 12:10,0.10287,0.10289,0.1027,0.10285,8844,1788927299999,futures
1788927300000,2026-09-09T04:15:00.000Z,2026-09-09 12:15,0.10286,0.10289,0.10269,0.10279,9633,1788927599999,futures
1788927600000,2026-09-09T04:20:00.000Z,2026-09-09 12:20,0.10275,0.10313,0.10274,0.10292,13572,1788927899999,futures
1788927900000,2026-09-09T04:25:00.000Z,2026-09-09 12:25,0.10293,0.1034,0.10293,0.10316,28023,1788928199999,futures
1788928200000,2026-09-09T04:30:00.000Z,2026-09-09 12:30,0.10319,0.10319,0.10297,0.10302,16006,1788928499999,futures
1788928500000,2026-09-09T04:35:00.000Z,2026-09-09 12:35,0.10301,0.10312,0.10289,0.10294,13671,1788928799999,futures
1788928800000,2026-09-09T04:40:00.000Z,2026-09-09 12:40,0.10294,0.10358,0.10286,0.10347,19567,1788929099999,futures
1788929100000,2026-09-09T04:45:00.000Z,2026-09-09 12:45,0.10341,0.10342,0.10318,0.10333,8503,1788929399999,futures
1788929400000,2026-09-09T04:50:00.000Z,2026-09-09 12:50,0.10333,0.10346,0.10325,0.1033,3911,1788929699999,futures
1788929700000,2026-09-09T04:55:00.000Z,2026-09-09 12:55,0.1032,0.10357,0.1032,0.10349,12264,1788929999999,futures
1788930000000,2026-09-09T05:00:00.000Z,2026-09-09 13:00,0.10349,0.1035,0.1032,0.10341,10077,1788930299999,futures
1788930300000,2026-09-09T05:05:00.000Z,2026-09-09 13:05,0.10342,0.10342,0.10241,0.10286,191641,1788930599999,futures
1788930600000,2026-09-09T05:10:00.000Z,2026-09-09 13:10,0.10286,0.10316,0.10274,0.10314,20653,1788930899999,futures
1788930900000,2026-09-09T05:15:00.000Z,2026-09-09 13:15,0.1031,0.10319,0.10293,0.10318,7575,1788931199999,futures
1788931200000,2026-09-09T05:20:00.000Z,2026-09-09 13:20,0.10315,0.10331,0.10312,0.10331,12435,1788931499999,futures
1788931500000,2026-09-09T05:25:00.000Z,2026-09-09 13:25,0.10326,0.10343,0.10319,0.10341,25149,1788931799999,futures
1788931800000,2026-09-09T05:30:00.000Z,2026-09-09 13:30,0.10335,0.10335,0.10313,0.10324,20540,1788932099999,futures
1788932100000,2026-09-09T05:35:00.000Z,2026-09-09 13:35,0.10327,0.1036,0.10318,0.10333,39907,1788932399999,futures
1788932400000,2026-09-09T05:40:00.000Z,2026-09-09 13:40,0.10331,0.10353,0.1033,0.10353,13843,1788932699999,futures
1788932700000,2026-09-09T05:45:00.000Z,2026-09-09 13:45,0.10346,0.10352,0.10333,0.1035,27126,1788932999999,futures
1788933000000,2026-09-09T05:50:00.000Z,2026-09-09 13:50,0.1035,0.10358,0.10344,0.10348,21900,1788933299999,futures
1788933300000,2026-09-09T05:55:00.000Z,2026-09-09 13:55,0.10348,0.10353,0.10337,0.10337,18290,1788933599999,futures
1788933600000,2026-09-09T06:00:00.000Z,2026-09-09 14:00,0.10341,0.10359,0.10336,0.10342,24355,1788933899999,futures
1788933900000,2026-09-09T06:05:00.000Z,2026-09-09 14:05,0.10339,0.10353,0.10336,0.10351,24837,1788934199999,futures
1788934200000,2026-09-09T06:10:00.000Z,2026-09-09 14:10,0.10358,0.10382,0.10353,0.10381,15520,1788934499999,futures
1788934500000,2026-09-09T06:15:00.000Z,2026-09-09 14:15,0.10374,0.10384,0.10367,0.10377,16355,1788934799999,futures
1788934800000,2026-09-09T06:20:00.000Z,2026-09-09 14:20,0.10374,0.10394,0.10361,0.10388,21425,1788935099999,futures
1788935100000,2026-09-09T06:25:00.000Z,2026-09-09 14:25,0.10379,0.10398,0.10375,0.1038,22209,1788935399999,futures
1788935400000,2026-09-09T06:30:00.000Z,2026-09-09 14:30,0.1038,0.10402,0.10378,0.10401,21694,1788935699999,futures
1788935700000,2026-09-09T06:35:00.000Z,2026-09-09 14:35,0.10402,0.10416,0.1039,0.10416,47746,1788935999999,futures
1788936000000,2026-09-09T06:40:00.000Z,2026-09-09 14:40,0.10415,0.10417,0.1038,0.10409,60039,1788936299999,futures
1788936300000,2026-09-09T06:45:00.000Z,2026-09-09 14:45,0.10409,0.10424,0.10396,0.10415,61367,1788936599999,futures
1788936600000,2026-09-09T06:50:00.000Z,2026-09-09 14:50,0.10415,0.10438,0.1041,0.10433,30320,1788936899999,futures
1788936900000,2026-09-09T06:55:00.000Z,2026-09-09 14:55,0.10433,0.10438,0.10386,0.104,35251,1788937199999,futures
1788937200000,2026-09-09T07:00:00.000Z,2026-09-09 15:00,0.104,0.10412,0.10388,0.10403,58828,1788937499999,futures
1788937500000,2026-09-09T07:05:00.000Z,2026-09-09 15:05,0.10403,0.10442,0.10403,0.10426,33680,1788937799999,futures
1788937800000,2026-09-09T07:10:00.000Z,2026-09-09 15:10,0.10426,0.10448,0.10415,0.10442,20736,1788938099999,futures
1788938100000,2026-09-09T07:15:00.000Z,2026-09-09 15:15,0.10442,0.10472,0.10433,0.10449,18542,1788938399999,futures
1788938400000,2026-09-09T07:20:00.000Z,2026-09-09 15:20,0.10449,0.10481,0.10444,0.10478,17435,1788938699999,futures
1788938700000,2026-09-09T07:25:00.000Z,2026-09-09 15:25,0.10478,0.10483,0.10452,0.10463,31991,1788938999999,futures
1788939000000,2026-09-09T07:30:00.000Z,2026-09-09 15:30,0.10468,0.10472,0.10456,0.10467,16523,1788939299999,futures
1788939300000,2026-09-09T07:35:00.000Z,2026-09-09 15:35,0.10466,0.10482,0.10452,0.10474,33507,1788939599999,futures
1788939600000,2026-09-09T07:40:00.000Z,2026-09-09 15:40,0.10475,0.10479,0.10452,0.10462,22595,1788939899999,futures
1788939900000,2026-09-09T07:45:00.000Z,2026-09-09 15:45,0.10462,0.10484,0.10458,0.10477,23150,1788940199999,futures
1788940200000,2026-09-09T07:50:00.000Z,2026-09-09 15:50,0.10477,0.10513,0.10477,0.10503,97133,1788940499999,futures
1788940500000,2026-09-09T07:55:00.000Z,2026-09-09 15:55,0.10505,0.10516,0.10491,0.10504,37706,1788940799999,futures
1788940800000,2026-09-09T08:00:00.000Z,2026-09-09 16:00,0.10504,0.10555,0.10504,0.10547,74799,1788941099999,futures
1788941100000,2026-09-09T08:05:00.000Z,2026-09-09 16:05,0.10547,0.10713,0.10542,0.10639,491446,1788941399999,futures
1788941400000,2026-09-09T08:10:00.000Z,2026-09-09 16:10,0.10636,0.10701,0.10636,0.10669,161199,1788941699999,futures
1788941700000,2026-09-09T08:15:00.000Z,2026-09-09 16:15,0.10677,0.10788,0.10663,0.1069,337925,1788941999999,futures
1788942000000,2026-09-09T08:20:00.000Z,2026-09-09 16:20,0.10698,0.10779,0.10696,0.10739,156016,1788942299999,futures
1788942300000,2026-09-09T08:25:00.000Z,2026-09-09 16:25,0.10739,0.10739,0.10648,0.10681,140289,1788942599999,futures
1788942600000,2026-09-09T08:30:00.000Z,2026-09-09 16:30,0.10686,0.10721,0.10681,0.1072,50357,1788942899999,futures
1788942900000,2026-09-09T08:35:00.000Z,2026-09-09 16:35,0.10721,0.10807,0.10706,0.1079,233302,1788943199999,futures
1788943200000,2026-09-09T08:40:00.000Z,2026-09-09 16:40,0.1078,0.10838,0.10733,0.1074,226973,1788943499999,futures
1788943500000,2026-09-09T08:45:00.000Z,2026-09-09 16:45,0.10753,0.10813,0.10734,0.10771,205089,1788943799999,futures
1788943800000,2026-09-09T08:50:00.000Z,2026-09-09 16:50,0.10766,0.10842,0.10747,0.10811,137009,1788944099999,futures
1788944100000,2026-09-09T08:55:00.000Z,2026-09-09 16:55,0.10806,0.10871,0.108,0.10838,170673,1788944399999,futures
1788944400000,2026-09-09T09:00:00.000Z,2026-09-09 17:00,0.10838,0.10862,0.10785,0.10857,308069,1788944699999,futures
1788944700000,2026-09-09T09:05:00.000Z,2026-09-09 17:05,0.10853,0.10909,0.10846,0.10881,194796,1788944999999,futures
1788945000000,2026-09-09T09:10:00.000Z,2026-09-09 17:10,0.10884,0.1097,0.10876,0.10897,225120,1788945299999,futures
1788945300000,2026-09-09T09:15:00.000Z,2026-09-09 17:15,0.109,0.1091,0.10821,0.10853,228031,1788945599999,futures
1788945600000,2026-09-09T09:20:00.000Z,2026-09-09 17:20,0.1085,0.10857,0.1079,0.10791,223253,1788945899999,futures
1788945900000,2026-09-09T09:25:00.000Z,2026-09-09 17:25,0.10791,0.10823,0.10759,0.10769,116829,1788946199999,futures
1788946200000,2026-09-09T09:30:00.000Z,2026-09-09 17:30,0.10767,0.10789,0.10747,0.10765,149652,1788946499999,futures
1788946500000,2026-09-09T09:35:00.000Z,2026-09-09 17:35,0.1077,0.10793,0.107,0.10716,179289,1788946799999,futures
1788946800000,2026-09-09T09:40:00.000Z,2026-09-09 17:40,0.10716,0.10719,0.10658,0.10686,98271,1788947099999,futures
1788947100000,2026-09-09T09:45:00.000Z,2026-09-09 17:45,0.10693,0.10747,0.10684,0.10688,124325,1788947399999,futures
1788947400000,2026-09-09T09:50:00.000Z,2026-09-09 17:50,0.10689,0.10739,0.10689,0.10717,108125,1788947699999,futures
1788947700000,2026-09-09T09:55:00.000Z,2026-09-09 17:55,0.10716,0.10722,0.10693,0.10712,83197,1788947999999,futures
1788948000000,2026-09-09T10:00:00.000Z,2026-09-09 18:00,0.10705,0.10807,0.10695,0.10787,206283,1788948299999,futures
1788948300000,2026-09-09T10:05:00.000Z,2026-09-09 18:05,0.10786,0.10795,0.10774,0.1079,66578,1788948599999,futures
1788948600000,2026-09-09T10:10:00.000Z,2026-09-09 18:10,0.10795,0.10839,0.10791,0.10819,53841,1788948899999,futures
1788948900000,2026-09-09T10:15:00.000Z,2026-09-09 18:15,0.10814,0.10827,0.10791,0.10805,36642,1788949199999,futures
1788949200000,2026-09-09T10:20:00.000Z,2026-09-09 18:20,0.10804,0.10835,0.10803,0.10803,22172,1788949499999,futures
1788949500000,2026-09-09T10:25:00.000Z,2026-09-09 18:25,0.10803,0.10837,0.10795,0.10834,59668,1788949799999,futures
1788949800000,2026-09-09T10:30:00.000Z,2026-09-09 18:30,0.10827,0.10869,0.10824,0.10852,75510,1788950099999,futures
1788950100000,2026-09-09T10:35:00.000Z,2026-09-09 18:35,0.10853,0.10883,0.10841,0.1085,78230,1788950399999,futures
1788950400000,2026-09-09T10:40:00.000Z,2026-09-09 18:40,0.1085,0.10907,0.1083,0.10849,252189,1788950699999,futures
1788950700000,2026-09-09T10:45:00.000Z,2026-09-09 18:45,0.10843,0.10913,0.1083,0.10902,113467,1788950999999,futures
1788951000000,2026-09-09T10:50:00.000Z,2026-09-09 18:50,0.10896,0.10915,0.10859,0.109,65148,1788951299999,futures
1788951300000,2026-09-09T10:55:00.000Z,2026-09-09 18:55,0.10897,0.10995,0.10885,0.10965,317677,1788951599999,futures
1788951600000,2026-09-09T11:00:00.000Z,2026-09-09 19:00,0.10964,0.10966,0.10895,0.10916,174581,1788951899999,futures
1788951900000,2026-09-09T11:05:00.000Z,2026-09-09 19:05,0.10911,0.10913,0.10814,0.10874,303054,1788952199999,futures
1788952200000,2026-09-09T11:10:00.000Z,2026-09-09 19:10,0.10874,0.1089,0.10829,0.10829,107782,1788952499999,futures
1788952500000,2026-09-09T11:15:00.000Z,2026-09-09 19:15,0.10829,0.10844,0.10795,0.10827,127107,1788952799999,futures
1788952800000,2026-09-09T11:20:00.000Z,2026-09-09 19:20,0.10825,0.10844,0.10769,0.10829,121645,1788953099999,futures
1788953100000,2026-09-09T11:25:00.000Z,2026-09-09 19:25,0.10834,0.10882,0.10828,0.10845,54660,1788953399999,futures
1788953400000,2026-09-09T11:30:00.000Z,2026-09-09 19:30,0.10832,0.10865,0.10832,0.10851,48490,1788953699999,futures
1788953700000,2026-09-09T11:35:00.000Z,2026-09-09 19:35,0.10851,0.10851,0.10803,0.10826,80917,1788953999999,futures
1788954000000,2026-09-09T11:40:00.000Z,2026-09-09 19:40,0.10828,0.10889,0.10828,0.10849,78252,1788954299999,futures
1788954300000,2026-09-09T11:45:00.000Z,2026-09-09 19:45,0.10858,0.10949,0.10858,0.10928,138030,1788954599999,futures
1788954600000,2026-09-09T11:50:00.000Z,2026-09-09 19:50,0.10921,0.10962,0.10917,0.10918,83541,1788954899999,futures
1788954900000,2026-09-09T11:55:00.000Z,2026-09-09 19:55,0.10924,0.10934,0.10887,0.10934,104808,1788955199999,futures
1788955200000,2026-09-09T12:00:00.000Z,2026-09-09 20:00,0.10918,0.10942,0.10862,0.10889,130129,1788955499999,futures
1788955500000,2026-09-09T12:05:00.000Z,2026-09-09 20:05,0.10882,0.10922,0.10872,0.10875,68017,1788955799999,futures
1788955800000,2026-09-09T12:10:00.000Z,2026-09-09 20:10,0.1087,0.10872,0.10801,0.10822,101011,1788956099999,futures
1788956100000,2026-09-09T12:15:00.000Z,2026-09-09 20:15,0.10825,0.10906,0.10825,0.10893,99178,1788956399999,futures
1788956400000,2026-09-09T12:20:00.000Z,2026-09-09 20:20,0.10899,0.10951,0.10892,0.10936,101780,1788956699999,futures
1788956700000,2026-09-09T12:25:00.000Z,2026-09-09 20:25,0.10945,0.10952,0.10911,0.10932,183706,1788956999999,futures
1788957000000,2026-09-09T12:30:00.000Z,2026-09-09 20:30,0.10924,0.10954,0.10901,0.10908,81226,1788957299999,futures
1788957300000,2026-09-09T12:35:00.000Z,2026-09-09 20:35,0.10907,0.10956,0.10892,0.10949,229785,1788957599999,futures
1788957600000,2026-09-09T12:40:00.000Z,2026-09-09 20:40,0.10937,0.10999,0.10934,0.1095,112000,1788957899999,futures
1788957900000,2026-09-09T12:45:00.000Z,2026-09-09 20:45,0.10951,0.10972,0.10932,0.10965,44675,1788958199999,futures
1788958200000,2026-09-09T12:50:00.000Z,2026-09-09 20:50,0.10955,0.10988,0.10952,0.10962,71106,1788958499999,futures
1788958500000,2026-09-09T12:55:00.000Z,2026-09-09 20:55,0.10966,0.1099,0.10951,0.10968,113472,1788958799999,futures
1788958800000,2026-09-09T13:00:00.000Z,2026-09-09 21:00,0.10964,0.1099,0.10947,0.10976,107562,1788959099999,futures
1788959100000,2026-09-09T13:05:00.000Z,2026-09-09 21:05,0.10972,0.10985,0.10938,0.10951,51929,1788959399999,futures
1788959400000,2026-09-09T13:10:00.000Z,2026-09-09 21:10,0.1095,0.11059,0.10938,0.11035,303201,1788959699999,futures
1788959700000,2026-09-09T13:15:00.000Z,2026-09-09 21:15,0.11035,0.11054,0.11017,0.11028,121300,1788959999999,futures
1788960000000,2026-09-09T13:20:00.000Z,2026-09-09 21:20,0.11028,0.11079,0.11028,0.1106,66544,1788960299999,futures
1788960300000,2026-09-09T13:25:00.000Z,2026-09-09 21:25,0.1106,0.11122,0.1106,0.11062,252401,1788960599999,futures
1788960600000,2026-09-09T13:30:00.000Z,2026-09-09 21:30,0.11061,0.11077,0.11015,0.11064,225082,1788960899999,futures
1788960900000,2026-09-09T13:35:00.000Z,2026-09-09 21:35,0.11063,0.11129,0.11057,0.11111,162500,1788961199999,futures
1788961200000,2026-09-09T13:40:00.000Z,2026-09-09 21:40,0.11109,0.11178,0.11098,0.11154,555953,1788961499999,futures
1788961500000,2026-09-09T13:45:00.000Z,2026-09-09 21:45,0.11154,0.11195,0.11019,0.11032,733940,1788961799999,futures
1788961800000,2026-09-09T13:50:00.000Z,2026-09-09 21:50,0.11031,0.11118,0.11017,0.11046,552345,1788962099999,futures
1788962100000,2026-09-09T13:55:00.000Z,2026-09-09 21:55,0.11049,0.11085,0.10937,0.10954,400121,1788962399999,futures
1788962400000,2026-09-09T14:00:00.000Z,2026-09-09 22:00,0.1095,0.10962,0.1087,0.1095,302414,1788962699999,futures
1788962700000,2026-09-09T14:05:00.000Z,2026-09-09 22:05,0.1095,0.11045,0.10942,0.11,174880,1788962999999,futures
1788963000000,2026-09-09T14:10:00.000Z,2026-09-09 22:10,0.10997,0.11041,0.10984,0.11023,100191,1788963299999,futures
1788963300000,2026-09-09T14:15:00.000Z,2026-09-09 22:15,0.11039,0.11048,0.11014,0.11031,87848,1788963599999,futures
1788963600000,2026-09-09T14:20:00.000Z,2026-09-09 22:20,0.11028,0.11065,0.11016,0.11045,85888,1788963899999,futures
1788963900000,2026-09-09T14:25:00.000Z,2026-09-09 22:25,0.11045,0.11125,0.1104,0.11093,103053,1788964199999,futures
1788964200000,2026-09-09T14:30:00.000Z,2026-09-09 22:30,0.11093,0.11167,0.11073,0.11133,116348,1788964499999,futures
1788964500000,2026-09-09T14:35:00.000Z,2026-09-09 22:35,0.11132,0.1117,0.1112,0.11163,67239,1788964799999,futures
1788964800000,2026-09-09T14:40:00.000Z,2026-09-09 22:40,0.11154,0.11185,0.1113,0.11146,193687,1788965099999,futures
1788965100000,2026-09-09T14:45:00.000Z,2026-09-09 22:45,0.1115,0.11249,0.11133,0.11233,406907,1788965399999,futures
1788965400000,2026-09-09T14:50:00.000Z,2026-09-09 22:50,0.11233,0.11259,0.11178,0.11178,231945,1788965699999,futures
1788965700000,2026-09-09T14:55:00.000Z,2026-09-09 22:55,0.1119,0.1119,0.11107,0.1114,301422,1788965999999,futures
1788966000000,2026-09-09T15:00:00.000Z,2026-09-09 23:00,0.1114,0.11193,0.11058,0.11128,315650,1788966299999,futures
1788966300000,2026-09-09T15:05:00.000Z,2026-09-09 23:05,0.11129,0.11157,0.11101,0.11124,141979,1788966599999,futures
1788966600000,2026-09-09T15:10:00.000Z,2026-09-09 23:10,0.11125,0.11146,0.1101,0.11086,263342,1788966899999,futures
1788966900000,2026-09-09T15:15:00.000Z,2026-09-09 23:15,0.1108,0.11082,0.10999,0.11005,162573,1788967199999,futures
1788967200000,2026-09-09T15:20:00.000Z,2026-09-09 23:20,0.1101,0.11062,0.10956,0.11008,218938,1788967499999,futures
1788967500000,2026-09-09T15:25:00.000Z,2026-09-09 23:25,0.11007,0.11083,0.10986,0.1107,232839,1788967799999,futures
1788967800000,2026-09-09T15:30:00.000Z,2026-09-09 23:30,0.11076,0.11117,0.11058,0.11107,143482,1788968099999,futures
1788968100000,2026-09-09T15:35:00.000Z,2026-09-09 23:35,0.11107,0.11176,0.11091,0.11148,294645,1788968399999,futures
1788968400000,2026-09-09T15:40:00.000Z,2026-09-09 23:40,0.11155,0.11258,0.11111,0.1124,321757,1788968699999,futures
1788968700000,2026-09-09T15:45:00.000Z,2026-09-09 23:45,0.11245,0.11258,0.112,0.11217,221523,1788968999999,futures
1788969000000,2026-09-09T15:50:00.000Z,2026-09-09 23:50,0.11224,0.11245,0.11153,0.11212,149276,1788969299999,futures
1788969300000,2026-09-09T15:55:00.000Z,2026-09-09 23:55,0.11217,0.11265,0.11171,0.11223,94823,1788969599999,futures
1788969600000,2026-09-09T16:00:00.000Z,2026-09-10 00:00,0.11224,0.1129,0.11218,0.11278,211728,1788969899999,futures
1788969900000,2026-09-09T16:05:00.000Z,2026-09-10 00:05,0.11268,0.11275,0.11207,0.1124,163245,1788970199999,futures
1788970200000,2026-09-09T16:10:00.000Z,2026-09-10 00:10,0.11239,0.11316,0.11222,0.11308,269579,1788970499999,futures
1788970500000,2026-09-09T16:15:00.000Z,2026-09-10 00:15,0.11307,0.11339,0.11193,0.11279,434178,1788970799999,futures
1788970800000,2026-09-09T16:20:00.000Z,2026-09-10 00:20,0.1127,0.113,0.11178,0.11239,421419,1788971099999,futures
1788971100000,2026-09-09T16:25:00.000Z,2026-09-10 00:25,0.11247,0.11382,0.11239,0.1126,694818,1788971399999,futures
1788971400000,2026-09-09T16:30:00.000Z,2026-09-10 00:30,0.11267,0.11355,0.11188,0.11348,429529,1788971699999,futures
1788971700000,2026-09-09T16:35:00.000Z,2026-09-10 00:35,0.11348,0.11407,0.1131,0.11352,584058,1788971999999,futures
1788972000000,2026-09-09T16:40:00.000Z,2026-09-10 00:40,0.11352,0.11364,0.11289,0.11293,329820,1788972299999,futures
1788972300000,2026-09-09T16:45:00.000Z,2026-09-10 00:45,0.11287,0.11291,0.11152,0.1121,300432,1788972599999,futures
1788972600000,2026-09-09T16:50:00.000Z,2026-09-10 00:50,0.1121,0.11258,0.112,0.11231,191326,1788972899999,futures
1788972900000,2026-09-09T16:55:00.000Z,2026-09-10 00:55,0.11233,0.11324,0.11227,0.11304,221901,1788973199999,futures
1788973200000,2026-09-09T17:00:00.000Z,2026-09-10 01:00,0.11308,0.1137,0.11291,0.11353,177807,1788973499999,futures
1788973500000,2026-09-09T17:05:00.000Z,2026-09-10 01:05,0.11356,0.11454,0.11329,0.11346,752854,1788973799999,futures
1788973800000,2026-09-09T17:10:00.000Z,2026-09-10 01:10,0.11353,0.11391,0.11346,0.11374,136286,1788974099999,futures
1788974100000,2026-09-09T17:15:00.000Z,2026-09-10 01:15,0.11374,0.1146,0.11373,0.11446,193435,1788974399999,futures
1788974400000,2026-09-09T17:20:00.000Z,2026-09-10 01:20,0.11447,0.1149,0.1142,0.11443,419770,1788974699999,futures
1788974700000,2026-09-09T17:25:00.000Z,2026-09-10 01:25,0.11442,0.11496,0.11421,0.1149,151716,1788974999999,futures
1788975000000,2026-09-09T17:30:00.000Z,2026-09-10 01:30,0.1149,0.11589,0.11469,0.1155,961154,1788975299999,futures
1788975300000,2026-09-09T17:35:00.000Z,2026-09-10 01:35,0.11553,0.11576,0.11489,0.11513,421240,1788975599999,futures
1788975600000,2026-09-09T17:40:00.000Z,2026-09-10 01:40,0.11512,0.11665,0.11502,0.1161,514724,1788975899999,futures
1788975900000,2026-09-09T17:45:00.000Z,2026-09-10 01:45,0.11607,0.117,0.11554,0.1159,990307,1788976199999,futures
1788976200000,2026-09-09T17:50:00.000Z,2026-09-10 01:50,0.1159,0.11608,0.11483,0.11515,622911,1788976499999,futures
1788976500000,2026-09-09T17:55:00.000Z,2026-09-10 01:55,0.11515,0.11572,0.11435,0.11484,424374,1788976799999,futures
1788976800000,2026-09-09T18:00:00.000Z,2026-09-10 02:00,0.11494,0.11585,0.11431,0.11515,589072,1788977099999,futures
1788977100000,2026-09-09T18:05:00.000Z,2026-09-10 02:05,0.11522,0.11526,0.11207,0.11234,1315385,1788977399999,futures
1788977400000,2026-09-09T18:10:00.000Z,2026-09-10 02:10,0.11238,0.11317,0.11238,0.11291,510447,1788977699999,futures
1788977700000,2026-09-09T18:15:00.000Z,2026-09-10 02:15,0.11301,0.11408,0.11282,0.11395,365731,1788977999999,futures
1788978000000,2026-09-09T18:20:00.000Z,2026-09-10 02:20,0.11401,0.11451,0.1137,0.11383,281431,1788978299999,futures
1788978300000,2026-09-09T18:25:00.000Z,2026-09-10 02:25,0.114,0.1141,0.11352,0.11397,107239,1788978599999,futures
1788978600000,2026-09-09T18:30:00.000Z,2026-09-10 02:30,0.11404,0.11411,0.11354,0.11383,204793,1788978899999,futures
1788978900000,2026-09-09T18:35:00.000Z,2026-09-10 02:35,0.11399,0.11463,0.11377,0.11423,371038,1788979199999,futures
1788979200000,2026-09-09T18:40:00.000Z,2026-09-10 02:40,0.11431,0.11488,0.11317,0.1137,713789,1788979499999,futures
1788979500000,2026-09-09T18:45:00.000Z,2026-09-10 02:45,0.1137,0.11392,0.11282,0.11319,403937,1788979799999,futures
1788979800000,2026-09-09T18:50:00.000Z,2026-09-10 02:50,0.11312,0.11327,0.11278,0.11285,128054,1788980099999,futures
1788980100000,2026-09-09T18:55:00.000Z,2026-09-10 02:55,0.11279,0.11292,0.11185,0.11211,340646,1788980399999,futures
1788980400000,2026-09-09T19:00:00.000Z,2026-09-10 03:00,0.11201,0.11276,0.11201,0.11227,160087,1788980699999,futures
1788980700000,2026-09-09T19:05:00.000Z,2026-09-10 03:05,0.11232,0.1127,0.11168,0.11187,262229,1788980999999,futures
1788981000000,2026-09-09T19:10:00.000Z,2026-09-10 03:10,0.11186,0.1129,0.11186,0.11262,164737,1788981299999,futures
1788981300000,2026-09-09T19:15:00.000Z,2026-09-10 03:15,0.11248,0.1134,0.11248,0.11325,186294,1788981599999,futures
1788981600000,2026-09-09T19:20:00.000Z,2026-09-10 03:20,0.11323,0.11353,0.11311,0.11329,69466,1788981899999,futures
1788981900000,2026-09-09T19:25:00.000Z,2026-09-10 03:25,0.1132,0.11391,0.11311,0.11379,88441,1788982199999,futures
1788982200000,2026-09-09T19:30:00.000Z,2026-09-10 03:30,0.11388,0.1146,0.11364,0.11454,120797,1788982499999,futures
1788982500000,2026-09-09T19:35:00.000Z,2026-09-10 03:35,0.11454,0.1147,0.11346,0.11424,335974,1788982799999,futures
1788982800000,2026-09-09T19:40:00.000Z,2026-09-10 03:40,0.11423,0.11464,0.11369,0.11385,218052,1788983099999,futures
1788983100000,2026-09-09T19:45:00.000Z,2026-09-10 03:45,0.11385,0.11402,0.11333,0.1135,171681,1788983399999,futures
1788983400000,2026-09-09T19:50:00.000Z,2026-09-10 03:50,0.11354,0.11417,0.11323,0.11349,202733,1788983699999,futures
1788983700000,2026-09-09T19:55:00.000Z,2026-09-10 03:55,0.11343,0.1141,0.11332,0.11382,254640,1788983999999,futures
1788984000000,2026-09-09T20:00:00.000Z,2026-09-10 04:00,0.11384,0.11446,0.11377,0.11425,155810,1788984299999,futures
1788984300000,2026-09-09T20:05:00.000Z,2026-09-10 04:05,0.11424,0.11495,0.11402,0.11477,183681,1788984599999,futures
1788984600000,2026-09-09T20:10:00.000Z,2026-09-10 04:10,0.11472,0.11554,0.11417,0.11464,510388,1788984899999,futures
1788984900000,2026-09-09T20:15:00.000Z,2026-09-10 04:15,0.11454,0.11475,0.11426,0.11434,99516,1788985199999,futures
1788985200000,2026-09-09T20:20:00.000Z,2026-09-10 04:20,0.1143,0.11446,0.11342,0.1139,320453,1788985499999,futures
1788985500000,2026-09-09T20:25:00.000Z,2026-09-10 04:25,0.11391,0.114,0.11311,0.11333,176736,1788985799999,futures
1788985800000,2026-09-09T20:30:00.000Z,2026-09-10 04:30,0.11336,0.11483,0.11336,0.11459,277266,1788986099999,futures
1788986100000,2026-09-09T20:35:00.000Z,2026-09-10 04:35,0.11459,0.11549,0.11441,0.11547,240153,1788986399999,futures
1788986400000,2026-09-09T20:40:00.000Z,2026-09-10 04:40,0.11534,0.11577,0.11461,0.11494,339337,1788986699999,futures
1788986700000,2026-09-09T20:45:00.000Z,2026-09-10 04:45,0.11494,0.11508,0.11454,0.11468,57698,1788986999999,futures
1788987000000,2026-09-09T20:50:00.000Z,2026-09-10 04:50,0.11468,0.11509,0.11461,0.1149,94294,1788987299999,futures
1788987300000,2026-09-09T20:55:00.000Z,2026-09-10 04:55,0.1149,0.11531,0.11487,0.11505,130689,1788987599999,futures
1788987600000,2026-09-09T21:00:00.000Z,2026-09-10 05:00,0.11503,0.11504,0.11414,0.11477,255811,1788987899999,futures
1788987900000,2026-09-09T21:05:00.000Z,2026-09-10 05:05,0.11477,0.11489,0.11432,0.11482,135712,1788988199999,futures
1788988200000,2026-09-09T21:10:00.000Z,2026-09-10 05:10,0.11486,0.11589,0.11483,0.11568,90429,1788988499999,futures
1788988500000,2026-09-09T21:15:00.000Z,2026-09-10 05:15,0.11568,0.11621,0.11554,0.1158,189710,1788988799999,futures
1788988800000,2026-09-09T21:20:00.000Z,2026-09-10 05:20,0.1158,0.11656,0.11576,0.11656,169390,1788989099999,futures
1788989100000,2026-09-09T21:25:00.000Z,2026-09-10 05:25,0.11648,0.11728,0.11579,0.11624,1126577,1788989399999,futures
1788989400000,2026-09-09T21:30:00.000Z,2026-09-10 05:30,0.11631,0.11655,0.1157,0.1159,547558,1788989699999,futures
1788989700000,2026-09-09T21:35:00.000Z,2026-09-10 05:35,0.1159,0.11632,0.1154,0.11598,457071,1788989999999,futures
1788990000000,2026-09-09T21:40:00.000Z,2026-09-10 05:40,0.11599,0.1162,0.1146,0.11516,453706,1788990299999,futures
1788990300000,2026-09-09T21:45:00.000Z,2026-09-10 05:45,0.11521,0.11609,0.11518,0.11558,636735,1788990599999,futures
1788990600000,2026-09-09T21:50:00.000Z,2026-09-10 05:50,0.11542,0.11725,0.11522,0.11641,871606,1788990899999,futures
1788990900000,2026-09-09T21:55:00.000Z,2026-09-10 05:55,0.11641,0.11641,0.11425,0.11546,821845,1788991199999,futures
1788991200000,2026-09-09T22:00:00.000Z,2026-09-10 06:00,0.1156,0.11625,0.11482,0.11528,428321,1788991499999,futures
1788991500000,2026-09-09T22:05:00.000Z,2026-09-10 06:05,0.11532,0.11574,0.10871,0.11341,2458383,1788991799999,futures
1788991800000,2026-09-09T22:10:00.000Z,2026-09-10 06:10,0.11345,0.11482,0.11345,0.11389,825362,1788992099999,futures
1788992100000,2026-09-09T22:15:00.000Z,2026-09-10 06:15,0.11389,0.11434,0.11249,0.1142,682553,1788992399999,futures
1788992400000,2026-09-09T22:20:00.000Z,2026-09-10 06:20,0.11428,0.115,0.11398,0.11484,309630,1788992699999,futures
1788992700000,2026-09-09T22:25:00.000Z,2026-09-10 06:25,0.11481,0.11611,0.11481,0.11608,555816,1788992999999,futures
1788993000000,2026-09-09T22:30:00.000Z,2026-09-10 06:30,0.11604,0.11632,0.11427,0.11494,1066052,1788993299999,futures
1788993300000,2026-09-09T22:35:00.000Z,2026-09-10 06:35,0.11493,0.11529,0.11377,0.11471,491940,1788993599999,futures
1788993600000,2026-09-09T22:40:00.000Z,2026-09-10 06:40,0.11463,0.11509,0.11449,0.11481,196720,1788993899999,futures
1788993900000,2026-09-09T22:45:00.000Z,2026-09-10 06:45,0.11494,0.11587,0.11458,0.11513,386187,1788994199999,futures
1788994200000,2026-09-09T22:50:00.000Z,2026-09-10 06:50,0.11521,0.11552,0.1151,0.11541,160010,1788994499999,futures
1788994500000,2026-09-09T22:55:00.000Z,2026-09-10 06:55,0.11548,0.11548,0.11397,0.11469,824642,1788994799999,futures
1788994800000,2026-09-09T23:00:00.000Z,2026-09-10 07:00,0.11469,0.1156,0.11416,0.11546,372369,1788995099999,futures
1788995100000,2026-09-09T23:05:00.000Z,2026-09-10 07:05,0.11546,0.1157,0.11415,0.11463,563597,1788995399999,futures
1788995400000,2026-09-09T23:10:00.000Z,2026-09-10 07:10,0.11474,0.11549,0.1145,0.1149,445731,1788995699999,futures
1788995700000,2026-09-09T23:15:00.000Z,2026-09-10 07:15,0.11483,0.11552,0.11451,0.11474,412641,1788995999999,futures
1788996000000,2026-09-09T23:20:00.000Z,2026-09-10 07:20,0.11474,0.11552,0.11455,0.1148,428353,1788996299999,futures
1788996300000,2026-09-09T23:25:00.000Z,2026-09-10 07:25,0.1148,0.11547,0.11467,0.1153,324793,1788996599999,futures
1788996600000,2026-09-09T23:30:00.000Z,2026-09-10 07:30,0.11522,0.11624,0.11516,0.11551,755757,1788996899999,futures
1788996900000,2026-09-09T23:35:00.000Z,2026-09-10 07:35,0.11551,0.11627,0.1152,0.11602,477500,1788997199999,futures
1788997200000,2026-09-09T23:40:00.000Z,2026-09-10 07:40,0.11602,0.11621,0.11539,0.11585,256533,1788997499999,futures
1788997500000,2026-09-09T23:45:00.000Z,2026-09-10 07:45,0.11586,0.1166,0.11561,0.11594,376993,1788997799999,futures
1788997800000,2026-09-09T23:50:00.000Z,2026-09-10 07:50,0.11594,0.11643,0.11553,0.11567,431428,1788998099999,futures
1788998100000,2026-09-09T23:55:00.000Z,2026-09-10 07:55,0.11567,0.11626,0.11519,0.11604,335065,1788998399999,futures
1788998400000,2026-09-10T00:00:00.000Z,2026-09-10 08:00,0.11604,0.1167,0.11555,0.11555,703132,1788998699999,futures
1788998700000,2026-09-10T00:05:00.000Z,2026-09-10 08:05,0.11565,0.11612,0.11504,0.11596,435785,1788998999999,futures
1788999000000,2026-09-10T00:10:00.000Z,2026-09-10 08:10,0.11587,0.11593,0.11326,0.11356,862979,1788999299999,futures
1788999300000,2026-09-10T00:15:00.000Z,2026-09-10 08:15,0.11346,0.11434,0.11201,0.11434,771820,1788999599999,futures
1788999600000,2026-09-10T00:20:00.000Z,2026-09-10 08:20,0.11427,0.11496,0.11355,0.11365,400543,1788999899999,futures
1788999900000,2026-09-10T00:25:00.000Z,2026-09-10 08:25,0.11385,0.11416,0.1129,0.11319,233708,1789000199999,futures
1789000200000,2026-09-10T00:30:00.000Z,2026-09-10 08:30,0.11319,0.1132,0.11201,0.11245,370072,1789000499999,futures
1789000500000,2026-09-10T00:35:00.000Z,2026-09-10 08:35,0.11247,0.1137,0.1121,0.11337,431848,1789000799999,futures
1789000800000,2026-09-10T00:40:00.000Z,2026-09-10 08:40,0.11342,0.11456,0.11334,0.1144,219282,1789001099999,futures
1789001100000,2026-09-10T00:45:00.000Z,2026-09-10 08:45,0.11439,0.11565,0.11427,0.11542,344507,1789001399999,futures
1789001400000,2026-09-10T00:50:00.000Z,2026-09-10 08:50,0.11543,0.11581,0.11461,0.1153,331422,1789001699999,futures
1789001700000,2026-09-10T00:55:00.000Z,2026-09-10 08:55,0.1153,0.1153,0.11436,0.11528,203995,1789001999999,futures
1789002000000,2026-09-10T01:00:00.000Z,2026-09-10 09:00,0.11528,0.11559,0.11448,0.11532,215331,1789002299999,futures
1789002300000,2026-09-10T01:05:00.000Z,2026-09-10 09:05,0.11532,0.11634,0.11525,0.11595,205804,1789002599999,futures
1789002600000,2026-09-10T01:10:00.000Z,2026-09-10 09:10,0.11595,0.11617,0.11523,0.11563,217235,1789002899999,futures
1789002900000,2026-09-10T01:15:00.000Z,2026-09-10 09:15,0.11572,0.11632,0.11528,0.11564,511190,1789003199999,futures
1789003200000,2026-09-10T01:20:00.000Z,2026-09-10 09:20,0.11572,0.11592,0.11485,0.11576,190383,1789003499999,futures
1789003500000,2026-09-10T01:25:00.000Z,2026-09-10 09:25,0.11579,0.11588,0.11481,0.11526,178108,1789003799999,futures
1789003800000,2026-09-10T01:30:00.000Z,2026-09-10 09:30,0.11529,0.1154,0.11431,0.1146,243011,1789004099999,futures
1789004100000,2026-09-10T01:35:00.000Z,2026-09-10 09:35,0.11464,0.11492,0.11326,0.11385,739581,1789004399999,futures
1789004400000,2026-09-10T01:40:00.000Z,2026-09-10 09:40,0.11383,0.1146,0.11357,0.11378,397409,1789004699999,futures
1789004700000,2026-09-10T01:45:00.000Z,2026-09-10 09:45,0.11378,0.11386,0.11208,0.11271,608428,1789004999999,futures
1789005000000,2026-09-10T01:50:00.000Z,2026-09-10 09:50,0.11258,0.11267,0.11086,0.11257,655094,1789005299999,futures
1789005300000,2026-09-10T01:55:00.000Z,2026-09-10 09:55,0.11255,0.11303,0.1113,0.11142,349702,1789005599999,futures
1789005600000,2026-09-10T02:00:00.000Z,2026-09-10 10:00,0.11142,0.11229,0.11089,0.11141,410268,1789005899999,futures
1789005900000,2026-09-10T02:05:00.000Z,2026-09-10 10:05,0.11129,0.1119,0.11063,0.11115,431763,1789006199999,futures
1789006200000,2026-09-10T02:10:00.000Z,2026-09-10 10:10,0.11112,0.11224,0.11077,0.11199,237510,1789006499999,futures
1789006500000,2026-09-10T02:15:00.000Z,2026-09-10 10:15,0.11217,0.11273,0.11197,0.11215,184402,1789006799999,futures
1789006800000,2026-09-10T02:20:00.000Z,2026-09-10 10:20,0.11213,0.11229,0.11144,0.11184,148807,1789007099999,futures
1789007100000,2026-09-10T02:25:00.000Z,2026-09-10 10:25,0.11182,0.11193,0.11144,0.11183,182453,1789007399999,futures
1789007400000,2026-09-10T02:30:00.000Z,2026-09-10 10:30,0.11183,0.1121,0.11137,0.11176,264968,1789007699999,futures
1789007700000,2026-09-10T02:35:00.000Z,2026-09-10 10:35,0.1117,0.11206,0.11141,0.11169,121744,1789007999999,futures
1789008000000,2026-09-10T02:40:00.000Z,2026-09-10 10:40,0.11178,0.11309,0.11169,0.11289,251530,1789008299999,futures
1789008300000,2026-09-10T02:45:00.000Z,2026-09-10 10:45,0.11288,0.11357,0.11288,0.11344,242747,1789008599999,futures
1789008600000,2026-09-10T02:50:00.000Z,2026-09-10 10:50,0.11344,0.11357,0.11225,0.11271,182403,1789008899999,futures
1789008900000,2026-09-10T02:55:00.000Z,2026-09-10 10:55,0.11274,0.11333,0.11271,0.11298,94554,1789009199999,futures
1789009200000,2026-09-10T03:00:00.000Z,2026-09-10 11:00,0.11302,0.11376,0.11273,0.11344,290604,1789009499999,futures
1789009500000,2026-09-10T03:05:00.000Z,2026-09-10 11:05,0.11344,0.11489,0.11325,0.11463,422472,1789009799999,futures
1789009800000,2026-09-10T03:10:00.000Z,2026-09-10 11:10,0.1146,0.11546,0.11406,0.11467,546074,1789010099999,futures
1789010100000,2026-09-10T03:15:00.000Z,2026-09-10 11:15,0.11464,0.1147,0.11296,0.11298,539617,1789010399999,futures
1789010400000,2026-09-10T03:20:00.000Z,2026-09-10 11:20,0.11299,0.1133,0.11226,0.11252,260073,1789010699999,futures
1789010700000,2026-09-10T03:25:00.000Z,2026-09-10 11:25,0.11254,0.11269,0.11151,0.11187,309469,1789010999999,futures
1789011000000,2026-09-10T03:30:00.000Z,2026-09-10 11:30,0.11189,0.11289,0.11172,0.11223,212918,1789011299999,futures
1789011300000,2026-09-10T03:35:00.000Z,2026-09-10 11:35,0.11225,0.11312,0.11217,0.11312,151904,1789011599999,futures
1789011600000,2026-09-10T03:40:00.000Z,2026-09-10 11:40,0.1133,0.11375,0.11301,0.11351,159830,1789011899999,futures
1789011900000,2026-09-10T03:45:00.000Z,2026-09-10 11:45,0.1136,0.1139,0.11314,0.11361,144688,1789012199999,futures
1789012200000,2026-09-10T03:50:00.000Z,2026-09-10 11:50,0.1136,0.11391,0.1134,0.11386,138225,1789012499999,futures
1789012500000,2026-09-10T03:55:00.000Z,2026-09-10 11:55,0.11372,0.11398,0.11308,0.1132,109945,1789012799999,futures
1789012800000,2026-09-10T04:00:00.000Z,2026-09-10 12:00,0.11309,0.11345,0.11237,0.1124,290953,1789013099999,futures
1789013100000,2026-09-10T04:05:00.000Z,2026-09-10 12:05,0.11243,0.11283,0.11218,0.11252,133473,1789013399999,futures
1789013400000,2026-09-10T04:10:00.000Z,2026-09-10 12:10,0.11253,0.11274,0.11179,0.11219,153400,1789013699999,futures
1789013700000,2026-09-10T04:15:00.000Z,2026-09-10 12:15,0.11227,0.11291,0.1121,0.11223,97505,1789013999999,futures
1789014000000,2026-09-10T04:20:00.000Z,2026-09-10 12:20,0.11216,0.11249,0.112,0.1124,101760,1789014299999,futures
1789014300000,2026-09-10T04:25:00.000Z,2026-09-10 12:25,0.1124,0.11298,0.11189,0.11194,173416,1789014599999,futures
1789014600000,2026-09-10T04:30:00.000Z,2026-09-10 12:30,0.11194,0.11249,0.11176,0.11246,100696,1789014899999,futures
1789014900000,2026-09-10T04:35:00.000Z,2026-09-10 12:35,0.11238,0.11328,0.11238,0.11309,118913,1789015199999,futures
1789015200000,2026-09-10T04:40:00.000Z,2026-09-10 12:40,0.11315,0.11499,0.11311,0.11466,849715,1789015499999,futures
1789015500000,2026-09-10T04:45:00.000Z,2026-09-10 12:45,0.11462,0.11475,0.11204,0.11242,715131,1789015799999,futures
1789015800000,2026-09-10T04:50:00.000Z,2026-09-10 12:50,0.11241,0.113,0.11229,0.11258,271570,1789016099999,futures
1789016100000,2026-09-10T04:55:00.000Z,2026-09-10 12:55,0.11252,0.1127,0.1119,0.11258,211934,1789016399999,futures
1789016400000,2026-09-10T05:00:00.000Z,2026-09-10 13:00,0.11258,0.11267,0.11144,0.11172,288059,1789016699999,futures
1789016700000,2026-09-10T05:05:00.000Z,2026-09-10 13:05,0.11178,0.11214,0.11137,0.11182,166944,1789016999999,futures
1789017000000,2026-09-10T05:10:00.000Z,2026-09-10 13:10,0.11182,0.11258,0.11165,0.1122,110967,1789017299999,futures
1789017300000,2026-09-10T05:15:00.000Z,2026-09-10 13:15,0.11215,0.11229,0.11127,0.1116,155341,1789017599999,futures
1789017600000,2026-09-10T05:20:00.000Z,2026-09-10 13:20,0.11162,0.11189,0.11097,0.11169,337829,1789017899999,futures
1789017900000,2026-09-10T05:25:00.000Z,2026-09-10 13:25,0.1117,0.11228,0.11151,0.11215,318525,1789018199999,futures
1789018200000,2026-09-10T05:30:00.000Z,2026-09-10 13:30,0.11228,0.11286,0.11207,0.1127,189297,1789018499999,futures
1789018500000,2026-09-10T05:35:00.000Z,2026-09-10 13:35,0.11265,0.11287,0.11246,0.11272,76081,1789018799999,futures
1789018800000,2026-09-10T05:40:00.000Z,2026-09-10 13:40,0.11268,0.1128,0.11236,0.11263,103191,1789019099999,futures
1789019100000,2026-09-10T05:45:00.000Z,2026-09-10 13:45,0.11269,0.11365,0.11247,0.11337,161366,1789019399999,futures
1789019400000,2026-09-10T05:50:00.000Z,2026-09-10 13:50,0.1134,0.11401,0.11335,0.1138,294184,1789019699999,futures
1789019700000,2026-09-10T05:55:00.000Z,2026-09-10 13:55,0.11375,0.11418,0.11336,0.11394,325552,1789019999999,futures
1789020000000,2026-09-10T06:00:00.000Z,2026-09-10 14:00,0.11393,0.1143,0.11277,0.11311,539856,1789020299999,futures
1789020300000,2026-09-10T06:05:00.000Z,2026-09-10 14:05,0.11311,0.1135,0.11263,0.11328,159605,1789020599999,futures
1789020600000,2026-09-10T06:10:00.000Z,2026-09-10 14:10,0.11323,0.11337,0.11283,0.1129,113247,1789020899999,futures
1789020900000,2026-09-10T06:15:00.000Z,2026-09-10 14:15,0.1129,0.1138,0.11285,0.11348,267859,1789021199999,futures
1789021200000,2026-09-10T06:20:00.000Z,2026-09-10 14:20,0.1134,0.11421,0.11328,0.11399,397883,1789021499999,futures
1789021500000,2026-09-10T06:25:00.000Z,2026-09-10 14:25,0.11392,0.11437,0.11366,0.11386,367561,1789021799999,futures
1789021800000,2026-09-10T06:30:00.000Z,2026-09-10 14:30,0.11385,0.11479,0.11385,0.11401,556024,1789022099999,futures
1789022100000,2026-09-10T06:35:00.000Z,2026-09-10 14:35,0.11405,0.115,0.11401,0.11431,1273856,1789022399999,futures
1789022400000,2026-09-10T06:40:00.000Z,2026-09-10 14:40,0.11436,0.11499,0.11404,0.11438,823432,1789022699999,futures
1789022700000,2026-09-10T06:45:00.000Z,2026-09-10 14:45,0.11444,0.11576,0.11432,0.11552,1289668,1789022999999,futures
1789023000000,2026-09-10T06:50:00.000Z,2026-09-10 14:50,0.11544,0.11623,0.11529,0.11547,1414814,1789023299999,futures
1789023300000,2026-09-10T06:55:00.000Z,2026-09-10 14:55,0.11547,0.116,0.11508,0.11529,1041394,1789023599999,futures
1789023600000,2026-09-10T07:00:00.000Z,2026-09-10 15:00,0.11528,0.11574,0.11464,0.11521,1483183,1789023899999,futures
1789023900000,2026-09-10T07:05:00.000Z,2026-09-10 15:05,0.11515,0.11609,0.11508,0.11602,879018,1789024199999,futures
1789024200000,2026-09-10T07:10:00.000Z,2026-09-10 15:10,0.11599,0.1161,0.11452,0.1146,1126038,1789024499999,futures
1789024500000,2026-09-10T07:15:00.000Z,2026-09-10 15:15,0.11468,0.11526,0.11371,0.11494,992916,1789024799999,futures
1789024800000,2026-09-10T07:20:00.000Z,2026-09-10 15:20,0.11494,0.11523,0.11381,0.11414,624075,1789025099999,futures
1789025100000,2026-09-10T07:25:00.000Z,2026-09-10 15:25,0.11412,0.11472,0.11381,0.11432,344988,1789025399999,futures
1789025400000,2026-09-10T07:30:00.000Z,2026-09-10 15:30,0.1143,0.11533,0.11382,0.1151,378200,1789025699999,futures
1789025700000,2026-09-10T07:35:00.000Z,2026-09-10 15:35,0.11512,0.11593,0.11503,0.11506,957761,1789025999999,futures
1789026000000,2026-09-10T07:40:00.000Z,2026-09-10 15:40,0.1151,0.11598,0.11416,0.11486,1402208,1789026299999,futures
1789026300000,2026-09-10T07:45:00.000Z,2026-09-10 15:45,0.11477,0.11503,0.11391,0.1148,457712,1789026599999,futures
1789026600000,2026-09-10T07:50:00.000Z,2026-09-10 15:50,0.11469,0.11536,0.11422,0.11438,354009,1789026899999,futures
1789026900000,2026-09-10T07:55:00.000Z,2026-09-10 15:55,0.11438,0.11516,0.11438,0.1148,334753,1789027199999,futures
1789027200000,2026-09-10T08:00:00.000Z,2026-09-10 16:00,0.11481,0.11581,0.1143,0.11484,1285187,1789027499999,futures
1789027500000,2026-09-10T08:05:00.000Z,2026-09-10 16:05,0.11486,0.11518,0.11466,0.11516,314018,1789027799999,futures
1789027800000,2026-09-10T08:10:00.000Z,2026-09-10 16:10,0.11506,0.11506,0.11392,0.11457,492195,1789028099999,futures
1789028100000,2026-09-10T08:15:00.000Z,2026-09-10 16:15,0.11457,0.11511,0.11393,0.11465,551917,1789028399999,futures
1789028400000,2026-09-10T08:20:00.000Z,2026-09-10 16:20,0.11464,0.11497,0.11399,0.11415,270439,1789028699999,futures
1789028700000,2026-09-10T08:25:00.000Z,2026-09-10 16:25,0.11415,0.11434,0.11231,0.11337,1421150,1789028999999,futures
1789029000000,2026-09-10T08:30:00.000Z,2026-09-10 16:30,0.11324,0.11358,0.11264,0.11272,331372,1789029299999,futures
1789029300000,2026-09-10T08:35:00.000Z,2026-09-10 16:35,0.11275,0.11381,0.11206,0.11361,441518,1789029599999,futures
1789029600000,2026-09-10T08:40:00.000Z,2026-09-10 16:40,0.11362,0.11404,0.11343,0.11399,199355,1789029899999,futures
1789029900000,2026-09-10T08:45:00.000Z,2026-09-10 16:45,0.11401,0.11457,0.11382,0.11451,254474,1789030199999,futures
1789030200000,2026-09-10T08:50:00.000Z,2026-09-10 16:50,0.11449,0.11484,0.11436,0.11456,104182,1789030499999,futures
1789030500000,2026-09-10T08:55:00.000Z,2026-09-10 16:55,0.11461,0.11508,0.11438,0.11478,186481,1789030799999,futures
1789030800000,2026-09-10T09:00:00.000Z,2026-09-10 17:00,0.11476,0.11578,0.11474,0.11571,270922,1789031099999,futures
1789031100000,2026-09-10T09:05:00.000Z,2026-09-10 17:05,0.11563,0.11589,0.11536,0.11561,243915,1789031399999,futures
1789031400000,2026-09-10T09:10:00.000Z,2026-09-10 17:10,0.1156,0.11593,0.11556,0.11584,215670,1789031699999,futures
1789031700000,2026-09-10T09:15:00.000Z,2026-09-10 17:15,0.11577,0.116,0.11545,0.11578,413935,1789031999999,futures
1789032000000,2026-09-10T09:20:00.000Z,2026-09-10 17:20,0.11575,0.11619,0.11566,0.11592,409092,1789032299999,futures
1789032300000,2026-09-10T09:25:00.000Z,2026-09-10 17:25,0.11592,0.11713,0.11576,0.11691,1699976,1789032599999,futures
1789032600000,2026-09-10T09:30:00.000Z,2026-09-10 17:30,0.11682,0.11857,0.11655,0.11698,1963050,1789032899999,futures
1789032900000,2026-09-10T09:35:00.000Z,2026-09-10 17:35,0.11701,0.11775,0.11682,0.11747,816169,1789033199999,futures
1789033200000,2026-09-10T09:40:00.000Z,2026-09-10 17:40,0.11754,0.12092,0.11742,0.11853,10711925,1789033499999,futures
1789033500000,2026-09-10T09:45:00.000Z,2026-09-10 17:45,0.11844,0.12069,0.11824,0.12033,7539859,1789033799999,futures
1789033800000,2026-09-10T09:50:00.000Z,2026-09-10 17:50,0.12037,0.12428,0.11996,0.12398,16236314,1789034099999,futures
1789034100000,2026-09-10T09:55:00.000Z,2026-09-10 17:55,0.12401,0.12517,0.12271,0.12325,12800979,1789034399999,futures
1789034400000,2026-09-10T10:00:00.000Z,2026-09-10 18:00,0.12336,0.12448,0.12122,0.12167,13598023,1789034699999,futures
1789034700000,2026-09-10T10:05:00.000Z,2026-09-10 18:05,0.12168,0.1219,0.1175,0.1191,17827565,1789034999999,futures
1789035000000,2026-09-10T10:10:00.000Z,2026-09-10 18:10,0.11911,0.11923,0.11595,0.11692,11941439,1789035299999,futures
1789035300000,2026-09-10T10:15:00.000Z,2026-09-10 18:15,0.11691,0.11799,0.11389,0.11697,9393305,1789035599999,futures
1789035600000,2026-09-10T10:20:00.000Z,2026-09-10 18:20,0.11692,0.11778,0.11554,0.11573,4274947,1789035899999,futures
1789035900000,2026-09-10T10:25:00.000Z,2026-09-10 18:25,0.11572,0.11678,0.11339,0.11393,5542701,1789036199999,futures
1789036200000,2026-09-10T10:30:00.000Z,2026-09-10 18:30,0.11389,0.11478,0.11147,0.11255,6717381,1789036499999,futures
1789036500000,2026-09-10T10:35:00.000Z,2026-09-10 18:35,0.11253,0.11366,0.11253,0.11347,2302261,1789036799999,futures
1789036800000,2026-09-10T10:40:00.000Z,2026-09-10 18:40,0.11344,0.1144,0.11255,0.11292,2235238,1789037099999,futures
1789037100000,2026-09-10T10:45:00.000Z,2026-09-10 18:45,0.11295,0.11346,0.11256,0.11315,1606700,1789037399999,futures
1789037400000,2026-09-10T10:50:00.000Z,2026-09-10 18:50,0.11313,0.11328,0.11025,0.11159,4507875,1789037699999,futures
1789037700000,2026-09-10T10:55:00.000Z,2026-09-10 18:55,0.11157,0.1118,0.10961,0.11065,3729345,1789037999999,futures
1789038000000,2026-09-10T11:00:00.000Z,2026-09-10 19:00,0.11061,0.11078,0.10902,0.11027,2652683,1789038299999,futures
1789038300000,2026-09-10T11:05:00.000Z,2026-09-10 19:05,0.11031,0.11199,0.11006,0.1116,1902357,1789038599999,futures
1789038600000,2026-09-10T11:10:00.000Z,2026-09-10 19:10,0.11163,0.11165,0.11053,0.11108,1087609,1789038899999,futures
1789038900000,2026-09-10T11:15:00.000Z,2026-09-10 19:15,0.11107,0.11199,0.11081,0.11119,801596,1789039199999,futures
1789039200000,2026-09-10T11:20:00.000Z,2026-09-10 19:20,0.11122,0.11161,0.11088,0.11148,929415,1789039499999,futures
1789039500000,2026-09-10T11:25:00.000Z,2026-09-10 19:25,0.11145,0.11149,0.1092,0.11073,1713471,1789039799999,futures
1789039800000,2026-09-10T11:30:00.000Z,2026-09-10 19:30,0.11067,0.11103,0.10969,0.11072,789099,1789040099999,futures
1789040100000,2026-09-10T11:35:00.000Z,2026-09-10 19:35,0.11079,0.11086,0.10977,0.11012,847282,1789040399999,futures
1789040400000,2026-09-10T11:40:00.000Z,2026-09-10 19:40,0.1101,0.11018,0.10816,0.10931,1892582,1789040699999,futures
1789040700000,2026-09-10T11:45:00.000Z,2026-09-10 19:45,0.10932,0.10996,0.10909,0.10975,387184,1789040999999,futures
1789041000000,2026-09-10T11:50:00.000Z,2026-09-10 19:50,0.10972,0.10981,0.10766,0.10827,1530042,1789041299999,futures
1789041300000,2026-09-10T11:55:00.000Z,2026-09-10 19:55,0.10832,0.10893,0.10758,0.1079,1163033,1789041599999,futures
1789041600000,2026-09-10T12:00:00.000Z,2026-09-10 20:00,0.10789,0.10867,0.10684,0.10744,1757896,1789041899999,futures
1789041900000,2026-09-10T12:05:00.000Z,2026-09-10 20:05,0.10741,0.10747,0.1058,0.10649,1648710,1789042199999,futures
1789042200000,2026-09-10T12:10:00.000Z,2026-09-10 20:10,0.1065,0.1071,0.10609,0.10647,1553721,1789042499999,futures
1789042500000,2026-09-10T12:15:00.000Z,2026-09-10 20:15,0.10639,0.10716,0.10551,0.10671,1077491,1789042799999,futures
1789042800000,2026-09-10T12:20:00.000Z,2026-09-10 20:20,0.10668,0.10708,0.10593,0.10621,500107,1789043099999,futures
1789043100000,2026-09-10T12:25:00.000Z,2026-09-10 20:25,0.10618,0.1065,0.10563,0.10581,448831,1789043399999,futures
1789043400000,2026-09-10T12:30:00.000Z,2026-09-10 20:30,0.10596,0.10647,0.10551,0.10589,1041264,1789043699999,futures
1789043700000,2026-09-10T12:35:00.000Z,2026-09-10 20:35,0.10585,0.10598,0.10472,0.10554,1331685,1789043999999,futures
1789044000000,2026-09-10T12:40:00.000Z,2026-09-10 20:40,0.10549,0.10588,0.10534,0.10587,424311,1789044299999,futures
1789044300000,2026-09-10T12:45:00.000Z,2026-09-10 20:45,0.10583,0.10608,0.10403,0.10545,1801400,1789044599999,futures
1789044600000,2026-09-10T12:50:00.000Z,2026-09-10 20:50,0.10545,0.10605,0.10543,0.10585,542540,1789044899999,futures
1789044900000,2026-09-10T12:55:00.000Z,2026-09-10 20:55,0.10588,0.10609,0.1055,0.10571,344468,1789045199999,futures
1789045200000,2026-09-10T13:00:00.000Z,2026-09-10 21:00,0.10571,0.10725,0.10571,0.1068,858505,1789045499999,futures
1789045500000,2026-09-10T13:05:00.000Z,2026-09-10 21:05,0.10684,0.10884,0.10657,0.10771,1406806,1789045799999,futures
1789045800000,2026-09-10T13:10:00.000Z,2026-09-10 21:10,0.10767,0.10823,0.10729,0.10765,854481,1789046099999,futures
1789046100000,2026-09-10T13:15:00.000Z,2026-09-10 21:15,0.10764,0.10793,0.10735,0.10752,438930,1789046399999,futures
1789046400000,2026-09-10T13:20:00.000Z,2026-09-10 21:20,0.1075,0.10817,0.10747,0.10802,311736,1789046699999,futures
1789046700000,2026-09-10T13:25:00.000Z,2026-09-10 21:25,0.10802,0.10816,0.10748,0.10796,321934,1789046999999,futures
1789047000000,2026-09-10T13:30:00.000Z,2026-09-10 21:30,0.10795,0.10874,0.10787,0.10851,878415,1789047299999,futures
1789047300000,2026-09-10T13:35:00.000Z,2026-09-10 21:35,0.1085,0.10945,0.10849,0.1093,596611,1789047599999,futures
1789047600000,2026-09-10T13:40:00.000Z,2026-09-10 21:40,0.10932,0.10988,0.10884,0.10955,901757,1789047899999,futures
1789047900000,2026-09-10T13:45:00.000Z,2026-09-10 21:45,0.10954,0.11014,0.10888,0.10936,563666,1789048199999,futures
1789048200000,2026-09-10T13:50:00.000Z,2026-09-10 21:50,0.10939,0.1096,0.10823,0.10861,1019968,1789048499999,futures
1789048500000,2026-09-10T13:55:00.000Z,2026-09-10 21:55,0.10861,0.10878,0.10769,0.10774,631051,1789048799999,futures
1789048800000,2026-09-10T14:00:00.000Z,2026-09-10 22:00,0.10775,0.10878,0.10739,0.10859,735479,1789049099999,futures
1789049100000,2026-09-10T14:05:00.000Z,2026-09-10 22:05,0.10859,0.10873,0.108,0.10824,391478,1789049399999,futures
1789049400000,2026-09-10T14:10:00.000Z,2026-09-10 22:10,0.10823,0.10829,0.10741,0.10757,334322,1789049699999,futures
1789049700000,2026-09-10T14:15:00.000Z,2026-09-10 22:15,0.10761,0.10849,0.10744,0.10843,203270,1789049999999,futures
1789050000000,2026-09-10T14:20:00.000Z,2026-09-10 22:20,0.10842,0.10926,0.1083,0.10875,306251,1789050299999,futures
1789050300000,2026-09-10T14:25:00.000Z,2026-09-10 22:25,0.10872,0.10911,0.10851,0.10861,295928,1789050599999,futures
1789050600000,2026-09-10T14:30:00.000Z,2026-09-10 22:30,0.10856,0.1094,0.10856,0.10891,162990,1789050899999,futures
1789050900000,2026-09-10T14:35:00.000Z,2026-09-10 22:35,0.10893,0.10925,0.10843,0.10857,180073,1789051199999,futures
1789051200000,2026-09-10T14:40:00.000Z,2026-09-10 22:40,0.10858,0.10907,0.10817,0.10851,243529,1789051499999,futures
1789051500000,2026-09-10T14:45:00.000Z,2026-09-10 22:45,0.10846,0.10857,0.10817,0.10835,168327,1789051799999,futures
1789051800000,2026-09-10T14:50:00.000Z,2026-09-10 22:50,0.10836,0.1086,0.10819,0.10841,91062,1789052099999,futures
1789052100000,2026-09-10T14:55:00.000Z,2026-09-10 22:55,0.10841,0.109,0.10832,0.10892,123871,1789052399999,futures
1789052400000,2026-09-10T15:00:00.000Z,2026-09-10 23:00,0.10891,0.10958,0.10882,0.10905,287451,1789052699999,futures
1789052700000,2026-09-10T15:05:00.000Z,2026-09-10 23:05,0.1091,0.11064,0.10884,0.10984,690790,1789052999999,futures
1789053000000,2026-09-10T15:10:00.000Z,2026-09-10 23:10,0.10984,0.11019,0.1095,0.10955,161659,1789053299999,futures
1789053300000,2026-09-10T15:15:00.000Z,2026-09-10 23:15,0.10952,0.10976,0.10911,0.1093,231439,1789053599999,futures
1789053600000,2026-09-10T15:20:00.000Z,2026-09-10 23:20,0.10931,0.10983,0.10913,0.10953,297594,1789053899999,futures
1789053900000,2026-09-10T15:25:00.000Z,2026-09-10 23:25,0.10958,0.1101,0.10943,0.10947,209209,1789054199999,futures
1789054200000,2026-09-10T15:30:00.000Z,2026-09-10 23:30,0.10949,0.11019,0.10949,0.10979,440166,1789054499999,futures
1789054500000,2026-09-10T15:35:00.000Z,2026-09-10 23:35,0.10979,0.11076,0.10979,0.11044,433652,1789054799999,futures
1789054800000,2026-09-10T15:40:00.000Z,2026-09-10 23:40,0.11044,0.11063,0.10992,0.11001,145197,1789055099999,futures
1789055100000,2026-09-10T15:45:00.000Z,2026-09-10 23:45,0.11006,0.11037,0.10958,0.10967,262805,1789055399999,futures
1789055400000,2026-09-10T15:50:00.000Z,2026-09-10 23:50,0.10968,0.11004,0.10926,0.10938,161829,1789055699999,futures
1789055700000,2026-09-10T15:55:00.000Z,2026-09-10 23:55,0.10942,0.11007,0.10938,0.11002,121863,1789055999999,futures
1789056000000,2026-09-10T16:00:00.000Z,2026-09-11 00:00,0.11002,0.11094,0.10997,0.11001,453831,1789056299999,futures
1789056300000,2026-09-10T16:05:00.000Z,2026-09-11 00:05,0.11004,0.11018,0.10835,0.10873,752111,1789056599999,futures
1789056600000,2026-09-10T16:10:00.000Z,2026-09-11 00:10,0.10873,0.10965,0.10864,0.10935,152377,1789056899999,futures
1789056900000,2026-09-10T16:15:00.000Z,2026-09-11 00:15,0.10934,0.10943,0.10902,0.10927,140602,1789057199999,futures
1789057200000,2026-09-10T16:20:00.000Z,2026-09-11 00:20,0.10929,0.10954,0.1086,0.10934,151116,1789057499999,futures
1789057500000,2026-09-10T16:25:00.000Z,2026-09-11 00:25,0.10937,0.10949,0.1087,0.10912,154003,1789057799999,futures
1789057800000,2026-09-10T16:30:00.000Z,2026-09-11 00:30,0.10914,0.1099,0.10914,0.10949,379659,1789058099999,futures
1789058100000,2026-09-10T16:35:00.000Z,2026-09-11 00:35,0.10957,0.11038,0.10908,0.11008,378308,1789058399999,futures
1789058400000,2026-09-10T16:40:00.000Z,2026-09-11 00:40,0.11002,0.11031,0.10962,0.11007,255227,1789058699999,futures
1789058700000,2026-09-10T16:45:00.000Z,2026-09-11 00:45,0.11006,0.11015,0.10949,0.11015,153315,1789058999999,futures
1789059000000,2026-09-10T16:50:00.000Z,2026-09-11 00:50,0.11011,0.11029,0.10936,0.10977,70848,1789059299999,futures
1789059300000,2026-09-10T16:55:00.000Z,2026-09-11 00:55,0.10974,0.11058,0.1096,0.11053,127590,1789059599999,futures
1789059600000,2026-09-10T17:00:00.000Z,2026-09-11 01:00,0.11059,0.11132,0.11047,0.11096,242265,1789059899999,futures
1789059900000,2026-09-10T17:05:00.000Z,2026-09-11 01:05,0.11094,0.11115,0.11072,0.11102,79872,1789060199999,futures
1789060200000,2026-09-10T17:10:00.000Z,2026-09-11 01:10,0.11098,0.11176,0.11098,0.11157,95129,1789060499999,futures
1789060500000,2026-09-10T17:15:00.000Z,2026-09-11 01:15,0.11162,0.11216,0.11056,0.11081,430014,1789060799999,futures
1789060800000,2026-09-10T17:20:00.000Z,2026-09-11 01:20,0.11087,0.11134,0.11063,0.11131,193149,1789061099999,futures
1789061100000,2026-09-10T17:25:00.000Z,2026-09-11 01:25,0.11136,0.11265,0.11132,0.11213,407343,1789061399999,futures
1789061400000,2026-09-10T17:30:00.000Z,2026-09-11 01:30,0.11216,0.11227,0.1117,0.11185,145261,1789061699999,futures
1789061700000,2026-09-10T17:35:00.000Z,2026-09-11 01:35,0.11188,0.11229,0.11178,0.112,135055,1789061999999,futures
1789062000000,2026-09-10T17:40:00.000Z,2026-09-11 01:40,0.112,0.11226,0.11143,0.11149,399301,1789062299999,futures
1789062300000,2026-09-10T17:45:00.000Z,2026-09-11 01:45,0.11154,0.11217,0.11139,0.11214,149973,1789062599999,futures
1789062600000,2026-09-10T17:50:00.000Z,2026-09-11 01:50,0.11215,0.1125,0.11141,0.11197,319139,1789062899999,futures
1789062900000,2026-09-10T17:55:00.000Z,2026-09-11 01:55,0.11185,0.11282,0.11185,0.1123,269861,1789063199999,futures
1789063200000,2026-09-10T18:00:00.000Z,2026-09-11 02:00,0.11228,0.1127,0.11193,0.11209,214478,1789063499999,futures
1789063500000,2026-09-10T18:05:00.000Z,2026-09-11 02:05,0.11212,0.1122,0.11158,0.11168,113917,1789063799999,futures
1789063800000,2026-09-10T18:10:00.000Z,2026-09-11 02:10,0.11174,0.11177,0.11094,0.11139,166845,1789064099999,futures
1789064100000,2026-09-10T18:15:00.000Z,2026-09-11 02:15,0.11136,0.11182,0.1113,0.11164,58509,1789064399999,futures
1789064400000,2026-09-10T18:20:00.000Z,2026-09-11 02:20,0.11167,0.11206,0.11138,0.11167,119299,1789064699999,futures
1789064700000,2026-09-10T18:25:00.000Z,2026-09-11 02:25,0.11168,0.11168,0.11129,0.11148,109980,1789064999999,futures
1789065000000,2026-09-10T18:30:00.000Z,2026-09-11 02:30,0.11148,0.11214,0.11136,0.1116,147735,1789065299999,futures
1789065300000,2026-09-10T18:35:00.000Z,2026-09-11 02:35,0.11157,0.11202,0.11134,0.11202,59710,1789065599999,futures
1789065600000,2026-09-10T18:40:00.000Z,2026-09-11 02:40,0.11198,0.11199,0.11144,0.11156,53187,1789065899999,futures
1789065900000,2026-09-10T18:45:00.000Z,2026-09-11 02:45,0.11157,0.11187,0.11146,0.11171,92159,1789066199999,futures
1789066200000,2026-09-10T18:50:00.000Z,2026-09-11 02:50,0.11177,0.11258,0.11156,0.11237,138753,1789066499999,futures
1789066500000,2026-09-10T18:55:00.000Z,2026-09-11 02:55,0.11243,0.11285,0.11237,0.11256,232315,1789066799999,futures
1789066800000,2026-09-10T19:00:00.000Z,2026-09-11 03:00,0.11256,0.11324,0.11247,0.11286,335784,1789067099999,futures
1789067100000,2026-09-10T19:05:00.000Z,2026-09-11 03:05,0.11287,0.11295,0.11267,0.1129,79845,1789067399999,futures
1789067400000,2026-09-10T19:10:00.000Z,2026-09-11 03:10,0.11297,0.11332,0.11284,0.11306,329377,1789067699999,futures
1789067700000,2026-09-10T19:15:00.000Z,2026-09-11 03:15,0.11299,0.11299,0.11252,0.1126,118351,1789067999999,futures
1789068000000,2026-09-10T19:20:00.000Z,2026-09-11 03:20,0.11265,0.11277,0.11241,0.11273,114871,1789068299999,futures
1789068300000,2026-09-10T19:25:00.000Z,2026-09-11 03:25,0.11277,0.11311,0.11272,0.1128,71728,1789068599999,futures
1789068600000,2026-09-10T19:30:00.000Z,2026-09-11 03:30,0.11284,0.11327,0.11262,0.11289,86303,1789068899999,futures
1789068900000,2026-09-10T19:35:00.000Z,2026-09-11 03:35,0.11288,0.11354,0.11288,0.11345,84383,1789069199999,futures
1789069200000,2026-09-10T19:40:00.000Z,2026-09-11 03:40,0.11346,0.11404,0.11334,0.11387,124915,1789069499999,futures
1789069500000,2026-09-10T19:45:00.000Z,2026-09-11 03:45,0.11387,0.11404,0.11349,0.11373,114433,1789069799999,futures
1789069800000,2026-09-10T19:50:00.000Z,2026-09-11 03:50,0.11374,0.11434,0.11353,0.11377,183524,1789070099999,futures
1789070100000,2026-09-10T19:55:00.000Z,2026-09-11 03:55,0.11379,0.11383,0.11364,0.11378,65011,1789070399999,futures
1789070400000,2026-09-10T20:00:00.000Z,2026-09-11 04:00,0.11379,0.1143,0.11369,0.11383,229264,1789070699999,futures
1789070700000,2026-09-10T20:05:00.000Z,2026-09-11 04:05,0.11381,0.11472,0.11369,0.11397,329131,1789070999999,futures
1789071000000,2026-09-10T20:10:00.000Z,2026-09-11 04:10,0.114,0.11422,0.11366,0.11388,76913,1789071299999,futures
1789071300000,2026-09-10T20:15:00.000Z,2026-09-11 04:15,0.11387,0.11412,0.11376,0.11398,50129,1789071599999,futures
1789071600000,2026-09-10T20:20:00.000Z,2026-09-11 04:20,0.11401,0.11429,0.11396,0.11421,92139,1789071899999,futures
1789071900000,2026-09-10T20:25:00.000Z,2026-09-11 04:25,0.11423,0.11438,0.11407,0.11431,33748,1789072199999,futures
1789072200000,2026-09-10T20:30:00.000Z,2026-09-11 04:30,0.1143,0.11454,0.11388,0.11427,195940,1789072499999,futures
1789072500000,2026-09-10T20:35:00.000Z,2026-09-11 04:35,0.11427,0.11457,0.11402,0.11451,55513,1789072799999,futures
1789072800000,2026-09-10T20:40:00.000Z,2026-09-11 04:40,0.11458,0.11501,0.11451,0.11488,117168,1789073099999,futures
1789073100000,2026-09-10T20:45:00.000Z,2026-09-11 04:45,0.11481,0.11511,0.11444,0.11451,155321,1789073399999,futures
1789073400000,2026-09-10T20:50:00.000Z,2026-09-11 04:50,0.11462,0.11488,0.11462,0.11468,58302,1789073699999,futures
1789073700000,2026-09-10T20:55:00.000Z,2026-09-11 04:55,0.11462,0.1154,0.11462,0.11525,126155,1789073999999,futures
1789074000000,2026-09-10T21:00:00.000Z,2026-09-11 05:00,0.11522,0.11595,0.11519,0.11573,345644,1789074299999,futures
1789074300000,2026-09-10T21:05:00.000Z,2026-09-11 05:05,0.11575,0.11634,0.11568,0.11616,306793,1789074599999,futures
1789074600000,2026-09-10T21:10:00.000Z,2026-09-11 05:10,0.11616,0.1164,0.11531,0.11531,198669,1789074899999,futures
1789074900000,2026-09-10T21:15:00.000Z,2026-09-11 05:15,0.11544,0.11622,0.11544,0.11607,239130,1789075199999,futures
1789075200000,2026-09-10T21:20:00.000Z,2026-09-11 05:20,0.11607,0.11716,0.11599,0.1169,1071287,1789075499999,futures
1789075500000,2026-09-10T21:25:00.000Z,2026-09-11 05:25,0.11695,0.11808,0.11663,0.11705,1432284,1789075799999,futures
1789075800000,2026-09-10T21:30:00.000Z,2026-09-11 05:30,0.11705,0.1172,0.1163,0.11676,316865,1789076099999,futures
1789076100000,2026-09-10T21:35:00.000Z,2026-09-11 05:35,0.11681,0.1174,0.11607,0.11645,511210,1789076399999,futures
1789076400000,2026-09-10T21:40:00.000Z,2026-09-11 05:40,0.11649,0.11652,0.11536,0.11611,488272,1789076699999,futures
1789076700000,2026-09-10T21:45:00.000Z,2026-09-11 05:45,0.11617,0.11717,0.11617,0.11683,263823,1789076999999,futures
1789077000000,2026-09-10T21:50:00.000Z,2026-09-11 05:50,0.11688,0.11755,0.11636,0.11645,330506,1789077299999,futures
1789077300000,2026-09-10T21:55:00.000Z,2026-09-11 05:55,0.11646,0.11656,0.1158,0.11648,232445,1789077599999,futures
1789077600000,2026-09-10T22:00:00.000Z,2026-09-11 06:00,0.11648,0.11741,0.11648,0.11733,239075,1789077899999,futures
1789077900000,2026-09-10T22:05:00.000Z,2026-09-11 06:05,0.1173,0.11735,0.1168,0.1172,94381,1789078199999,futures
1789078200000,2026-09-10T22:10:00.000Z,2026-09-11 06:10,0.1172,0.11795,0.11705,0.1177,113499,1789078499999,futures
1789078500000,2026-09-10T22:15:00.000Z,2026-09-11 06:15,0.11765,0.11807,0.11748,0.11778,462130,1789078799999,futures
1789078800000,2026-09-10T22:20:00.000Z,2026-09-11 06:20,0.11778,0.11794,0.11691,0.11691,277497,1789079099999,futures
1789079100000,2026-09-10T22:25:00.000Z,2026-09-11 06:25,0.11698,0.11731,0.11608,0.11631,545469,1789079399999,futures
1789079400000,2026-09-10T22:30:00.000Z,2026-09-11 06:30,0.11634,0.11713,0.11626,0.11684,375520,1789079699999,futures
1789079700000,2026-09-10T22:35:00.000Z,2026-09-11 06:35,0.1168,0.11683,0.11532,0.11532,219468,1789079999999,futures
1789080000000,2026-09-10T22:40:00.000Z,2026-09-11 06:40,0.11536,0.11649,0.11536,0.11629,125469,1789080299999,futures
1789080300000,2026-09-10T22:45:00.000Z,2026-09-11 06:45,0.11621,0.11648,0.11603,0.11612,110846,1789080599999,futures
1789080600000,2026-09-10T22:50:00.000Z,2026-09-11 06:50,0.11612,0.11625,0.11532,0.11573,215931,1789080899999,futures
1789080900000,2026-09-10T22:55:00.000Z,2026-09-11 06:55,0.11574,0.11649,0.11574,0.11605,95344,1789081199999,futures
1789081200000,2026-09-10T23:00:00.000Z,2026-09-11 07:00,0.11612,0.11623,0.11541,0.1156,236117,1789081499999,futures
1789081500000,2026-09-10T23:05:00.000Z,2026-09-11 07:05,0.1156,0.11659,0.11555,0.11607,232599,1789081799999,futures
1789081800000,2026-09-10T23:10:00.000Z,2026-09-11 07:10,0.11608,0.11645,0.11556,0.11578,230385,1789082099999,futures
1789082100000,2026-09-10T23:15:00.000Z,2026-09-11 07:15,0.11582,0.11645,0.11578,0.11621,106559,1789082399999,futures
1789082400000,2026-09-10T23:20:00.000Z,2026-09-11 07:20,0.11624,0.11644,0.11577,0.11595,141839,1789082699999,futures
1789082700000,2026-09-10T23:25:00.000Z,2026-09-11 07:25,0.11596,0.11653,0.11576,0.11641,106922,1789082999999,futures
1789083000000,2026-09-10T23:30:00.000Z,2026-09-11 07:30,0.11635,0.11688,0.11623,0.11688,161206,1789083299999,futures
1789083300000,2026-09-10T23:35:00.000Z,2026-09-11 07:35,0.11681,0.11784,0.11661,0.1176,332710,1789083599999,futures
1789083600000,2026-09-10T23:40:00.000Z,2026-09-11 07:40,0.11756,0.11788,0.11712,0.11788,103398,1789083899999,futures
1789083900000,2026-09-10T23:45:00.000Z,2026-09-11 07:45,0.11785,0.118,0.11736,0.11768,454283,1789084199999,futures
1789084200000,2026-09-10T23:50:00.000Z,2026-09-11 07:50,0.11765,0.11817,0.11735,0.11778,361415,1789084499999,futures
1789084500000,2026-09-10T23:55:00.000Z,2026-09-11 07:55,0.11772,0.11786,0.11729,0.11763,225381,1789084799999,futures
1789084800000,2026-09-11T00:00:00.000Z,2026-09-11 08:00,0.11761,0.11846,0.11706,0.11846,473337,1789085099999,futures
1789085100000,2026-09-11T00:05:00.000Z,2026-09-11 08:05,0.11846,0.11858,0.11777,0.11816,477483,1789085399999,futures
1789085400000,2026-09-11T00:10:00.000Z,2026-09-11 08:10,0.11811,0.11811,0.11668,0.11715,1108750,1789085699999,futures
1789085700000,2026-09-11T00:15:00.000Z,2026-09-11 08:15,0.11705,0.11741,0.11577,0.11649,620047,1789085999999,futures
1789086000000,2026-09-11T00:20:00.000Z,2026-09-11 08:20,0.11647,0.11716,0.11628,0.1168,206217,1789086299999,futures
1789086300000,2026-09-11T00:25:00.000Z,2026-09-11 08:25,0.1168,0.11717,0.11602,0.11698,200951,1789086599999,futures
1789086600000,2026-09-11T00:30:00.000Z,2026-09-11 08:30,0.11698,0.11732,0.11475,0.11532,466409,1789086899999,futures
1789086900000,2026-09-11T00:35:00.000Z,2026-09-11 08:35,0.11532,0.11564,0.11434,0.11563,324226,1789087199999,futures
1789087200000,2026-09-11T00:40:00.000Z,2026-09-11 08:40,0.11563,0.1162,0.11559,0.11586,248431,1789087499999,futures
1789087500000,2026-09-11T00:45:00.000Z,2026-09-11 08:45,0.11584,0.11754,0.11552,0.11754,353514,1789087799999,futures
1789087800000,2026-09-11T00:50:00.000Z,2026-09-11 08:50,0.11755,0.11766,0.11618,0.11659,425475,1789088099999,futures
1789088100000,2026-09-11T00:55:00.000Z,2026-09-11 08:55,0.1166,0.11758,0.1166,0.1169,197408,1789088399999,futures
1789088400000,2026-09-11T01:00:00.000Z,2026-09-11 09:00,0.11692,0.11749,0.11666,0.11734,222091,1789088699999,futures
1789088700000,2026-09-11T01:05:00.000Z,2026-09-11 09:05,0.1173,0.11752,0.11616,0.11688,181322,1789088999999,futures
1789089000000,2026-09-11T01:10:00.000Z,2026-09-11 09:10,0.11688,0.11762,0.1168,0.11753,104825,1789089299999,futures
1789089300000,2026-09-11T01:15:00.000Z,2026-09-11 09:15,0.11752,0.11856,0.11752,0.11855,158871,1789089599999,futures
1789089600000,2026-09-11T01:20:00.000Z,2026-09-11 09:20,0.11855,0.11934,0.11819,0.11866,353471,1789089899999,futures
1789089900000,2026-09-11T01:25:00.000Z,2026-09-11 09:25,0.1187,0.11915,0.11831,0.11858,216852,1789090199999,futures
1789090200000,2026-09-11T01:30:00.000Z,2026-09-11 09:30,0.11858,0.1191,0.11838,0.1191,225574,1789090499999,futures
1789090500000,2026-09-11T01:35:00.000Z,2026-09-11 09:35,0.11909,0.11942,0.11899,0.11924,266104,1789090799999,futures
1789090800000,2026-09-11T01:40:00.000Z,2026-09-11 09:40,0.11926,0.11966,0.11862,0.11952,270682,1789091099999,futures
1789091100000,2026-09-11T01:45:00.000Z,2026-09-11 09:45,0.11951,0.12022,0.11937,0.12019,724944,1789091399999,futures
1789091400000,2026-09-11T01:50:00.000Z,2026-09-11 09:50,0.12015,0.12021,0.11957,0.11978,357907,1789091699999,futures
1789091700000,2026-09-11T01:55:00.000Z,2026-09-11 09:55,0.11978,0.12037,0.11923,0.12013,587176,1789091999999,futures
1789092000000,2026-09-11T02:00:00.000Z,2026-09-11 10:00,0.1201,0.12086,0.11962,0.12082,486310,1789092299999,futures
1789092300000,2026-09-11T02:05:00.000Z,2026-09-11 10:05,0.12076,0.12344,0.12071,0.12277,2095412,1789092599999,futures
1789092600000,2026-09-11T02:10:00.000Z,2026-09-11 10:10,0.12276,0.12467,0.12247,0.12376,1971285,1789092899999,futures
1789092900000,2026-09-11T02:15:00.000Z,2026-09-11 10:15,0.12383,0.12506,0.12334,0.12448,1505810,1789093199999,futures
1789093200000,2026-09-11T02:20:00.000Z,2026-09-11 10:20,0.12445,0.12744,0.12362,0.12574,4499697,1789093499999,futures
1789093500000,2026-09-11T02:25:00.000Z,2026-09-11 10:25,0.12565,0.12615,0.12409,0.12553,1999287,1789093799999,futures
1789093800000,2026-09-11T02:30:00.000Z,2026-09-11 10:30,0.12547,0.12619,0.12494,0.12564,2107779,1789094099999,futures
1789094100000,2026-09-11T02:35:00.000Z,2026-09-11 10:35,0.12569,0.1262,0.12414,0.12515,2676726,1789094399999,futures
1789094400000,2026-09-11T02:40:00.000Z,2026-09-11 10:40,0.12515,0.12549,0.12181,0.12324,3343806,1789094699999,futures
1789094700000,2026-09-11T02:45:00.000Z,2026-09-11 10:45,0.12332,0.12387,0.12028,0.12104,2445320,1789094999999,futures
1789095000000,2026-09-11T02:50:00.000Z,2026-09-11 10:50,0.12109,0.12175,0.11772,0.11845,2914891,1789095299999,futures
1789095300000,2026-09-11T02:55:00.000Z,2026-09-11 10:55,0.11854,0.1194,0.1178,0.11802,1401569,1789095599999,futures
1789095600000,2026-09-11T03:00:00.000Z,2026-09-11 11:00,0.118,0.12064,0.118,0.12003,1320977,1789095899999,futures
1789095900000,2026-09-11T03:05:00.000Z,2026-09-11 11:05,0.1201,0.12138,0.1201,0.12081,819695,1789096199999,futures
1789096200000,2026-09-11T03:10:00.000Z,2026-09-11 11:10,0.12084,0.1212,0.1196,0.12093,741452,1789096499999,futures
1789096500000,2026-09-11T03:15:00.000Z,2026-09-11 11:15,0.12104,0.12398,0.12089,0.12294,1333250,1789096799999,futures
1789096800000,2026-09-11T03:20:00.000Z,2026-09-11 11:20,0.12295,0.12357,0.12252,0.12328,724832,1789097099999,futures
1789097100000,2026-09-11T03:25:00.000Z,2026-09-11 11:25,0.12328,0.1248,0.12327,0.12452,1136457,1789097399999,futures
1789097400000,2026-09-11T03:30:00.000Z,2026-09-11 11:30,0.12447,0.125,0.12366,0.12471,810971,1789097699999,futures
1789097700000,2026-09-11T03:35:00.000Z,2026-09-11 11:35,0.1248,0.12562,0.12457,0.12485,1266981,1789097999999,futures
1789098000000,2026-09-11T03:40:00.000Z,2026-09-11 11:40,0.1248,0.1269,0.1247,0.12635,1807882,1789098299999,futures
1789098300000,2026-09-11T03:45:00.000Z,2026-09-11 11:45,0.12636,0.12727,0.12595,0.12663,1257420,1789098599999,futures
1789098600000,2026-09-11T03:50:00.000Z,2026-09-11 11:50,0.12662,0.12727,0.1251,0.12518,1323448,1789098899999,futures
1789098900000,2026-09-11T03:55:00.000Z,2026-09-11 11:55,0.12524,0.12601,0.12448,0.12468,1400265,1789099199999,futures
1789099200000,2026-09-11T04:00:00.000Z,2026-09-11 12:00,0.12465,0.12599,0.12252,0.12462,2481796,1789099499999,futures
1789099500000,2026-09-11T04:05:00.000Z,2026-09-11 12:05,0.12461,0.12586,0.12449,0.12512,509835,1789099799999,futures
1789099800000,2026-09-11T04:10:00.000Z,2026-09-11 12:10,0.12516,0.12692,0.12509,0.12649,663280,1789100099999,futures
1789100100000,2026-09-11T04:15:00.000Z,2026-09-11 12:15,0.12643,0.1265,0.125,0.12576,711369,1789100399999,futures
1789100400000,2026-09-11T04:20:00.000Z,2026-09-11 12:20,0.12574,0.12589,0.12455,0.12494,699726,1789100699999,futures
1789100700000,2026-09-11T04:25:00.000Z,2026-09-11 12:25,0.12496,0.12626,0.1246,0.12594,537931,1789100999999,futures
1789101000000,2026-09-11T04:30:00.000Z,2026-09-11 12:30,0.12598,0.12632,0.12378,0.12378,722138,1789101299999,futures
1789101300000,2026-09-11T04:35:00.000Z,2026-09-11 12:35,0.12378,0.12643,0.1236,0.12582,675871,1789101599999,futures
1789101600000,2026-09-11T04:40:00.000Z,2026-09-11 12:40,0.12593,0.12604,0.12522,0.12585,582851,1789101899999,futures
1789101900000,2026-09-11T04:45:00.000Z,2026-09-11 12:45,0.12589,0.13006,0.12585,0.12728,2793149,1789102199999,futures
1789102200000,2026-09-11T04:50:00.000Z,2026-09-11 12:50,0.12736,0.12785,0.12703,0.1274,924483,1789102499999,futures
1789102500000,2026-09-11T04:55:00.000Z,2026-09-11 12:55,0.1274,0.12952,0.12568,0.12657,2768353,1789102799999,futures
1789102800000,2026-09-11T05:00:00.000Z,2026-09-11 13:00,0.12657,0.1274,0.12586,0.12682,1655886,1789103099999,futures
1789103100000,2026-09-11T05:05:00.000Z,2026-09-11 13:05,0.12685,0.12785,0.12583,0.12708,1866088,1789103399999,futures
1789103400000,2026-09-11T05:10:00.000Z,2026-09-11 13:10,0.12702,0.1275,0.12604,0.1273,1075444,1789103699999,futures
1789103700000,2026-09-11T05:15:00.000Z,2026-09-11 13:15,0.12735,0.12896,0.12682,0.12857,1599655,1789103999999,futures
1789104000000,2026-09-11T05:20:00.000Z,2026-09-11 13:20,0.12864,0.12941,0.12716,0.12904,2634605,1789104299999,futures
1789104300000,2026-09-11T05:25:00.000Z,2026-09-11 13:25,0.12901,0.1292,0.12601,0.12659,3013971,1789104599999,futures
1789104600000,2026-09-11T05:30:00.000Z,2026-09-11 13:30,0.12657,0.12732,0.12603,0.12657,1165685,1789104899999,futures
1789104900000,2026-09-11T05:35:00.000Z,2026-09-11 13:35,0.12665,0.12737,0.12501,0.12706,1813009,1789105199999,futures
1789105200000,2026-09-11T05:40:00.000Z,2026-09-11 13:40,0.12712,0.12812,0.12674,0.12812,1666536,1789105499999,futures
1789105500000,2026-09-11T05:45:00.000Z,2026-09-11 13:45,0.12809,0.12849,0.12758,0.12784,1674534,1789105799999,futures
1789105800000,2026-09-11T05:50:00.000Z,2026-09-11 13:50,0.1279,0.1298,0.12776,0.12945,2831412,1789106099999,futures
1789106100000,2026-09-11T05:55:00.000Z,2026-09-11 13:55,0.12948,0.12968,0.12841,0.1289,1750588,1789106399999,futures
1789106400000,2026-09-11T06:00:00.000Z,2026-09-11 14:00,0.12882,0.1367,0.12875,0.13545,17102755,1789106699999,futures
1789106700000,2026-09-11T06:05:00.000Z,2026-09-11 14:05,0.13544,0.13587,0.13334,0.13461,7215481,1789106999999,futures
1789107000000,2026-09-11T06:10:00.000Z,2026-09-11 14:10,0.13462,0.13666,0.13413,0.1365,8922393,1789107299999,futures
1789107300000,2026-09-11T06:15:00.000Z,2026-09-11 14:15,0.13642,0.14044,0.13626,0.13935,18959088,1789107599999,futures
1789107600000,2026-09-11T06:20:00.000Z,2026-09-11 14:20,0.13949,0.14087,0.1361,0.13643,14423309,1789107899999,futures
1789107900000,2026-09-11T06:25:00.000Z,2026-09-11 14:25,0.1364,0.13694,0.13047,0.13191,24282728,1789108199999,futures
1789108200000,2026-09-11T06:30:00.000Z,2026-09-11 14:30,0.13192,0.13267,0.12998,0.13176,9880831,1789108499999,futures
1789108500000,2026-09-11T06:35:00.000Z,2026-09-11 14:35,0.1318,0.1363,0.13099,0.13546,10151957,1789108799999,futures
1789108800000,2026-09-11T06:40:00.000Z,2026-09-11 14:40,0.13562,0.13584,0.13389,0.13541,6309227,1789109099999,futures
1789109100000,2026-09-11T06:45:00.000Z,2026-09-11 14:45,0.13544,0.1355,0.13227,0.13274,7315136,1789109399999,futures
1789109400000,2026-09-11T06:50:00.000Z,2026-09-11 14:50,0.13263,0.13425,0.13031,0.13197,5841644,1789109699999,futures
1789109700000,2026-09-11T06:55:00.000Z,2026-09-11 14:55,0.13197,0.13288,0.13137,0.13206,2946735,1789109999999,futures
1789110000000,2026-09-11T07:00:00.000Z,2026-09-11 15:00,0.13212,0.14024,0.13163,0.1332,17886347,1789110299999,futures
1789110300000,2026-09-11T07:05:00.000Z,2026-09-11 15:05,0.13321,0.1393,0.13271,0.13578,10662812,1789110599999,futures
1789110600000,2026-09-11T07:10:00.000Z,2026-09-11 15:10,0.13581,0.13984,0.13492,0.13746,10359014,1789110899999,futures
1789110900000,2026-09-11T07:15:00.000Z,2026-09-11 15:15,0.13745,0.13891,0.13674,0.13708,6575357,1789111199999,futures
1789111200000,2026-09-11T07:20:00.000Z,2026-09-11 15:20,0.13706,0.13837,0.13379,0.13698,6484950,1789111499999,futures
1789111500000,2026-09-11T07:25:00.000Z,2026-09-11 15:25,0.13698,0.13818,0.13462,0.13615,7332988,1789111799999,futures
1789111800000,2026-09-11T07:30:00.000Z,2026-09-11 15:30,0.13613,0.13654,0.13433,0.13499,6235783,1789112099999,futures
1789112100000,2026-09-11T07:35:00.000Z,2026-09-11 15:35,0.13495,0.13589,0.13318,0.13373,6588362,1789112399999,futures
1789112400000,2026-09-11T07:40:00.000Z,2026-09-11 15:40,0.13374,0.13682,0.13316,0.13641,5631375,1789112699999,futures
1789112700000,2026-09-11T07:45:00.000Z,2026-09-11 15:45,0.13642,0.13796,0.13437,0.13483,5912489,1789112999999,futures
1789113000000,2026-09-11T07:50:00.000Z,2026-09-11 15:50,0.13479,0.13599,0.13411,0.13562,3665289,1789113299999,futures
1789113300000,2026-09-11T07:55:00.000Z,2026-09-11 15:55,0.13564,0.13584,0.13252,0.13508,5256257,1789113599999,futures
1789113600000,2026-09-11T08:00:00.000Z,2026-09-11 16:00,0.13517,0.1355,0.13222,0.1328,6153636,1789113899999,futures
1789113900000,2026-09-11T08:05:00.000Z,2026-09-11 16:05,0.13285,0.13489,0.13255,0.13352,4581189,1789114199999,futures
1789114200000,2026-09-11T08:10:00.000Z,2026-09-11 16:10,0.13353,0.13463,0.13271,0.13381,3251764,1789114499999,futures
1789114500000,2026-09-11T08:15:00.000Z,2026-09-11 16:15,0.13386,0.13579,0.13179,0.13461,6323374,1789114799999,futures
1789114800000,2026-09-11T08:20:00.000Z,2026-09-11 16:20,0.13459,0.1357,0.13312,0.13393,3520583,1789115099999,futures
1789115100000,2026-09-11T08:25:00.000Z,2026-09-11 16:25,0.13401,0.13731,0.1338,0.13654,4986712,1789115399999,futures
1789115400000,2026-09-11T08:30:00.000Z,2026-09-11 16:30,0.13646,0.13916,0.13596,0.13859,6571402,1789115699999,futures
1789115700000,2026-09-11T08:35:00.000Z,2026-09-11 16:35,0.13859,0.14,0.13675,0.13921,9996672,1789115999999,futures
1789116000000,2026-09-11T08:40:00.000Z,2026-09-11 16:40,0.13922,0.13963,0.13726,0.13913,5318955,1789116299999,futures
1789116300000,2026-09-11T08:45:00.000Z,2026-09-11 16:45,0.13918,0.1415,0.1375,0.13806,12638952,1789116599999,futures
1789116600000,2026-09-11T08:50:00.000Z,2026-09-11 16:50,0.13806,0.139,0.13672,0.13741,6483110,1789116899999,futures
1789116900000,2026-09-11T08:55:00.000Z,2026-09-11 16:55,0.13741,0.13819,0.13652,0.13659,4827004,1789117199999,futures
1789117200000,2026-09-11T09:00:00.000Z,2026-09-11 17:00,0.13659,0.13886,0.13614,0.13831,4964286,1789117499999,futures
1789117500000,2026-09-11T09:05:00.000Z,2026-09-11 17:05,0.13836,0.139,0.13735,0.13791,3240187,1789117799999,futures
1789117800000,2026-09-11T09:10:00.000Z,2026-09-11 17:10,0.13788,0.142,0.13356,0.1363,14024708,1789118099999,futures
1789118100000,2026-09-11T09:15:00.000Z,2026-09-11 17:15,0.13619,0.13639,0.1317,0.13449,15380181,1789118399999,futures
1789118400000,2026-09-11T09:20:00.000Z,2026-09-11 17:20,0.1345,0.13543,0.1339,0.13447,3269618,1789118699999,futures
1789118700000,2026-09-11T09:25:00.000Z,2026-09-11 17:25,0.13453,0.13516,0.13263,0.13342,3777063,1789118999999,futures
1789119000000,2026-09-11T09:30:00.000Z,2026-09-11 17:30,0.13349,0.1358,0.13344,0.13482,2959385,1789119299999,futures
1789119300000,2026-09-11T09:35:00.000Z,2026-09-11 17:35,0.13482,0.13549,0.13431,0.13527,2293403,1789119599999,futures
1789119600000,2026-09-11T09:40:00.000Z,2026-09-11 17:40,0.1352,0.13598,0.13458,0.13545,2021150,1789119899999,futures
1789119900000,2026-09-11T09:45:00.000Z,2026-09-11 17:45,0.13543,0.13546,0.13366,0.13465,2444324,1789120199999,futures
1789120200000,2026-09-11T09:50:00.000Z,2026-09-11 17:50,0.13466,0.1355,0.13434,0.13495,1338009,1789120499999,futures
1789120500000,2026-09-11T09:55:00.000Z,2026-09-11 17:55,0.13497,0.13732,0.1348,0.13672,2781882,1789120799999,futures
1789120800000,2026-09-11T10:00:00.000Z,2026-09-11 18:00,0.13673,0.13775,0.13577,0.13727,2161316,1789121099999,futures
1789121100000,2026-09-11T10:05:00.000Z,2026-09-11 18:05,0.13725,0.14,0.13701,0.13882,3835467,1789121399999,futures
1789121400000,2026-09-11T10:10:00.000Z,2026-09-11 18:10,0.13888,0.1393,0.13656,0.13759,2606548,1789121699999,futures
1789121700000,2026-09-11T10:15:00.000Z,2026-09-11 18:15,0.13761,0.1405,0.13746,0.14014,3771650,1789121999999,futures
1789122000000,2026-09-11T10:20:00.000Z,2026-09-11 18:20,0.14014,0.14124,0.13877,0.14092,5771507,1789122299999,futures
1789122300000,2026-09-11T10:25:00.000Z,2026-09-11 18:25,0.14086,0.14143,0.13774,0.13858,7809575,1789122599999,futures
1789122600000,2026-09-11T10:30:00.000Z,2026-09-11 18:30,0.13859,0.13889,0.13455,0.13606,6129445,1789122899999,futures
1789122900000,2026-09-11T10:35:00.000Z,2026-09-11 18:35,0.13609,0.13653,0.13525,0.13626,2500702,1789123199999,futures
1789123200000,2026-09-11T10:40:00.000Z,2026-09-11 18:40,0.13628,0.13777,0.13555,0.13735,2279610,1789123499999,futures
1789123500000,2026-09-11T10:45:00.000Z,2026-09-11 18:45,0.13742,0.13785,0.13627,0.13785,1993452,1789123799999,futures
1789123800000,2026-09-11T10:50:00.000Z,2026-09-11 18:50,0.13785,0.13915,0.13581,0.13656,3592618,1789124099999,futures
1789124100000,2026-09-11T10:55:00.000Z,2026-09-11 18:55,0.13657,0.13687,0.13525,0.13612,1832316,1789124399999,futures
1789124400000,2026-09-11T11:00:00.000Z,2026-09-11 19:00,0.13618,0.13626,0.13283,0.13398,5049928,1789124699999,futures
1789124700000,2026-09-11T11:05:00.000Z,2026-09-11 19:05,0.13395,0.13425,0.13253,0.13272,2888218,1789124999999,futures
1789125000000,2026-09-11T11:10:00.000Z,2026-09-11 19:10,0.1327,0.13431,0.13212,0.13384,2417196,1789125299999,futures
1789125300000,2026-09-11T11:15:00.000Z,2026-09-11 19:15,0.13395,0.13409,0.13088,0.131,4697589,1789125599999,futures
1789125600000,2026-09-11T11:20:00.000Z,2026-09-11 19:20,0.13097,0.13157,0.12922,0.13077,6491079,1789125899999,futures
1789125900000,2026-09-11T11:25:00.000Z,2026-09-11 19:25,0.13078,0.13139,0.12995,0.13074,3093961,1789126199999,futures
1789126200000,2026-09-11T11:30:00.000Z,2026-09-11 19:30,0.13067,0.13082,0.12607,0.12792,9112556,1789126499999,futures
1789126500000,2026-09-11T11:35:00.000Z,2026-09-11 19:35,0.12794,0.1286,0.12753,0.12791,3067309,1789126799999,futures
1789126800000,2026-09-11T11:40:00.000Z,2026-09-11 19:40,0.1279,0.1294,0.12672,0.12925,3382687,1789127099999,futures
1789127100000,2026-09-11T11:45:00.000Z,2026-09-11 19:45,0.12925,0.12932,0.12719,0.12775,2305796,1789127399999,futures
1789127400000,2026-09-11T11:50:00.000Z,2026-09-11 19:50,0.12773,0.1278,0.127,0.12734,1994209,1789127699999,futures
1789127700000,2026-09-11T11:55:00.000Z,2026-09-11 19:55,0.12739,0.1274,0.12617,0.12709,3080186,1789127999999,futures
1789128000000,2026-09-11T12:00:00.000Z,2026-09-11 20:00,0.12705,0.13058,0.12619,0.12999,6112623,1789128299999,futures
1789128300000,2026-09-11T12:05:00.000Z,2026-09-11 20:05,0.12991,0.1312,0.12869,0.12999,3391871,1789128599999,futures
1789128600000,2026-09-11T12:10:00.000Z,2026-09-11 20:10,0.12999,0.13044,0.12927,0.13,2272879,1789128899999,futures
1789128900000,2026-09-11T12:15:00.000Z,2026-09-11 20:15,0.13005,0.13157,0.12915,0.13061,3121505,1789129199999,futures
1789129200000,2026-09-11T12:20:00.000Z,2026-09-11 20:20,0.13063,0.13129,0.12977,0.13004,2452173,1789129499999,futures
1789129500000,2026-09-11T12:25:00.000Z,2026-09-11 20:25,0.13,0.13039,0.12901,0.13011,2411276,1789129799999,futures
1789129800000,2026-09-11T12:30:00.000Z,2026-09-11 20:30,0.13005,0.13115,0.12802,0.13057,3840474,1789130099999,futures
1789130100000,2026-09-11T12:35:00.000Z,2026-09-11 20:35,0.13057,0.1326,0.13016,0.13156,3279353,1789130399999,futures
1789130400000,2026-09-11T12:40:00.000Z,2026-09-11 20:40,0.13152,0.13229,0.12971,0.13066,2868486,1789130699999,futures
1789130700000,2026-09-11T12:45:00.000Z,2026-09-11 20:45,0.13071,0.13192,0.13039,0.13101,1630988,1789130999999,futures
1789131000000,2026-09-11T12:50:00.000Z,2026-09-11 20:50,0.13102,0.13177,0.1302,0.13117,2242521,1789131299999,futures
1789131300000,2026-09-11T12:55:00.000Z,2026-09-11 20:55,0.13116,0.13205,0.13093,0.1315,1411582,1789131599999,futures
1789131600000,2026-09-11T13:00:00.000Z,2026-09-11 21:00,0.13144,0.13176,0.13058,0.13112,1657796,1789131899999,futures
1789131900000,2026-09-11T13:05:00.000Z,2026-09-11 21:05,0.1312,0.13146,0.12948,0.13003,1834984,1789132199999,futures
1789132200000,2026-09-11T13:10:00.000Z,2026-09-11 21:10,0.1301,0.13178,0.1301,0.13099,1544084,1789132499999,futures
1789132500000,2026-09-11T13:15:00.000Z,2026-09-11 21:15,0.131,0.13186,0.13032,0.13077,1718062,1789132799999,futures
1789132800000,2026-09-11T13:20:00.000Z,2026-09-11 21:20,0.13077,0.13143,0.13014,0.1303,1319095,1789133099999,futures
1789133100000,2026-09-11T13:25:00.000Z,2026-09-11 21:25,0.13027,0.13096,0.12851,0.12923,2385761,1789133399999,futures
1789133400000,2026-09-11T13:30:00.000Z,2026-09-11 21:30,0.12924,0.12964,0.12867,0.12878,1569102,1789133699999,futures
1789133700000,2026-09-11T13:35:00.000Z,2026-09-11 21:35,0.12881,0.12928,0.12764,0.12799,2101909,1789133999999,futures
1789134000000,2026-09-11T13:40:00.000Z,2026-09-11 21:40,0.12806,0.12861,0.12701,0.12731,2071631,1789134299999,futures
1789134300000,2026-09-11T13:45:00.000Z,2026-09-11 21:45,0.12736,0.12947,0.12723,0.12938,2190956,1789134599999,futures
1789134600000,2026-09-11T13:50:00.000Z,2026-09-11 21:50,0.12939,0.13039,0.12908,0.12978,1605784,1789134899999,futures
1789134900000,2026-09-11T13:55:00.000Z,2026-09-11 21:55,0.12972,0.13122,0.12954,0.13093,1379283,1789135199999,futures
1789135200000,2026-09-11T14:00:00.000Z,2026-09-11 22:00,0.13098,0.13123,0.1297,0.13,1974631,1789135499999,futures
1789135500000,2026-09-11T14:05:00.000Z,2026-09-11 22:05,0.13005,0.1301,0.1283,0.12953,2333502,1789135799999,futures
1789135800000,2026-09-11T14:10:00.000Z,2026-09-11 22:10,0.12941,0.12993,0.12901,0.12901,1118748,1789136099999,futures
1789136100000,2026-09-11T14:15:00.000Z,2026-09-11 22:15,0.12914,0.12955,0.12788,0.12847,1740843,1789136399999,futures
1789136400000,2026-09-11T14:20:00.000Z,2026-09-11 22:20,0.12848,0.12879,0.1273,0.12747,1378294,1789136699999,futures
1789136700000,2026-09-11T14:25:00.000Z,2026-09-11 22:25,0.12749,0.12876,0.12735,0.12816,1127876,1789136999999,futures
1789137000000,2026-09-11T14:30:00.000Z,2026-09-11 22:30,0.12813,0.12821,0.12503,0.12641,3545532,1789137299999,futures
1789137300000,2026-09-11T14:35:00.000Z,2026-09-11 22:35,0.12647,0.12647,0.12251,0.12307,7287169,1789137599999,futures
1789137600000,2026-09-11T14:40:00.000Z,2026-09-11 22:40,0.12307,0.12366,0.12225,0.12297,2903487,1789137899999,futures
1789137900000,2026-09-11T14:45:00.000Z,2026-09-11 22:45,0.12295,0.12372,0.12215,0.12339,1733404,1789138199999,futures
1789138200000,2026-09-11T14:50:00.000Z,2026-09-11 22:50,0.12343,0.12367,0.12265,0.12303,918191,1789138499999,futures
1789138500000,2026-09-11T14:55:00.000Z,2026-09-11 22:55,0.123,0.12437,0.12265,0.12352,1556039,1789138799999,futures
1789138800000,2026-09-11T15:00:00.000Z,2026-09-11 23:00,0.12354,0.12365,0.12106,0.12259,2956903,1789139099999,futures
1789139100000,2026-09-11T15:05:00.000Z,2026-09-11 23:05,0.12263,0.12288,0.12179,0.12186,1445301,1789139399999,futures
1789139400000,2026-09-11T15:10:00.000Z,2026-09-11 23:10,0.12186,0.12229,0.12082,0.12135,1718176,1789139699999,futures
1789139700000,2026-09-11T15:15:00.000Z,2026-09-11 23:15,0.12136,0.12203,0.12075,0.12174,1427518,1789139999999,futures
1789140000000,2026-09-11T15:20:00.000Z,2026-09-11 23:20,0.12169,0.12196,0.12067,0.12087,1037571,1789140299999,futures
1789140300000,2026-09-11T15:25:00.000Z,2026-09-11 23:25,0.12087,0.12177,0.12087,0.12143,1007881,1789140599999,futures
1789140600000,2026-09-11T15:30:00.000Z,2026-09-11 23:30,0.1214,0.12197,0.12092,0.12101,909634,1789140899999,futures
1789140900000,2026-09-11T15:35:00.000Z,2026-09-11 23:35,0.12104,0.12161,0.12078,0.12159,768662,1789141199999,futures
1789141200000,2026-09-11T15:40:00.000Z,2026-09-11 23:40,0.12159,0.12167,0.12105,0.12124,553812,1789141499999,futures
1789141500000,2026-09-11T15:45:00.000Z,2026-09-11 23:45,0.12128,0.12162,0.12026,0.12071,976810,1789141799999,futures
1789141800000,2026-09-11T15:50:00.000Z,2026-09-11 23:50,0.12072,0.12072,0.11915,0.11938,2028464,1789142099999,futures
1789142100000,2026-09-11T15:55:00.000Z,2026-09-11 23:55,0.11933,0.12247,0.11916,0.12145,3330563,1789142399999,futures
1789142400000,2026-09-11T16:00:00.000Z,2026-09-12 00:00,0.12138,0.12489,0.12126,0.12457,4281359,1789142699999,futures
1789142700000,2026-09-11T16:05:00.000Z,2026-09-12 00:05,0.12466,0.12492,0.12344,0.12395,1424626,1789142999999,futures
1789143000000,2026-09-11T16:10:00.000Z,2026-09-12 00:10,0.12396,0.1249,0.12329,0.12462,1197919,1789143299999,futures
1789143300000,2026-09-11T16:15:00.000Z,2026-09-12 00:15,0.12462,0.12462,0.12274,0.12285,1243082,1789143599999,futures
1789143600000,2026-09-11T16:20:00.000Z,2026-09-12 00:20,0.12282,0.12383,0.12273,0.12327,684022,1789143899999,futures
1789143900000,2026-09-11T16:25:00.000Z,2026-09-12 00:25,0.12326,0.12366,0.1229,0.1233,725979,1789144199999,futures
1789144200000,2026-09-11T16:30:00.000Z,2026-09-12 00:30,0.12332,0.12468,0.12331,0.12447,1049877,1789144499999,futures
1789144500000,2026-09-11T16:35:00.000Z,2026-09-12 00:35,0.12446,0.12466,0.12343,0.12375,988236,1789144799999,futures
1789144800000,2026-09-11T16:40:00.000Z,2026-09-12 00:40,0.12375,0.12387,0.12296,0.12305,481286,1789145099999,futures
1789145100000,2026-09-11T16:45:00.000Z,2026-09-12 00:45,0.12304,0.1238,0.12288,0.12366,385382,1789145399999,futures
1789145400000,2026-09-11T16:50:00.000Z,2026-09-12 00:50,0.12366,0.12408,0.1233,0.12372,300510,1789145699999,futures
1789145700000,2026-09-11T16:55:00.000Z,2026-09-12 00:55,0.12372,0.12413,0.12335,0.12384,481352,1789145999999,futures
1789146000000,2026-09-11T17:00:00.000Z,2026-09-12 01:00,0.12386,0.12419,0.12351,0.12384,470084,1789146299999,futures
1789146300000,2026-09-11T17:05:00.000Z,2026-09-12 01:05,0.12387,0.12391,0.12319,0.12338,373560,1789146599999,futures
1789146600000,2026-09-11T17:10:00.000Z,2026-09-12 01:10,0.12339,0.12349,0.12242,0.12257,412135,1789146899999,futures
1789146900000,2026-09-11T17:15:00.000Z,2026-09-12 01:15,0.12255,0.12255,0.12151,0.12192,1016642,1789147199999,futures
1789147200000,2026-09-11T17:20:00.000Z,2026-09-12 01:20,0.12196,0.12283,0.12177,0.12219,540582,1789147499999,futures
1789147500000,2026-09-11T17:25:00.000Z,2026-09-12 01:25,0.12221,0.12231,0.12173,0.122,207584,1789147799999,futures
1789147800000,2026-09-11T17:30:00.000Z,2026-09-12 01:30,0.12202,0.12256,0.12159,0.12241,544569,1789148099999,futures
1789148100000,2026-09-11T17:35:00.000Z,2026-09-12 01:35,0.12242,0.12243,0.12179,0.12187,188334,1789148399999,futures
1789148400000,2026-09-11T17:40:00.000Z,2026-09-12 01:40,0.12189,0.12207,0.12101,0.12188,718757,1789148699999,futures
1789148700000,2026-09-11T17:45:00.000Z,2026-09-12 01:45,0.12182,0.12182,0.12091,0.12142,377588,1789148999999,futures
1789149000000,2026-09-11T17:50:00.000Z,2026-09-12 01:50,0.12147,0.12187,0.12118,0.12163,380286,1789149299999,futures
1789149300000,2026-09-11T17:55:00.000Z,2026-09-12 01:55,0.12164,0.12204,0.12143,0.12176,272788,1789149599999,futures
1789149600000,2026-09-11T18:00:00.000Z,2026-09-12 02:00,0.1218,0.12232,0.12157,0.12198,540882,1789149899999,futures
1789149900000,2026-09-11T18:05:00.000Z,2026-09-12 02:05,0.12197,0.12213,0.12129,0.12151,669771,1789150199999,futures
1789150200000,2026-09-11T18:10:00.000Z,2026-09-12 02:10,0.12155,0.12255,0.12137,0.12255,371733,1789150499999,futures
1789150500000,2026-09-11T18:15:00.000Z,2026-09-12 02:15,0.12253,0.1234,0.12223,0.12321,853074,1789150799999,futures
1789150800000,2026-09-11T18:20:00.000Z,2026-09-12 02:20,0.1232,0.12342,0.12232,0.12291,766241,1789151099999,futures
1789151100000,2026-09-11T18:25:00.000Z,2026-09-12 02:25,0.12291,0.12298,0.12213,0.12262,462632,1789151399999,futures
1789151400000,2026-09-11T18:30:00.000Z,2026-09-12 02:30,0.12259,0.12269,0.12191,0.12226,443157,1789151699999,futures
1789151700000,2026-09-11T18:35:00.000Z,2026-09-12 02:35,0.12225,0.1225,0.12181,0.12214,273126,1789151999999,futures
1789152000000,2026-09-11T18:40:00.000Z,2026-09-12 02:40,0.12212,0.12217,0.1213,0.12137,320414,1789152299999,futures
1789152300000,2026-09-11T18:45:00.000Z,2026-09-12 02:45,0.12137,0.12173,0.12121,0.12135,209043,1789152599999,futures
1789152600000,2026-09-11T18:50:00.000Z,2026-09-12 02:50,0.12135,0.12151,0.12028,0.12031,598542,1789152899999,futures
1789152900000,2026-09-11T18:55:00.000Z,2026-09-12 02:55,0.1203,0.12106,0.12021,0.12096,574854,1789153199999,futures
1789153200000,2026-09-11T19:00:00.000Z,2026-09-12 03:00,0.12096,0.12105,0.12034,0.12064,409466,1789153499999,futures
1789153500000,2026-09-11T19:05:00.000Z,2026-09-12 03:05,0.12064,0.12076,0.12021,0.12032,397444,1789153799999,futures
1789153800000,2026-09-11T19:10:00.000Z,2026-09-12 03:10,0.12032,0.1208,0.12015,0.12057,334206,1789154099999,futures
1789154100000,2026-09-11T19:15:00.000Z,2026-09-12 03:15,0.12055,0.12123,0.12034,0.1211,312079,1789154399999,futures
1789154400000,2026-09-11T19:20:00.000Z,2026-09-12 03:20,0.12102,0.12223,0.12073,0.12195,488415,1789154699999,futures
1789154700000,2026-09-11T19:25:00.000Z,2026-09-12 03:25,0.12195,0.12204,0.12111,0.12144,466158,1789154999999,futures
1789155000000,2026-09-11T19:30:00.000Z,2026-09-12 03:30,0.12141,0.12143,0.12059,0.1206,166306,1789155299999,futures
1789155300000,2026-09-11T19:35:00.000Z,2026-09-12 03:35,0.1206,0.12628,0.1206,0.12413,6433960,1789155599999,futures
1789155600000,2026-09-11T19:40:00.000Z,2026-09-12 03:40,0.12416,0.12444,0.12319,0.12361,817230,1789155899999,futures
1789155900000,2026-09-11T19:45:00.000Z,2026-09-12 03:45,0.12361,0.12447,0.1235,0.12437,660366,1789156199999,futures
1789156200000,2026-09-11T19:50:00.000Z,2026-09-12 03:50,0.12437,0.1251,0.12432,0.12491,706603,1789156499999,futures
1789156500000,2026-09-11T19:55:00.000Z,2026-09-12 03:55,0.12492,0.12664,0.12487,0.12612,947200,1789156799999,futures
1789156800000,2026-09-11T20:00:00.000Z,2026-09-12 04:00,0.12609,0.12687,0.12586,0.12663,740551,1789157099999,futures
1789157100000,2026-09-11T20:05:00.000Z,2026-09-12 04:05,0.12664,0.13044,0.12628,0.12896,2341003,1789157399999,futures
1789157400000,2026-09-11T20:10:00.000Z,2026-09-12 04:10,0.12896,0.13088,0.12861,0.13085,1501862,1789157699999,futures
1789157700000,2026-09-11T20:15:00.000Z,2026-09-12 04:15,0.13085,0.13249,0.13,0.13108,2987837,1789157999999,futures
1789158000000,2026-09-11T20:20:00.000Z,2026-09-12 04:20,0.13108,0.1315,0.12781,0.12882,2562684,1789158299999,futures
1789158300000,2026-09-11T20:25:00.000Z,2026-09-12 04:25,0.12885,0.13078,0.12885,0.13029,1447957,1789158599999,futures
1789158600000,2026-09-11T20:30:00.000Z,2026-09-12 04:30,0.13029,0.13218,0.13007,0.13097,1637105,1789158899999,futures
1789158900000,2026-09-11T20:35:00.000Z,2026-09-12 04:35,0.13095,0.13326,0.13084,0.13169,2209043,1789159199999,futures
1789159200000,2026-09-11T20:40:00.000Z,2026-09-12 04:40,0.13167,0.13349,0.12995,0.13049,2543824,1789159499999,futures
1789159500000,2026-09-11T20:45:00.000Z,2026-09-12 04:45,0.13052,0.13122,0.12918,0.13002,1755167,1789159799999,futures
1789159800000,2026-09-11T20:50:00.000Z,2026-09-12 04:50,0.13003,0.13146,0.12996,0.13079,1271894,1789160099999,futures
1789160100000,2026-09-11T20:55:00.000Z,2026-09-12 04:55,0.13077,0.13308,0.13072,0.1321,1314376,1789160399999,futures
1789160400000,2026-09-11T21:00:00.000Z,2026-09-12 05:00,0.13215,0.13434,0.13181,0.1334,2389398,1789160699999,futures
1789160700000,2026-09-11T21:05:00.000Z,2026-09-12 05:05,0.1334,0.13499,0.13322,0.13437,1534563,1789160999999,futures
1789161000000,2026-09-11T21:10:00.000Z,2026-09-12 05:10,0.13444,0.13536,0.13409,0.13468,1405014,1789161299999,futures
1789161300000,2026-09-11T21:15:00.000Z,2026-09-12 05:15,0.13473,0.13619,0.13463,0.13553,1879455,1789161599999,futures
1789161600000,2026-09-11T21:20:00.000Z,2026-09-12 05:20,0.13556,0.13624,0.1337,0.13408,2471892,1789161899999,futures
1789161900000,2026-09-11T21:25:00.000Z,2026-09-12 05:25,0.13407,0.13575,0.13387,0.13506,1078262,1789162199999,futures
1789162200000,2026-09-11T21:30:00.000Z,2026-09-12 05:30,0.13506,0.13686,0.13415,0.13508,2821379,1789162499999,futures
1789162500000,2026-09-11T21:35:00.000Z,2026-09-12 05:35,0.13508,0.1369,0.13407,0.13433,2645806,1789162799999,futures
1789162800000,2026-09-11T21:40:00.000Z,2026-09-12 05:40,0.13434,0.1346,0.13322,0.13429,1171421,1789163099999,futures
1789163100000,2026-09-11T21:45:00.000Z,2026-09-12 05:45,0.1343,0.13499,0.13257,0.13341,1355751,1789163399999,futures
1789163400000,2026-09-11T21:50:00.000Z,2026-09-12 05:50,0.13342,0.13517,0.1333,0.13462,874048,1789163699999,futures
1789163700000,2026-09-11T21:55:00.000Z,2026-09-12 05:55,0.13462,0.13506,0.13378,0.13479,709806,1789163999999,futures
1789164000000,2026-09-11T22:00:00.000Z,2026-09-12 06:00,0.13484,0.13566,0.13416,0.13491,1322582,1789164299999,futures
1789164300000,2026-09-11T22:05:00.000Z,2026-09-12 06:05,0.13491,0.13633,0.13463,0.13588,1024160,1789164599999,futures
1789164600000,2026-09-11T22:10:00.000Z,2026-09-12 06:10,0.13593,0.13921,0.13566,0.13911,3226909,1789164899999,futures
1789164900000,2026-09-11T22:15:00.000Z,2026-09-12 06:15,0.13911,0.14022,0.13723,0.13832,3678334,1789165199999,futures
1789165200000,2026-09-11T22:20:00.000Z,2026-09-12 06:20,0.13827,0.13906,0.13789,0.13836,1152588,1789165499999,futures
1789165500000,2026-09-11T22:25:00.000Z,2026-09-12 06:25,0.13832,0.13872,0.13666,0.13706,1511196,1789165799999,futures
1789165800000,2026-09-11T22:30:00.000Z,2026-09-12 06:30,0.13703,0.13857,0.13694,0.13789,1415253,1789166099999,futures
1789166100000,2026-09-11T22:35:00.000Z,2026-09-12 06:35,0.13796,0.13908,0.13789,0.1387,1278273,1789166399999,futures
1789166400000,2026-09-11T22:40:00.000Z,2026-09-12 06:40,0.13868,0.13892,0.13515,0.13656,2582708,1789166699999,futures
1789166700000,2026-09-11T22:45:00.000Z,2026-09-12 06:45,0.13656,0.13693,0.13593,0.1362,1086581,1789166999999,futures
1789167000000,2026-09-11T22:50:00.000Z,2026-09-12 06:50,0.13622,0.13826,0.13557,0.13694,1658538,1789167299999,futures
1789167300000,2026-09-11T22:55:00.000Z,2026-09-12 06:55,0.137,0.13756,0.13604,0.13641,1377571,1789167599999,futures
1789167600000,2026-09-11T23:00:00.000Z,2026-09-12 07:00,0.13644,0.13936,0.13635,0.13901,1863993,1789167899999,futures
1789167900000,2026-09-11T23:05:00.000Z,2026-09-12 07:05,0.139,0.13939,0.13787,0.13903,1822371,1789168199999,futures
1789168200000,2026-09-11T23:10:00.000Z,2026-09-12 07:10,0.13897,0.14002,0.13897,0.13936,2474219,1789168499999,futures
1789168500000,2026-09-11T23:15:00.000Z,2026-09-12 07:15,0.13937,0.13978,0.13842,0.13924,1804401,1789168799999,futures
1789168800000,2026-09-11T23:20:00.000Z,2026-09-12 07:20,0.13923,0.13924,0.13821,0.13854,1102536,1789169099999,futures
1789169100000,2026-09-11T23:25:00.000Z,2026-09-12 07:25,0.13852,0.13986,0.13839,0.13913,971955,1789169399999,futures
1789169400000,2026-09-11T23:30:00.000Z,2026-09-12 07:30,0.13913,0.13967,0.13743,0.13872,2440604,1789169699999,futures
1789169700000,2026-09-11T23:35:00.000Z,2026-09-12 07:35,0.13871,0.14133,0.13838,0.13992,2689042,1789169999999,futures
1789170000000,2026-09-11T23:40:00.000Z,2026-09-12 07:40,0.13991,0.1425,0.13947,0.14185,3422646,1789170299999,futures
1789170300000,2026-09-11T23:45:00.000Z,2026-09-12 07:45,0.14185,0.14185,0.14062,0.14093,2433283,1789170599999,futures
1789170600000,2026-09-11T23:50:00.000Z,2026-09-12 07:50,0.14091,0.14107,0.14005,0.14056,1605094,1789170899999,futures
1789170900000,2026-09-11T23:55:00.000Z,2026-09-12 07:55,0.14061,0.14119,0.13962,0.14071,1912091,1789171199999,futures
1789171200000,2026-09-12T00:00:00.000Z,2026-09-12 08:00,0.14066,0.14108,0.13741,0.14064,4326558,1789171499999,futures
1789171500000,2026-09-12T00:05:00.000Z,2026-09-12 08:05,0.14074,0.14236,0.14063,0.14174,3488004,1789171799999,futures
1789171800000,2026-09-12T00:10:00.000Z,2026-09-12 08:10,0.14177,0.14413,0.14131,0.14343,5239625,1789172099999,futures
1789172100000,2026-09-12T00:15:00.000Z,2026-09-12 08:15,0.14341,0.14472,0.1416,0.14345,4847742,1789172399999,futures
1789172400000,2026-09-12T00:20:00.000Z,2026-09-12 08:20,0.14342,0.14479,0.14239,0.14357,2767456,1789172699999,futures
1789172700000,2026-09-12T00:25:00.000Z,2026-09-12 08:25,0.14357,0.14885,0.14254,0.14854,10640257,1789172999999,futures
1789173000000,2026-09-12T00:30:00.000Z,2026-09-12 08:30,0.14854,0.14854,0.14573,0.14726,7950094,1789173299999,futures
1789173300000,2026-09-12T00:35:00.000Z,2026-09-12 08:35,0.14723,0.1565,0.14631,0.15616,19478829,1789173599999,futures
1789173600000,2026-09-12T00:40:00.000Z,2026-09-12 08:40,0.15616,0.16837,0.15491,0.16685,32593031,1789173899999,futures
1789173900000,2026-09-12T00:45:00.000Z,2026-09-12 08:45,0.16699,0.1683,0.16304,0.16478,19590431,1789174199999,futures
1789174200000,2026-09-12T00:50:00.000Z,2026-09-12 08:50,0.16473,0.16603,0.16,0.16102,14009354,1789174499999,futures
1789174500000,2026-09-12T00:55:00.000Z,2026-09-12 08:55,0.16097,0.1623,0.15832,0.15918,12604317,1789174799999,futures
1789174800000,2026-09-12T01:00:00.000Z,2026-09-12 09:00,0.15924,0.165,0.15601,0.15704,20823090,1789175099999,futures
1789175100000,2026-09-12T01:05:00.000Z,2026-09-12 09:05,0.15697,0.15704,0.14921,0.15178,23620508,1789175399999,futures
1789175400000,2026-09-12T01:10:00.000Z,2026-09-12 09:10,0.15172,0.1529,0.14822,0.14948,11689440,1789175699999,futures
1789175700000,2026-09-12T01:15:00.000Z,2026-09-12 09:15,0.14951,0.15258,0.14919,0.15082,9274386,1789175999999,futures
1789176000000,2026-09-12T01:20:00.000Z,2026-09-12 09:20,0.15072,0.15434,0.1503,0.1542,8733291,1789176299999,futures
1789176300000,2026-09-12T01:25:00.000Z,2026-09-12 09:25,0.15411,0.15435,0.15117,0.153,6186259,1789176599999,futures
1789176600000,2026-09-12T01:30:00.000Z,2026-09-12 09:30,0.153,0.15817,0.15177,0.1568,10078689,1789176899999,futures
1789176900000,2026-09-12T01:35:00.000Z,2026-09-12 09:35,0.15682,0.1579,0.15425,0.15583,8715280,1789177199999,futures
1789177200000,2026-09-12T01:40:00.000Z,2026-09-12 09:40,0.15582,0.1593,0.15544,0.15748,9109410,1789177499999,futures
1789177500000,2026-09-12T01:45:00.000Z,2026-09-12 09:45,0.15759,0.16084,0.15621,0.15932,6916059,1789177799999,futures
1789177800000,2026-09-12T01:50:00.000Z,2026-09-12 09:50,0.15934,0.16563,0.15888,0.1635,13830502,1789178099999,futures
1789178100000,2026-09-12T01:55:00.000Z,2026-09-12 09:55,0.1635,0.1673,0.16242,0.16647,10647713,1789178399999,futures
1789178400000,2026-09-12T02:00:00.000Z,2026-09-12 10:00,0.16641,0.17066,0.16458,0.16633,15299867,1789178699999,futures
1789178700000,2026-09-12T02:05:00.000Z,2026-09-12 10:05,0.16644,0.17866,0.1645,0.17802,22277946,1789178999999,futures
1789179000000,2026-09-12T02:10:00.000Z,2026-09-12 10:10,0.17804,0.18876,0.17673,0.18665,26905135,1789179299999,futures
1789179300000,2026-09-12T02:15:00.000Z,2026-09-12 10:15,0.18653,0.19381,0.1822,0.18961,23093062,1789179599999,futures
1789179600000,2026-09-12T02:20:00.000Z,2026-09-12 10:20,0.18971,0.19298,0.17863,0.18648,20286852,1789179899999,futures
1789179900000,2026-09-12T02:25:00.000Z,2026-09-12 10:25,0.18642,0.18878,0.1844,0.1872,9109598,1789180199999,futures
1789180200000,2026-09-12T02:30:00.000Z,2026-09-12 10:30,0.18724,0.18979,0.18422,0.18681,9162776,1789180499999,futures
1789180500000,2026-09-12T02:35:00.000Z,2026-09-12 10:35,0.1868,0.18816,0.18152,0.18351,10643824,1789180799999,futures
1789180800000,2026-09-12T02:40:00.000Z,2026-09-12 10:40,0.18342,0.1845,0.17816,0.1803,11560875,1789181099999,futures
1789181100000,2026-09-12T02:45:00.000Z,2026-09-12 10:45,0.18027,0.1845,0.17742,0.18191,11505839,1789181399999,futures
1789181400000,2026-09-12T02:50:00.000Z,2026-09-12 10:50,0.18185,0.188,0.18104,0.18682,10703674,1789181699999,futures
1789181700000,2026-09-12T02:55:00.000Z,2026-09-12 10:55,0.18686,0.18796,0.18488,0.18688,7400525,1789181999999,futures
1789182000000,2026-09-12T03:00:00.000Z,2026-09-12 11:00,0.18684,0.18966,0.18287,0.18558,14347612,1789182299999,futures
1789182300000,2026-09-12T03:05:00.000Z,2026-09-12 11:05,0.18572,0.18838,0.18402,0.18588,6374107,1789182599999,futures
1789182600000,2026-09-12T03:10:00.000Z,2026-09-12 11:10,0.18588,0.18632,0.18177,0.18307,7741666,1789182899999,futures
1789182900000,2026-09-12T03:15:00.000Z,2026-09-12 11:15,0.183,0.19652,0.18272,0.1961,15911119,1789183199999,futures
1789183200000,2026-09-12T03:20:00.000Z,2026-09-12 11:20,0.19607,0.20415,0.19359,0.19971,26690603,1789183499999,futures
1789183500000,2026-09-12T03:25:00.000Z,2026-09-12 11:25,0.19973,0.19995,0.19252,0.19497,11312731,1789183799999,futures
1789183800000,2026-09-12T03:30:00.000Z,2026-09-12 11:30,0.19504,0.196,0.19026,0.19271,9894832,1789184099999,futures
1789184100000,2026-09-12T03:35:00.000Z,2026-09-12 11:35,0.19277,0.19677,0.1903,0.19622,8099840,1789184399999,futures
1789184400000,2026-09-12T03:40:00.000Z,2026-09-12 11:40,0.19626,0.20484,0.19565,0.20241,17592578,1789184699999,futures
1789184700000,2026-09-12T03:45:00.000Z,2026-09-12 11:45,0.20242,0.20769,0.19699,0.19976,16289761,1789184999999,futures
1789185000000,2026-09-12T03:50:00.000Z,2026-09-12 11:50,0.19973,0.20512,0.1977,0.19964,9517890,1789185299999,futures
1789185300000,2026-09-12T03:55:00.000Z,2026-09-12 11:55,0.19964,0.20256,0.19743,0.19932,9261245,1789185599999,futures
1789185600000,2026-09-12T04:00:00.000Z,2026-09-12 12:00,0.19917,0.20386,0.19651,0.19933,14724106,1789185899999,futures
1789185900000,2026-09-12T04:05:00.000Z,2026-09-12 12:05,0.19941,0.20198,0.19676,0.19748,9589586,1789186199999,futures
1789186200000,2026-09-12T04:10:00.000Z,2026-09-12 12:10,0.19753,0.20142,0.19422,0.20113,13616093,1789186499999,futures
1789186500000,2026-09-12T04:15:00.000Z,2026-09-12 12:15,0.20116,0.21252,0.19988,0.20982,25833427,1789186799999,futures
1789186800000,2026-09-12T04:20:00.000Z,2026-09-12 12:20,0.20988,0.21399,0.2062,0.20795,15477564,1789187099999,futures
1789187100000,2026-09-12T04:25:00.000Z,2026-09-12 12:25,0.20798,0.21375,0.20682,0.20913,11497104,1789187399999,futures
1789187400000,2026-09-12T04:30:00.000Z,2026-09-12 12:30,0.20915,0.21077,0.20655,0.20676,9726932,1789187699999,futures
1789187700000,2026-09-12T04:35:00.000Z,2026-09-12 12:35,0.20668,0.20712,0.20323,0.20541,9645085,1789187999999,futures
1789188000000,2026-09-12T04:40:00.000Z,2026-09-12 12:40,0.20535,0.2099,0.2042,0.20662,7382252,1789188299999,futures
1789188300000,2026-09-12T04:45:00.000Z,2026-09-12 12:45,0.2066,0.20865,0.20373,0.20701,8440203,1789188599999,futures
1789188600000,2026-09-12T04:50:00.000Z,2026-09-12 12:50,0.20698,0.20749,0.19585,0.20074,19489873,1789188899999,futures
1789188900000,2026-09-12T04:55:00.000Z,2026-09-12 12:55,0.20071,0.20387,0.19196,0.1934,14624272,1789189199999,futures
1789189200000,2026-09-12T05:00:00.000Z,2026-09-12 13:00,0.19351,0.19457,0.18814,0.19072,24192926,1789189499999,futures
1789189500000,2026-09-12T05:05:00.000Z,2026-09-12 13:05,0.1907,0.19718,0.1907,0.19598,13638203,1789189799999,futures
1789189800000,2026-09-12T05:10:00.000Z,2026-09-12 13:10,0.19591,0.19977,0.19415,0.19669,10178066,1789190099999,futures
1789190100000,2026-09-12T05:15:00.000Z,2026-09-12 13:15,0.19668,0.19723,0.19311,0.19436,9104470,1789190399999,futures
1789190400000,2026-09-12T05:20:00.000Z,2026-09-12 13:20,0.19442,0.19599,0.19134,0.19568,7232801,1789190699999,futures
1789190700000,2026-09-12T05:25:00.000Z,2026-09-12 13:25,0.19571,0.19887,0.19518,0.19641,7206572,1789190999999,futures
1789191000000,2026-09-12T05:30:00.000Z,2026-09-12 13:30,0.19642,0.20256,0.19557,0.19733,10907605,1789191299999,futures
1789191300000,2026-09-12T05:35:00.000Z,2026-09-12 13:35,0.19736,0.19742,0.19263,0.19635,7464948,1789191599999,futures
1789191600000,2026-09-12T05:40:00.000Z,2026-09-12 13:40,0.19632,0.2043,0.19495,0.20193,9680796,1789191899999,futures
1789191900000,2026-09-12T05:45:00.000Z,2026-09-12 13:45,0.20195,0.20234,0.19855,0.19963,6659092,1789192199999,futures
1789192200000,2026-09-12T05:50:00.000Z,2026-09-12 13:50,0.19967,0.20054,0.19722,0.19858,5269470,1789192499999,futures
1789192500000,2026-09-12T05:55:00.000Z,2026-09-12 13:55,0.19857,0.20325,0.19852,0.20306,6407876,1789192799999,futures
1789192800000,2026-09-12T06:00:00.000Z,2026-09-12 14:00,0.20306,0.2038,0.19821,0.19882,7972643,1789193099999,futures
1789193100000,2026-09-12T06:05:00.000Z,2026-09-12 14:05,0.19886,0.19924,0.1945,0.19595,9055633,1789193399999,futures
1789193400000,2026-09-12T06:10:00.000Z,2026-09-12 14:10,0.19587,0.19768,0.19173,0.19504,8972949,1789193699999,futures
1789193700000,2026-09-12T06:15:00.000Z,2026-09-12 14:15,0.19505,0.19689,0.19393,0.19568,5696851,1789193999999,futures
1789194000000,2026-09-12T06:20:00.000Z,2026-09-12 14:20,0.19566,0.19997,0.19541,0.19909,6471802,1789194299999,futures
1789194300000,2026-09-12T06:25:00.000Z,2026-09-12 14:25,0.19902,0.19938,0.19764,0.19876,4186531,1789194599999,futures
1789194600000,2026-09-12T06:30:00.000Z,2026-09-12 14:30,0.19876,0.20036,0.19723,0.19787,5555469,1789194899999,futures
1789194900000,2026-09-12T06:35:00.000Z,2026-09-12 14:35,0.19782,0.20262,0.19695,0.20125,6607497,1789195199999,futures
1789195200000,2026-09-12T06:40:00.000Z,2026-09-12 14:40,0.20135,0.202,0.19895,0.19973,5632645,1789195499999,futures
1789195500000,2026-09-12T06:45:00.000Z,2026-09-12 14:45,0.19972,0.20152,0.19844,0.201,3740852,1789195799999,futures
1789195800000,2026-09-12T06:50:00.000Z,2026-09-12 14:50,0.20092,0.21874,0.20042,0.21487,35293670,1789196099999,futures
1789196100000,2026-09-12T06:55:00.000Z,2026-09-12 14:55,0.21487,0.22135,0.21429,0.2184,23308855,1789196399999,futures
1789196400000,2026-09-12T07:00:00.000Z,2026-09-12 15:00,0.21853,0.222,0.20925,0.21165,27869558,1789196699999,futures
1789196700000,2026-09-12T07:05:00.000Z,2026-09-12 15:05,0.2116,0.2123,0.20556,0.20961,13727614,1789196999999,futures
1789197000000,2026-09-12T07:10:00.000Z,2026-09-12 15:10,0.20964,0.2125,0.20839,0.21162,9592178,1789197299999,futures
1789197300000,2026-09-12T07:15:00.000Z,2026-09-12 15:15,0.21159,0.2117,0.2086,0.21062,6396066,1789197599999,futures
1789197600000,2026-09-12T07:20:00.000Z,2026-09-12 15:20,0.21063,0.21476,0.20989,0.21239,8866606,1789197899999,futures
1789197900000,2026-09-12T07:25:00.000Z,2026-09-12 15:25,0.21243,0.21649,0.21137,0.21293,10156839,1789198199999,futures
1789198200000,2026-09-12T07:30:00.000Z,2026-09-12 15:30,0.21301,0.21321,0.2044,0.20733,12264042,1789198499999,futures
1789198500000,2026-09-12T07:35:00.000Z,2026-09-12 15:35,0.20736,0.20822,0.20443,0.20551,8897370,1789198799999,futures
1789198800000,2026-09-12T07:40:00.000Z,2026-09-12 15:40,0.2055,0.2055,0.20006,0.20181,13073408,1789199099999,futures
1789199100000,2026-09-12T07:45:00.000Z,2026-09-12 15:45,0.20187,0.2025,0.19699,0.19906,11329132,1789199399999,futures
1789199400000,2026-09-12T07:50:00.000Z,2026-09-12 15:50,0.19905,0.19956,0.19519,0.19732,14200368,1789199699999,futures
1789199700000,2026-09-12T07:55:00.000Z,2026-09-12 15:55,0.19732,0.19889,0.19541,0.19739,8877712,1789199999999,futures
1789200000000,2026-09-12T08:00:00.000Z,2026-09-12 16:00,0.19739,0.19745,0.19004,0.19155,19398060,1789200299999,futures
1789200300000,2026-09-12T08:05:00.000Z,2026-09-12 16:05,0.19159,0.19553,0.19109,0.19434,11518850,1789200599999,futures
1789200600000,2026-09-12T08:10:00.000Z,2026-09-12 16:10,0.19431,0.19568,0.1924,0.19282,7656661,1789200899999,futures
1789200900000,2026-09-12T08:15:00.000Z,2026-09-12 16:15,0.19286,0.19771,0.19221,0.19377,9667901,1789201199999,futures
1789201200000,2026-09-12T08:20:00.000Z,2026-09-12 16:20,0.19372,0.19533,0.19151,0.19266,7453005,1789201499999,futures
1789201500000,2026-09-12T08:25:00.000Z,2026-09-12 16:25,0.19267,0.19506,0.18859,0.19444,13876319,1789201799999,futures
1789201800000,2026-09-12T08:30:00.000Z,2026-09-12 16:30,0.19446,0.19943,0.19354,0.19659,11749171,1789202099999,futures
1789202100000,2026-09-12T08:35:00.000Z,2026-09-12 16:35,0.1966,0.19932,0.19505,0.19907,8997753,1789202399999,futures
1789202400000,2026-09-12T08:40:00.000Z,2026-09-12 16:40,0.19911,0.19999,0.19773,0.19903,7131978,1789202699999,futures
1789202700000,2026-09-12T08:45:00.000Z,2026-09-12 16:45,0.19907,0.2018,0.19767,0.20074,10260747,1789202999999,futures
1789203000000,2026-09-12T08:50:00.000Z,2026-09-12 16:50,0.2007,0.20103,0.19451,0.19563,10595303,1789203299999,futures
1789203300000,2026-09-12T08:55:00.000Z,2026-09-12 16:55,0.19566,0.198,0.195,0.19556,6606628,1789203599999,futures
1789203600000,2026-09-12T09:00:00.000Z,2026-09-12 17:00,0.1955,0.19729,0.19253,0.19576,10300278,1789203899999,futures
1789203900000,2026-09-12T09:05:00.000Z,2026-09-12 17:05,0.19586,0.20011,0.19516,0.19731,9316836,1789204199999,futures
1789204200000,2026-09-12T09:10:00.000Z,2026-09-12 17:10,0.19732,0.19848,0.19321,0.19738,6836227,1789204499999,futures
1789204500000,2026-09-12T09:15:00.000Z,2026-09-12 17:15,0.19733,0.19754,0.19471,0.19587,3460674,1789204799999,futures
1789204800000,2026-09-12T09:20:00.000Z,2026-09-12 17:20,0.19586,0.19898,0.19578,0.19869,4343887,1789205099999,futures
1789205100000,2026-09-12T09:25:00.000Z,2026-09-12 17:25,0.19866,0.20578,0.19764,0.20309,15173142,1789205399999,futures
1789205400000,2026-09-12T09:30:00.000Z,2026-09-12 17:30,0.20315,0.2041,0.20096,0.2015,7723856,1789205699999,futures
1789205700000,2026-09-12T09:35:00.000Z,2026-09-12 17:35,0.20151,0.20333,0.20134,0.20274,4481532,1789205999999,futures
1789206000000,2026-09-12T09:40:00.000Z,2026-09-12 17:40,0.20274,0.20395,0.19869,0.201,7714157,1789206299999,futures
1789206300000,2026-09-12T09:45:00.000Z,2026-09-12 17:45,0.201,0.208,0.20006,0.20337,11828974,1789206599999,futures
1789206600000,2026-09-12T09:50:00.000Z,2026-09-12 17:50,0.20335,0.2062,0.20251,0.20391,6627097,1789206899999,futures
1789206900000,2026-09-12T09:55:00.000Z,2026-09-12 17:55,0.20395,0.20491,0.20212,0.20445,5363379,1789207199999,futures
1789207200000,2026-09-12T10:00:00.000Z,2026-09-12 18:00,0.20445,0.20747,0.2033,0.2063,9251126,1789207499999,futures
1789207500000,2026-09-12T10:05:00.000Z,2026-09-12 18:05,0.20632,0.20977,0.2058,0.20855,12830581,1789207799999,futures
1789207800000,2026-09-12T10:10:00.000Z,2026-09-12 18:10,0.20861,0.20965,0.20637,0.20919,8336887,1789208099999,futures
1789208100000,2026-09-12T10:15:00.000Z,2026-09-12 18:15,0.20918,0.21277,0.20741,0.21135,13533098,1789208399999,futures
1789208400000,2026-09-12T10:20:00.000Z,2026-09-12 18:20,0.21137,0.21431,0.20885,0.21366,15324209,1789208699999,futures
1789208700000,2026-09-12T10:25:00.000Z,2026-09-12 18:25,0.21362,0.2176,0.21221,0.21532,17647276,1789208999999,futures
1789209000000,2026-09-12T10:30:00.000Z,2026-09-12 18:30,0.21525,0.2228,0.21447,0.2189,27044656,1789209299999,futures
1789209300000,2026-09-12T10:35:00.000Z,2026-09-12 18:35,0.21892,0.232,0.21876,0.22686,40456917,1789209599999,futures
1789209600000,2026-09-12T10:40:00.000Z,2026-09-12 18:40,0.22686,0.233,0.2213,0.22254,27031390,1789209899999,futures
1789209900000,2026-09-12T10:45:00.000Z,2026-09-12 18:45,0.22249,0.22582,0.21805,0.22132,20220559,1789210199999,futures
1789210200000,2026-09-12T10:50:00.000Z,2026-09-12 18:50,0.22138,0.22406,0.21371,0.21532,21269664,1789210499999,futures
1789210500000,2026-09-12T10:55:00.000Z,2026-09-12 18:55,0.21538,0.21642,0.21137,0.21221,15923096,1789210799999,futures
1789210800000,2026-09-12T11:00:00.000Z,2026-09-12 19:00,0.21214,0.21486,0.21055,0.21376,16633997,1789211099999,futures
1789211100000,2026-09-12T11:05:00.000Z,2026-09-12 19:05,0.21367,0.2172,0.21205,0.21468,15323626,1789211399999,futures
1789211400000,2026-09-12T11:10:00.000Z,2026-09-12 19:10,0.21462,0.21987,0.21413,0.21945,12253583,1789211699999,futures
1789211700000,2026-09-12T11:15:00.000Z,2026-09-12 19:15,0.21938,0.2206,0.21677,0.21857,10685376,1789211999999,futures
1789212000000,2026-09-12T11:20:00.000Z,2026-09-12 19:20,0.21857,0.22218,0.21773,0.22114,11208218,1789212299999,futures
1789212300000,2026-09-12T11:25:00.000Z,2026-09-12 19:25,0.2213,0.22166,0.21431,0.21687,12433483,1789212599999,futures
1789212600000,2026-09-12T11:30:00.000Z,2026-09-12 19:30,0.21681,0.21805,0.21243,0.21536,13354487,1789212899999,futures
1789212900000,2026-09-12T11:35:00.000Z,2026-09-12 19:35,0.21539,0.21682,0.21466,0.21521,7247108,1789213199999,futures
1789213200000,2026-09-12T11:40:00.000Z,2026-09-12 19:40,0.21524,0.21979,0.21375,0.21832,8437817,1789213499999,futures
1789213500000,2026-09-12T11:45:00.000Z,2026-09-12 19:45,0.21828,0.21863,0.21443,0.21688,7271770,1789213799999,futures
1789213800000,2026-09-12T11:50:00.000Z,2026-09-12 19:50,0.21688,0.21726,0.21201,0.21395,9578507,1789214099999,futures
1789214100000,2026-09-12T11:55:00.000Z,2026-09-12 19:55,0.21397,0.21532,0.21157,0.21226,8611306,1789214399999,futures
1789214400000,2026-09-12T12:00:00.000Z,2026-09-12 20:00,0.21225,0.21556,0.20619,0.21334,18121497,1789214699999,futures
1789214700000,2026-09-12T12:05:00.000Z,2026-09-12 20:05,0.21341,0.21346,0.20831,0.20993,11351131,1789214999999,futures
1789215000000,2026-09-12T12:10:00.000Z,2026-09-12 20:10,0.20988,0.21246,0.20751,0.20824,11461351,1789215299999,futures
1789215300000,2026-09-12T12:15:00.000Z,2026-09-12 20:15,0.20814,0.20956,0.2051,0.20887,15056145,1789215599999,futures
1789215600000,2026-09-12T12:20:00.000Z,2026-09-12 20:20,0.20891,0.21545,0.20868,0.21493,14026033,1789215899999,futures
1789215900000,2026-09-12T12:25:00.000Z,2026-09-12 20:25,0.21502,0.2175,0.21355,0.21668,14492703,1789216199999,futures
1789216200000,2026-09-12T12:30:00.000Z,2026-09-12 20:30,0.21658,0.21913,0.21526,0.21587,11670832,1789216499999,futures
1789216500000,2026-09-12T12:35:00.000Z,2026-09-12 20:35,0.21581,0.21828,0.21247,0.21647,10068364,1789216799999,futures
1789216800000,2026-09-12T12:40:00.000Z,2026-09-12 20:40,0.21642,0.217,0.215,0.21617,4559899,1789217099999,futures
1789217100000,2026-09-12T12:45:00.000Z,2026-09-12 20:45,0.21615,0.2175,0.21351,0.21583,7089623,1789217399999,futures
1789217400000,2026-09-12T12:50:00.000Z,2026-09-12 20:50,0.21582,0.22275,0.21531,0.22124,15335676,1789217699999,futures
1789217700000,2026-09-12T12:55:00.000Z,2026-09-12 20:55,0.22131,0.225,0.21902,0.22373,17809259,1789217999999,futures
1789218000000,2026-09-12T13:00:00.000Z,2026-09-12 21:00,0.22377,0.23664,0.2237,0.23382,38821532,1789218299999,futures
1789218300000,2026-09-12T13:05:00.000Z,2026-09-12 21:05,0.2338,0.23747,0.2275,0.22915,24804911,1789218599999,futures
1789218600000,2026-09-12T13:10:00.000Z,2026-09-12 21:10,0.22916,0.23741,0.22916,0.23409,17400386,1789218899999,futures
1789218900000,2026-09-12T13:15:00.000Z,2026-09-12 21:15,0.23406,0.2428,0.23346,0.23517,34148049,1789219199999,futures
1789219200000,2026-09-12T13:20:00.000Z,2026-09-12 21:20,0.23517,0.23731,0.23242,0.23621,16997127,1789219499999,futures
1789219500000,2026-09-12T13:25:00.000Z,2026-09-12 21:25,0.23619,0.24276,0.2333,0.23502,23190846,1789219799999,futures
1789219800000,2026-09-12T13:30:00.000Z,2026-09-12 21:30,0.23502,0.238,0.23132,0.2362,17108896,1789220099999,futures
1789220100000,2026-09-12T13:35:00.000Z,2026-09-12 21:35,0.23625,0.23768,0.2339,0.23552,12275843,1789220399999,futures
1789220400000,2026-09-12T13:40:00.000Z,2026-09-12 21:40,0.23554,0.2364,0.23311,0.23523,9495906,1789220699999,futures
1789220700000,2026-09-12T13:45:00.000Z,2026-09-12 21:45,0.23528,0.23786,0.22642,0.23103,21700481,1789220999999,futures
1789221000000,2026-09-12T13:50:00.000Z,2026-09-12 21:50,0.23092,0.23398,0.23043,0.23245,10645641,1789221299999,futures
1789221300000,2026-09-12T13:55:00.000Z,2026-09-12 21:55,0.23245,0.23339,0.23044,0.23214,9213380,1789221599999,futures
1789221600000,2026-09-12T14:00:00.000Z,2026-09-12 22:00,0.23219,0.23943,0.23171,0.23516,21306432,1789221899999,futures
1789221900000,2026-09-12T14:05:00.000Z,2026-09-12 22:05,0.23515,0.23519,0.22902,0.23245,13594212,1789222199999,futures
1789222200000,2026-09-12T14:10:00.000Z,2026-09-12 22:10,0.23242,0.23384,0.229,0.23304,11805838,1789222499999,futures
1789222500000,2026-09-12T14:15:00.000Z,2026-09-12 22:15,0.23306,0.24564,0.23119,0.24439,23216025,1789222799999,futures
1789222800000,2026-09-12T14:20:00.000Z,2026-09-12 22:20,0.24447,0.24983,0.24227,0.24532,33980409,1789223099999,futures
1789223100000,2026-09-12T14:25:00.000Z,2026-09-12 22:25,0.24524,0.2464,0.24318,0.24477,12586332,1789223399999,futures
1789223400000,2026-09-12T14:30:00.000Z,2026-09-12 22:30,0.24475,0.24481,0.23929,0.24226,17190405,1789223699999,futures
1789223700000,2026-09-12T14:35:00.000Z,2026-09-12 22:35,0.24227,0.25268,0.2413,0.24713,23790580,1789223999999,futures
1789224000000,2026-09-12T14:40:00.000Z,2026-09-12 22:40,0.24713,0.26225,0.2452,0.26067,41860038,1789224299999,futures
1789224300000,2026-09-12T14:45:00.000Z,2026-09-12 22:45,0.26067,0.26855,0.25846,0.26413,43833190,1789224599999,futures
1789224600000,2026-09-12T14:50:00.000Z,2026-09-12 22:50,0.26412,0.2645,0.25416,0.25825,29916640,1789224899999,futures
1789224900000,2026-09-12T14:55:00.000Z,2026-09-12 22:55,0.25818,0.2608,0.25493,0.25707,19171456,1789225199999,futures
1789225200000,2026-09-12T15:00:00.000Z,2026-09-12 23:00,0.25704,0.25799,0.24676,0.25176,33769679,1789225499999,futures
1789225500000,2026-09-12T15:05:00.000Z,2026-09-12 23:05,0.25179,0.2563,0.25158,0.25353,14948993,1789225799999,futures
1789225800000,2026-09-12T15:10:00.000Z,2026-09-12 23:10,0.2536,0.25974,0.25166,0.2564,18756743,1789226099999,futures
1789226100000,2026-09-12T15:15:00.000Z,2026-09-12 23:15,0.25638,0.26662,0.25136,0.25277,29330650,1789226399999,futures
1789226400000,2026-09-12T15:20:00.000Z,2026-09-12 23:20,0.25277,0.25287,0.2438,0.24498,24740079,1789226699999,futures
1789226700000,2026-09-12T15:25:00.000Z,2026-09-12 23:25,0.24504,0.24576,0.24042,0.24331,25602905,1789226999999,futures
1789227000000,2026-09-12T15:30:00.000Z,2026-09-12 23:30,0.24331,0.24888,0.24168,0.24647,18755866,1789227299999,futures
1789227300000,2026-09-12T15:35:00.000Z,2026-09-12 23:35,0.24647,0.24882,0.243,0.24392,11094546,1789227599999,futures
1789227600000,2026-09-12T15:40:00.000Z,2026-09-12 23:40,0.24391,0.2485,0.2431,0.24806,10651723,1789227899999,futures
1789227900000,2026-09-12T15:45:00.000Z,2026-09-12 23:45,0.24807,0.2543,0.24491,0.25154,17479549,1789228199999,futures
1789228200000,2026-09-12T15:50:00.000Z,2026-09-12 23:50,0.25155,0.25388,0.25025,0.25243,11287575,1789228499999,futures
1789228500000,2026-09-12T15:55:00.000Z,2026-09-12 23:55,0.25243,0.25687,0.25132,0.25521,17052377,1789228799999,futures
