openTimeMs,openTimeUtc,openTimeLocal,open,high,low,close,volume,closeTime,source
1788407100000,2026-09-03T03:45:00.000Z,2026-09-03 11:45,0.08261,0.08273,0.08256,0.08271,5783835,1788407399999,futures
1788407400000,2026-09-03T03:50:00.000Z,2026-09-03 11:50,0.0827,0.08278,0.08269,0.08277,3729442,1788407699999,futures
1788407700000,2026-09-03T03:55:00.000Z,2026-09-03 11:55,0.08277,0.08278,0.08272,0.08275,2939587,1788407999999,futures
1788408000000,2026-09-03T04:00:00.000Z,2026-09-03 12:00,0.08275,0.08283,0.08274,0.08278,8313074,1788408299999,futures
1788408300000,2026-09-03T04:05:00.000Z,2026-09-03 12:05,0.08278,0.08288,0.08275,0.08284,8269243,1788408599999,futures
1788408600000,2026-09-03T04:10:00.000Z,2026-09-03 12:10,0.08285,0.08295,0.08274,0.08278,9359261,1788408899999,futures
1788408900000,2026-09-03T04:15:00.000Z,2026-09-03 12:15,0.08278,0.08279,0.08255,0.08255,12477435,1788409199999,futures
1788409200000,2026-09-03T04:20:00.000Z,2026-09-03 12:20,0.08255,0.08263,0.08246,0.08259,28855491,1788409499999,futures
1788409500000,2026-09-03T04:25:00.000Z,2026-09-03 12:25,0.08259,0.08262,0.08252,0.08254,4365149,1788409799999,futures
1788409800000,2026-09-03T04:30:00.000Z,2026-09-03 12:30,0.08254,0.08265,0.08251,0.08252,15504441,1788410099999,futures
1788410100000,2026-09-03T04:35:00.000Z,2026-09-03 12:35,0.08252,0.08253,0.08247,0.08248,5773237,1788410399999,futures
1788410400000,2026-09-03T04:40:00.000Z,2026-09-03 12:40,0.08249,0.0825,0.08241,0.08241,8241383,1788410699999,futures
1788410700000,2026-09-03T04:45:00.000Z,2026-09-03 12:45,0.08241,0.08261,0.08241,0.08258,10771126,1788410999999,futures
1788411000000,2026-09-03T04:50:00.000Z,2026-09-03 12:50,0.08258,0.08292,0.08257,0.08291,12610984,1788411299999,futures
1788411300000,2026-09-03T04:55:00.000Z,2026-09-03 12:55,0.0829,0.08295,0.08278,0.08295,9151340,1788411599999,futures
1788411600000,2026-09-03T05:00:00.000Z,2026-09-03 13:00,0.08296,0.08307,0.08291,0.08294,19828323,1788411899999,futures
1788411900000,2026-09-03T05:05:00.000Z,2026-09-03 13:05,0.08295,0.08295,0.08276,0.08277,13103068,1788412199999,futures
1788412200000,2026-09-03T05:10:00.000Z,2026-09-03 13:10,0.08278,0.08288,0.08264,0.08273,16927680,1788412499999,futures
1788412500000,2026-09-03T05:15:00.000Z,2026-09-03 13:15,0.08274,0.08276,0.08255,0.08257,10960895,1788412799999,futures
1788412800000,2026-09-03T05:20:00.000Z,2026-09-03 13:20,0.08258,0.08258,0.08206,0.08227,59854061,1788413099999,futures
1788413100000,2026-09-03T05:25:00.000Z,2026-09-03 13:25,0.08226,0.08227,0.08202,0.08219,20975779,1788413399999,futures
1788413400000,2026-09-03T05:30:00.000Z,2026-09-03 13:30,0.08219,0.08249,0.08216,0.08245,10069682,1788413699999,futures
1788413700000,2026-09-03T05:35:00.000Z,2026-09-03 13:35,0.08245,0.08269,0.08244,0.08263,11178187,1788413999999,futures
1788414000000,2026-09-03T05:40:00.000Z,2026-09-03 13:40,0.08262,0.08277,0.08256,0.08271,16729633,1788414299999,futures
1788414300000,2026-09-03T05:45:00.000Z,2026-09-03 13:45,0.08272,0.08287,0.08262,0.08287,8322105,1788414599999,futures
1788414600000,2026-09-03T05:50:00.000Z,2026-09-03 13:50,0.08287,0.08303,0.08279,0.08288,26753441,1788414899999,futures
1788414900000,2026-09-03T05:55:00.000Z,2026-09-03 13:55,0.08289,0.08303,0.08288,0.08295,21928442,1788415199999,futures
1788415200000,2026-09-03T06:00:00.000Z,2026-09-03 14:00,0.08296,0.08299,0.08269,0.08271,11839232,1788415499999,futures
1788415500000,2026-09-03T06:05:00.000Z,2026-09-03 14:05,0.08271,0.08288,0.08271,0.08279,13189356,1788415799999,futures
1788415800000,2026-09-03T06:10:00.000Z,2026-09-03 14:10,0.0828,0.08292,0.08278,0.08282,11133489,1788416099999,futures
1788416100000,2026-09-03T06:15:00.000Z,2026-09-03 14:15,0.08281,0.08291,0.08277,0.0829,14821910,1788416399999,futures
1788416400000,2026-09-03T06:20:00.000Z,2026-09-03 14:20,0.0829,0.08295,0.08282,0.08284,7122171,1788416699999,futures
1788416700000,2026-09-03T06:25:00.000Z,2026-09-03 14:25,0.08285,0.08291,0.0828,0.08287,3928683,1788416999999,futures
1788417000000,2026-09-03T06:30:00.000Z,2026-09-03 14:30,0.08287,0.08288,0.0828,0.08286,7057920,1788417299999,futures
1788417300000,2026-09-03T06:35:00.000Z,2026-09-03 14:35,0.08285,0.08301,0.08283,0.08296,10008378,1788417599999,futures
1788417600000,2026-09-03T06:40:00.000Z,2026-09-03 14:40,0.08296,0.08303,0.08293,0.08302,7741386,1788417899999,futures
1788417900000,2026-09-03T06:45:00.000Z,2026-09-03 14:45,0.08302,0.08308,0.08295,0.08301,10214740,1788418199999,futures
1788418200000,2026-09-03T06:50:00.000Z,2026-09-03 14:50,0.08302,0.08303,0.08293,0.08295,7386267,1788418499999,futures
1788418500000,2026-09-03T06:55:00.000Z,2026-09-03 14:55,0.08295,0.08299,0.0829,0.08296,5230442,1788418799999,futures
1788418800000,2026-09-03T07:00:00.000Z,2026-09-03 15:00,0.08295,0.08356,0.0829,0.08353,54844807,1788419099999,futures
1788419100000,2026-09-03T07:05:00.000Z,2026-09-03 15:05,0.08353,0.08366,0.08336,0.0834,54678369,1788419399999,futures
1788419400000,2026-09-03T07:10:00.000Z,2026-09-03 15:10,0.08341,0.08357,0.08332,0.08346,14295583,1788419699999,futures
1788419700000,2026-09-03T07:15:00.000Z,2026-09-03 15:15,0.08345,0.08349,0.08328,0.08345,22747114,1788419999999,futures
1788420000000,2026-09-03T07:20:00.000Z,2026-09-03 15:20,0.08344,0.08356,0.08323,0.08326,23128244,1788420299999,futures
1788420300000,2026-09-03T07:25:00.000Z,2026-09-03 15:25,0.08326,0.08327,0.08289,0.08312,109260625,1788420599999,futures
1788420600000,2026-09-03T07:30:00.000Z,2026-09-03 15:30,0.08312,0.08315,0.08293,0.083,30433019,1788420899999,futures
1788420900000,2026-09-03T07:35:00.000Z,2026-09-03 15:35,0.083,0.08318,0.08299,0.08318,10542210,1788421199999,futures
1788421200000,2026-09-03T07:40:00.000Z,2026-09-03 15:40,0.08318,0.0834,0.08309,0.08309,24095025,1788421499999,futures
1788421500000,2026-09-03T07:45:00.000Z,2026-09-03 15:45,0.08309,0.08317,0.08274,0.08276,22769992,1788421799999,futures
1788421800000,2026-09-03T07:50:00.000Z,2026-09-03 15:50,0.08276,0.08279,0.08266,0.08271,21321816,1788422099999,futures
1788422100000,2026-09-03T07:55:00.000Z,2026-09-03 15:55,0.08271,0.08294,0.08263,0.08286,38216272,1788422399999,futures
1788422400000,2026-09-03T08:00:00.000Z,2026-09-03 16:00,0.08287,0.08335,0.08285,0.0833,28035823,1788422699999,futures
1788422700000,2026-09-03T08:05:00.000Z,2026-09-03 16:05,0.0833,0.08359,0.0833,0.08336,32808372,1788422999999,futures
1788423000000,2026-09-03T08:10:00.000Z,2026-09-03 16:10,0.08336,0.08345,0.08311,0.08321,31451153,1788423299999,futures
1788423300000,2026-09-03T08:15:00.000Z,2026-09-03 16:15,0.08321,0.08324,0.08314,0.08324,8528754,1788423599999,futures
1788423600000,2026-09-03T08:20:00.000Z,2026-09-03 16:20,0.08323,0.0833,0.08306,0.08317,12682913,1788423899999,futures
1788423900000,2026-09-03T08:25:00.000Z,2026-09-03 16:25,0.08317,0.08332,0.0831,0.08329,8787979,1788424199999,futures
1788424200000,2026-09-03T08:30:00.000Z,2026-09-03 16:30,0.08329,0.08336,0.08322,0.08327,7566728,1788424499999,futures
1788424500000,2026-09-03T08:35:00.000Z,2026-09-03 16:35,0.08327,0.0833,0.08317,0.08318,5594333,1788424799999,futures
1788424800000,2026-09-03T08:40:00.000Z,2026-09-03 16:40,0.08318,0.08325,0.08317,0.0832,5000916,1788425099999,futures
1788425100000,2026-09-03T08:45:00.000Z,2026-09-03 16:45,0.08321,0.08329,0.08314,0.08317,6060700,1788425399999,futures
1788425400000,2026-09-03T08:50:00.000Z,2026-09-03 16:50,0.08316,0.0832,0.08305,0.08316,5949528,1788425699999,futures
1788425700000,2026-09-03T08:55:00.000Z,2026-09-03 16:55,0.08316,0.0832,0.08311,0.08313,10942744,1788425999999,futures
1788426000000,2026-09-03T09:00:00.000Z,2026-09-03 17:00,0.08312,0.08316,0.08299,0.08305,11078661,1788426299999,futures
1788426300000,2026-09-03T09:05:00.000Z,2026-09-03 17:05,0.08305,0.08321,0.08295,0.08317,15383949,1788426599999,futures
1788426600000,2026-09-03T09:10:00.000Z,2026-09-03 17:10,0.08318,0.08329,0.08306,0.08312,17389279,1788426899999,futures
1788426900000,2026-09-03T09:15:00.000Z,2026-09-03 17:15,0.08312,0.08322,0.08297,0.08298,11818823,1788427199999,futures
1788427200000,2026-09-03T09:20:00.000Z,2026-09-03 17:20,0.08299,0.08308,0.08293,0.08301,21563868,1788427499999,futures
1788427500000,2026-09-03T09:25:00.000Z,2026-09-03 17:25,0.08301,0.08303,0.08288,0.08288,7973006,1788427799999,futures
1788427800000,2026-09-03T09:30:00.000Z,2026-09-03 17:30,0.08288,0.08295,0.08284,0.08288,12906299,1788428099999,futures
1788428100000,2026-09-03T09:35:00.000Z,2026-09-03 17:35,0.08288,0.0829,0.08282,0.08285,6296298,1788428399999,futures
1788428400000,2026-09-03T09:40:00.000Z,2026-09-03 17:40,0.08284,0.08289,0.08273,0.08286,22317854,1788428699999,futures
1788428700000,2026-09-03T09:45:00.000Z,2026-09-03 17:45,0.08286,0.08298,0.08273,0.08274,7113292,1788428999999,futures
1788429000000,2026-09-03T09:50:00.000Z,2026-09-03 17:50,0.08274,0.08286,0.08273,0.08282,23449940,1788429299999,futures
1788429300000,2026-09-03T09:55:00.000Z,2026-09-03 17:55,0.08282,0.08285,0.08275,0.08276,7431064,1788429599999,futures
1788429600000,2026-09-03T10:00:00.000Z,2026-09-03 18:00,0.08276,0.08282,0.08266,0.08282,18131874,1788429899999,futures
1788429900000,2026-09-03T10:05:00.000Z,2026-09-03 18:05,0.08282,0.08293,0.08266,0.08278,15810521,1788430199999,futures
1788430200000,2026-09-03T10:10:00.000Z,2026-09-03 18:10,0.08277,0.08282,0.08266,0.08277,9592277,1788430499999,futures
1788430500000,2026-09-03T10:15:00.000Z,2026-09-03 18:15,0.08278,0.08295,0.08272,0.08289,9536286,1788430799999,futures
1788430800000,2026-09-03T10:20:00.000Z,2026-09-03 18:20,0.0829,0.08307,0.08286,0.08287,9704117,1788431099999,futures
1788431100000,2026-09-03T10:25:00.000Z,2026-09-03 18:25,0.08286,0.08289,0.08281,0.08283,2580621,1788431399999,futures
1788431400000,2026-09-03T10:30:00.000Z,2026-09-03 18:30,0.08283,0.08288,0.08266,0.08267,8983689,1788431699999,futures
1788431700000,2026-09-03T10:35:00.000Z,2026-09-03 18:35,0.08268,0.08273,0.08256,0.08267,13445020,1788431999999,futures
1788432000000,2026-09-03T10:40:00.000Z,2026-09-03 18:40,0.08267,0.08267,0.08251,0.08254,14372121,1788432299999,futures
1788432300000,2026-09-03T10:45:00.000Z,2026-09-03 18:45,0.08255,0.08265,0.08252,0.08259,6890550,1788432599999,futures
1788432600000,2026-09-03T10:50:00.000Z,2026-09-03 18:50,0.08258,0.08289,0.08257,0.08284,6418218,1788432899999,futures
1788432900000,2026-09-03T10:55:00.000Z,2026-09-03 18:55,0.08283,0.08297,0.08283,0.08294,7193902,1788433199999,futures
1788433200000,2026-09-03T11:00:00.000Z,2026-09-03 19:00,0.08294,0.08302,0.08283,0.08294,13984524,1788433499999,futures
1788433500000,2026-09-03T11:05:00.000Z,2026-09-03 19:05,0.08295,0.08305,0.08284,0.08303,20151585,1788433799999,futures
1788433800000,2026-09-03T11:10:00.000Z,2026-09-03 19:10,0.08303,0.08303,0.08289,0.0829,9820981,1788434099999,futures
1788434100000,2026-09-03T11:15:00.000Z,2026-09-03 19:15,0.0829,0.08315,0.0829,0.08314,17339938,1788434399999,futures
1788434400000,2026-09-03T11:20:00.000Z,2026-09-03 19:20,0.08314,0.08315,0.083,0.08307,8920373,1788434699999,futures
1788434700000,2026-09-03T11:25:00.000Z,2026-09-03 19:25,0.08308,0.08325,0.08305,0.08321,8561896,1788434999999,futures
1788435000000,2026-09-03T11:30:00.000Z,2026-09-03 19:30,0.08321,0.08335,0.08307,0.08323,21841983,1788435299999,futures
1788435300000,2026-09-03T11:35:00.000Z,2026-09-03 19:35,0.08324,0.08324,0.08307,0.08314,10588473,1788435599999,futures
1788435600000,2026-09-03T11:40:00.000Z,2026-09-03 19:40,0.08314,0.08323,0.08309,0.08313,25534704,1788435899999,futures
1788435900000,2026-09-03T11:45:00.000Z,2026-09-03 19:45,0.08314,0.08328,0.0831,0.08315,32167560,1788436199999,futures
1788436200000,2026-09-03T11:50:00.000Z,2026-09-03 19:50,0.08315,0.08324,0.0831,0.0831,8664962,1788436499999,futures
1788436500000,2026-09-03T11:55:00.000Z,2026-09-03 19:55,0.0831,0.08329,0.08308,0.08323,13743193,1788436799999,futures
1788436800000,2026-09-03T12:00:00.000Z,2026-09-03 20:00,0.08323,0.08329,0.08317,0.08322,8597996,1788437099999,futures
1788437100000,2026-09-03T12:05:00.000Z,2026-09-03 20:05,0.08323,0.08327,0.08311,0.08319,10099837,1788437399999,futures
1788437400000,2026-09-03T12:10:00.000Z,2026-09-03 20:10,0.08318,0.0833,0.08317,0.08326,9206144,1788437699999,futures
1788437700000,2026-09-03T12:15:00.000Z,2026-09-03 20:15,0.08326,0.08331,0.08311,0.08314,20370375,1788437999999,futures
1788438000000,2026-09-03T12:20:00.000Z,2026-09-03 20:20,0.08314,0.08318,0.08307,0.08312,5313947,1788438299999,futures
1788438300000,2026-09-03T12:25:00.000Z,2026-09-03 20:25,0.08312,0.08316,0.08311,0.08314,6243710,1788438599999,futures
1788438600000,2026-09-03T12:30:00.000Z,2026-09-03 20:30,0.08315,0.08363,0.08315,0.08338,63924289,1788438899999,futures
1788438900000,2026-09-03T12:35:00.000Z,2026-09-03 20:35,0.08337,0.08344,0.08325,0.08336,14270270,1788439199999,futures
1788439200000,2026-09-03T12:40:00.000Z,2026-09-03 20:40,0.08336,0.08351,0.08319,0.08322,23528433,1788439499999,futures
1788439500000,2026-09-03T12:45:00.000Z,2026-09-03 20:45,0.08322,0.08343,0.08317,0.08341,16012039,1788439799999,futures
1788439800000,2026-09-03T12:50:00.000Z,2026-09-03 20:50,0.08342,0.08358,0.08334,0.08354,27084751,1788440099999,futures
1788440100000,2026-09-03T12:55:00.000Z,2026-09-03 20:55,0.08354,0.0838,0.0835,0.08362,52735166,1788440399999,futures
1788440400000,2026-09-03T13:00:00.000Z,2026-09-03 21:00,0.08363,0.08366,0.08336,0.08342,33378491,1788440699999,futures
1788440700000,2026-09-03T13:05:00.000Z,2026-09-03 21:05,0.08342,0.08344,0.08328,0.08336,24363687,1788440999999,futures
1788441000000,2026-09-03T13:10:00.000Z,2026-09-03 21:10,0.08336,0.08351,0.08332,0.08347,7045514,1788441299999,futures
1788441300000,2026-09-03T13:15:00.000Z,2026-09-03 21:15,0.08347,0.08351,0.08335,0.08338,7917123,1788441599999,futures
1788441600000,2026-09-03T13:20:00.000Z,2026-09-03 21:20,0.08339,0.08349,0.08332,0.08343,5277079,1788441899999,futures
1788441900000,2026-09-03T13:25:00.000Z,2026-09-03 21:25,0.08343,0.08343,0.08331,0.08335,7425764,1788442199999,futures
1788442200000,2026-09-03T13:30:00.000Z,2026-09-03 21:30,0.08336,0.08365,0.08332,0.08352,18872063,1788442499999,futures
1788442500000,2026-09-03T13:35:00.000Z,2026-09-03 21:35,0.08351,0.08356,0.08322,0.0835,28731052,1788442799999,futures
1788442800000,2026-09-03T13:40:00.000Z,2026-09-03 21:40,0.08351,0.08369,0.08345,0.08359,16603711,1788443099999,futures
1788443100000,2026-09-03T13:45:00.000Z,2026-09-03 21:45,0.0836,0.0837,0.08341,0.08348,24104848,1788443399999,futures
1788443400000,2026-09-03T13:50:00.000Z,2026-09-03 21:50,0.08348,0.08364,0.08339,0.08342,12118560,1788443699999,futures
1788443700000,2026-09-03T13:55:00.000Z,2026-09-03 21:55,0.08341,0.08352,0.08334,0.08346,8263059,1788443999999,futures
1788444000000,2026-09-03T14:00:00.000Z,2026-09-03 22:00,0.08345,0.08346,0.08327,0.0834,20308311,1788444299999,futures
1788444300000,2026-09-03T14:05:00.000Z,2026-09-03 22:05,0.0834,0.08353,0.08338,0.08345,18247695,1788444599999,futures
1788444600000,2026-09-03T14:10:00.000Z,2026-09-03 22:10,0.08345,0.08367,0.08335,0.08367,25656886,1788444899999,futures
1788444900000,2026-09-03T14:15:00.000Z,2026-09-03 22:15,0.08366,0.08393,0.08366,0.08376,30971956,1788445199999,futures
1788445200000,2026-09-03T14:20:00.000Z,2026-09-03 22:20,0.08376,0.08451,0.08376,0.08443,114155553,1788445499999,futures
1788445500000,2026-09-03T14:25:00.000Z,2026-09-03 22:25,0.08443,0.08458,0.08427,0.08453,51348702,1788445799999,futures
1788445800000,2026-09-03T14:30:00.000Z,2026-09-03 22:30,0.08452,0.08505,0.08442,0.0848,86470510,1788446099999,futures
1788446100000,2026-09-03T14:35:00.000Z,2026-09-03 22:35,0.0848,0.08549,0.08473,0.08521,106762584,1788446399999,futures
1788446400000,2026-09-03T14:40:00.000Z,2026-09-03 22:40,0.08522,0.08598,0.08517,0.08569,87022179,1788446699999,futures
1788446700000,2026-09-03T14:45:00.000Z,2026-09-03 22:45,0.08568,0.08671,0.08561,0.08652,141211302,1788446999999,futures
1788447000000,2026-09-03T14:50:00.000Z,2026-09-03 22:50,0.08653,0.08678,0.08637,0.08665,96805559,1788447299999,futures
1788447300000,2026-09-03T14:55:00.000Z,2026-09-03 22:55,0.08664,0.08794,0.08644,0.08788,114952327,1788447599999,futures
1788447600000,2026-09-03T15:00:00.000Z,2026-09-03 23:00,0.08787,0.08847,0.08767,0.088,199013096,1788447899999,futures
1788447900000,2026-09-03T15:05:00.000Z,2026-09-03 23:05,0.088,0.08811,0.08736,0.08736,99082992,1788448199999,futures
1788448200000,2026-09-03T15:10:00.000Z,2026-09-03 23:10,0.08736,0.08762,0.08677,0.08747,122919022,1788448499999,futures
1788448500000,2026-09-03T15:15:00.000Z,2026-09-03 23:15,0.08747,0.08774,0.08711,0.08731,65315195,1788448799999,futures
1788448800000,2026-09-03T15:20:00.000Z,2026-09-03 23:20,0.08732,0.08757,0.08698,0.08754,66524869,1788449099999,futures
1788449100000,2026-09-03T15:25:00.000Z,2026-09-03 23:25,0.08753,0.08759,0.08727,0.08743,47284908,1788449399999,futures
1788449400000,2026-09-03T15:30:00.000Z,2026-09-03 23:30,0.08743,0.08792,0.0874,0.08768,53033792,1788449699999,futures
1788449700000,2026-09-03T15:35:00.000Z,2026-09-03 23:35,0.08769,0.08807,0.08768,0.08796,52382521,1788449999999,futures
1788450000000,2026-09-03T15:40:00.000Z,2026-09-03 23:40,0.08796,0.08806,0.08777,0.0878,37874333,1788450299999,futures
1788450300000,2026-09-03T15:45:00.000Z,2026-09-03 23:45,0.0878,0.0879,0.08739,0.0877,57889057,1788450599999,futures
1788450600000,2026-09-03T15:50:00.000Z,2026-09-03 23:50,0.08769,0.08897,0.08769,0.08896,104837377,1788450899999,futures
1788450900000,2026-09-03T15:55:00.000Z,2026-09-03 23:55,0.08896,0.08938,0.08881,0.08919,98218249,1788451199999,futures
1788451200000,2026-09-03T16:00:00.000Z,2026-09-04 00:00,0.08919,0.08944,0.08824,0.08825,130658841,1788451499999,futures
1788451500000,2026-09-03T16:05:00.000Z,2026-09-04 00:05,0.08824,0.08889,0.08807,0.08877,74917831,1788451799999,futures
1788451800000,2026-09-03T16:10:00.000Z,2026-09-04 00:10,0.08876,0.08907,0.08875,0.08885,49938652,1788452099999,futures
1788452100000,2026-09-03T16:15:00.000Z,2026-09-04 00:15,0.08884,0.08892,0.08838,0.08858,48121730,1788452399999,futures
1788452400000,2026-09-03T16:20:00.000Z,2026-09-04 00:20,0.08858,0.0891,0.0885,0.08889,46272636,1788452699999,futures
1788452700000,2026-09-03T16:25:00.000Z,2026-09-04 00:25,0.08889,0.08926,0.08862,0.08923,69773865,1788452999999,futures
1788453000000,2026-09-03T16:30:00.000Z,2026-09-04 00:30,0.08923,0.08989,0.08916,0.08987,114290495,1788453299999,futures
1788453300000,2026-09-03T16:35:00.000Z,2026-09-04 00:35,0.08987,0.08993,0.08914,0.08919,75209090,1788453599999,futures
1788453600000,2026-09-03T16:40:00.000Z,2026-09-04 00:40,0.0892,0.08939,0.08903,0.08921,55551366,1788453899999,futures
1788453900000,2026-09-03T16:45:00.000Z,2026-09-04 00:45,0.08922,0.08952,0.08913,0.0895,39522877,1788454199999,futures
1788454200000,2026-09-03T16:50:00.000Z,2026-09-04 00:50,0.0895,0.08997,0.08947,0.08987,50577076,1788454499999,futures
1788454500000,2026-09-03T16:55:00.000Z,2026-09-04 00:55,0.08987,0.08996,0.08942,0.08946,44870214,1788454799999,futures
1788454800000,2026-09-03T17:00:00.000Z,2026-09-04 01:00,0.08945,0.08953,0.08923,0.0895,49522438,1788455099999,futures
1788455100000,2026-09-03T17:05:00.000Z,2026-09-04 01:05,0.08949,0.08972,0.08922,0.08935,43095845,1788455399999,futures
1788455400000,2026-09-03T17:10:00.000Z,2026-09-04 01:10,0.08935,0.08957,0.08933,0.08956,21340088,1788455699999,futures
1788455700000,2026-09-03T17:15:00.000Z,2026-09-04 01:15,0.08955,0.08964,0.08911,0.08918,32382329,1788455999999,futures
1788456000000,2026-09-03T17:20:00.000Z,2026-09-04 01:20,0.08918,0.08925,0.08898,0.08916,42485216,1788456299999,futures
1788456300000,2026-09-03T17:25:00.000Z,2026-09-04 01:25,0.08916,0.08917,0.08883,0.08905,66368163,1788456599999,futures
1788456600000,2026-09-03T17:30:00.000Z,2026-09-04 01:30,0.08905,0.08976,0.08905,0.08967,50862781,1788456899999,futures
1788456900000,2026-09-03T17:35:00.000Z,2026-09-04 01:35,0.08968,0.08978,0.08941,0.08972,28942421,1788457199999,futures
1788457200000,2026-09-03T17:40:00.000Z,2026-09-04 01:40,0.08973,0.08974,0.08943,0.08947,20003603,1788457499999,futures
1788457500000,2026-09-03T17:45:00.000Z,2026-09-04 01:45,0.08947,0.08962,0.08942,0.08948,17449991,1788457799999,futures
1788457800000,2026-09-03T17:50:00.000Z,2026-09-04 01:50,0.08949,0.08955,0.08921,0.08926,25771373,1788458099999,futures
1788458100000,2026-09-03T17:55:00.000Z,2026-09-04 01:55,0.08926,0.08945,0.08921,0.08938,27381817,1788458399999,futures
1788458400000,2026-09-03T18:00:00.000Z,2026-09-04 02:00,0.08938,0.08961,0.08926,0.08949,33582373,1788458699999,futures
1788458700000,2026-09-03T18:05:00.000Z,2026-09-04 02:05,0.0895,0.08965,0.08942,0.08962,21225724,1788458999999,futures
1788459000000,2026-09-03T18:10:00.000Z,2026-09-04 02:10,0.08962,0.08962,0.0893,0.08955,25652316,1788459299999,futures
1788459300000,2026-09-03T18:15:00.000Z,2026-09-04 02:15,0.08954,0.08959,0.08943,0.08943,13056553,1788459599999,futures
1788459600000,2026-09-03T18:20:00.000Z,2026-09-04 02:20,0.08944,0.08953,0.08932,0.0895,17701391,1788459899999,futures
1788459900000,2026-09-03T18:25:00.000Z,2026-09-04 02:25,0.08949,0.08951,0.08931,0.08933,12047761,1788460199999,futures
1788460200000,2026-09-03T18:30:00.000Z,2026-09-04 02:30,0.08932,0.08954,0.08917,0.0892,26635459,1788460499999,futures
1788460500000,2026-09-03T18:35:00.000Z,2026-09-04 02:35,0.08919,0.08924,0.08909,0.08914,14472602,1788460799999,futures
1788460800000,2026-09-03T18:40:00.000Z,2026-09-04 02:40,0.08913,0.08916,0.08892,0.08903,30774220,1788461099999,futures
1788461100000,2026-09-03T18:45:00.000Z,2026-09-04 02:45,0.08903,0.08929,0.08902,0.08928,9942718,1788461399999,futures
1788461400000,2026-09-03T18:50:00.000Z,2026-09-04 02:50,0.08928,0.08958,0.08925,0.08948,32239863,1788461699999,futures
1788461700000,2026-09-03T18:55:00.000Z,2026-09-04 02:55,0.08947,0.08956,0.08944,0.08955,9092771,1788461999999,futures
1788462000000,2026-09-03T19:00:00.000Z,2026-09-04 03:00,0.08955,0.08973,0.08943,0.08971,23769804,1788462299999,futures
1788462300000,2026-09-03T19:05:00.000Z,2026-09-04 03:05,0.08971,0.08997,0.08926,0.08936,29236448,1788462599999,futures
1788462600000,2026-09-03T19:10:00.000Z,2026-09-04 03:10,0.08936,0.0895,0.08919,0.08922,12861362,1788462899999,futures
1788462900000,2026-09-03T19:15:00.000Z,2026-09-04 03:15,0.08921,0.08943,0.08913,0.08943,10003093,1788463199999,futures
1788463200000,2026-09-03T19:20:00.000Z,2026-09-04 03:20,0.08943,0.08961,0.08938,0.08955,12022753,1788463499999,futures
1788463500000,2026-09-03T19:25:00.000Z,2026-09-04 03:25,0.08954,0.08958,0.08942,0.08952,9230024,1788463799999,futures
1788463800000,2026-09-03T19:30:00.000Z,2026-09-04 03:30,0.08952,0.08957,0.08929,0.08941,17381718,1788464099999,futures
1788464100000,2026-09-03T19:35:00.000Z,2026-09-04 03:35,0.08941,0.08942,0.08924,0.08939,13598869,1788464399999,futures
1788464400000,2026-09-03T19:40:00.000Z,2026-09-04 03:40,0.08939,0.08944,0.08931,0.08935,6277643,1788464699999,futures
1788464700000,2026-09-03T19:45:00.000Z,2026-09-04 03:45,0.08935,0.08938,0.08901,0.08908,12104497,1788464999999,futures
1788465000000,2026-09-03T19:50:00.000Z,2026-09-04 03:50,0.08908,0.08921,0.089,0.08915,12607160,1788465299999,futures
1788465300000,2026-09-03T19:55:00.000Z,2026-09-04 03:55,0.08915,0.08935,0.08911,0.08929,15354414,1788465599999,futures
1788465600000,2026-09-03T20:00:00.000Z,2026-09-04 04:00,0.08929,0.08931,0.0888,0.08921,43631976,1788465899999,futures
1788465900000,2026-09-03T20:05:00.000Z,2026-09-04 04:05,0.08921,0.08933,0.08909,0.08928,9269939,1788466199999,futures
1788466200000,2026-09-03T20:10:00.000Z,2026-09-04 04:10,0.08927,0.08928,0.08884,0.08886,15258110,1788466499999,futures
1788466500000,2026-09-03T20:15:00.000Z,2026-09-04 04:15,0.08885,0.08903,0.08884,0.08888,13490390,1788466799999,futures
1788466800000,2026-09-03T20:20:00.000Z,2026-09-04 04:20,0.08889,0.08892,0.08856,0.08864,28674918,1788467099999,futures
1788467100000,2026-09-03T20:25:00.000Z,2026-09-04 04:25,0.08864,0.08896,0.08864,0.08888,11564976,1788467399999,futures
1788467400000,2026-09-03T20:30:00.000Z,2026-09-04 04:30,0.08888,0.08894,0.08865,0.08867,12714686,1788467699999,futures
1788467700000,2026-09-03T20:35:00.000Z,2026-09-04 04:35,0.08867,0.08886,0.08842,0.08881,24538016,1788467999999,futures
1788468000000,2026-09-03T20:40:00.000Z,2026-09-04 04:40,0.08881,0.08881,0.08866,0.08869,7728947,1788468299999,futures
1788468300000,2026-09-03T20:45:00.000Z,2026-09-04 04:45,0.08869,0.08885,0.08862,0.08881,10433902,1788468599999,futures
1788468600000,2026-09-03T20:50:00.000Z,2026-09-04 04:50,0.08881,0.08883,0.08865,0.08869,7481411,1788468899999,futures
1788468900000,2026-09-03T20:55:00.000Z,2026-09-04 04:55,0.08868,0.08876,0.08859,0.08861,14751232,1788469199999,futures
1788469200000,2026-09-03T21:00:00.000Z,2026-09-04 05:00,0.08861,0.08875,0.08852,0.08862,16926425,1788469499999,futures
1788469500000,2026-09-03T21:05:00.000Z,2026-09-04 05:05,0.08862,0.08869,0.08855,0.08867,8971383,1788469799999,futures
1788469800000,2026-09-03T21:10:00.000Z,2026-09-04 05:10,0.08866,0.08893,0.08864,0.08892,19667500,1788470099999,futures
1788470100000,2026-09-03T21:15:00.000Z,2026-09-04 05:15,0.08891,0.08898,0.08879,0.08884,14732986,1788470399999,futures
1788470400000,2026-09-03T21:20:00.000Z,2026-09-04 05:20,0.08885,0.08896,0.08867,0.08872,16796255,1788470699999,futures
1788470700000,2026-09-03T21:25:00.000Z,2026-09-04 05:25,0.08872,0.08884,0.08861,0.08884,12395034,1788470999999,futures
1788471000000,2026-09-03T21:30:00.000Z,2026-09-04 05:30,0.08885,0.08937,0.08885,0.08918,23100720,1788471299999,futures
1788471300000,2026-09-03T21:35:00.000Z,2026-09-04 05:35,0.08917,0.08917,0.08858,0.08867,22582671,1788471599999,futures
1788471600000,2026-09-03T21:40:00.000Z,2026-09-04 05:40,0.08867,0.08871,0.08838,0.08847,22058888,1788471899999,futures
1788471900000,2026-09-03T21:45:00.000Z,2026-09-04 05:45,0.08847,0.08865,0.08834,0.08861,20382261,1788472199999,futures
1788472200000,2026-09-03T21:50:00.000Z,2026-09-04 05:50,0.0886,0.08867,0.08852,0.08857,9842804,1788472499999,futures
1788472500000,2026-09-03T21:55:00.000Z,2026-09-04 05:55,0.08857,0.08857,0.08825,0.08826,14346827,1788472799999,futures
1788472800000,2026-09-03T22:00:00.000Z,2026-09-04 06:00,0.08825,0.08836,0.08781,0.08813,79980003,1788473099999,futures
1788473100000,2026-09-03T22:05:00.000Z,2026-09-04 06:05,0.08813,0.08818,0.08787,0.08796,14978919,1788473399999,futures
1788473400000,2026-09-03T22:10:00.000Z,2026-09-04 06:10,0.08796,0.08797,0.08764,0.08782,35321265,1788473699999,futures
1788473700000,2026-09-03T22:15:00.000Z,2026-09-04 06:15,0.08782,0.08805,0.08777,0.08779,26021528,1788473999999,futures
1788474000000,2026-09-03T22:20:00.000Z,2026-09-04 06:20,0.08778,0.08795,0.08773,0.08773,23339755,1788474299999,futures
1788474300000,2026-09-03T22:25:00.000Z,2026-09-04 06:25,0.08773,0.08773,0.08742,0.08748,27120013,1788474599999,futures
1788474600000,2026-09-03T22:30:00.000Z,2026-09-04 06:30,0.08748,0.08757,0.08707,0.08733,45545748,1788474899999,futures
1788474900000,2026-09-03T22:35:00.000Z,2026-09-04 06:35,0.08733,0.08759,0.08729,0.08738,17750992,1788475199999,futures
1788475200000,2026-09-03T22:40:00.000Z,2026-09-04 06:40,0.08738,0.08749,0.08735,0.08737,8751266,1788475499999,futures
1788475500000,2026-09-03T22:45:00.000Z,2026-09-04 06:45,0.08737,0.08755,0.08737,0.08746,9586691,1788475799999,futures
1788475800000,2026-09-03T22:50:00.000Z,2026-09-04 06:50,0.08745,0.08749,0.08737,0.08737,10886043,1788476099999,futures
1788476100000,2026-09-03T22:55:00.000Z,2026-09-04 06:55,0.08738,0.0875,0.08736,0.08743,6230728,1788476399999,futures
1788476400000,2026-09-03T23:00:00.000Z,2026-09-04 07:00,0.08742,0.08753,0.08739,0.08753,9595459,1788476699999,futures
1788476700000,2026-09-03T23:05:00.000Z,2026-09-04 07:05,0.08752,0.08772,0.08752,0.08758,19717481,1788476999999,futures
1788477000000,2026-09-03T23:10:00.000Z,2026-09-04 07:10,0.08758,0.08761,0.08746,0.08756,28675905,1788477299999,futures
1788477300000,2026-09-03T23:15:00.000Z,2026-09-04 07:15,0.08756,0.0877,0.08753,0.08766,16238836,1788477599999,futures
1788477600000,2026-09-03T23:20:00.000Z,2026-09-04 07:20,0.08765,0.08768,0.08747,0.08755,17807999,1788477899999,futures
1788477900000,2026-09-03T23:25:00.000Z,2026-09-04 07:25,0.08755,0.0878,0.08748,0.0878,12595116,1788478199999,futures
1788478200000,2026-09-03T23:30:00.000Z,2026-09-04 07:30,0.0878,0.08783,0.08767,0.08778,9348819,1788478499999,futures
1788478500000,2026-09-03T23:35:00.000Z,2026-09-04 07:35,0.08777,0.08794,0.08774,0.08793,9819559,1788478799999,futures
1788478800000,2026-09-03T23:40:00.000Z,2026-09-04 07:40,0.08792,0.08793,0.08768,0.08771,15859150,1788479099999,futures
1788479100000,2026-09-03T23:45:00.000Z,2026-09-04 07:45,0.0877,0.08786,0.08769,0.0878,9979198,1788479399999,futures
1788479400000,2026-09-03T23:50:00.000Z,2026-09-04 07:50,0.0878,0.08783,0.08771,0.08776,13592275,1788479699999,futures
1788479700000,2026-09-03T23:55:00.000Z,2026-09-04 07:55,0.08776,0.08782,0.08764,0.08779,13290362,1788479999999,futures
1788480000000,2026-09-04T00:00:00.000Z,2026-09-04 08:00,0.08778,0.08788,0.08756,0.08761,21998886,1788480299999,futures
1788480300000,2026-09-04T00:05:00.000Z,2026-09-04 08:05,0.08761,0.0877,0.08749,0.0877,18266648,1788480599999,futures
1788480600000,2026-09-04T00:10:00.000Z,2026-09-04 08:10,0.0877,0.08777,0.08763,0.08776,9568904,1788480899999,futures
1788480900000,2026-09-04T00:15:00.000Z,2026-09-04 08:15,0.08776,0.08795,0.08756,0.08761,28312646,1788481199999,futures
1788481200000,2026-09-04T00:20:00.000Z,2026-09-04 08:20,0.0876,0.08773,0.08749,0.08749,14053518,1788481499999,futures
1788481500000,2026-09-04T00:25:00.000Z,2026-09-04 08:25,0.0875,0.08752,0.08733,0.08733,20485060,1788481799999,futures
1788481800000,2026-09-04T00:30:00.000Z,2026-09-04 08:30,0.08732,0.0879,0.08728,0.08778,64303775,1788482099999,futures
1788482100000,2026-09-04T00:35:00.000Z,2026-09-04 08:35,0.08779,0.08807,0.08777,0.08804,20502613,1788482399999,futures
1788482400000,2026-09-04T00:40:00.000Z,2026-09-04 08:40,0.08804,0.08809,0.08751,0.08763,46629812,1788482699999,futures
1788482700000,2026-09-04T00:45:00.000Z,2026-09-04 08:45,0.08763,0.08763,0.08731,0.08732,15511134,1788482999999,futures
1788483000000,2026-09-04T00:50:00.000Z,2026-09-04 08:50,0.08732,0.08749,0.08717,0.08729,26017765,1788483299999,futures
1788483300000,2026-09-04T00:55:00.000Z,2026-09-04 08:55,0.08729,0.0873,0.08699,0.08705,30625486,1788483599999,futures
1788483600000,2026-09-04T01:00:00.000Z,2026-09-04 09:00,0.08705,0.08749,0.08696,0.08699,57861320,1788483899999,futures
1788483900000,2026-09-04T01:05:00.000Z,2026-09-04 09:05,0.08698,0.08733,0.08689,0.08727,18614200,1788484199999,futures
1788484200000,2026-09-04T01:10:00.000Z,2026-09-04 09:10,0.08727,0.0874,0.08715,0.08716,15834097,1788484499999,futures
1788484500000,2026-09-04T01:15:00.000Z,2026-09-04 09:15,0.08715,0.08719,0.08706,0.08708,11649966,1788484799999,futures
1788484800000,2026-09-04T01:20:00.000Z,2026-09-04 09:20,0.08708,0.08738,0.08693,0.08694,34933951,1788485099999,futures
1788485100000,2026-09-04T01:25:00.000Z,2026-09-04 09:25,0.08695,0.08707,0.08684,0.08693,23416656,1788485399999,futures
1788485400000,2026-09-04T01:30:00.000Z,2026-09-04 09:30,0.08693,0.08711,0.08677,0.08682,21753318,1788485699999,futures
1788485700000,2026-09-04T01:35:00.000Z,2026-09-04 09:35,0.08682,0.087,0.0868,0.08689,13844563,1788485999999,futures
1788486000000,2026-09-04T01:40:00.000Z,2026-09-04 09:40,0.0869,0.08694,0.08678,0.0869,10744983,1788486299999,futures
1788486300000,2026-09-04T01:45:00.000Z,2026-09-04 09:45,0.0869,0.08705,0.08685,0.08697,11086851,1788486599999,futures
1788486600000,2026-09-04T01:50:00.000Z,2026-09-04 09:50,0.08698,0.08716,0.08697,0.08715,13300831,1788486899999,futures
1788486900000,2026-09-04T01:55:00.000Z,2026-09-04 09:55,0.08716,0.08728,0.0871,0.08713,13323866,1788487199999,futures
1788487200000,2026-09-04T02:00:00.000Z,2026-09-04 10:00,0.08714,0.08715,0.08688,0.08689,12564241,1788487499999,futures
1788487500000,2026-09-04T02:05:00.000Z,2026-09-04 10:05,0.08688,0.087,0.08678,0.08684,11681775,1788487799999,futures
1788487800000,2026-09-04T02:10:00.000Z,2026-09-04 10:10,0.08684,0.08697,0.0868,0.08696,11285571,1788488099999,futures
1788488100000,2026-09-04T02:15:00.000Z,2026-09-04 10:15,0.08697,0.0871,0.08685,0.0869,8222611,1788488399999,futures
1788488400000,2026-09-04T02:20:00.000Z,2026-09-04 10:20,0.08691,0.08691,0.08645,0.08662,70796372,1788488699999,futures
1788488700000,2026-09-04T02:25:00.000Z,2026-09-04 10:25,0.08663,0.08677,0.08662,0.08667,12436878,1788488999999,futures
1788489000000,2026-09-04T02:30:00.000Z,2026-09-04 10:30,0.08668,0.0869,0.08668,0.08683,12468011,1788489299999,futures
1788489300000,2026-09-04T02:35:00.000Z,2026-09-04 10:35,0.08682,0.08697,0.08674,0.08697,9506314,1788489599999,futures
1788489600000,2026-09-04T02:40:00.000Z,2026-09-04 10:40,0.08697,0.08699,0.08687,0.08687,11999558,1788489899999,futures
1788489900000,2026-09-04T02:45:00.000Z,2026-09-04 10:45,0.08687,0.08695,0.08683,0.08693,7476915,1788490199999,futures
1788490200000,2026-09-04T02:50:00.000Z,2026-09-04 10:50,0.08693,0.08717,0.08692,0.08716,8470172,1788490499999,futures
1788490500000,2026-09-04T02:55:00.000Z,2026-09-04 10:55,0.08715,0.08726,0.08712,0.08725,10612069,1788490799999,futures
1788490800000,2026-09-04T03:00:00.000Z,2026-09-04 11:00,0.08725,0.08738,0.08724,0.08729,17312255,1788491099999,futures
1788491100000,2026-09-04T03:05:00.000Z,2026-09-04 11:05,0.0873,0.08748,0.0873,0.08741,24394233,1788491399999,futures
1788491400000,2026-09-04T03:10:00.000Z,2026-09-04 11:10,0.0874,0.08741,0.08722,0.08734,17309734,1788491699999,futures
1788491700000,2026-09-04T03:15:00.000Z,2026-09-04 11:15,0.08734,0.08735,0.08723,0.08726,8367832,1788491999999,futures
1788492000000,2026-09-04T03:20:00.000Z,2026-09-04 11:20,0.08726,0.08735,0.08724,0.0873,8299906,1788492299999,futures
1788492300000,2026-09-04T03:25:00.000Z,2026-09-04 11:25,0.08729,0.08729,0.08716,0.08719,7204032,1788492599999,futures
1788492600000,2026-09-04T03:30:00.000Z,2026-09-04 11:30,0.0872,0.08729,0.08715,0.08719,6595226,1788492899999,futures
1788492900000,2026-09-04T03:35:00.000Z,2026-09-04 11:35,0.08718,0.08731,0.08717,0.08727,6453993,1788493199999,futures
1788493200000,2026-09-04T03:40:00.000Z,2026-09-04 11:40,0.08727,0.08728,0.0872,0.08727,4609151,1788493499999,futures
1788493500000,2026-09-04T03:45:00.000Z,2026-09-04 11:45,0.08728,0.08728,0.08719,0.08724,6112695,1788493799999,futures
1788493800000,2026-09-04T03:50:00.000Z,2026-09-04 11:50,0.08724,0.08727,0.0872,0.08723,4510245,1788494099999,futures
1788494100000,2026-09-04T03:55:00.000Z,2026-09-04 11:55,0.08724,0.08726,0.08712,0.08712,3809422,1788494399999,futures
1788494400000,2026-09-04T04:00:00.000Z,2026-09-04 12:00,0.08713,0.08716,0.08706,0.08711,6677418,1788494699999,futures
1788494700000,2026-09-04T04:05:00.000Z,2026-09-04 12:05,0.0871,0.08713,0.08702,0.08706,8712724,1788494999999,futures
1788495000000,2026-09-04T04:10:00.000Z,2026-09-04 12:10,0.08707,0.08719,0.087,0.08717,17368415,1788495299999,futures
1788495300000,2026-09-04T04:15:00.000Z,2026-09-04 12:15,0.08718,0.08735,0.08716,0.08728,19727840,1788495599999,futures
1788495600000,2026-09-04T04:20:00.000Z,2026-09-04 12:20,0.08728,0.08738,0.08725,0.08736,16073918,1788495899999,futures
1788495900000,2026-09-04T04:25:00.000Z,2026-09-04 12:25,0.08735,0.08752,0.08721,0.08751,28033486,1788496199999,futures
1788496200000,2026-09-04T04:30:00.000Z,2026-09-04 12:30,0.08752,0.08755,0.08737,0.08751,22314752,1788496499999,futures
1788496500000,2026-09-04T04:35:00.000Z,2026-09-04 12:35,0.0875,0.0875,0.08729,0.08732,9188896,1788496799999,futures
1788496800000,2026-09-04T04:40:00.000Z,2026-09-04 12:40,0.08732,0.08732,0.08711,0.08714,6603386,1788497099999,futures
1788497100000,2026-09-04T04:45:00.000Z,2026-09-04 12:45,0.08714,0.08719,0.08712,0.08714,12051081,1788497399999,futures
1788497400000,2026-09-04T04:50:00.000Z,2026-09-04 12:50,0.08714,0.08721,0.08711,0.08719,5783740,1788497699999,futures
1788497700000,2026-09-04T04:55:00.000Z,2026-09-04 12:55,0.08719,0.08725,0.08717,0.08723,14299522,1788497999999,futures
1788498000000,2026-09-04T05:00:00.000Z,2026-09-04 13:00,0.08723,0.08723,0.08701,0.08702,18892914,1788498299999,futures
1788498300000,2026-09-04T05:05:00.000Z,2026-09-04 13:05,0.08702,0.08726,0.087,0.08718,9666623,1788498599999,futures
1788498600000,2026-09-04T05:10:00.000Z,2026-09-04 13:10,0.08719,0.08727,0.08703,0.08704,11042476,1788498899999,futures
1788498900000,2026-09-04T05:15:00.000Z,2026-09-04 13:15,0.08705,0.08726,0.087,0.08722,11671632,1788499199999,futures
1788499200000,2026-09-04T05:20:00.000Z,2026-09-04 13:20,0.08722,0.0873,0.08713,0.08729,8354209,1788499499999,futures
1788499500000,2026-09-04T05:25:00.000Z,2026-09-04 13:25,0.0873,0.08734,0.08696,0.08697,21067014,1788499799999,futures
1788499800000,2026-09-04T05:30:00.000Z,2026-09-04 13:30,0.08697,0.08698,0.08677,0.08688,20960081,1788500099999,futures
1788500100000,2026-09-04T05:35:00.000Z,2026-09-04 13:35,0.08688,0.08702,0.08684,0.08685,25562487,1788500399999,futures
1788500400000,2026-09-04T05:40:00.000Z,2026-09-04 13:40,0.08686,0.08706,0.08683,0.08706,13697757,1788500699999,futures
1788500700000,2026-09-04T05:45:00.000Z,2026-09-04 13:45,0.08706,0.08719,0.0866,0.08664,23813822,1788500999999,futures
1788501000000,2026-09-04T05:50:00.000Z,2026-09-04 13:50,0.08664,0.08672,0.08657,0.08671,14781576,1788501299999,futures
1788501300000,2026-09-04T05:55:00.000Z,2026-09-04 13:55,0.0867,0.087,0.08669,0.08692,10465007,1788501599999,futures
1788501600000,2026-09-04T06:00:00.000Z,2026-09-04 14:00,0.08692,0.08692,0.08681,0.08685,9019883,1788501899999,futures
1788501900000,2026-09-04T06:05:00.000Z,2026-09-04 14:05,0.08684,0.08699,0.08682,0.08699,8021670,1788502199999,futures
1788502200000,2026-09-04T06:10:00.000Z,2026-09-04 14:10,0.08699,0.08716,0.08699,0.08704,9167120,1788502499999,futures
1788502500000,2026-09-04T06:15:00.000Z,2026-09-04 14:15,0.08704,0.08705,0.08693,0.08696,3798968,1788502799999,futures
1788502800000,2026-09-04T06:20:00.000Z,2026-09-04 14:20,0.08695,0.08695,0.08674,0.08674,6006375,1788503099999,futures
1788503100000,2026-09-04T06:25:00.000Z,2026-09-04 14:25,0.08674,0.0868,0.08661,0.08666,15954981,1788503399999,futures
1788503400000,2026-09-04T06:30:00.000Z,2026-09-04 14:30,0.08665,0.08668,0.0865,0.08662,18093405,1788503699999,futures
1788503700000,2026-09-04T06:35:00.000Z,2026-09-04 14:35,0.08662,0.08691,0.08652,0.08685,18844778,1788503999999,futures
1788504000000,2026-09-04T06:40:00.000Z,2026-09-04 14:40,0.08685,0.08697,0.08685,0.08692,7265611,1788504299999,futures
1788504300000,2026-09-04T06:45:00.000Z,2026-09-04 14:45,0.08693,0.08695,0.08687,0.08689,4331643,1788504599999,futures
1788504600000,2026-09-04T06:50:00.000Z,2026-09-04 14:50,0.0869,0.08693,0.08681,0.08693,8678737,1788504899999,futures
1788504900000,2026-09-04T06:55:00.000Z,2026-09-04 14:55,0.08693,0.08712,0.0869,0.08704,24212381,1788505199999,futures
1788505200000,2026-09-04T07:00:00.000Z,2026-09-04 15:00,0.08704,0.08731,0.08702,0.08731,21869429,1788505499999,futures
1788505500000,2026-09-04T07:05:00.000Z,2026-09-04 15:05,0.08731,0.08735,0.08709,0.08722,34591143,1788505799999,futures
1788505800000,2026-09-04T07:10:00.000Z,2026-09-04 15:10,0.08722,0.08752,0.08722,0.0874,31290376,1788506099999,futures
1788506100000,2026-09-04T07:15:00.000Z,2026-09-04 15:15,0.0874,0.0874,0.08716,0.08728,15234561,1788506399999,futures
1788506400000,2026-09-04T07:20:00.000Z,2026-09-04 15:20,0.08729,0.08734,0.08716,0.0872,7492999,1788506699999,futures
1788506700000,2026-09-04T07:25:00.000Z,2026-09-04 15:25,0.0872,0.08722,0.08713,0.08717,5367519,1788506999999,futures
1788507000000,2026-09-04T07:30:00.000Z,2026-09-04 15:30,0.08718,0.08733,0.08712,0.08726,14866324,1788507299999,futures
1788507300000,2026-09-04T07:35:00.000Z,2026-09-04 15:35,0.08726,0.08726,0.08705,0.08716,11739599,1788507599999,futures
1788507600000,2026-09-04T07:40:00.000Z,2026-09-04 15:40,0.08716,0.08726,0.08714,0.08725,15060939,1788507899999,futures
1788507900000,2026-09-04T07:45:00.000Z,2026-09-04 15:45,0.08725,0.08727,0.08706,0.08709,21501659,1788508199999,futures
1788508200000,2026-09-04T07:50:00.000Z,2026-09-04 15:50,0.08709,0.08719,0.087,0.087,16509342,1788508499999,futures
1788508500000,2026-09-04T07:55:00.000Z,2026-09-04 15:55,0.087,0.08713,0.08696,0.08698,22328155,1788508799999,futures
1788508800000,2026-09-04T08:00:00.000Z,2026-09-04 16:00,0.08699,0.08705,0.08687,0.08689,17471529,1788509099999,futures
1788509100000,2026-09-04T08:05:00.000Z,2026-09-04 16:05,0.0869,0.08713,0.08672,0.087,22549645,1788509399999,futures
1788509400000,2026-09-04T08:10:00.000Z,2026-09-04 16:10,0.087,0.08713,0.087,0.08712,30820176,1788509699999,futures
1788509700000,2026-09-04T08:15:00.000Z,2026-09-04 16:15,0.08712,0.08723,0.08705,0.08711,16888027,1788509999999,futures
1788510000000,2026-09-04T08:20:00.000Z,2026-09-04 16:20,0.08711,0.08712,0.08702,0.08707,6909940,1788510299999,futures
1788510300000,2026-09-04T08:25:00.000Z,2026-09-04 16:25,0.08707,0.08723,0.08704,0.08719,21836092,1788510599999,futures
1788510600000,2026-09-04T08:30:00.000Z,2026-09-04 16:30,0.08719,0.08721,0.08703,0.08717,12015911,1788510899999,futures
1788510900000,2026-09-04T08:35:00.000Z,2026-09-04 16:35,0.08718,0.08723,0.08713,0.08718,9569057,1788511199999,futures
1788511200000,2026-09-04T08:40:00.000Z,2026-09-04 16:40,0.08717,0.08725,0.08709,0.08712,5787709,1788511499999,futures
1788511500000,2026-09-04T08:45:00.000Z,2026-09-04 16:45,0.08712,0.0874,0.08701,0.0873,34898394,1788511799999,futures
1788511800000,2026-09-04T08:50:00.000Z,2026-09-04 16:50,0.08731,0.08759,0.08728,0.08751,30033136,1788512099999,futures
1788512100000,2026-09-04T08:55:00.000Z,2026-09-04 16:55,0.0875,0.08765,0.08743,0.08762,25694045,1788512399999,futures
1788512400000,2026-09-04T09:00:00.000Z,2026-09-04 17:00,0.08763,0.08782,0.0875,0.08775,34228881,1788512699999,futures
1788512700000,2026-09-04T09:05:00.000Z,2026-09-04 17:05,0.08776,0.08782,0.08761,0.08765,17458123,1788512999999,futures
1788513000000,2026-09-04T09:10:00.000Z,2026-09-04 17:10,0.08765,0.08786,0.08763,0.08772,15760363,1788513299999,futures
1788513300000,2026-09-04T09:15:00.000Z,2026-09-04 17:15,0.08771,0.08831,0.0877,0.08811,63446794,1788513599999,futures
1788513600000,2026-09-04T09:20:00.000Z,2026-09-04 17:20,0.08811,0.08817,0.08751,0.08752,40103472,1788513899999,futures
1788513900000,2026-09-04T09:25:00.000Z,2026-09-04 17:25,0.08752,0.08764,0.08743,0.08753,20370177,1788514199999,futures
1788514200000,2026-09-04T09:30:00.000Z,2026-09-04 17:30,0.08753,0.08793,0.08745,0.08779,31744919,1788514499999,futures
1788514500000,2026-09-04T09:35:00.000Z,2026-09-04 17:35,0.0878,0.08818,0.08772,0.08795,30164724,1788514799999,futures
1788514800000,2026-09-04T09:40:00.000Z,2026-09-04 17:40,0.08795,0.088,0.08777,0.08779,11051883,1788515099999,futures
1788515100000,2026-09-04T09:45:00.000Z,2026-09-04 17:45,0.0878,0.08787,0.08766,0.08775,10165517,1788515399999,futures
1788515400000,2026-09-04T09:50:00.000Z,2026-09-04 17:50,0.08774,0.08786,0.08755,0.08783,24710377,1788515699999,futures
1788515700000,2026-09-04T09:55:00.000Z,2026-09-04 17:55,0.08783,0.08797,0.08766,0.08766,9878138,1788515999999,futures
1788516000000,2026-09-04T10:00:00.000Z,2026-09-04 18:00,0.08766,0.08775,0.0875,0.08774,12462814,1788516299999,futures
1788516300000,2026-09-04T10:05:00.000Z,2026-09-04 18:05,0.08775,0.08775,0.08739,0.08741,23485793,1788516599999,futures
1788516600000,2026-09-04T10:10:00.000Z,2026-09-04 18:10,0.08741,0.08755,0.08731,0.08744,14289005,1788516899999,futures
1788516900000,2026-09-04T10:15:00.000Z,2026-09-04 18:15,0.08745,0.08748,0.08715,0.08725,27005276,1788517199999,futures
1788517200000,2026-09-04T10:20:00.000Z,2026-09-04 18:20,0.08726,0.08735,0.08725,0.08732,8282007,1788517499999,futures
1788517500000,2026-09-04T10:25:00.000Z,2026-09-04 18:25,0.08731,0.08745,0.08726,0.08741,10190779,1788517799999,futures
1788517800000,2026-09-04T10:30:00.000Z,2026-09-04 18:30,0.08741,0.08758,0.08737,0.08749,10241104,1788518099999,futures
1788518100000,2026-09-04T10:35:00.000Z,2026-09-04 18:35,0.08749,0.08766,0.08746,0.08766,8409807,1788518399999,futures
1788518400000,2026-09-04T10:40:00.000Z,2026-09-04 18:40,0.08766,0.0877,0.0875,0.08758,9706127,1788518699999,futures
1788518700000,2026-09-04T10:45:00.000Z,2026-09-04 18:45,0.08758,0.08767,0.08753,0.08762,8991847,1788518999999,futures
1788519000000,2026-09-04T10:50:00.000Z,2026-09-04 18:50,0.08763,0.08765,0.08751,0.08763,6351995,1788519299999,futures
1788519300000,2026-09-04T10:55:00.000Z,2026-09-04 18:55,0.08763,0.08768,0.08762,0.08766,4305405,1788519599999,futures
1788519600000,2026-09-04T11:00:00.000Z,2026-09-04 19:00,0.08766,0.08767,0.08752,0.08766,10990429,1788519899999,futures
1788519900000,2026-09-04T11:05:00.000Z,2026-09-04 19:05,0.08766,0.08784,0.08765,0.08774,21307285,1788520199999,futures
1788520200000,2026-09-04T11:10:00.000Z,2026-09-04 19:10,0.08773,0.08779,0.08767,0.08774,7988808,1788520499999,futures
1788520500000,2026-09-04T11:15:00.000Z,2026-09-04 19:15,0.08773,0.08788,0.08769,0.08783,15595195,1788520799999,futures
1788520800000,2026-09-04T11:20:00.000Z,2026-09-04 19:20,0.08784,0.0879,0.0877,0.08785,23752666,1788521099999,futures
1788521100000,2026-09-04T11:25:00.000Z,2026-09-04 19:25,0.08784,0.08798,0.08782,0.0879,16134608,1788521399999,futures
1788521400000,2026-09-04T11:30:00.000Z,2026-09-04 19:30,0.0879,0.08791,0.0878,0.08781,7601325,1788521699999,futures
1788521700000,2026-09-04T11:35:00.000Z,2026-09-04 19:35,0.08781,0.08796,0.08781,0.08788,14678824,1788521999999,futures
1788522000000,2026-09-04T11:40:00.000Z,2026-09-04 19:40,0.08789,0.0879,0.08774,0.08777,7534834,1788522299999,futures
1788522300000,2026-09-04T11:45:00.000Z,2026-09-04 19:45,0.08777,0.08786,0.08772,0.08784,12886313,1788522599999,futures
1788522600000,2026-09-04T11:50:00.000Z,2026-09-04 19:50,0.08784,0.08787,0.08769,0.08777,5899609,1788522899999,futures
1788522900000,2026-09-04T11:55:00.000Z,2026-09-04 19:55,0.08777,0.0878,0.08765,0.08771,9278298,1788523199999,futures
1788523200000,2026-09-04T12:00:00.000Z,2026-09-04 20:00,0.08772,0.08779,0.08756,0.08768,14487557,1788523499999,futures
1788523500000,2026-09-04T12:05:00.000Z,2026-09-04 20:05,0.08768,0.08795,0.08762,0.08789,11076963,1788523799999,futures
1788523800000,2026-09-04T12:10:00.000Z,2026-09-04 20:10,0.0879,0.08791,0.08775,0.08784,9241673,1788524099999,futures
1788524100000,2026-09-04T12:15:00.000Z,2026-09-04 20:15,0.08785,0.08785,0.08757,0.08767,18749600,1788524399999,futures
1788524400000,2026-09-04T12:20:00.000Z,2026-09-04 20:20,0.08767,0.08772,0.08757,0.08768,7923007,1788524699999,futures
1788524700000,2026-09-04T12:25:00.000Z,2026-09-04 20:25,0.08769,0.08802,0.08767,0.08793,30508837,1788524999999,futures
1788525000000,2026-09-04T12:30:00.000Z,2026-09-04 20:30,0.08792,0.08792,0.0842,0.08527,737116318,1788525299999,futures
1788525300000,2026-09-04T12:35:00.000Z,2026-09-04 20:35,0.08527,0.08561,0.08468,0.08559,129000865,1788525599999,futures
1788525600000,2026-09-04T12:40:00.000Z,2026-09-04 20:40,0.08559,0.08579,0.08507,0.08512,77789511,1788525899999,futures
1788525900000,2026-09-04T12:45:00.000Z,2026-09-04 20:45,0.08511,0.08518,0.08423,0.08499,169968973,1788526199999,futures
1788526200000,2026-09-04T12:50:00.000Z,2026-09-04 20:50,0.08499,0.08531,0.08474,0.08526,75403758,1788526499999,futures
1788526500000,2026-09-04T12:55:00.000Z,2026-09-04 20:55,0.08527,0.08527,0.0847,0.08499,49299283,1788526799999,futures
1788526800000,2026-09-04T13:00:00.000Z,2026-09-04 21:00,0.08498,0.08518,0.0848,0.08495,38804494,1788527099999,futures
1788527100000,2026-09-04T13:05:00.000Z,2026-09-04 21:05,0.08496,0.08506,0.08468,0.08483,36850315,1788527399999,futures
1788527400000,2026-09-04T13:10:00.000Z,2026-09-04 21:10,0.08484,0.08489,0.08461,0.0847,32857106,1788527699999,futures
1788527700000,2026-09-04T13:15:00.000Z,2026-09-04 21:15,0.08469,0.08507,0.08467,0.08499,30273346,1788527999999,futures
1788528000000,2026-09-04T13:20:00.000Z,2026-09-04 21:20,0.08499,0.0852,0.08499,0.08515,34582481,1788528299999,futures
1788528300000,2026-09-04T13:25:00.000Z,2026-09-04 21:25,0.08515,0.08523,0.08496,0.08504,19726887,1788528599999,futures
1788528600000,2026-09-04T13:30:00.000Z,2026-09-04 21:30,0.08504,0.08539,0.08499,0.0851,45185288,1788528899999,futures
1788528900000,2026-09-04T13:35:00.000Z,2026-09-04 21:35,0.0851,0.08525,0.08474,0.08513,53030241,1788529199999,futures
1788529200000,2026-09-04T13:40:00.000Z,2026-09-04 21:40,0.08514,0.08525,0.08499,0.08517,28475405,1788529499999,futures
1788529500000,2026-09-04T13:45:00.000Z,2026-09-04 21:45,0.08517,0.08586,0.0851,0.08564,57450892,1788529799999,futures
1788529800000,2026-09-04T13:50:00.000Z,2026-09-04 21:50,0.08564,0.08564,0.08505,0.08512,27710302,1788530099999,futures
1788530100000,2026-09-04T13:55:00.000Z,2026-09-04 21:55,0.08513,0.08543,0.08511,0.08519,20998222,1788530399999,futures
1788530400000,2026-09-04T14:00:00.000Z,2026-09-04 22:00,0.0852,0.08539,0.08513,0.08527,16651107,1788530699999,futures
1788530700000,2026-09-04T14:05:00.000Z,2026-09-04 22:05,0.08527,0.08532,0.08498,0.085,21733436,1788530999999,futures
1788531000000,2026-09-04T14:10:00.000Z,2026-09-04 22:10,0.085,0.08513,0.08486,0.08505,21706490,1788531299999,futures
1788531300000,2026-09-04T14:15:00.000Z,2026-09-04 22:15,0.08506,0.08518,0.08481,0.08481,12628724,1788531599999,futures
1788531600000,2026-09-04T14:20:00.000Z,2026-09-04 22:20,0.08481,0.08495,0.08454,0.08489,51579419,1788531899999,futures
1788531900000,2026-09-04T14:25:00.000Z,2026-09-04 22:25,0.0849,0.08514,0.0849,0.085,10631330,1788532199999,futures
1788532200000,2026-09-04T14:30:00.000Z,2026-09-04 22:30,0.085,0.08503,0.08467,0.08474,20402061,1788532499999,futures
1788532500000,2026-09-04T14:35:00.000Z,2026-09-04 22:35,0.08474,0.08497,0.0844,0.08462,36499288,1788532799999,futures
1788532800000,2026-09-04T14:40:00.000Z,2026-09-04 22:40,0.08462,0.08468,0.08407,0.08432,52977435,1788533099999,futures
1788533100000,2026-09-04T14:45:00.000Z,2026-09-04 22:45,0.08433,0.0845,0.08378,0.08383,75584860,1788533399999,futures
1788533400000,2026-09-04T14:50:00.000Z,2026-09-04 22:50,0.08382,0.08417,0.08373,0.08406,42411027,1788533699999,futures
1788533700000,2026-09-04T14:55:00.000Z,2026-09-04 22:55,0.08407,0.08428,0.08407,0.08416,17656455,1788533999999,futures
1788534000000,2026-09-04T15:00:00.000Z,2026-09-04 23:00,0.08415,0.08434,0.08397,0.0843,18837881,1788534299999,futures
1788534300000,2026-09-04T15:05:00.000Z,2026-09-04 23:05,0.08429,0.08441,0.08421,0.0844,18271664,1788534599999,futures
1788534600000,2026-09-04T15:10:00.000Z,2026-09-04 23:10,0.08441,0.08441,0.08425,0.08437,13626852,1788534899999,futures
1788534900000,2026-09-04T15:15:00.000Z,2026-09-04 23:15,0.08437,0.08445,0.08434,0.08434,13631558,1788535199999,futures
1788535200000,2026-09-04T15:20:00.000Z,2026-09-04 23:20,0.08435,0.0845,0.08434,0.08449,13795136,1788535499999,futures
1788535500000,2026-09-04T15:25:00.000Z,2026-09-04 23:25,0.0845,0.08462,0.08439,0.08449,21350072,1788535799999,futures
1788535800000,2026-09-04T15:30:00.000Z,2026-09-04 23:30,0.0845,0.08453,0.0843,0.08433,17132548,1788536099999,futures
1788536100000,2026-09-04T15:35:00.000Z,2026-09-04 23:35,0.08433,0.08454,0.08431,0.08452,22937269,1788536399999,futures
1788536400000,2026-09-04T15:40:00.000Z,2026-09-04 23:40,0.08452,0.08463,0.08451,0.08458,16744211,1788536699999,futures
1788536700000,2026-09-04T15:45:00.000Z,2026-09-04 23:45,0.08458,0.08462,0.08434,0.08434,24362529,1788536999999,futures
1788537000000,2026-09-04T15:50:00.000Z,2026-09-04 23:50,0.08434,0.08444,0.0843,0.08439,10510562,1788537299999,futures
1788537300000,2026-09-04T15:55:00.000Z,2026-09-04 23:55,0.08439,0.08446,0.08433,0.08436,9542885,1788537599999,futures
1788537600000,2026-09-04T16:00:00.000Z,2026-09-05 00:00,0.08435,0.0844,0.08424,0.08428,15865203,1788537899999,futures
1788537900000,2026-09-04T16:05:00.000Z,2026-09-05 00:05,0.08428,0.08455,0.08428,0.08451,13241397,1788538199999,futures
1788538200000,2026-09-04T16:10:00.000Z,2026-09-05 00:10,0.08451,0.0846,0.08447,0.08448,13285393,1788538499999,futures
1788538500000,2026-09-04T16:15:00.000Z,2026-09-05 00:15,0.08448,0.08463,0.08447,0.08449,10896619,1788538799999,futures
1788538800000,2026-09-04T16:20:00.000Z,2026-09-05 00:20,0.08449,0.08454,0.08446,0.0845,5090631,1788539099999,futures
1788539100000,2026-09-04T16:25:00.000Z,2026-09-05 00:25,0.08449,0.08459,0.08448,0.08455,9243819,1788539399999,futures
1788539400000,2026-09-04T16:30:00.000Z,2026-09-05 00:30,0.08455,0.08485,0.08437,0.08468,51566109,1788539699999,futures
1788539700000,2026-09-04T16:35:00.000Z,2026-09-05 00:35,0.08468,0.08475,0.08462,0.08464,10984003,1788539999999,futures
1788540000000,2026-09-04T16:40:00.000Z,2026-09-05 00:40,0.08463,0.08473,0.08461,0.0847,6133370,1788540299999,futures
1788540300000,2026-09-04T16:45:00.000Z,2026-09-05 00:45,0.0847,0.08478,0.08461,0.0847,15342894,1788540599999,futures
1788540600000,2026-09-04T16:50:00.000Z,2026-09-05 00:50,0.0847,0.08483,0.08469,0.08471,15300961,1788540899999,futures
1788540900000,2026-09-04T16:55:00.000Z,2026-09-05 00:55,0.0847,0.08473,0.08459,0.0846,10245702,1788541199999,futures
1788541200000,2026-09-04T17:00:00.000Z,2026-09-05 01:00,0.0846,0.08462,0.08439,0.08451,22863240,1788541499999,futures
1788541500000,2026-09-04T17:05:00.000Z,2026-09-05 01:05,0.08451,0.08461,0.08447,0.08455,11499223,1788541799999,futures
1788541800000,2026-09-04T17:10:00.000Z,2026-09-05 01:10,0.08455,0.08457,0.08436,0.08436,34000124,1788542099999,futures
1788542100000,2026-09-04T17:15:00.000Z,2026-09-05 01:15,0.08437,0.08441,0.08428,0.08436,14162938,1788542399999,futures
1788542400000,2026-09-04T17:20:00.000Z,2026-09-05 01:20,0.08437,0.08443,0.08431,0.08439,6077441,1788542699999,futures
1788542700000,2026-09-04T17:25:00.000Z,2026-09-05 01:25,0.08438,0.08445,0.0843,0.08431,10350921,1788542999999,futures
1788543000000,2026-09-04T17:30:00.000Z,2026-09-05 01:30,0.0843,0.0844,0.0843,0.08435,7329505,1788543299999,futures
1788543300000,2026-09-04T17:35:00.000Z,2026-09-05 01:35,0.08436,0.08436,0.08416,0.08422,22010192,1788543599999,futures
1788543600000,2026-09-04T17:40:00.000Z,2026-09-05 01:40,0.08422,0.08424,0.08405,0.08416,10057083,1788543899999,futures
1788543900000,2026-09-04T17:45:00.000Z,2026-09-05 01:45,0.08416,0.08418,0.08406,0.08413,6882657,1788544199999,futures
1788544200000,2026-09-04T17:50:00.000Z,2026-09-05 01:50,0.08412,0.08413,0.08396,0.0841,21100174,1788544499999,futures
1788544500000,2026-09-04T17:55:00.000Z,2026-09-05 01:55,0.08411,0.08413,0.08404,0.08407,4588378,1788544799999,futures
1788544800000,2026-09-04T18:00:00.000Z,2026-09-05 02:00,0.08407,0.08431,0.08407,0.08426,10884853,1788545099999,futures
1788545100000,2026-09-04T18:05:00.000Z,2026-09-05 02:05,0.08427,0.08439,0.0842,0.08428,13815519,1788545399999,futures
1788545400000,2026-09-04T18:10:00.000Z,2026-09-05 02:10,0.08428,0.08428,0.08418,0.0842,5108422,1788545699999,futures
1788545700000,2026-09-04T18:15:00.000Z,2026-09-05 02:15,0.0842,0.08432,0.08419,0.08432,4643817,1788545999999,futures
1788546000000,2026-09-04T18:20:00.000Z,2026-09-05 02:20,0.08431,0.08437,0.08431,0.08435,3197180,1788546299999,futures
1788546300000,2026-09-04T18:25:00.000Z,2026-09-05 02:25,0.08434,0.08438,0.08426,0.08429,5724958,1788546599999,futures
1788546600000,2026-09-04T18:30:00.000Z,2026-09-05 02:30,0.0843,0.0845,0.0843,0.08447,13861752,1788546899999,futures
1788546900000,2026-09-04T18:35:00.000Z,2026-09-05 02:35,0.08446,0.08448,0.08442,0.08448,5324349,1788547199999,futures
1788547200000,2026-09-04T18:40:00.000Z,2026-09-05 02:40,0.08447,0.08461,0.08447,0.0846,7813396,1788547499999,futures
1788547500000,2026-09-04T18:45:00.000Z,2026-09-05 02:45,0.08461,0.08461,0.08454,0.08455,5486752,1788547799999,futures
1788547800000,2026-09-04T18:50:00.000Z,2026-09-05 02:50,0.08454,0.08464,0.08453,0.08463,6564380,1788548099999,futures
1788548100000,2026-09-04T18:55:00.000Z,2026-09-05 02:55,0.08464,0.0847,0.08459,0.08466,8949530,1788548399999,futures
1788548400000,2026-09-04T19:00:00.000Z,2026-09-05 03:00,0.08466,0.08474,0.08463,0.08469,10414463,1788548699999,futures
1788548700000,2026-09-04T19:05:00.000Z,2026-09-05 03:05,0.08469,0.08475,0.08467,0.08472,8601666,1788548999999,futures
1788549000000,2026-09-04T19:10:00.000Z,2026-09-05 03:10,0.08472,0.08473,0.08459,0.08471,14355084,1788549299999,futures
1788549300000,2026-09-04T19:15:00.000Z,2026-09-05 03:15,0.08472,0.08489,0.08468,0.08486,11526543,1788549599999,futures
1788549600000,2026-09-04T19:20:00.000Z,2026-09-05 03:20,0.08486,0.08498,0.08484,0.08497,12652894,1788549899999,futures
1788549900000,2026-09-04T19:25:00.000Z,2026-09-05 03:25,0.08498,0.08499,0.08487,0.0849,11738396,1788550199999,futures
1788550200000,2026-09-04T19:30:00.000Z,2026-09-05 03:30,0.0849,0.0849,0.08471,0.08478,12018826,1788550499999,futures
1788550500000,2026-09-04T19:35:00.000Z,2026-09-05 03:35,0.08478,0.08478,0.08443,0.08452,39266096,1788550799999,futures
1788550800000,2026-09-04T19:40:00.000Z,2026-09-05 03:40,0.08452,0.08464,0.08452,0.08463,8720306,1788551099999,futures
1788551100000,2026-09-04T19:45:00.000Z,2026-09-05 03:45,0.08463,0.08478,0.08458,0.08474,8934336,1788551399999,futures
1788551400000,2026-09-04T19:50:00.000Z,2026-09-05 03:50,0.08475,0.0848,0.08464,0.0847,7115878,1788551699999,futures
1788551700000,2026-09-04T19:55:00.000Z,2026-09-05 03:55,0.08469,0.08476,0.08464,0.0847,8385238,1788551999999,futures
1788552000000,2026-09-04T20:00:00.000Z,2026-09-05 04:00,0.08471,0.08478,0.08466,0.08471,7861101,1788552299999,futures
1788552300000,2026-09-04T20:05:00.000Z,2026-09-05 04:05,0.08471,0.08475,0.08461,0.08469,8001350,1788552599999,futures
1788552600000,2026-09-04T20:10:00.000Z,2026-09-05 04:10,0.08469,0.08476,0.0846,0.08463,4825445,1788552899999,futures
1788552900000,2026-09-04T20:15:00.000Z,2026-09-05 04:15,0.08463,0.08471,0.08458,0.0847,8473773,1788553199999,futures
1788553200000,2026-09-04T20:20:00.000Z,2026-09-05 04:20,0.0847,0.08472,0.08459,0.08462,4230861,1788553499999,futures
1788553500000,2026-09-04T20:25:00.000Z,2026-09-05 04:25,0.08462,0.0847,0.08455,0.08466,23578196,1788553799999,futures
1788553800000,2026-09-04T20:30:00.000Z,2026-09-05 04:30,0.08466,0.08469,0.08462,0.08466,7683953,1788554099999,futures
1788554100000,2026-09-04T20:35:00.000Z,2026-09-05 04:35,0.08466,0.08479,0.08463,0.08467,11825112,1788554399999,futures
1788554400000,2026-09-04T20:40:00.000Z,2026-09-05 04:40,0.08467,0.08474,0.08458,0.08473,20389864,1788554699999,futures
1788554700000,2026-09-04T20:45:00.000Z,2026-09-05 04:45,0.08473,0.08481,0.08468,0.08476,3312670,1788554999999,futures
1788555000000,2026-09-04T20:50:00.000Z,2026-09-05 04:50,0.08476,0.08476,0.08465,0.08471,3938343,1788555299999,futures
1788555300000,2026-09-04T20:55:00.000Z,2026-09-05 04:55,0.08471,0.08473,0.08467,0.08471,2782470,1788555599999,futures
1788555600000,2026-09-04T21:00:00.000Z,2026-09-05 05:00,0.08471,0.08473,0.08464,0.08469,6372678,1788555899999,futures
1788555900000,2026-09-04T21:05:00.000Z,2026-09-05 05:05,0.08468,0.08479,0.08466,0.08473,6006680,1788556199999,futures
1788556200000,2026-09-04T21:10:00.000Z,2026-09-05 05:10,0.08473,0.08485,0.08473,0.08479,6095877,1788556499999,futures
1788556500000,2026-09-04T21:15:00.000Z,2026-09-05 05:15,0.08479,0.08489,0.08477,0.08488,5412719,1788556799999,futures
1788556800000,2026-09-04T21:20:00.000Z,2026-09-05 05:20,0.08488,0.08492,0.08483,0.08483,3368136,1788557099999,futures
1788557100000,2026-09-04T21:25:00.000Z,2026-09-05 05:25,0.08483,0.08486,0.08471,0.08481,13527094,1788557399999,futures
1788557400000,2026-09-04T21:30:00.000Z,2026-09-05 05:30,0.08482,0.08489,0.08465,0.08478,33589741,1788557699999,futures
1788557700000,2026-09-04T21:35:00.000Z,2026-09-05 05:35,0.08479,0.08484,0.08476,0.08477,5169085,1788557999999,futures
1788558000000,2026-09-04T21:40:00.000Z,2026-09-05 05:40,0.08477,0.08486,0.0847,0.08479,10401644,1788558299999,futures
1788558300000,2026-09-04T21:45:00.000Z,2026-09-05 05:45,0.0848,0.08493,0.08466,0.08466,13858145,1788558599999,futures
1788558600000,2026-09-04T21:50:00.000Z,2026-09-05 05:50,0.08467,0.08474,0.08443,0.08458,16397115,1788558899999,futures
1788558900000,2026-09-04T21:55:00.000Z,2026-09-05 05:55,0.08458,0.08459,0.0844,0.08442,9748109,1788559199999,futures
1788559200000,2026-09-04T22:00:00.000Z,2026-09-05 06:00,0.08442,0.08457,0.0844,0.08449,12466239,1788559499999,futures
1788559500000,2026-09-04T22:05:00.000Z,2026-09-05 06:05,0.0845,0.08457,0.08448,0.08454,3727251,1788559799999,futures
1788559800000,2026-09-04T22:10:00.000Z,2026-09-05 06:10,0.08454,0.08458,0.08447,0.08457,4019657,1788560099999,futures
1788560100000,2026-09-04T22:15:00.000Z,2026-09-05 06:15,0.08457,0.08462,0.08447,0.08457,4499398,1788560399999,futures
1788560400000,2026-09-04T22:20:00.000Z,2026-09-05 06:20,0.08457,0.08459,0.0845,0.08453,2433697,1788560699999,futures
1788560700000,2026-09-04T22:25:00.000Z,2026-09-05 06:25,0.08454,0.08457,0.08447,0.08454,4132148,1788560999999,futures
1788561000000,2026-09-04T22:30:00.000Z,2026-09-05 06:30,0.08454,0.08458,0.08452,0.08454,3986219,1788561299999,futures
1788561300000,2026-09-04T22:35:00.000Z,2026-09-05 06:35,0.08454,0.08461,0.08452,0.08459,2342046,1788561599999,futures
1788561600000,2026-09-04T22:40:00.000Z,2026-09-05 06:40,0.08458,0.08462,0.08448,0.0845,12208651,1788561899999,futures
1788561900000,2026-09-04T22:45:00.000Z,2026-09-05 06:45,0.0845,0.08451,0.08443,0.08447,3916226,1788562199999,futures
1788562200000,2026-09-04T22:50:00.000Z,2026-09-05 06:50,0.08447,0.08454,0.08445,0.08447,4179146,1788562499999,futures
1788562500000,2026-09-04T22:55:00.000Z,2026-09-05 06:55,0.08447,0.08449,0.08445,0.08448,3009908,1788562799999,futures
1788562800000,2026-09-04T23:00:00.000Z,2026-09-05 07:00,0.08448,0.08454,0.08438,0.08454,8503965,1788563099999,futures
1788563100000,2026-09-04T23:05:00.000Z,2026-09-05 07:05,0.08454,0.08462,0.08453,0.08461,11012923,1788563399999,futures
1788563400000,2026-09-04T23:10:00.000Z,2026-09-05 07:10,0.08461,0.08463,0.08454,0.08458,3874936,1788563699999,futures
1788563700000,2026-09-04T23:15:00.000Z,2026-09-05 07:15,0.08458,0.08462,0.08457,0.08462,1997071,1788563999999,futures
1788564000000,2026-09-04T23:20:00.000Z,2026-09-05 07:20,0.08462,0.0847,0.08461,0.0847,7232543,1788564299999,futures
1788564300000,2026-09-04T23:25:00.000Z,2026-09-05 07:25,0.08469,0.08475,0.08466,0.08471,5426457,1788564599999,futures
1788564600000,2026-09-04T23:30:00.000Z,2026-09-05 07:30,0.0847,0.08473,0.08466,0.08468,3467495,1788564899999,futures
1788564900000,2026-09-04T23:35:00.000Z,2026-09-05 07:35,0.08467,0.08475,0.08467,0.08475,5599429,1788565199999,futures
1788565200000,2026-09-04T23:40:00.000Z,2026-09-05 07:40,0.08474,0.08475,0.08466,0.08471,10177518,1788565499999,futures
1788565500000,2026-09-04T23:45:00.000Z,2026-09-05 07:45,0.08471,0.08479,0.08469,0.08472,10424699,1788565799999,futures
1788565800000,2026-09-04T23:50:00.000Z,2026-09-05 07:50,0.08473,0.0848,0.08472,0.08473,2966104,1788566099999,futures
1788566100000,2026-09-04T23:55:00.000Z,2026-09-05 07:55,0.08473,0.08477,0.08472,0.08475,4067810,1788566399999,futures
1788566400000,2026-09-05T00:00:00.000Z,2026-09-05 08:00,0.08474,0.08475,0.08465,0.08467,8163198,1788566699999,futures
1788566700000,2026-09-05T00:05:00.000Z,2026-09-05 08:05,0.08466,0.08471,0.08462,0.0847,7767041,1788566999999,futures
1788567000000,2026-09-05T00:10:00.000Z,2026-09-05 08:10,0.0847,0.08474,0.08466,0.08467,7241952,1788567299999,futures
1788567300000,2026-09-05T00:15:00.000Z,2026-09-05 08:15,0.08467,0.08471,0.08462,0.08467,3966095,1788567599999,futures
1788567600000,2026-09-05T00:20:00.000Z,2026-09-05 08:20,0.08467,0.08471,0.08465,0.08465,2647237,1788567899999,futures
1788567900000,2026-09-05T00:25:00.000Z,2026-09-05 08:25,0.08465,0.08472,0.08464,0.08468,9959965,1788568199999,futures
1788568200000,2026-09-05T00:30:00.000Z,2026-09-05 08:30,0.08468,0.08471,0.08454,0.08461,19961005,1788568499999,futures
1788568500000,2026-09-05T00:35:00.000Z,2026-09-05 08:35,0.08461,0.0847,0.08457,0.08469,4542349,1788568799999,futures
1788568800000,2026-09-05T00:40:00.000Z,2026-09-05 08:40,0.08469,0.08479,0.08465,0.08471,15529879,1788569099999,futures
1788569100000,2026-09-05T00:45:00.000Z,2026-09-05 08:45,0.08471,0.08472,0.08453,0.08465,15857003,1788569399999,futures
1788569400000,2026-09-05T00:50:00.000Z,2026-09-05 08:50,0.08465,0.08479,0.08464,0.08477,6967116,1788569699999,futures
1788569700000,2026-09-05T00:55:00.000Z,2026-09-05 08:55,0.08477,0.08482,0.08458,0.0846,12770836,1788569999999,futures
1788570000000,2026-09-05T01:00:00.000Z,2026-09-05 09:00,0.08459,0.08469,0.08449,0.08469,18416216,1788570299999,futures
1788570300000,2026-09-05T01:05:00.000Z,2026-09-05 09:05,0.08469,0.08485,0.08468,0.08485,7810232,1788570599999,futures
1788570600000,2026-09-05T01:10:00.000Z,2026-09-05 09:10,0.08485,0.08487,0.08467,0.08468,16472387,1788570899999,futures
1788570900000,2026-09-05T01:15:00.000Z,2026-09-05 09:15,0.08468,0.08477,0.08467,0.08473,7808544,1788571199999,futures
1788571200000,2026-09-05T01:20:00.000Z,2026-09-05 09:20,0.08473,0.08473,0.08467,0.08471,4135561,1788571499999,futures
1788571500000,2026-09-05T01:25:00.000Z,2026-09-05 09:25,0.08471,0.08494,0.08461,0.08485,34404980,1788571799999,futures
1788571800000,2026-09-05T01:30:00.000Z,2026-09-05 09:30,0.08486,0.08489,0.08479,0.08486,17761015,1788572099999,futures
1788572100000,2026-09-05T01:35:00.000Z,2026-09-05 09:35,0.08487,0.08491,0.08481,0.08484,6978133,1788572399999,futures
1788572400000,2026-09-05T01:40:00.000Z,2026-09-05 09:40,0.08484,0.0849,0.08483,0.08486,9312131,1788572699999,futures
1788572700000,2026-09-05T01:45:00.000Z,2026-09-05 09:45,0.08487,0.0849,0.08461,0.08462,25703806,1788572999999,futures
1788573000000,2026-09-05T01:50:00.000Z,2026-09-05 09:50,0.08462,0.08473,0.08456,0.08465,10567123,1788573299999,futures
1788573300000,2026-09-05T01:55:00.000Z,2026-09-05 09:55,0.08465,0.08466,0.08457,0.08458,6505377,1788573599999,futures
1788573600000,2026-09-05T02:00:00.000Z,2026-09-05 10:00,0.08459,0.08462,0.08446,0.08456,14704822,1788573899999,futures
1788573900000,2026-09-05T02:05:00.000Z,2026-09-05 10:05,0.08455,0.08464,0.08455,0.08463,5960519,1788574199999,futures
1788574200000,2026-09-05T02:10:00.000Z,2026-09-05 10:10,0.08463,0.08463,0.08456,0.08462,10000667,1788574499999,futures
1788574500000,2026-09-05T02:15:00.000Z,2026-09-05 10:15,0.08462,0.08466,0.0846,0.08463,6516154,1788574799999,futures
1788574800000,2026-09-05T02:20:00.000Z,2026-09-05 10:20,0.08463,0.08475,0.08459,0.08475,13510140,1788575099999,futures
1788575100000,2026-09-05T02:25:00.000Z,2026-09-05 10:25,0.08475,0.08484,0.08457,0.08462,23077193,1788575399999,futures
1788575400000,2026-09-05T02:30:00.000Z,2026-09-05 10:30,0.08463,0.08468,0.08452,0.08465,13366246,1788575699999,futures
1788575700000,2026-09-05T02:35:00.000Z,2026-09-05 10:35,0.08465,0.0847,0.08462,0.08468,6249112,1788575999999,futures
1788576000000,2026-09-05T02:40:00.000Z,2026-09-05 10:40,0.08469,0.08473,0.08468,0.0847,3115717,1788576299999,futures
1788576300000,2026-09-05T02:45:00.000Z,2026-09-05 10:45,0.08471,0.08471,0.08464,0.08469,3143354,1788576599999,futures
1788576600000,2026-09-05T02:50:00.000Z,2026-09-05 10:50,0.08469,0.08469,0.08429,0.08451,62553176,1788576899999,futures
1788576900000,2026-09-05T02:55:00.000Z,2026-09-05 10:55,0.08451,0.08463,0.08449,0.08458,7957532,1788577199999,futures
1788577200000,2026-09-05T03:00:00.000Z,2026-09-05 11:00,0.08459,0.08466,0.08456,0.0846,6386926,1788577499999,futures
1788577500000,2026-09-05T03:05:00.000Z,2026-09-05 11:05,0.08459,0.0846,0.08452,0.08452,5199561,1788577799999,futures
1788577800000,2026-09-05T03:10:00.000Z,2026-09-05 11:10,0.08451,0.08462,0.08451,0.08461,15370681,1788578099999,futures
1788578100000,2026-09-05T03:15:00.000Z,2026-09-05 11:15,0.08461,0.08474,0.08459,0.08463,24460735,1788578399999,futures
1788578400000,2026-09-05T03:20:00.000Z,2026-09-05 11:20,0.08464,0.08466,0.08454,0.08463,11403297,1788578699999,futures
1788578700000,2026-09-05T03:25:00.000Z,2026-09-05 11:25,0.08463,0.08471,0.08459,0.08468,4039848,1788578999999,futures
1788579000000,2026-09-05T03:30:00.000Z,2026-09-05 11:30,0.08468,0.08472,0.08462,0.08462,4909298,1788579299999,futures
1788579300000,2026-09-05T03:35:00.000Z,2026-09-05 11:35,0.08463,0.08466,0.08462,0.08465,3179204,1788579599999,futures
1788579600000,2026-09-05T03:40:00.000Z,2026-09-05 11:40,0.08465,0.08471,0.08463,0.0847,6154498,1788579899999,futures
1788579900000,2026-09-05T03:45:00.000Z,2026-09-05 11:45,0.08471,0.08471,0.08464,0.08469,6556167,1788580199999,futures
1788580200000,2026-09-05T03:50:00.000Z,2026-09-05 11:50,0.08468,0.08471,0.0846,0.0846,4167357,1788580499999,futures
1788580500000,2026-09-05T03:55:00.000Z,2026-09-05 11:55,0.08459,0.08461,0.08455,0.08458,4534805,1788580799999,futures
1788580800000,2026-09-05T04:00:00.000Z,2026-09-05 12:00,0.08459,0.08459,0.0845,0.08458,11006814,1788581099999,futures
1788581100000,2026-09-05T04:05:00.000Z,2026-09-05 12:05,0.08457,0.08463,0.08448,0.08448,9941694,1788581399999,futures
1788581400000,2026-09-05T04:10:00.000Z,2026-09-05 12:10,0.08449,0.0845,0.08444,0.08448,5368241,1788581699999,futures
1788581700000,2026-09-05T04:15:00.000Z,2026-09-05 12:15,0.08447,0.08461,0.08444,0.08457,14360692,1788581999999,futures
1788582000000,2026-09-05T04:20:00.000Z,2026-09-05 12:20,0.08457,0.08461,0.08456,0.0846,3221829,1788582299999,futures
1788582300000,2026-09-05T04:25:00.000Z,2026-09-05 12:25,0.0846,0.08466,0.08459,0.08462,3499919,1788582599999,futures
1788582600000,2026-09-05T04:30:00.000Z,2026-09-05 12:30,0.08462,0.08468,0.08462,0.08462,3384799,1788582899999,futures
1788582900000,2026-09-05T04:35:00.000Z,2026-09-05 12:35,0.08462,0.08466,0.08461,0.08461,3009594,1788583199999,futures
1788583200000,2026-09-05T04:40:00.000Z,2026-09-05 12:40,0.08461,0.08469,0.0846,0.08467,8997997,1788583499999,futures
1788583500000,2026-09-05T04:45:00.000Z,2026-09-05 12:45,0.08467,0.08476,0.08455,0.08461,22657653,1788583799999,futures
1788583800000,2026-09-05T04:50:00.000Z,2026-09-05 12:50,0.0846,0.08474,0.08457,0.08472,9954744,1788584099999,futures
1788584100000,2026-09-05T04:55:00.000Z,2026-09-05 12:55,0.08473,0.08475,0.08459,0.08461,9318387,1788584399999,futures
1788584400000,2026-09-05T05:00:00.000Z,2026-09-05 13:00,0.08462,0.08464,0.08448,0.08451,10061498,1788584699999,futures
1788584700000,2026-09-05T05:05:00.000Z,2026-09-05 13:05,0.08451,0.08462,0.08448,0.08459,13596234,1788584999999,futures
1788585000000,2026-09-05T05:10:00.000Z,2026-09-05 13:10,0.0846,0.08471,0.08459,0.08468,6922952,1788585299999,futures
1788585300000,2026-09-05T05:15:00.000Z,2026-09-05 13:15,0.08468,0.08476,0.08461,0.08462,17262825,1788585599999,futures
1788585600000,2026-09-05T05:20:00.000Z,2026-09-05 13:20,0.08462,0.08465,0.08456,0.08458,6043334,1788585899999,futures
1788585900000,2026-09-05T05:25:00.000Z,2026-09-05 13:25,0.08458,0.08463,0.08454,0.08462,2857495,1788586199999,futures
1788586200000,2026-09-05T05:30:00.000Z,2026-09-05 13:30,0.08463,0.08466,0.08462,0.08462,1834669,1788586499999,futures
1788586500000,2026-09-05T05:35:00.000Z,2026-09-05 13:35,0.08462,0.08465,0.08459,0.08463,2730533,1788586799999,futures
1788586800000,2026-09-05T05:40:00.000Z,2026-09-05 13:40,0.08462,0.08468,0.08455,0.08456,13587340,1788587099999,futures
1788587100000,2026-09-05T05:45:00.000Z,2026-09-05 13:45,0.08455,0.08457,0.0845,0.08451,7654502,1788587399999,futures
1788587400000,2026-09-05T05:50:00.000Z,2026-09-05 13:50,0.08452,0.08467,0.08451,0.08465,13544842,1788587699999,futures
1788587700000,2026-09-05T05:55:00.000Z,2026-09-05 13:55,0.08465,0.08474,0.08462,0.08462,16249152,1788587999999,futures
1788588000000,2026-09-05T06:00:00.000Z,2026-09-05 14:00,0.08463,0.08469,0.08461,0.08466,7325719,1788588299999,futures
1788588300000,2026-09-05T06:05:00.000Z,2026-09-05 14:05,0.08467,0.08468,0.08462,0.08462,11347923,1788588599999,futures
1788588600000,2026-09-05T06:10:00.000Z,2026-09-05 14:10,0.08462,0.08483,0.08461,0.0848,15766248,1788588899999,futures
1788588900000,2026-09-05T06:15:00.000Z,2026-09-05 14:15,0.0848,0.08498,0.08475,0.0849,34228499,1788589199999,futures
1788589200000,2026-09-05T06:20:00.000Z,2026-09-05 14:20,0.0849,0.08492,0.08482,0.08482,13487379,1788589499999,futures
1788589500000,2026-09-05T06:25:00.000Z,2026-09-05 14:25,0.08483,0.08493,0.0848,0.08486,15345413,1788589799999,futures
1788589800000,2026-09-05T06:30:00.000Z,2026-09-05 14:30,0.08486,0.08512,0.08486,0.08505,33551866,1788590099999,futures
1788590100000,2026-09-05T06:35:00.000Z,2026-09-05 14:35,0.08505,0.08578,0.08498,0.0855,121766854,1788590399999,futures
1788590400000,2026-09-05T06:40:00.000Z,2026-09-05 14:40,0.0855,0.0855,0.08533,0.0854,26483951,1788590699999,futures
1788590700000,2026-09-05T06:45:00.000Z,2026-09-05 14:45,0.0854,0.08562,0.08538,0.08554,30093399,1788590999999,futures
1788591000000,2026-09-05T06:50:00.000Z,2026-09-05 14:50,0.08554,0.08555,0.08542,0.08548,12749163,1788591299999,futures
1788591300000,2026-09-05T06:55:00.000Z,2026-09-05 14:55,0.08548,0.08561,0.08546,0.08551,16719640,1788591599999,futures
1788591600000,2026-09-05T07:00:00.000Z,2026-09-05 15:00,0.08552,0.08576,0.08547,0.08573,29861333,1788591899999,futures
1788591900000,2026-09-05T07:05:00.000Z,2026-09-05 15:05,0.08573,0.08577,0.08554,0.08554,24532818,1788592199999,futures
1788592200000,2026-09-05T07:10:00.000Z,2026-09-05 15:10,0.08555,0.08573,0.08555,0.0857,11273900,1788592499999,futures
1788592500000,2026-09-05T07:15:00.000Z,2026-09-05 15:15,0.0857,0.08571,0.08554,0.08558,21899908,1788592799999,futures
1788592800000,2026-09-05T07:20:00.000Z,2026-09-05 15:20,0.08558,0.0856,0.08554,0.08555,6989772,1788593099999,futures
1788593100000,2026-09-05T07:25:00.000Z,2026-09-05 15:25,0.08555,0.08571,0.08555,0.08567,13131285,1788593399999,futures
1788593400000,2026-09-05T07:30:00.000Z,2026-09-05 15:30,0.08567,0.08572,0.0856,0.0857,12077815,1788593699999,futures
1788593700000,2026-09-05T07:35:00.000Z,2026-09-05 15:35,0.0857,0.08571,0.08558,0.08561,8674662,1788593999999,futures
1788594000000,2026-09-05T07:40:00.000Z,2026-09-05 15:40,0.08562,0.08572,0.08556,0.08567,18488760,1788594299999,futures
1788594300000,2026-09-05T07:45:00.000Z,2026-09-05 15:45,0.08568,0.08568,0.08549,0.0855,14453554,1788594599999,futures
1788594600000,2026-09-05T07:50:00.000Z,2026-09-05 15:50,0.08549,0.08559,0.08548,0.0855,8515982,1788594899999,futures
1788594900000,2026-09-05T07:55:00.000Z,2026-09-05 15:55,0.0855,0.08582,0.08545,0.08575,36623872,1788595199999,futures
1788595200000,2026-09-05T08:00:00.000Z,2026-09-05 16:00,0.08576,0.08576,0.08547,0.08551,40081566,1788595499999,futures
1788595500000,2026-09-05T08:05:00.000Z,2026-09-05 16:05,0.0855,0.0856,0.08547,0.0855,10651975,1788595799999,futures
1788595800000,2026-09-05T08:10:00.000Z,2026-09-05 16:10,0.0855,0.08564,0.08546,0.08553,15554530,1788596099999,futures
1788596100000,2026-09-05T08:15:00.000Z,2026-09-05 16:15,0.08553,0.08592,0.08552,0.08569,34880844,1788596399999,futures
1788596400000,2026-09-05T08:20:00.000Z,2026-09-05 16:20,0.0857,0.0857,0.08547,0.08547,14508003,1788596699999,futures
1788596700000,2026-09-05T08:25:00.000Z,2026-09-05 16:25,0.08547,0.0857,0.08543,0.08569,22105796,1788596999999,futures
1788597000000,2026-09-05T08:30:00.000Z,2026-09-05 16:30,0.08569,0.08571,0.08551,0.08552,8354525,1788597299999,futures
1788597300000,2026-09-05T08:35:00.000Z,2026-09-05 16:35,0.08553,0.0856,0.08551,0.08554,4214219,1788597599999,futures
1788597600000,2026-09-05T08:40:00.000Z,2026-09-05 16:40,0.08554,0.08561,0.08553,0.08558,3624254,1788597899999,futures
1788597900000,2026-09-05T08:45:00.000Z,2026-09-05 16:45,0.08558,0.08562,0.08554,0.08555,3548149,1788598199999,futures
1788598200000,2026-09-05T08:50:00.000Z,2026-09-05 16:50,0.08555,0.0857,0.08554,0.08568,2582713,1788598499999,futures
1788598500000,2026-09-05T08:55:00.000Z,2026-09-05 16:55,0.08568,0.08579,0.08566,0.08578,6035400,1788598799999,futures
1788598800000,2026-09-05T09:00:00.000Z,2026-09-05 17:00,0.08578,0.08592,0.08577,0.08591,12115575,1788599099999,futures
1788599100000,2026-09-05T09:05:00.000Z,2026-09-05 17:05,0.0859,0.08605,0.08588,0.086,12259953,1788599399999,futures
1788599400000,2026-09-05T09:10:00.000Z,2026-09-05 17:10,0.086,0.08636,0.08598,0.08617,56986730,1788599699999,futures
1788599700000,2026-09-05T09:15:00.000Z,2026-09-05 17:15,0.08617,0.08618,0.08603,0.08607,11247326,1788599999999,futures
1788600000000,2026-09-05T09:20:00.000Z,2026-09-05 17:20,0.08607,0.08614,0.08598,0.08604,14027926,1788600299999,futures
1788600300000,2026-09-05T09:25:00.000Z,2026-09-05 17:25,0.08604,0.08604,0.08592,0.08594,8207765,1788600599999,futures
1788600600000,2026-09-05T09:30:00.000Z,2026-09-05 17:30,0.08594,0.08608,0.08593,0.08601,11025174,1788600899999,futures
1788600900000,2026-09-05T09:35:00.000Z,2026-09-05 17:35,0.08601,0.08611,0.08596,0.08605,19800073,1788601199999,futures
1788601200000,2026-09-05T09:40:00.000Z,2026-09-05 17:40,0.08605,0.08606,0.08593,0.08601,17540364,1788601499999,futures
1788601500000,2026-09-05T09:45:00.000Z,2026-09-05 17:45,0.086,0.086,0.08592,0.08596,9375063,1788601799999,futures
1788601800000,2026-09-05T09:50:00.000Z,2026-09-05 17:50,0.08596,0.086,0.08595,0.08596,2510631,1788602099999,futures
1788602100000,2026-09-05T09:55:00.000Z,2026-09-05 17:55,0.08596,0.08606,0.08596,0.08604,6253177,1788602399999,futures
1788602400000,2026-09-05T10:00:00.000Z,2026-09-05 18:00,0.08604,0.08606,0.08597,0.08598,5891655,1788602699999,futures
1788602700000,2026-09-05T10:05:00.000Z,2026-09-05 18:05,0.08598,0.08602,0.0859,0.08601,16530939,1788602999999,futures
1788603000000,2026-09-05T10:10:00.000Z,2026-09-05 18:10,0.08601,0.0861,0.08593,0.08594,7873563,1788603299999,futures
1788603300000,2026-09-05T10:15:00.000Z,2026-09-05 18:15,0.08593,0.08602,0.0859,0.08595,6399349,1788603599999,futures
1788603600000,2026-09-05T10:20:00.000Z,2026-09-05 18:20,0.08595,0.08604,0.08586,0.08597,20404553,1788603899999,futures
1788603900000,2026-09-05T10:25:00.000Z,2026-09-05 18:25,0.08598,0.08603,0.0859,0.086,7230524,1788604199999,futures
1788604200000,2026-09-05T10:30:00.000Z,2026-09-05 18:30,0.086,0.0862,0.086,0.0862,11198644,1788604499999,futures
1788604500000,2026-09-05T10:35:00.000Z,2026-09-05 18:35,0.08619,0.0862,0.08587,0.08593,18427535,1788604799999,futures
1788604800000,2026-09-05T10:40:00.000Z,2026-09-05 18:40,0.08594,0.08598,0.08593,0.08596,5949691,1788605099999,futures
1788605100000,2026-09-05T10:45:00.000Z,2026-09-05 18:45,0.08596,0.086,0.08588,0.08592,10330476,1788605399999,futures
1788605400000,2026-09-05T10:50:00.000Z,2026-09-05 18:50,0.08592,0.08596,0.08584,0.08588,18017291,1788605699999,futures
1788605700000,2026-09-05T10:55:00.000Z,2026-09-05 18:55,0.08588,0.08599,0.0858,0.08583,15392340,1788605999999,futures
1788606000000,2026-09-05T11:00:00.000Z,2026-09-05 19:00,0.08583,0.08596,0.08582,0.08588,18545685,1788606299999,futures
1788606300000,2026-09-05T11:05:00.000Z,2026-09-05 19:05,0.08587,0.08608,0.08584,0.08604,20616145,1788606599999,futures
1788606600000,2026-09-05T11:10:00.000Z,2026-09-05 19:10,0.08604,0.08611,0.0859,0.08606,16084670,1788606899999,futures
1788606900000,2026-09-05T11:15:00.000Z,2026-09-05 19:15,0.08606,0.08607,0.08591,0.08597,12350646,1788607199999,futures
1788607200000,2026-09-05T11:20:00.000Z,2026-09-05 19:20,0.08596,0.08599,0.08595,0.08597,3823539,1788607499999,futures
1788607500000,2026-09-05T11:25:00.000Z,2026-09-05 19:25,0.08596,0.08602,0.08594,0.08599,7481751,1788607799999,futures
1788607800000,2026-09-05T11:30:00.000Z,2026-09-05 19:30,0.08599,0.08601,0.08592,0.08594,5573054,1788608099999,futures
1788608100000,2026-09-05T11:35:00.000Z,2026-09-05 19:35,0.08594,0.08603,0.08592,0.08598,5943104,1788608399999,futures
1788608400000,2026-09-05T11:40:00.000Z,2026-09-05 19:40,0.08597,0.08599,0.08584,0.08589,17557878,1788608699999,futures
1788608700000,2026-09-05T11:45:00.000Z,2026-09-05 19:45,0.08589,0.08603,0.08588,0.08603,9704460,1788608999999,futures
1788609000000,2026-09-05T11:50:00.000Z,2026-09-05 19:50,0.08603,0.08621,0.08601,0.08608,13587309,1788609299999,futures
1788609300000,2026-09-05T11:55:00.000Z,2026-09-05 19:55,0.08609,0.08614,0.08606,0.08609,5963132,1788609599999,futures
1788609600000,2026-09-05T12:00:00.000Z,2026-09-05 20:00,0.08609,0.08627,0.08607,0.08627,19182472,1788609899999,futures
1788609900000,2026-09-05T12:05:00.000Z,2026-09-05 20:05,0.08627,0.08635,0.08626,0.08627,12367806,1788610199999,futures
1788610200000,2026-09-05T12:10:00.000Z,2026-09-05 20:10,0.08627,0.08631,0.08624,0.08625,8074892,1788610499999,futures
1788610500000,2026-09-05T12:15:00.000Z,2026-09-05 20:15,0.08625,0.08625,0.08609,0.08609,13844855,1788610799999,futures
1788610800000,2026-09-05T12:20:00.000Z,2026-09-05 20:20,0.08609,0.08627,0.08609,0.08627,4855706,1788611099999,futures
1788611100000,2026-09-05T12:25:00.000Z,2026-09-05 20:25,0.08627,0.08641,0.08622,0.08634,17402612,1788611399999,futures
1788611400000,2026-09-05T12:30:00.000Z,2026-09-05 20:30,0.08634,0.08676,0.08616,0.08676,52377281,1788611699999,futures
1788611700000,2026-09-05T12:35:00.000Z,2026-09-05 20:35,0.08676,0.08745,0.08673,0.08725,142948274,1788611999999,futures
1788612000000,2026-09-05T12:40:00.000Z,2026-09-05 20:40,0.08725,0.08757,0.08724,0.08731,54084647,1788612299999,futures
1788612300000,2026-09-05T12:45:00.000Z,2026-09-05 20:45,0.08731,0.08737,0.087,0.08711,54024189,1788612599999,futures
1788612600000,2026-09-05T12:50:00.000Z,2026-09-05 20:50,0.08712,0.0873,0.08709,0.08728,21781737,1788612899999,futures
1788612900000,2026-09-05T12:55:00.000Z,2026-09-05 20:55,0.08728,0.08744,0.08721,0.08728,35248618,1788613199999,futures
1788613200000,2026-09-05T13:00:00.000Z,2026-09-05 21:00,0.08727,0.08743,0.08725,0.08741,25040646,1788613499999,futures
1788613500000,2026-09-05T13:05:00.000Z,2026-09-05 21:05,0.08741,0.08745,0.08726,0.08728,12870456,1788613799999,futures
1788613800000,2026-09-05T13:10:00.000Z,2026-09-05 21:10,0.08728,0.08736,0.08715,0.08734,28070571,1788614099999,futures
1788614100000,2026-09-05T13:15:00.000Z,2026-09-05 21:15,0.08734,0.08739,0.08706,0.08729,36854750,1788614399999,futures
1788614400000,2026-09-05T13:20:00.000Z,2026-09-05 21:20,0.08729,0.08768,0.08724,0.08756,29529383,1788614699999,futures
1788614700000,2026-09-05T13:25:00.000Z,2026-09-05 21:25,0.08756,0.08781,0.0875,0.08755,26341595,1788614999999,futures
1788615000000,2026-09-05T13:30:00.000Z,2026-09-05 21:30,0.08756,0.08795,0.08755,0.08793,42238534,1788615299999,futures
1788615300000,2026-09-05T13:35:00.000Z,2026-09-05 21:35,0.08793,0.08815,0.08747,0.08749,48584295,1788615599999,futures
1788615600000,2026-09-05T13:40:00.000Z,2026-09-05 21:40,0.08749,0.08809,0.08717,0.08739,95773706,1788615899999,futures
1788615900000,2026-09-05T13:45:00.000Z,2026-09-05 21:45,0.08739,0.08752,0.08735,0.08748,18007475,1788616199999,futures
1788616200000,2026-09-05T13:50:00.000Z,2026-09-05 21:50,0.08747,0.08747,0.08693,0.08723,57377487,1788616499999,futures
1788616500000,2026-09-05T13:55:00.000Z,2026-09-05 21:55,0.08723,0.08728,0.08713,0.0872,15035746,1788616799999,futures
1788616800000,2026-09-05T14:00:00.000Z,2026-09-05 22:00,0.08719,0.08737,0.08711,0.08711,20939344,1788617099999,futures
1788617100000,2026-09-05T14:05:00.000Z,2026-09-05 22:05,0.08711,0.08741,0.08711,0.08734,31662898,1788617399999,futures
1788617400000,2026-09-05T14:10:00.000Z,2026-09-05 22:10,0.08734,0.08743,0.08728,0.0874,11802633,1788617699999,futures
1788617700000,2026-09-05T14:15:00.000Z,2026-09-05 22:15,0.0874,0.08763,0.0874,0.08761,19509874,1788617999999,futures
1788618000000,2026-09-05T14:20:00.000Z,2026-09-05 22:20,0.08761,0.08781,0.08761,0.08771,15566035,1788618299999,futures
1788618300000,2026-09-05T14:25:00.000Z,2026-09-05 22:25,0.08772,0.0878,0.08764,0.0877,10828011,1788618599999,futures
1788618600000,2026-09-05T14:30:00.000Z,2026-09-05 22:30,0.08769,0.08792,0.08763,0.08785,27819402,1788618899999,futures
1788618900000,2026-09-05T14:35:00.000Z,2026-09-05 22:35,0.08785,0.08808,0.08771,0.08795,33562204,1788619199999,futures
1788619200000,2026-09-05T14:40:00.000Z,2026-09-05 22:40,0.08795,0.08809,0.08768,0.08774,22671609,1788619499999,futures
1788619500000,2026-09-05T14:45:00.000Z,2026-09-05 22:45,0.08774,0.08785,0.08752,0.08766,25935305,1788619799999,futures
1788619800000,2026-09-05T14:50:00.000Z,2026-09-05 22:50,0.08766,0.08779,0.08755,0.08775,30632687,1788620099999,futures
1788620100000,2026-09-05T14:55:00.000Z,2026-09-05 22:55,0.08775,0.08788,0.08768,0.08773,23730718,1788620399999,futures
1788620400000,2026-09-05T15:00:00.000Z,2026-09-05 23:00,0.08772,0.08773,0.08754,0.08756,17592932,1788620699999,futures
1788620700000,2026-09-05T15:05:00.000Z,2026-09-05 23:05,0.08756,0.08762,0.08741,0.08748,26220547,1788620999999,futures
1788621000000,2026-09-05T15:10:00.000Z,2026-09-05 23:10,0.08747,0.08765,0.08744,0.08748,13748169,1788621299999,futures
1788621300000,2026-09-05T15:15:00.000Z,2026-09-05 23:15,0.08748,0.08754,0.08731,0.08736,15703592,1788621599999,futures
1788621600000,2026-09-05T15:20:00.000Z,2026-09-05 23:20,0.08736,0.08764,0.08734,0.08762,20816545,1788621899999,futures
1788621900000,2026-09-05T15:25:00.000Z,2026-09-05 23:25,0.08762,0.08799,0.08761,0.08764,30571117,1788622199999,futures
1788622200000,2026-09-05T15:30:00.000Z,2026-09-05 23:30,0.08765,0.0877,0.08744,0.08753,11659919,1788622499999,futures
1788622500000,2026-09-05T15:35:00.000Z,2026-09-05 23:35,0.08753,0.08788,0.0875,0.0878,34283153,1788622799999,futures
1788622800000,2026-09-05T15:40:00.000Z,2026-09-05 23:40,0.08779,0.08786,0.08763,0.08774,16930865,1788623099999,futures
1788623100000,2026-09-05T15:45:00.000Z,2026-09-05 23:45,0.08773,0.08778,0.0876,0.08773,21130206,1788623399999,futures
1788623400000,2026-09-05T15:50:00.000Z,2026-09-05 23:50,0.08773,0.08774,0.0874,0.08751,30540973,1788623699999,futures
1788623700000,2026-09-05T15:55:00.000Z,2026-09-05 23:55,0.08752,0.08761,0.08752,0.08757,4796611,1788623999999,futures
1788624000000,2026-09-05T16:00:00.000Z,2026-09-06 00:00,0.08757,0.08761,0.08752,0.08757,11551419,1788624299999,futures
1788624300000,2026-09-05T16:05:00.000Z,2026-09-06 00:05,0.08757,0.08765,0.08745,0.08748,13920549,1788624599999,futures
1788624600000,2026-09-05T16:10:00.000Z,2026-09-06 00:10,0.08748,0.0875,0.08736,0.08738,8230306,1788624899999,futures
1788624900000,2026-09-05T16:15:00.000Z,2026-09-06 00:15,0.08739,0.0875,0.08738,0.08744,6802897,1788625199999,futures
1788625200000,2026-09-05T16:20:00.000Z,2026-09-06 00:20,0.08744,0.08754,0.08743,0.08751,5397396,1788625499999,futures
1788625500000,2026-09-05T16:25:00.000Z,2026-09-06 00:25,0.08752,0.08759,0.08746,0.08753,7615175,1788625799999,futures
1788625800000,2026-09-05T16:30:00.000Z,2026-09-06 00:30,0.08753,0.08767,0.08745,0.08754,20798046,1788626099999,futures
1788626100000,2026-09-05T16:35:00.000Z,2026-09-06 00:35,0.08753,0.08753,0.0873,0.08731,12392733,1788626399999,futures
1788626400000,2026-09-05T16:40:00.000Z,2026-09-06 00:40,0.08731,0.08744,0.0873,0.08736,15533813,1788626699999,futures
1788626700000,2026-09-05T16:45:00.000Z,2026-09-06 00:45,0.08736,0.08774,0.08732,0.08764,39718582,1788626999999,futures
1788627000000,2026-09-05T16:50:00.000Z,2026-09-06 00:50,0.08763,0.08783,0.08757,0.08779,26482219,1788627299999,futures
1788627300000,2026-09-05T16:55:00.000Z,2026-09-06 00:55,0.08779,0.08856,0.08778,0.088,106598273,1788627599999,futures
1788627600000,2026-09-05T17:00:00.000Z,2026-09-06 01:00,0.088,0.08819,0.08775,0.08807,78858680,1788627899999,futures
1788627900000,2026-09-05T17:05:00.000Z,2026-09-06 01:05,0.08808,0.08898,0.08806,0.08897,76867074,1788628199999,futures
1788628200000,2026-09-05T17:10:00.000Z,2026-09-06 01:10,0.08896,0.08953,0.08872,0.08943,109964483,1788628499999,futures
1788628500000,2026-09-05T17:15:00.000Z,2026-09-06 01:15,0.08943,0.08961,0.08888,0.08903,69920662,1788628799999,futures
1788628800000,2026-09-05T17:20:00.000Z,2026-09-06 01:20,0.08903,0.08918,0.08873,0.08904,84117171,1788629099999,futures
1788629100000,2026-09-05T17:25:00.000Z,2026-09-06 01:25,0.08904,0.08918,0.08895,0.08903,20894846,1788629399999,futures
1788629400000,2026-09-05T17:30:00.000Z,2026-09-06 01:30,0.08904,0.08945,0.08901,0.0892,24372418,1788629699999,futures
1788629700000,2026-09-05T17:35:00.000Z,2026-09-06 01:35,0.0892,0.0893,0.08895,0.08903,35076888,1788629999999,futures
1788630000000,2026-09-05T17:40:00.000Z,2026-09-06 01:40,0.08903,0.08931,0.08903,0.08921,20253017,1788630299999,futures
1788630300000,2026-09-05T17:45:00.000Z,2026-09-06 01:45,0.08922,0.08951,0.08909,0.08947,27601550,1788630599999,futures
1788630600000,2026-09-05T17:50:00.000Z,2026-09-06 01:50,0.08947,0.09104,0.08933,0.0909,159020792,1788630899999,futures
1788630900000,2026-09-05T17:55:00.000Z,2026-09-06 01:55,0.09089,0.09518,0.09077,0.0942,677683026,1788631199999,futures
1788631200000,2026-09-05T18:00:00.000Z,2026-09-06 02:00,0.0942,0.09475,0.09283,0.09307,282184191,1788631499999,futures
1788631500000,2026-09-05T18:05:00.000Z,2026-09-06 02:05,0.09306,0.09427,0.09257,0.09283,136433724,1788631799999,futures
1788631800000,2026-09-05T18:10:00.000Z,2026-09-06 02:10,0.09283,0.09344,0.09281,0.09313,57319531,1788632099999,futures
1788632100000,2026-09-05T18:15:00.000Z,2026-09-06 02:15,0.09312,0.09342,0.09261,0.09293,89613362,1788632399999,futures
1788632400000,2026-09-05T18:20:00.000Z,2026-09-06 02:20,0.09293,0.09294,0.09201,0.0926,110437166,1788632699999,futures
1788632700000,2026-09-05T18:25:00.000Z,2026-09-06 02:25,0.09261,0.09266,0.09203,0.09209,54968948,1788632999999,futures
1788633000000,2026-09-05T18:30:00.000Z,2026-09-06 02:30,0.09208,0.0927,0.09206,0.09246,44992759,1788633299999,futures
1788633300000,2026-09-05T18:35:00.000Z,2026-09-06 02:35,0.09246,0.09274,0.09226,0.09233,34222409,1788633599999,futures
1788633600000,2026-09-05T18:40:00.000Z,2026-09-06 02:40,0.09233,0.09233,0.09154,0.09187,74714868,1788633899999,futures
1788633900000,2026-09-05T18:45:00.000Z,2026-09-06 02:45,0.09187,0.09212,0.09182,0.09189,57299293,1788634199999,futures
1788634200000,2026-09-05T18:50:00.000Z,2026-09-06 02:50,0.0919,0.09196,0.09169,0.09175,32507620,1788634499999,futures
1788634500000,2026-09-05T18:55:00.000Z,2026-09-06 02:55,0.09175,0.09201,0.09175,0.09179,29515391,1788634799999,futures
1788634800000,2026-09-05T19:00:00.000Z,2026-09-06 03:00,0.09179,0.09188,0.09125,0.0913,81171273,1788635099999,futures
1788635100000,2026-09-05T19:05:00.000Z,2026-09-06 03:05,0.0913,0.09157,0.0913,0.0914,27291818,1788635399999,futures
1788635400000,2026-09-05T19:10:00.000Z,2026-09-06 03:10,0.09141,0.09179,0.09139,0.09146,33273634,1788635699999,futures
1788635700000,2026-09-05T19:15:00.000Z,2026-09-06 03:15,0.09145,0.09146,0.0912,0.09124,22880457,1788635999999,futures
1788636000000,2026-09-05T19:20:00.000Z,2026-09-06 03:20,0.09125,0.0913,0.09047,0.0911,91924208,1788636299999,futures
1788636300000,2026-09-05T19:25:00.000Z,2026-09-06 03:25,0.0911,0.09124,0.09104,0.09111,24969493,1788636599999,futures
1788636600000,2026-09-05T19:30:00.000Z,2026-09-06 03:30,0.09112,0.09124,0.09073,0.09074,26671171,1788636899999,futures
1788636900000,2026-09-05T19:35:00.000Z,2026-09-06 03:35,0.09075,0.0909,0.09054,0.09059,37246099,1788637199999,futures
1788637200000,2026-09-05T19:40:00.000Z,2026-09-06 03:40,0.09059,0.091,0.09059,0.09093,27881754,1788637499999,futures
1788637500000,2026-09-05T19:45:00.000Z,2026-09-06 03:45,0.09092,0.09094,0.09032,0.09053,59589570,1788637799999,futures
1788637800000,2026-09-05T19:50:00.000Z,2026-09-06 03:50,0.09053,0.0908,0.09046,0.09069,33193505,1788638099999,futures
1788638100000,2026-09-05T19:55:00.000Z,2026-09-06 03:55,0.09069,0.09091,0.09064,0.09075,34894951,1788638399999,futures
1788638400000,2026-09-05T20:00:00.000Z,2026-09-06 04:00,0.09075,0.09108,0.09064,0.09064,34747827,1788638699999,futures
1788638700000,2026-09-05T20:05:00.000Z,2026-09-06 04:05,0.09064,0.09111,0.09062,0.09096,27412470,1788638999999,futures
1788639000000,2026-09-05T20:10:00.000Z,2026-09-06 04:10,0.09096,0.09129,0.09088,0.09108,46640153,1788639299999,futures
1788639300000,2026-09-05T20:15:00.000Z,2026-09-06 04:15,0.09108,0.09108,0.09045,0.09053,39122966,1788639599999,futures
1788639600000,2026-09-05T20:20:00.000Z,2026-09-06 04:20,0.09052,0.09087,0.09051,0.09077,18747485,1788639899999,futures
1788639900000,2026-09-05T20:25:00.000Z,2026-09-06 04:25,0.09077,0.09105,0.09064,0.09076,38446022,1788640199999,futures
1788640200000,2026-09-05T20:30:00.000Z,2026-09-06 04:30,0.09076,0.09078,0.09036,0.09044,33348707,1788640499999,futures
1788640500000,2026-09-05T20:35:00.000Z,2026-09-06 04:35,0.09044,0.09077,0.0904,0.09056,28614391,1788640799999,futures
1788640800000,2026-09-05T20:40:00.000Z,2026-09-06 04:40,0.09056,0.09093,0.09056,0.09091,28268043,1788641099999,futures
1788641100000,2026-09-05T20:45:00.000Z,2026-09-06 04:45,0.09092,0.09098,0.09077,0.09088,13086554,1788641399999,futures
1788641400000,2026-09-05T20:50:00.000Z,2026-09-06 04:50,0.09088,0.091,0.09056,0.09068,32169418,1788641699999,futures
1788641700000,2026-09-05T20:55:00.000Z,2026-09-06 04:55,0.09068,0.09073,0.09061,0.09066,9163931,1788641999999,futures
1788642000000,2026-09-05T21:00:00.000Z,2026-09-06 05:00,0.09066,0.09085,0.09065,0.09077,21916754,1788642299999,futures
1788642300000,2026-09-05T21:05:00.000Z,2026-09-06 05:05,0.09077,0.09094,0.09062,0.09089,18749057,1788642599999,futures
1788642600000,2026-09-05T21:10:00.000Z,2026-09-06 05:10,0.09089,0.09107,0.09082,0.09095,18402240,1788642899999,futures
1788642900000,2026-09-05T21:15:00.000Z,2026-09-06 05:15,0.09095,0.091,0.09082,0.09098,11343315,1788643199999,futures
1788643200000,2026-09-05T21:20:00.000Z,2026-09-06 05:20,0.09098,0.0912,0.09097,0.09118,18354213,1788643499999,futures
1788643500000,2026-09-05T21:25:00.000Z,2026-09-06 05:25,0.09117,0.09132,0.091,0.09126,28428676,1788643799999,futures
1788643800000,2026-09-05T21:30:00.000Z,2026-09-06 05:30,0.09125,0.09129,0.09102,0.09105,19355152,1788644099999,futures
1788644100000,2026-09-05T21:35:00.000Z,2026-09-06 05:35,0.09105,0.09115,0.09098,0.09114,10172456,1788644399999,futures
1788644400000,2026-09-05T21:40:00.000Z,2026-09-06 05:40,0.09113,0.09126,0.09091,0.09122,14647886,1788644699999,futures
1788644700000,2026-09-05T21:45:00.000Z,2026-09-06 05:45,0.09122,0.09126,0.08986,0.09052,147991693,1788644999999,futures
1788645000000,2026-09-05T21:50:00.000Z,2026-09-06 05:50,0.09052,0.09071,0.0903,0.09052,34862621,1788645299999,futures
1788645300000,2026-09-05T21:55:00.000Z,2026-09-06 05:55,0.09052,0.09063,0.0905,0.09057,11302478,1788645599999,futures
1788645600000,2026-09-05T22:00:00.000Z,2026-09-06 06:00,0.09057,0.09102,0.09053,0.09081,65626244,1788645899999,futures
1788645900000,2026-09-05T22:05:00.000Z,2026-09-06 06:05,0.0908,0.091,0.09068,0.09073,23910286,1788646199999,futures
1788646200000,2026-09-05T22:10:00.000Z,2026-09-06 06:10,0.09073,0.09087,0.09069,0.09079,15432642,1788646499999,futures
1788646500000,2026-09-05T22:15:00.000Z,2026-09-06 06:15,0.09079,0.09089,0.09054,0.09055,20149277,1788646799999,futures
1788646800000,2026-09-05T22:20:00.000Z,2026-09-06 06:20,0.09054,0.09065,0.09045,0.09053,24378073,1788647099999,futures
1788647100000,2026-09-05T22:25:00.000Z,2026-09-06 06:25,0.09053,0.09053,0.09018,0.09029,30846911,1788647399999,futures
1788647400000,2026-09-05T22:30:00.000Z,2026-09-06 06:30,0.09028,0.09042,0.09016,0.09024,24547189,1788647699999,futures
1788647700000,2026-09-05T22:35:00.000Z,2026-09-06 06:35,0.09024,0.09025,0.09,0.09013,24771571,1788647999999,futures
1788648000000,2026-09-05T22:40:00.000Z,2026-09-06 06:40,0.09013,0.09017,0.08996,0.09,42076402,1788648299999,futures
1788648300000,2026-09-05T22:45:00.000Z,2026-09-06 06:45,0.08999,0.09005,0.08988,0.08993,25273926,1788648599999,futures
1788648600000,2026-09-05T22:50:00.000Z,2026-09-06 06:50,0.08993,0.09009,0.08992,0.09003,15283153,1788648899999,futures
1788648900000,2026-09-05T22:55:00.000Z,2026-09-06 06:55,0.09004,0.09018,0.08993,0.09008,28153546,1788649199999,futures
1788649200000,2026-09-05T23:00:00.000Z,2026-09-06 07:00,0.09007,0.09007,0.08988,0.08989,27405955,1788649499999,futures
1788649500000,2026-09-05T23:05:00.000Z,2026-09-06 07:05,0.08988,0.09008,0.08988,0.08997,17200584,1788649799999,futures
1788649800000,2026-09-05T23:10:00.000Z,2026-09-06 07:10,0.08997,0.08998,0.08985,0.08988,10579834,1788650099999,futures
1788650100000,2026-09-05T23:15:00.000Z,2026-09-06 07:15,0.08988,0.09003,0.08971,0.09003,24439931,1788650399999,futures
1788650400000,2026-09-05T23:20:00.000Z,2026-09-06 07:20,0.09003,0.09006,0.08973,0.08976,22042535,1788650699999,futures
1788650700000,2026-09-05T23:25:00.000Z,2026-09-06 07:25,0.08975,0.08991,0.08971,0.08984,27793433,1788650999999,futures
1788651000000,2026-09-05T23:30:00.000Z,2026-09-06 07:30,0.08984,0.09,0.08984,0.08995,19130331,1788651299999,futures
1788651300000,2026-09-05T23:35:00.000Z,2026-09-06 07:35,0.08995,0.09,0.08919,0.08962,97842759,1788651599999,futures
1788651600000,2026-09-05T23:40:00.000Z,2026-09-06 07:40,0.08962,0.08966,0.0895,0.08956,23931689,1788651899999,futures
1788651900000,2026-09-05T23:45:00.000Z,2026-09-06 07:45,0.08956,0.08997,0.08954,0.08984,33675703,1788652199999,futures
1788652200000,2026-09-05T23:50:00.000Z,2026-09-06 07:50,0.08983,0.08991,0.08971,0.0898,43869398,1788652499999,futures
1788652500000,2026-09-05T23:55:00.000Z,2026-09-06 07:55,0.0898,0.0898,0.0895,0.08963,22584941,1788652799999,futures
1788652800000,2026-09-06T00:00:00.000Z,2026-09-06 08:00,0.08963,0.08984,0.08962,0.08981,25273617,1788653099999,futures
1788653100000,2026-09-06T00:05:00.000Z,2026-09-06 08:05,0.08981,0.08993,0.0898,0.08991,22092965,1788653399999,futures
1788653400000,2026-09-06T00:10:00.000Z,2026-09-06 08:10,0.08991,0.08993,0.08986,0.08988,11960232,1788653699999,futures
1788653700000,2026-09-06T00:15:00.000Z,2026-09-06 08:15,0.08988,0.09001,0.08982,0.08998,22189931,1788653999999,futures
1788654000000,2026-09-06T00:20:00.000Z,2026-09-06 08:20,0.08998,0.09011,0.08997,0.09009,23354959,1788654299999,futures
1788654300000,2026-09-06T00:25:00.000Z,2026-09-06 08:25,0.09009,0.09024,0.09008,0.09015,28923728,1788654599999,futures
1788654600000,2026-09-06T00:30:00.000Z,2026-09-06 08:30,0.09014,0.09035,0.09014,0.09023,24629276,1788654899999,futures
1788654900000,2026-09-06T00:35:00.000Z,2026-09-06 08:35,0.09024,0.09033,0.09007,0.09018,27726269,1788655199999,futures
1788655200000,2026-09-06T00:40:00.000Z,2026-09-06 08:40,0.09019,0.09038,0.09016,0.09021,28616239,1788655499999,futures
1788655500000,2026-09-06T00:45:00.000Z,2026-09-06 08:45,0.09022,0.09022,0.0901,0.09013,15378278,1788655799999,futures
1788655800000,2026-09-06T00:50:00.000Z,2026-09-06 08:50,0.09014,0.09025,0.09005,0.09018,20070133,1788656099999,futures
1788656100000,2026-09-06T00:55:00.000Z,2026-09-06 08:55,0.09019,0.09041,0.09015,0.09018,30168003,1788656399999,futures
1788656400000,2026-09-06T01:00:00.000Z,2026-09-06 09:00,0.09018,0.09052,0.09008,0.09018,24854967,1788656699999,futures
1788656700000,2026-09-06T01:05:00.000Z,2026-09-06 09:05,0.09018,0.09043,0.09011,0.09042,29951807,1788656999999,futures
1788657000000,2026-09-06T01:10:00.000Z,2026-09-06 09:10,0.09042,0.09059,0.09033,0.09043,36006960,1788657299999,futures
1788657300000,2026-09-06T01:15:00.000Z,2026-09-06 09:15,0.09043,0.09047,0.09024,0.09032,33374301,1788657599999,futures
1788657600000,2026-09-06T01:20:00.000Z,2026-09-06 09:20,0.09032,0.09051,0.09016,0.09047,26106685,1788657899999,futures
1788657900000,2026-09-06T01:25:00.000Z,2026-09-06 09:25,0.09048,0.09048,0.09033,0.09039,12916331,1788658199999,futures
1788658200000,2026-09-06T01:30:00.000Z,2026-09-06 09:30,0.0904,0.09058,0.09037,0.09057,21982785,1788658499999,futures
1788658500000,2026-09-06T01:35:00.000Z,2026-09-06 09:35,0.09057,0.09079,0.09053,0.09078,40812937,1788658799999,futures
1788658800000,2026-09-06T01:40:00.000Z,2026-09-06 09:40,0.09077,0.09083,0.09052,0.09052,25330240,1788659099999,futures
1788659100000,2026-09-06T01:45:00.000Z,2026-09-06 09:45,0.09052,0.09081,0.09036,0.09066,40061073,1788659399999,futures
1788659400000,2026-09-06T01:50:00.000Z,2026-09-06 09:50,0.09066,0.09087,0.09064,0.09075,18810925,1788659699999,futures
1788659700000,2026-09-06T01:55:00.000Z,2026-09-06 09:55,0.09074,0.09093,0.09058,0.09076,44246789,1788659999999,futures
1788660000000,2026-09-06T02:00:00.000Z,2026-09-06 10:00,0.09076,0.09096,0.09064,0.09067,23022825,1788660299999,futures
1788660300000,2026-09-06T02:05:00.000Z,2026-09-06 10:05,0.09067,0.09094,0.09067,0.0909,18152520,1788660599999,futures
1788660600000,2026-09-06T02:10:00.000Z,2026-09-06 10:10,0.09089,0.09091,0.09075,0.09076,17077837,1788660899999,futures
1788660900000,2026-09-06T02:15:00.000Z,2026-09-06 10:15,0.09077,0.09087,0.09064,0.09066,27245866,1788661199999,futures
1788661200000,2026-09-06T02:20:00.000Z,2026-09-06 10:20,0.09066,0.09075,0.09053,0.09075,19013867,1788661499999,futures
1788661500000,2026-09-06T02:25:00.000Z,2026-09-06 10:25,0.09075,0.09076,0.09061,0.09072,10573320,1788661799999,futures
1788661800000,2026-09-06T02:30:00.000Z,2026-09-06 10:30,0.09073,0.09099,0.09073,0.09099,15026806,1788662099999,futures
1788662100000,2026-09-06T02:35:00.000Z,2026-09-06 10:35,0.09099,0.09099,0.09073,0.0909,12593973,1788662399999,futures
1788662400000,2026-09-06T02:40:00.000Z,2026-09-06 10:40,0.0909,0.091,0.09077,0.09082,15093239,1788662699999,futures
1788662700000,2026-09-06T02:45:00.000Z,2026-09-06 10:45,0.09082,0.09088,0.0907,0.09087,18668995,1788662999999,futures
1788663000000,2026-09-06T02:50:00.000Z,2026-09-06 10:50,0.09088,0.09099,0.09085,0.09089,11064545,1788663299999,futures
1788663300000,2026-09-06T02:55:00.000Z,2026-09-06 10:55,0.09089,0.09098,0.09086,0.0909,10911101,1788663599999,futures
1788663600000,2026-09-06T03:00:00.000Z,2026-09-06 11:00,0.0909,0.09094,0.09081,0.09087,18982191,1788663899999,futures
1788663900000,2026-09-06T03:05:00.000Z,2026-09-06 11:05,0.09087,0.09087,0.09072,0.09077,9370640,1788664199999,futures
1788664200000,2026-09-06T03:10:00.000Z,2026-09-06 11:10,0.09077,0.0909,0.09076,0.09087,9719870,1788664499999,futures
1788664500000,2026-09-06T03:15:00.000Z,2026-09-06 11:15,0.09088,0.09098,0.09081,0.0909,11084146,1788664799999,futures
1788664800000,2026-09-06T03:20:00.000Z,2026-09-06 11:20,0.09091,0.09091,0.0908,0.09086,6852605,1788665099999,futures
1788665100000,2026-09-06T03:25:00.000Z,2026-09-06 11:25,0.09086,0.09087,0.09067,0.09078,16110968,1788665399999,futures
1788665400000,2026-09-06T03:30:00.000Z,2026-09-06 11:30,0.09079,0.091,0.09079,0.09094,14741226,1788665699999,futures
1788665700000,2026-09-06T03:35:00.000Z,2026-09-06 11:35,0.09093,0.09157,0.09092,0.09138,114375999,1788665999999,futures
1788666000000,2026-09-06T03:40:00.000Z,2026-09-06 11:40,0.09139,0.0917,0.09138,0.0916,82032069,1788666299999,futures
1788666300000,2026-09-06T03:45:00.000Z,2026-09-06 11:45,0.0916,0.0916,0.09127,0.09128,23967325,1788666599999,futures
1788666600000,2026-09-06T03:50:00.000Z,2026-09-06 11:50,0.09127,0.09137,0.09123,0.09128,15352111,1788666899999,futures
1788666900000,2026-09-06T03:55:00.000Z,2026-09-06 11:55,0.09128,0.09133,0.09124,0.09126,16414267,1788667199999,futures
1788667200000,2026-09-06T04:00:00.000Z,2026-09-06 12:00,0.09126,0.09127,0.09101,0.09108,40132078,1788667499999,futures
1788667500000,2026-09-06T04:05:00.000Z,2026-09-06 12:05,0.09108,0.09113,0.09077,0.09086,63305647,1788667799999,futures
1788667800000,2026-09-06T04:10:00.000Z,2026-09-06 12:10,0.09086,0.09113,0.09086,0.09103,22422311,1788668099999,futures
1788668100000,2026-09-06T04:15:00.000Z,2026-09-06 12:15,0.09104,0.09114,0.09072,0.09076,55555549,1788668399999,futures
1788668400000,2026-09-06T04:20:00.000Z,2026-09-06 12:20,0.09076,0.09077,0.09032,0.09055,102088511,1788668699999,futures
1788668700000,2026-09-06T04:25:00.000Z,2026-09-06 12:25,0.09055,0.09062,0.09051,0.09059,18641336,1788668999999,futures
1788669000000,2026-09-06T04:30:00.000Z,2026-09-06 12:30,0.09058,0.09063,0.09021,0.09033,92945286,1788669299999,futures
1788669300000,2026-09-06T04:35:00.000Z,2026-09-06 12:35,0.09034,0.09054,0.09033,0.09049,36648714,1788669599999,futures
1788669600000,2026-09-06T04:40:00.000Z,2026-09-06 12:40,0.09048,0.09067,0.09046,0.09063,17869004,1788669899999,futures
1788669900000,2026-09-06T04:45:00.000Z,2026-09-06 12:45,0.09064,0.09069,0.09054,0.09063,20327381,1788670199999,futures
1788670200000,2026-09-06T04:50:00.000Z,2026-09-06 12:50,0.09065,0.09067,0.09044,0.09053,17351713,1788670499999,futures
1788670500000,2026-09-06T04:55:00.000Z,2026-09-06 12:55,0.09052,0.09056,0.09048,0.09049,11390869,1788670799999,futures
1788670800000,2026-09-06T05:00:00.000Z,2026-09-06 13:00,0.0905,0.09057,0.09041,0.09052,12608128,1788671099999,futures
1788671100000,2026-09-06T05:05:00.000Z,2026-09-06 13:05,0.09051,0.0906,0.09044,0.09051,15991295,1788671399999,futures
1788671400000,2026-09-06T05:10:00.000Z,2026-09-06 13:10,0.0905,0.09053,0.09033,0.0904,15354270,1788671699999,futures
1788671700000,2026-09-06T05:15:00.000Z,2026-09-06 13:15,0.09041,0.09072,0.09041,0.09066,22273265,1788671999999,futures
1788672000000,2026-09-06T05:20:00.000Z,2026-09-06 13:20,0.09066,0.09088,0.09064,0.09086,20320907,1788672299999,futures
1788672300000,2026-09-06T05:25:00.000Z,2026-09-06 13:25,0.09087,0.09094,0.09076,0.0908,20754566,1788672599999,futures
1788672600000,2026-09-06T05:30:00.000Z,2026-09-06 13:30,0.0908,0.0911,0.09077,0.091,23411677,1788672899999,futures
1788672900000,2026-09-06T05:35:00.000Z,2026-09-06 13:35,0.09101,0.09148,0.09101,0.09145,67189851,1788673199999,futures
1788673200000,2026-09-06T05:40:00.000Z,2026-09-06 13:40,0.09146,0.09166,0.09124,0.09137,40660862,1788673499999,futures
1788673500000,2026-09-06T05:45:00.000Z,2026-09-06 13:45,0.09137,0.0919,0.09118,0.09146,61062282,1788673799999,futures
1788673800000,2026-09-06T05:50:00.000Z,2026-09-06 13:50,0.09146,0.09153,0.09142,0.09147,14746755,1788674099999,futures
1788674100000,2026-09-06T05:55:00.000Z,2026-09-06 13:55,0.09147,0.09149,0.09135,0.09149,16775778,1788674399999,futures
1788674400000,2026-09-06T06:00:00.000Z,2026-09-06 14:00,0.09149,0.09157,0.0914,0.09156,23336941,1788674699999,futures
1788674700000,2026-09-06T06:05:00.000Z,2026-09-06 14:05,0.09156,0.09163,0.09153,0.09161,18127275,1788674999999,futures
1788675000000,2026-09-06T06:10:00.000Z,2026-09-06 14:10,0.09161,0.09198,0.09159,0.09182,40890520,1788675299999,futures
1788675300000,2026-09-06T06:15:00.000Z,2026-09-06 14:15,0.09182,0.09185,0.09152,0.09165,31611709,1788675599999,futures
1788675600000,2026-09-06T06:20:00.000Z,2026-09-06 14:20,0.09165,0.09165,0.09104,0.09125,64072619,1788675899999,futures
1788675900000,2026-09-06T06:25:00.000Z,2026-09-06 14:25,0.09125,0.09137,0.09124,0.09124,15495233,1788676199999,futures
1788676200000,2026-09-06T06:30:00.000Z,2026-09-06 14:30,0.09124,0.09139,0.09121,0.09121,16419133,1788676499999,futures
1788676500000,2026-09-06T06:35:00.000Z,2026-09-06 14:35,0.09121,0.09153,0.09121,0.09146,43803631,1788676799999,futures
1788676800000,2026-09-06T06:40:00.000Z,2026-09-06 14:40,0.09145,0.09154,0.0914,0.0915,23028699,1788677099999,futures
1788677100000,2026-09-06T06:45:00.000Z,2026-09-06 14:45,0.0915,0.0915,0.09116,0.0912,24468275,1788677399999,futures
1788677400000,2026-09-06T06:50:00.000Z,2026-09-06 14:50,0.0912,0.09131,0.09113,0.09121,15935839,1788677699999,futures
1788677700000,2026-09-06T06:55:00.000Z,2026-09-06 14:55,0.09121,0.09122,0.09106,0.09109,15248816,1788677999999,futures
1788678000000,2026-09-06T07:00:00.000Z,2026-09-06 15:00,0.0911,0.09125,0.09102,0.09117,17353082,1788678299999,futures
1788678300000,2026-09-06T07:05:00.000Z,2026-09-06 15:05,0.09118,0.09128,0.09084,0.09093,39932117,1788678599999,futures
1788678600000,2026-09-06T07:10:00.000Z,2026-09-06 15:10,0.09092,0.09111,0.0903,0.09049,106013734,1788678899999,futures
1788678900000,2026-09-06T07:15:00.000Z,2026-09-06 15:15,0.09049,0.09108,0.09049,0.091,51060013,1788679199999,futures
1788679200000,2026-09-06T07:20:00.000Z,2026-09-06 15:20,0.09099,0.09119,0.09072,0.09073,43783182,1788679499999,futures
1788679500000,2026-09-06T07:25:00.000Z,2026-09-06 15:25,0.09073,0.09086,0.0906,0.0906,30520144,1788679799999,futures
1788679800000,2026-09-06T07:30:00.000Z,2026-09-06 15:30,0.09061,0.09068,0.09051,0.09063,20043354,1788680099999,futures
1788680100000,2026-09-06T07:35:00.000Z,2026-09-06 15:35,0.09063,0.09077,0.09058,0.09077,13815602,1788680399999,futures
1788680400000,2026-09-06T07:40:00.000Z,2026-09-06 15:40,0.09077,0.09082,0.09069,0.09078,11352874,1788680699999,futures
1788680700000,2026-09-06T07:45:00.000Z,2026-09-06 15:45,0.09079,0.09085,0.0907,0.09082,11017406,1788680999999,futures
1788681000000,2026-09-06T07:50:00.000Z,2026-09-06 15:50,0.09082,0.09086,0.09077,0.09086,11080582,1788681299999,futures
1788681300000,2026-09-06T07:55:00.000Z,2026-09-06 15:55,0.09085,0.09097,0.09081,0.09081,10714995,1788681599999,futures
1788681600000,2026-09-06T08:00:00.000Z,2026-09-06 16:00,0.09082,0.09086,0.09075,0.09082,7861225,1788681899999,futures
1788681900000,2026-09-06T08:05:00.000Z,2026-09-06 16:05,0.09083,0.09097,0.0908,0.0909,11247504,1788682199999,futures
1788682200000,2026-09-06T08:10:00.000Z,2026-09-06 16:10,0.0909,0.09094,0.09082,0.09089,9387430,1788682499999,futures
1788682500000,2026-09-06T08:15:00.000Z,2026-09-06 16:15,0.0909,0.09093,0.09072,0.09074,12503452,1788682799999,futures
1788682800000,2026-09-06T08:20:00.000Z,2026-09-06 16:20,0.09075,0.09084,0.0907,0.09076,13388670,1788683099999,futures
1788683100000,2026-09-06T08:25:00.000Z,2026-09-06 16:25,0.09076,0.09076,0.09057,0.09059,13256329,1788683399999,futures
1788683400000,2026-09-06T08:30:00.000Z,2026-09-06 16:30,0.0906,0.09069,0.09056,0.09064,14272435,1788683699999,futures
1788683700000,2026-09-06T08:35:00.000Z,2026-09-06 16:35,0.09064,0.09066,0.09052,0.09064,16059853,1788683999999,futures
1788684000000,2026-09-06T08:40:00.000Z,2026-09-06 16:40,0.09064,0.09068,0.09051,0.09064,14806518,1788684299999,futures
1788684300000,2026-09-06T08:45:00.000Z,2026-09-06 16:45,0.09065,0.09065,0.09046,0.09059,15035638,1788684599999,futures
1788684600000,2026-09-06T08:50:00.000Z,2026-09-06 16:50,0.09059,0.09074,0.09045,0.09074,16613435,1788684899999,futures
1788684900000,2026-09-06T08:55:00.000Z,2026-09-06 16:55,0.09073,0.09079,0.0906,0.09063,18993270,1788685199999,futures
1788685200000,2026-09-06T09:00:00.000Z,2026-09-06 17:00,0.09063,0.09066,0.09041,0.09065,33398892,1788685499999,futures
1788685500000,2026-09-06T09:05:00.000Z,2026-09-06 17:05,0.09064,0.09068,0.09058,0.09061,4988855,1788685799999,futures
1788685800000,2026-09-06T09:10:00.000Z,2026-09-06 17:10,0.09061,0.09074,0.09051,0.09071,27172671,1788686099999,futures
1788686100000,2026-09-06T09:15:00.000Z,2026-09-06 17:15,0.09071,0.09092,0.09058,0.09083,26318843,1788686399999,futures
1788686400000,2026-09-06T09:20:00.000Z,2026-09-06 17:20,0.09083,0.09101,0.09081,0.0909,27113816,1788686699999,futures
1788686700000,2026-09-06T09:25:00.000Z,2026-09-06 17:25,0.0909,0.09097,0.09083,0.09093,13407498,1788686999999,futures
1788687000000,2026-09-06T09:30:00.000Z,2026-09-06 17:30,0.09093,0.09115,0.09087,0.09099,22328150,1788687299999,futures
1788687300000,2026-09-06T09:35:00.000Z,2026-09-06 17:35,0.09099,0.09105,0.0908,0.09089,21300671,1788687599999,futures
1788687600000,2026-09-06T09:40:00.000Z,2026-09-06 17:40,0.09089,0.09094,0.08813,0.08984,467019960,1788687899999,futures
1788687900000,2026-09-06T09:45:00.000Z,2026-09-06 17:45,0.08984,0.09023,0.08961,0.09015,105713074,1788688199999,futures
1788688200000,2026-09-06T09:50:00.000Z,2026-09-06 17:50,0.09015,0.09021,0.08996,0.08998,48804147,1788688499999,futures
1788688500000,2026-09-06T09:55:00.000Z,2026-09-06 17:55,0.08998,0.09026,0.08998,0.09021,44833182,1788688799999,futures
1788688800000,2026-09-06T10:00:00.000Z,2026-09-06 18:00,0.09022,0.09033,0.09006,0.09015,72803671,1788689099999,futures
1788689100000,2026-09-06T10:05:00.000Z,2026-09-06 18:05,0.09015,0.09027,0.09009,0.09016,22420896,1788689399999,futures
1788689400000,2026-09-06T10:10:00.000Z,2026-09-06 18:10,0.09016,0.09017,0.08996,0.09002,22082721,1788689699999,futures
1788689700000,2026-09-06T10:15:00.000Z,2026-09-06 18:15,0.09001,0.09014,0.08991,0.08993,34772579,1788689999999,futures
1788690000000,2026-09-06T10:20:00.000Z,2026-09-06 18:20,0.08994,0.08999,0.08983,0.08986,34091875,1788690299999,futures
1788690300000,2026-09-06T10:25:00.000Z,2026-09-06 18:25,0.08986,0.08986,0.08974,0.0898,27338917,1788690599999,futures
1788690600000,2026-09-06T10:30:00.000Z,2026-09-06 18:30,0.0898,0.0898,0.08949,0.08968,41948021,1788690899999,futures
1788690900000,2026-09-06T10:35:00.000Z,2026-09-06 18:35,0.08968,0.08976,0.08964,0.08969,19955998,1788691199999,futures
1788691200000,2026-09-06T10:40:00.000Z,2026-09-06 18:40,0.0897,0.08996,0.08969,0.08992,21429675,1788691499999,futures
1788691500000,2026-09-06T10:45:00.000Z,2026-09-06 18:45,0.08993,0.08994,0.08982,0.08994,22195159,1788691799999,futures
1788691800000,2026-09-06T10:50:00.000Z,2026-09-06 18:50,0.08993,0.09,0.08986,0.09,12524665,1788692099999,futures
1788692100000,2026-09-06T10:55:00.000Z,2026-09-06 18:55,0.09,0.09009,0.08995,0.09004,16167820,1788692399999,futures
1788692400000,2026-09-06T11:00:00.000Z,2026-09-06 19:00,0.09003,0.09008,0.08994,0.09005,20525772,1788692699999,futures
1788692700000,2026-09-06T11:05:00.000Z,2026-09-06 19:05,0.09004,0.09016,0.09002,0.09009,17816535,1788692999999,futures
1788693000000,2026-09-06T11:10:00.000Z,2026-09-06 19:10,0.09008,0.09017,0.08992,0.09016,22346599,1788693299999,futures
1788693300000,2026-09-06T11:15:00.000Z,2026-09-06 19:15,0.09016,0.09016,0.09005,0.09011,11628451,1788693599999,futures
1788693600000,2026-09-06T11:20:00.000Z,2026-09-06 19:20,0.0901,0.09014,0.08993,0.09006,19242304,1788693899999,futures
1788693900000,2026-09-06T11:25:00.000Z,2026-09-06 19:25,0.09007,0.09017,0.08988,0.09,28161834,1788694199999,futures
1788694200000,2026-09-06T11:30:00.000Z,2026-09-06 19:30,0.09,0.0901,0.08992,0.0901,9205334,1788694499999,futures
1788694500000,2026-09-06T11:35:00.000Z,2026-09-06 19:35,0.09009,0.0901,0.08982,0.08985,19356363,1788694799999,futures
1788694800000,2026-09-06T11:40:00.000Z,2026-09-06 19:40,0.08986,0.09,0.08973,0.08995,30659003,1788695099999,futures
1788695100000,2026-09-06T11:45:00.000Z,2026-09-06 19:45,0.08995,0.09009,0.08991,0.08999,9562451,1788695399999,futures
1788695400000,2026-09-06T11:50:00.000Z,2026-09-06 19:50,0.08998,0.09011,0.08997,0.09,19183817,1788695699999,futures
1788695700000,2026-09-06T11:55:00.000Z,2026-09-06 19:55,0.09001,0.09008,0.08998,0.09008,10148565,1788695999999,futures
1788696000000,2026-09-06T12:00:00.000Z,2026-09-06 20:00,0.09008,0.09008,0.08988,0.08988,14588725,1788696299999,futures
1788696300000,2026-09-06T12:05:00.000Z,2026-09-06 20:05,0.08989,0.08996,0.08979,0.08993,15446418,1788696599999,futures
1788696600000,2026-09-06T12:10:00.000Z,2026-09-06 20:10,0.08993,0.08998,0.08984,0.08997,8544248,1788696899999,futures
1788696900000,2026-09-06T12:15:00.000Z,2026-09-06 20:15,0.08997,0.09004,0.08991,0.08996,9018852,1788697199999,futures
1788697200000,2026-09-06T12:20:00.000Z,2026-09-06 20:20,0.08996,0.09008,0.08992,0.08994,12316002,1788697499999,futures
1788697500000,2026-09-06T12:25:00.000Z,2026-09-06 20:25,0.08995,0.09001,0.08986,0.08991,24851930,1788697799999,futures
1788697800000,2026-09-06T12:30:00.000Z,2026-09-06 20:30,0.08991,0.09005,0.08987,0.08997,17137492,1788698099999,futures
1788698100000,2026-09-06T12:35:00.000Z,2026-09-06 20:35,0.08996,0.09004,0.08986,0.08996,13278242,1788698399999,futures
1788698400000,2026-09-06T12:40:00.000Z,2026-09-06 20:40,0.08997,0.08997,0.08966,0.08977,27307812,1788698699999,futures
1788698700000,2026-09-06T12:45:00.000Z,2026-09-06 20:45,0.08977,0.08985,0.08965,0.08975,20877937,1788698999999,futures
1788699000000,2026-09-06T12:50:00.000Z,2026-09-06 20:50,0.08975,0.08996,0.08973,0.08977,18234764,1788699299999,futures
1788699300000,2026-09-06T12:55:00.000Z,2026-09-06 20:55,0.08977,0.0898,0.08961,0.08964,24021069,1788699599999,futures
1788699600000,2026-09-06T13:00:00.000Z,2026-09-06 21:00,0.08964,0.08974,0.08941,0.08968,49054722,1788699899999,futures
1788699900000,2026-09-06T13:05:00.000Z,2026-09-06 21:05,0.08968,0.08995,0.08966,0.08981,21236141,1788700199999,futures
1788700200000,2026-09-06T13:10:00.000Z,2026-09-06 21:10,0.08981,0.08986,0.08973,0.08976,12172027,1788700499999,futures
1788700500000,2026-09-06T13:15:00.000Z,2026-09-06 21:15,0.08977,0.08979,0.08943,0.08948,34578906,1788700799999,futures
1788700800000,2026-09-06T13:20:00.000Z,2026-09-06 21:20,0.08948,0.0895,0.08926,0.08935,50261976,1788701099999,futures
1788701100000,2026-09-06T13:25:00.000Z,2026-09-06 21:25,0.08935,0.08946,0.0893,0.0893,20975869,1788701399999,futures
1788701400000,2026-09-06T13:30:00.000Z,2026-09-06 21:30,0.0893,0.08943,0.08913,0.08923,40015592,1788701699999,futures
1788701700000,2026-09-06T13:35:00.000Z,2026-09-06 21:35,0.08924,0.08956,0.08924,0.08949,21784756,1788701999999,futures
1788702000000,2026-09-06T13:40:00.000Z,2026-09-06 21:40,0.08949,0.08971,0.08948,0.08964,17416731,1788702299999,futures
1788702300000,2026-09-06T13:45:00.000Z,2026-09-06 21:45,0.08964,0.08964,0.08945,0.08955,23155332,1788702599999,futures
1788702600000,2026-09-06T13:50:00.000Z,2026-09-06 21:50,0.08955,0.08959,0.08942,0.08957,16493792,1788702899999,futures
1788702900000,2026-09-06T13:55:00.000Z,2026-09-06 21:55,0.08956,0.08978,0.08952,0.08968,34232569,1788703199999,futures
1788703200000,2026-09-06T14:00:00.000Z,2026-09-06 22:00,0.08969,0.0897,0.08954,0.08963,10464113,1788703499999,futures
1788703500000,2026-09-06T14:05:00.000Z,2026-09-06 22:05,0.08962,0.08962,0.08937,0.08941,24111632,1788703799999,futures
1788703800000,2026-09-06T14:10:00.000Z,2026-09-06 22:10,0.08942,0.08947,0.08927,0.0893,15204814,1788704099999,futures
1788704100000,2026-09-06T14:15:00.000Z,2026-09-06 22:15,0.08931,0.08944,0.08823,0.08905,112922130,1788704399999,futures
1788704400000,2026-09-06T14:20:00.000Z,2026-09-06 22:20,0.08905,0.08907,0.08867,0.08879,67297537,1788704699999,futures
1788704700000,2026-09-06T14:25:00.000Z,2026-09-06 22:25,0.08879,0.08892,0.08871,0.08875,26081191,1788704999999,futures
1788705000000,2026-09-06T14:30:00.000Z,2026-09-06 22:30,0.08876,0.08877,0.08751,0.08858,193960231,1788705299999,futures
1788705300000,2026-09-06T14:35:00.000Z,2026-09-06 22:35,0.08858,0.08878,0.08854,0.08875,47122821,1788705599999,futures
1788705600000,2026-09-06T14:40:00.000Z,2026-09-06 22:40,0.08875,0.0889,0.08869,0.08884,41644671,1788705899999,futures
1788705900000,2026-09-06T14:45:00.000Z,2026-09-06 22:45,0.08884,0.08884,0.08846,0.08871,29294273,1788706199999,futures
1788706200000,2026-09-06T14:50:00.000Z,2026-09-06 22:50,0.0887,0.08886,0.08867,0.08868,23511284,1788706499999,futures
1788706500000,2026-09-06T14:55:00.000Z,2026-09-06 22:55,0.08868,0.08872,0.08847,0.08852,21447120,1788706799999,futures
1788706800000,2026-09-06T15:00:00.000Z,2026-09-06 23:00,0.08851,0.08854,0.08776,0.08827,70717922,1788707099999,futures
1788707100000,2026-09-06T15:05:00.000Z,2026-09-06 23:05,0.08827,0.0885,0.08821,0.08829,31006714,1788707399999,futures
1788707400000,2026-09-06T15:10:00.000Z,2026-09-06 23:10,0.08829,0.0884,0.08825,0.08835,10479099,1788707699999,futures
1788707700000,2026-09-06T15:15:00.000Z,2026-09-06 23:15,0.08836,0.08852,0.08831,0.08849,17558008,1788707999999,futures
1788708000000,2026-09-06T15:20:00.000Z,2026-09-06 23:20,0.08849,0.08871,0.08849,0.08861,26791356,1788708299999,futures
1788708300000,2026-09-06T15:25:00.000Z,2026-09-06 23:25,0.08861,0.08871,0.08859,0.08866,11681536,1788708599999,futures
1788708600000,2026-09-06T15:30:00.000Z,2026-09-06 23:30,0.08866,0.08868,0.08852,0.08865,10709528,1788708899999,futures
1788708900000,2026-09-06T15:35:00.000Z,2026-09-06 23:35,0.08864,0.08883,0.08852,0.08876,16817674,1788709199999,futures
1788709200000,2026-09-06T15:40:00.000Z,2026-09-06 23:40,0.08875,0.08889,0.08872,0.08879,50337569,1788709499999,futures
1788709500000,2026-09-06T15:45:00.000Z,2026-09-06 23:45,0.08879,0.08884,0.08873,0.08876,23717671,1788709799999,futures
1788709800000,2026-09-06T15:50:00.000Z,2026-09-06 23:50,0.08876,0.08895,0.0887,0.0887,20477789,1788710099999,futures
1788710100000,2026-09-06T15:55:00.000Z,2026-09-06 23:55,0.08871,0.08903,0.0887,0.08891,28445455,1788710399999,futures
1788710400000,2026-09-06T16:00:00.000Z,2026-09-07 00:00,0.08892,0.08893,0.08865,0.08865,17498791,1788710699999,futures
1788710700000,2026-09-06T16:05:00.000Z,2026-09-07 00:05,0.08866,0.08889,0.08864,0.08878,14933697,1788710999999,futures
1788711000000,2026-09-06T16:10:00.000Z,2026-09-07 00:10,0.08878,0.08906,0.08878,0.08895,22995776,1788711299999,futures
1788711300000,2026-09-06T16:15:00.000Z,2026-09-07 00:15,0.08895,0.08899,0.08884,0.08897,22858049,1788711599999,futures
1788711600000,2026-09-06T16:20:00.000Z,2026-09-07 00:20,0.08897,0.08898,0.08879,0.08883,45968176,1788711899999,futures
1788711900000,2026-09-06T16:25:00.000Z,2026-09-07 00:25,0.08883,0.08908,0.08877,0.08905,13144012,1788712199999,futures
1788712200000,2026-09-06T16:30:00.000Z,2026-09-07 00:30,0.08904,0.08913,0.08893,0.08909,14087964,1788712499999,futures
1788712500000,2026-09-06T16:35:00.000Z,2026-09-07 00:35,0.08909,0.08922,0.08906,0.08921,21350558,1788712799999,futures
1788712800000,2026-09-06T16:40:00.000Z,2026-09-07 00:40,0.08921,0.08936,0.0892,0.08924,24213811,1788713099999,futures
1788713100000,2026-09-06T16:45:00.000Z,2026-09-07 00:45,0.08925,0.08926,0.08914,0.08915,9432804,1788713399999,futures
1788713400000,2026-09-06T16:50:00.000Z,2026-09-07 00:50,0.08916,0.08925,0.08915,0.08915,9487482,1788713699999,futures
1788713700000,2026-09-06T16:55:00.000Z,2026-09-07 00:55,0.08914,0.08925,0.08913,0.08924,9972792,1788713999999,futures
1788714000000,2026-09-06T17:00:00.000Z,2026-09-07 01:00,0.08924,0.0893,0.08906,0.08911,18455078,1788714299999,futures
1788714300000,2026-09-06T17:05:00.000Z,2026-09-07 01:05,0.0891,0.08914,0.08887,0.08891,19335895,1788714599999,futures
1788714600000,2026-09-06T17:10:00.000Z,2026-09-07 01:10,0.08891,0.08913,0.08891,0.08909,12399646,1788714899999,futures
1788714900000,2026-09-06T17:15:00.000Z,2026-09-07 01:15,0.0891,0.08929,0.08909,0.08929,9589038,1788715199999,futures
1788715200000,2026-09-06T17:20:00.000Z,2026-09-07 01:20,0.08928,0.08943,0.08905,0.08915,29470146,1788715499999,futures
1788715500000,2026-09-06T17:25:00.000Z,2026-09-07 01:25,0.08914,0.08924,0.08899,0.089,6994904,1788715799999,futures
1788715800000,2026-09-06T17:30:00.000Z,2026-09-07 01:30,0.089,0.08915,0.08893,0.08904,13608147,1788716099999,futures
1788716100000,2026-09-06T17:35:00.000Z,2026-09-07 01:35,0.08905,0.08926,0.08905,0.08913,8156224,1788716399999,futures
1788716400000,2026-09-06T17:40:00.000Z,2026-09-07 01:40,0.08914,0.08922,0.08908,0.08908,4728375,1788716699999,futures
1788716700000,2026-09-06T17:45:00.000Z,2026-09-07 01:45,0.08908,0.08913,0.08904,0.08911,6783157,1788716999999,futures
1788717000000,2026-09-06T17:50:00.000Z,2026-09-07 01:50,0.0891,0.08915,0.08906,0.08906,3877476,1788717299999,futures
1788717300000,2026-09-06T17:55:00.000Z,2026-09-07 01:55,0.08906,0.0892,0.08906,0.08914,10371378,1788717599999,futures
1788717600000,2026-09-06T18:00:00.000Z,2026-09-07 02:00,0.08913,0.08917,0.08908,0.08908,6523309,1788717899999,futures
1788717900000,2026-09-06T18:05:00.000Z,2026-09-07 02:05,0.08908,0.08921,0.08907,0.08916,11854107,1788718199999,futures
1788718200000,2026-09-06T18:10:00.000Z,2026-09-07 02:10,0.08915,0.08924,0.0891,0.08918,10700147,1788718499999,futures
1788718500000,2026-09-06T18:15:00.000Z,2026-09-07 02:15,0.08918,0.08928,0.08916,0.08921,8741884,1788718799999,futures
1788718800000,2026-09-06T18:20:00.000Z,2026-09-07 02:20,0.08921,0.08927,0.08921,0.08922,3475772,1788719099999,futures
1788719100000,2026-09-06T18:25:00.000Z,2026-09-07 02:25,0.08922,0.0893,0.08918,0.08929,4532155,1788719399999,futures
1788719400000,2026-09-06T18:30:00.000Z,2026-09-07 02:30,0.08929,0.08948,0.08929,0.08941,20467575,1788719699999,futures
1788719700000,2026-09-06T18:35:00.000Z,2026-09-07 02:35,0.08941,0.08956,0.08937,0.08948,14628749,1788719999999,futures
1788720000000,2026-09-06T18:40:00.000Z,2026-09-07 02:40,0.08949,0.08956,0.08941,0.08945,15226998,1788720299999,futures
1788720300000,2026-09-06T18:45:00.000Z,2026-09-07 02:45,0.08946,0.08946,0.08931,0.08939,6419332,1788720599999,futures
1788720600000,2026-09-06T18:50:00.000Z,2026-09-07 02:50,0.08939,0.08943,0.08929,0.08934,8038782,1788720899999,futures
1788720900000,2026-09-06T18:55:00.000Z,2026-09-07 02:55,0.08933,0.08943,0.08932,0.08941,5370055,1788721199999,futures
1788721200000,2026-09-06T19:00:00.000Z,2026-09-07 03:00,0.08941,0.08944,0.08936,0.08942,5805353,1788721499999,futures
1788721500000,2026-09-06T19:05:00.000Z,2026-09-07 03:05,0.08942,0.08943,0.08932,0.08933,5179971,1788721799999,futures
1788721800000,2026-09-06T19:10:00.000Z,2026-09-07 03:10,0.08933,0.08946,0.0893,0.08936,15597770,1788722099999,futures
1788722100000,2026-09-06T19:15:00.000Z,2026-09-07 03:15,0.08936,0.08944,0.08935,0.08938,8203640,1788722399999,futures
1788722400000,2026-09-06T19:20:00.000Z,2026-09-07 03:20,0.08938,0.08945,0.0893,0.08944,5811589,1788722699999,futures
1788722700000,2026-09-06T19:25:00.000Z,2026-09-07 03:25,0.08944,0.08951,0.08943,0.08949,8221384,1788722999999,futures
1788723000000,2026-09-06T19:30:00.000Z,2026-09-07 03:30,0.08948,0.08949,0.08937,0.08941,4535614,1788723299999,futures
1788723300000,2026-09-06T19:35:00.000Z,2026-09-07 03:35,0.08942,0.08947,0.08938,0.08943,4228933,1788723599999,futures
1788723600000,2026-09-06T19:40:00.000Z,2026-09-07 03:40,0.08942,0.08952,0.0894,0.08947,20384360,1788723899999,futures
1788723900000,2026-09-06T19:45:00.000Z,2026-09-07 03:45,0.08947,0.0895,0.08944,0.08949,7574024,1788724199999,futures
1788724200000,2026-09-06T19:50:00.000Z,2026-09-07 03:50,0.08948,0.08953,0.08946,0.08947,5196876,1788724499999,futures
1788724500000,2026-09-06T19:55:00.000Z,2026-09-07 03:55,0.08947,0.08953,0.08944,0.08953,5672746,1788724799999,futures
1788724800000,2026-09-06T20:00:00.000Z,2026-09-07 04:00,0.08953,0.08967,0.08948,0.08951,20765969,1788725099999,futures
1788725100000,2026-09-06T20:05:00.000Z,2026-09-07 04:05,0.08951,0.08953,0.08942,0.08945,6578856,1788725399999,futures
1788725400000,2026-09-06T20:10:00.000Z,2026-09-07 04:10,0.08945,0.0896,0.08945,0.08956,6254872,1788725699999,futures
1788725700000,2026-09-06T20:15:00.000Z,2026-09-07 04:15,0.08956,0.08971,0.08953,0.08967,9922631,1788725999999,futures
1788726000000,2026-09-06T20:20:00.000Z,2026-09-07 04:20,0.08966,0.08978,0.08965,0.08975,13856729,1788726299999,futures
1788726300000,2026-09-06T20:25:00.000Z,2026-09-07 04:25,0.08975,0.09006,0.08975,0.08992,78377985,1788726599999,futures
1788726600000,2026-09-06T20:30:00.000Z,2026-09-07 04:30,0.08992,0.09006,0.08991,0.09001,18191052,1788726899999,futures
1788726900000,2026-09-06T20:35:00.000Z,2026-09-07 04:35,0.09001,0.09004,0.08993,0.08997,15983099,1788727199999,futures
1788727200000,2026-09-06T20:40:00.000Z,2026-09-07 04:40,0.08996,0.0901,0.08994,0.09008,14622434,1788727499999,futures
1788727500000,2026-09-06T20:45:00.000Z,2026-09-07 04:45,0.09009,0.09026,0.09008,0.09024,22544788,1788727799999,futures
1788727800000,2026-09-06T20:50:00.000Z,2026-09-07 04:50,0.09024,0.09037,0.09017,0.09028,25789341,1788728099999,futures
1788728100000,2026-09-06T20:55:00.000Z,2026-09-07 04:55,0.09028,0.09028,0.09018,0.09023,10754592,1788728399999,futures
1788728400000,2026-09-06T21:00:00.000Z,2026-09-07 05:00,0.09023,0.09035,0.0902,0.09032,13894268,1788728699999,futures
1788728700000,2026-09-06T21:05:00.000Z,2026-09-07 05:05,0.09032,0.09039,0.09007,0.09023,28017350,1788728999999,futures
1788729000000,2026-09-06T21:10:00.000Z,2026-09-07 05:10,0.09022,0.09034,0.09012,0.09032,28103510,1788729299999,futures
1788729300000,2026-09-06T21:15:00.000Z,2026-09-07 05:15,0.09032,0.09048,0.09024,0.09043,23126556,1788729599999,futures
1788729600000,2026-09-06T21:20:00.000Z,2026-09-07 05:20,0.09043,0.09043,0.09029,0.09036,11813503,1788729899999,futures
1788729900000,2026-09-06T21:25:00.000Z,2026-09-07 05:25,0.09035,0.09045,0.09023,0.09033,9060643,1788730199999,futures
1788730200000,2026-09-06T21:30:00.000Z,2026-09-07 05:30,0.09033,0.09048,0.09031,0.09046,8658677,1788730499999,futures
1788730500000,2026-09-06T21:35:00.000Z,2026-09-07 05:35,0.09045,0.09068,0.09045,0.09063,18393184,1788730799999,futures
1788730800000,2026-09-06T21:40:00.000Z,2026-09-07 05:40,0.09064,0.09075,0.09055,0.09055,13771439,1788731099999,futures
1788731100000,2026-09-06T21:45:00.000Z,2026-09-07 05:45,0.09056,0.09072,0.09051,0.09062,13048058,1788731399999,futures
1788731400000,2026-09-06T21:50:00.000Z,2026-09-07 05:50,0.09062,0.09066,0.09045,0.09049,13773724,1788731699999,futures
1788731700000,2026-09-06T21:55:00.000Z,2026-09-07 05:55,0.0905,0.09052,0.09042,0.09044,6771993,1788731999999,futures
1788732000000,2026-09-06T22:00:00.000Z,2026-09-07 06:00,0.09044,0.09045,0.09018,0.09028,36763250,1788732299999,futures
1788732300000,2026-09-06T22:05:00.000Z,2026-09-07 06:05,0.09028,0.09037,0.08992,0.08997,35515941,1788732599999,futures
1788732600000,2026-09-06T22:10:00.000Z,2026-09-07 06:10,0.08998,0.09005,0.08977,0.08988,52825966,1788732899999,futures
1788732900000,2026-09-06T22:15:00.000Z,2026-09-07 06:15,0.08988,0.08996,0.08961,0.0897,27152736,1788733199999,futures
1788733200000,2026-09-06T22:20:00.000Z,2026-09-07 06:20,0.0897,0.08991,0.08968,0.08991,14022644,1788733499999,futures
1788733500000,2026-09-06T22:25:00.000Z,2026-09-07 06:25,0.0899,0.09005,0.08988,0.09005,12772029,1788733799999,futures
1788733800000,2026-09-06T22:30:00.000Z,2026-09-07 06:30,0.09005,0.0903,0.09001,0.0903,26243642,1788734099999,futures
1788734100000,2026-09-06T22:35:00.000Z,2026-09-07 06:35,0.0903,0.0904,0.09022,0.09024,24485635,1788734399999,futures
1788734400000,2026-09-06T22:40:00.000Z,2026-09-07 06:40,0.09024,0.09037,0.09021,0.09033,14242914,1788734699999,futures
1788734700000,2026-09-06T22:45:00.000Z,2026-09-07 06:45,0.09033,0.09039,0.09016,0.09026,18239304,1788734999999,futures
1788735000000,2026-09-06T22:50:00.000Z,2026-09-07 06:50,0.09026,0.09032,0.09016,0.09026,16021128,1788735299999,futures
1788735300000,2026-09-06T22:55:00.000Z,2026-09-07 06:55,0.09026,0.09038,0.09019,0.09024,14252219,1788735599999,futures
1788735600000,2026-09-06T23:00:00.000Z,2026-09-07 07:00,0.09023,0.09064,0.09018,0.09048,28027571,1788735899999,futures
1788735900000,2026-09-06T23:05:00.000Z,2026-09-07 07:05,0.09048,0.09052,0.09039,0.09049,16665690,1788736199999,futures
1788736200000,2026-09-06T23:10:00.000Z,2026-09-07 07:10,0.09049,0.09055,0.09042,0.09045,10046245,1788736499999,futures
1788736500000,2026-09-06T23:15:00.000Z,2026-09-07 07:15,0.09045,0.09076,0.09039,0.0907,19853644,1788736799999,futures
1788736800000,2026-09-06T23:20:00.000Z,2026-09-07 07:20,0.09071,0.09074,0.09054,0.09059,16782842,1788737099999,futures
1788737100000,2026-09-06T23:25:00.000Z,2026-09-07 07:25,0.09059,0.09063,0.09049,0.09057,7036707,1788737399999,futures
1788737400000,2026-09-06T23:30:00.000Z,2026-09-07 07:30,0.09056,0.09067,0.09053,0.09067,7339245,1788737699999,futures
1788737700000,2026-09-06T23:35:00.000Z,2026-09-07 07:35,0.09067,0.09095,0.09067,0.09091,27063980,1788737999999,futures
1788738000000,2026-09-06T23:40:00.000Z,2026-09-07 07:40,0.09091,0.09092,0.09074,0.09076,14192992,1788738299999,futures
1788738300000,2026-09-06T23:45:00.000Z,2026-09-07 07:45,0.09077,0.09104,0.09075,0.09096,51573068,1788738599999,futures
1788738600000,2026-09-06T23:50:00.000Z,2026-09-07 07:50,0.09095,0.09097,0.09081,0.09085,15169651,1788738899999,futures
1788738900000,2026-09-06T23:55:00.000Z,2026-09-07 07:55,0.09085,0.09089,0.09066,0.09087,10651402,1788739199999,futures
1788739200000,2026-09-07T00:00:00.000Z,2026-09-07 08:00,0.09088,0.09091,0.09076,0.0908,16659717,1788739499999,futures
1788739500000,2026-09-07T00:05:00.000Z,2026-09-07 08:05,0.09079,0.09104,0.09073,0.091,21516433,1788739799999,futures
1788739800000,2026-09-07T00:10:00.000Z,2026-09-07 08:10,0.091,0.09114,0.09098,0.091,13757484,1788740099999,futures
1788740100000,2026-09-07T00:15:00.000Z,2026-09-07 08:15,0.09101,0.09106,0.0907,0.09076,33172031,1788740399999,futures
1788740400000,2026-09-07T00:20:00.000Z,2026-09-07 08:20,0.09076,0.09087,0.09065,0.09077,12989042,1788740699999,futures
1788740700000,2026-09-07T00:25:00.000Z,2026-09-07 08:25,0.09078,0.09098,0.09073,0.09094,8861345,1788740999999,futures
1788741000000,2026-09-07T00:30:00.000Z,2026-09-07 08:30,0.09095,0.0911,0.09092,0.09097,14748891,1788741299999,futures
1788741300000,2026-09-07T00:35:00.000Z,2026-09-07 08:35,0.09098,0.09105,0.09083,0.091,13142935,1788741599999,futures
1788741600000,2026-09-07T00:40:00.000Z,2026-09-07 08:40,0.091,0.09118,0.09091,0.091,18216534,1788741899999,futures
1788741900000,2026-09-07T00:45:00.000Z,2026-09-07 08:45,0.09099,0.09109,0.09083,0.09102,14442234,1788742199999,futures
1788742200000,2026-09-07T00:50:00.000Z,2026-09-07 08:50,0.09101,0.09107,0.0908,0.09088,16552153,1788742499999,futures
1788742500000,2026-09-07T00:55:00.000Z,2026-09-07 08:55,0.09089,0.09103,0.09074,0.09095,19664081,1788742799999,futures
1788742800000,2026-09-07T01:00:00.000Z,2026-09-07 09:00,0.09095,0.09108,0.09074,0.09102,22705060,1788743099999,futures
1788743100000,2026-09-07T01:05:00.000Z,2026-09-07 09:05,0.09103,0.09108,0.09031,0.09037,52413491,1788743399999,futures
1788743400000,2026-09-07T01:10:00.000Z,2026-09-07 09:10,0.09037,0.0907,0.09025,0.09028,103792759,1788743699999,futures
1788743700000,2026-09-07T01:15:00.000Z,2026-09-07 09:15,0.09027,0.0905,0.08988,0.08996,112425157,1788743999999,futures
1788744000000,2026-09-07T01:20:00.000Z,2026-09-07 09:20,0.08997,0.09,0.08978,0.08992,96880812,1788744299999,futures
1788744300000,2026-09-07T01:25:00.000Z,2026-09-07 09:25,0.08992,0.09,0.08978,0.09,42043706,1788744599999,futures
1788744600000,2026-09-07T01:30:00.000Z,2026-09-07 09:30,0.09,0.09022,0.08992,0.09012,35944922,1788744899999,futures
1788744900000,2026-09-07T01:35:00.000Z,2026-09-07 09:35,0.09012,0.09012,0.08989,0.08994,23040060,1788745199999,futures
1788745200000,2026-09-07T01:40:00.000Z,2026-09-07 09:40,0.08995,0.08996,0.08967,0.0898,24933204,1788745499999,futures
1788745500000,2026-09-07T01:45:00.000Z,2026-09-07 09:45,0.0898,0.08993,0.08978,0.0899,15398421,1788745799999,futures
1788745800000,2026-09-07T01:50:00.000Z,2026-09-07 09:50,0.08991,0.09014,0.0899,0.09011,11560528,1788746099999,futures
1788746100000,2026-09-07T01:55:00.000Z,2026-09-07 09:55,0.09012,0.09022,0.09008,0.0901,11883094,1788746399999,futures
1788746400000,2026-09-07T02:00:00.000Z,2026-09-07 10:00,0.0901,0.09013,0.08994,0.08994,11622923,1788746699999,futures
1788746700000,2026-09-07T02:05:00.000Z,2026-09-07 10:05,0.08994,0.08996,0.08976,0.08981,22120718,1788746999999,futures
1788747000000,2026-09-07T02:10:00.000Z,2026-09-07 10:10,0.08981,0.08996,0.08975,0.08996,19772236,1788747299999,futures
1788747300000,2026-09-07T02:15:00.000Z,2026-09-07 10:15,0.08996,0.09027,0.08996,0.09014,22844851,1788747599999,futures
1788747600000,2026-09-07T02:20:00.000Z,2026-09-07 10:20,0.09014,0.09021,0.09002,0.09019,17877894,1788747899999,futures
1788747900000,2026-09-07T02:25:00.000Z,2026-09-07 10:25,0.09018,0.09035,0.09011,0.09024,16299170,1788748199999,futures
1788748200000,2026-09-07T02:30:00.000Z,2026-09-07 10:30,0.09023,0.09027,0.09003,0.09017,14913733,1788748499999,futures
1788748500000,2026-09-07T02:35:00.000Z,2026-09-07 10:35,0.09017,0.09127,0.09016,0.09122,59429525,1788748799999,futures
1788748800000,2026-09-07T02:40:00.000Z,2026-09-07 10:40,0.09123,0.09138,0.09087,0.09097,100533051,1788749099999,futures
1788749100000,2026-09-07T02:45:00.000Z,2026-09-07 10:45,0.09097,0.09117,0.09069,0.0908,86692562,1788749399999,futures
1788749400000,2026-09-07T02:50:00.000Z,2026-09-07 10:50,0.0908,0.0908,0.09036,0.09036,23847524,1788749699999,futures
1788749700000,2026-09-07T02:55:00.000Z,2026-09-07 10:55,0.09036,0.09043,0.09,0.0901,44997729,1788749999999,futures
1788750000000,2026-09-07T03:00:00.000Z,2026-09-07 11:00,0.0901,0.09034,0.08985,0.09033,32039828,1788750299999,futures
1788750300000,2026-09-07T03:05:00.000Z,2026-09-07 11:05,0.09033,0.09033,0.08992,0.09001,21670049,1788750599999,futures
1788750600000,2026-09-07T03:10:00.000Z,2026-09-07 11:10,0.09,0.09002,0.08986,0.0899,11043603,1788750899999,futures
1788750900000,2026-09-07T03:15:00.000Z,2026-09-07 11:15,0.0899,0.08993,0.08975,0.08983,27045459,1788751199999,futures
1788751200000,2026-09-07T03:20:00.000Z,2026-09-07 11:20,0.08983,0.08995,0.08973,0.08974,15210659,1788751499999,futures
1788751500000,2026-09-07T03:25:00.000Z,2026-09-07 11:25,0.08974,0.08974,0.08941,0.08951,35204308,1788751799999,futures
1788751800000,2026-09-07T03:30:00.000Z,2026-09-07 11:30,0.08951,0.08964,0.08938,0.08948,23521417,1788752099999,futures
1788752100000,2026-09-07T03:35:00.000Z,2026-09-07 11:35,0.08948,0.08952,0.08921,0.08938,31643838,1788752399999,futures
1788752400000,2026-09-07T03:40:00.000Z,2026-09-07 11:40,0.08937,0.08947,0.0891,0.08921,27585993,1788752699999,futures
1788752700000,2026-09-07T03:45:00.000Z,2026-09-07 11:45,0.08922,0.08951,0.08922,0.08941,15342603,1788752999999,futures
1788753000000,2026-09-07T03:50:00.000Z,2026-09-07 11:50,0.08941,0.08945,0.08932,0.08943,10743806,1788753299999,futures
1788753300000,2026-09-07T03:55:00.000Z,2026-09-07 11:55,0.08943,0.08946,0.08931,0.08931,12962994,1788753599999,futures
1788753600000,2026-09-07T04:00:00.000Z,2026-09-07 12:00,0.08931,0.08941,0.08931,0.08941,11049561,1788753899999,futures
1788753900000,2026-09-07T04:05:00.000Z,2026-09-07 12:05,0.08941,0.08944,0.08928,0.08943,9439422,1788754199999,futures
1788754200000,2026-09-07T04:10:00.000Z,2026-09-07 12:10,0.08943,0.08944,0.0893,0.08943,12070245,1788754499999,futures
1788754500000,2026-09-07T04:15:00.000Z,2026-09-07 12:15,0.08943,0.08955,0.08943,0.08955,6150087,1788754799999,futures
1788754800000,2026-09-07T04:20:00.000Z,2026-09-07 12:20,0.08955,0.08973,0.08952,0.08961,20966032,1788755099999,futures
1788755100000,2026-09-07T04:25:00.000Z,2026-09-07 12:25,0.08961,0.08965,0.08947,0.08952,17008016,1788755399999,futures
1788755400000,2026-09-07T04:30:00.000Z,2026-09-07 12:30,0.08953,0.08968,0.08952,0.08961,8738650,1788755699999,futures
1788755700000,2026-09-07T04:35:00.000Z,2026-09-07 12:35,0.0896,0.08961,0.08935,0.08949,19522605,1788755999999,futures
1788756000000,2026-09-07T04:40:00.000Z,2026-09-07 12:40,0.08949,0.08967,0.08942,0.08962,17355704,1788756299999,futures
1788756300000,2026-09-07T04:45:00.000Z,2026-09-07 12:45,0.08963,0.08978,0.08957,0.08961,15049385,1788756599999,futures
1788756600000,2026-09-07T04:50:00.000Z,2026-09-07 12:50,0.08962,0.08962,0.08948,0.08949,9730778,1788756899999,futures
1788756900000,2026-09-07T04:55:00.000Z,2026-09-07 12:55,0.08949,0.08973,0.08945,0.08971,14449894,1788757199999,futures
1788757200000,2026-09-07T05:00:00.000Z,2026-09-07 13:00,0.08971,0.08998,0.08968,0.08998,15006039,1788757499999,futures
1788757500000,2026-09-07T05:05:00.000Z,2026-09-07 13:05,0.08998,0.0901,0.08984,0.08989,22008117,1788757799999,futures
1788757800000,2026-09-07T05:10:00.000Z,2026-09-07 13:10,0.0899,0.08991,0.08972,0.08982,11137403,1788758099999,futures
1788758100000,2026-09-07T05:15:00.000Z,2026-09-07 13:15,0.08982,0.09019,0.08982,0.09019,19461916,1788758399999,futures
1788758400000,2026-09-07T05:20:00.000Z,2026-09-07 13:20,0.09018,0.0904,0.09007,0.09038,16674143,1788758699999,futures
1788758700000,2026-09-07T05:25:00.000Z,2026-09-07 13:25,0.09038,0.0906,0.09021,0.09028,44130856,1788758999999,futures
1788759000000,2026-09-07T05:30:00.000Z,2026-09-07 13:30,0.09027,0.09032,0.09015,0.09018,13811069,1788759299999,futures
1788759300000,2026-09-07T05:35:00.000Z,2026-09-07 13:35,0.09019,0.09039,0.09016,0.09031,13110200,1788759599999,futures
1788759600000,2026-09-07T05:40:00.000Z,2026-09-07 13:40,0.0903,0.09038,0.09021,0.09032,16389572,1788759899999,futures
1788759900000,2026-09-07T05:45:00.000Z,2026-09-07 13:45,0.09032,0.09038,0.09024,0.09026,9079292,1788760199999,futures
1788760200000,2026-09-07T05:50:00.000Z,2026-09-07 13:50,0.09026,0.09026,0.09008,0.09014,16327307,1788760499999,futures
1788760500000,2026-09-07T05:55:00.000Z,2026-09-07 13:55,0.09014,0.09015,0.09005,0.0901,10032263,1788760799999,futures
1788760800000,2026-09-07T06:00:00.000Z,2026-09-07 14:00,0.09011,0.09022,0.09009,0.09021,7661040,1788761099999,futures
1788761100000,2026-09-07T06:05:00.000Z,2026-09-07 14:05,0.09021,0.09033,0.0901,0.09029,8549895,1788761399999,futures
1788761400000,2026-09-07T06:10:00.000Z,2026-09-07 14:10,0.09029,0.09056,0.09025,0.09049,11264508,1788761699999,futures
1788761700000,2026-09-07T06:15:00.000Z,2026-09-07 14:15,0.09049,0.09051,0.09028,0.09028,8661221,1788761999999,futures
1788762000000,2026-09-07T06:20:00.000Z,2026-09-07 14:20,0.09029,0.09034,0.09019,0.09028,7150794,1788762299999,futures
1788762300000,2026-09-07T06:25:00.000Z,2026-09-07 14:25,0.09027,0.0904,0.09015,0.09016,11555438,1788762599999,futures
1788762600000,2026-09-07T06:30:00.000Z,2026-09-07 14:30,0.09015,0.09021,0.09003,0.09007,17118369,1788762899999,futures
1788762900000,2026-09-07T06:35:00.000Z,2026-09-07 14:35,0.09007,0.09015,0.08986,0.08992,21312301,1788763199999,futures
1788763200000,2026-09-07T06:40:00.000Z,2026-09-07 14:40,0.08991,0.09002,0.08974,0.08975,14568240,1788763499999,futures
1788763500000,2026-09-07T06:45:00.000Z,2026-09-07 14:45,0.08974,0.08988,0.08974,0.08986,8367517,1788763799999,futures
1788763800000,2026-09-07T06:50:00.000Z,2026-09-07 14:50,0.08986,0.0899,0.08978,0.08981,4833380,1788764099999,futures
1788764100000,2026-09-07T06:55:00.000Z,2026-09-07 14:55,0.08982,0.08987,0.08974,0.0898,12647556,1788764399999,futures
1788764400000,2026-09-07T07:00:00.000Z,2026-09-07 15:00,0.0898,0.08986,0.08976,0.08982,13254293,1788764699999,futures
1788764700000,2026-09-07T07:05:00.000Z,2026-09-07 15:05,0.08982,0.08994,0.08976,0.08993,11448675,1788764999999,futures
1788765000000,2026-09-07T07:10:00.000Z,2026-09-07 15:10,0.08993,0.09001,0.08983,0.08999,15722370,1788765299999,futures
1788765300000,2026-09-07T07:15:00.000Z,2026-09-07 15:15,0.08999,0.09004,0.08993,0.08998,7564538,1788765599999,futures
1788765600000,2026-09-07T07:20:00.000Z,2026-09-07 15:20,0.08998,0.09002,0.08948,0.08951,35500657,1788765899999,futures
1788765900000,2026-09-07T07:25:00.000Z,2026-09-07 15:25,0.08952,0.08978,0.08937,0.08946,25258676,1788766199999,futures
1788766200000,2026-09-07T07:30:00.000Z,2026-09-07 15:30,0.08946,0.08975,0.08916,0.08941,48481123,1788766499999,futures
1788766500000,2026-09-07T07:35:00.000Z,2026-09-07 15:35,0.08941,0.08949,0.08882,0.08884,69839467,1788766799999,futures
1788766800000,2026-09-07T07:40:00.000Z,2026-09-07 15:40,0.08883,0.08921,0.08851,0.0892,69736674,1788767099999,futures
1788767100000,2026-09-07T07:45:00.000Z,2026-09-07 15:45,0.0892,0.08937,0.08918,0.08934,25221766,1788767399999,futures
1788767400000,2026-09-07T07:50:00.000Z,2026-09-07 15:50,0.08934,0.08941,0.0892,0.08924,20465705,1788767699999,futures
1788767700000,2026-09-07T07:55:00.000Z,2026-09-07 15:55,0.08925,0.08941,0.08922,0.08936,19252567,1788767999999,futures
1788768000000,2026-09-07T08:00:00.000Z,2026-09-07 16:00,0.08935,0.08945,0.0893,0.08937,13229612,1788768299999,futures
1788768300000,2026-09-07T08:05:00.000Z,2026-09-07 16:05,0.08938,0.08955,0.08937,0.08953,18907647,1788768599999,futures
1788768600000,2026-09-07T08:10:00.000Z,2026-09-07 16:10,0.08953,0.08958,0.08945,0.08951,17663622,1788768899999,futures
1788768900000,2026-09-07T08:15:00.000Z,2026-09-07 16:15,0.0895,0.08968,0.08949,0.08964,8906931,1788769199999,futures
1788769200000,2026-09-07T08:20:00.000Z,2026-09-07 16:20,0.08964,0.08975,0.08955,0.08959,18770265,1788769499999,futures
1788769500000,2026-09-07T08:25:00.000Z,2026-09-07 16:25,0.08959,0.08997,0.08956,0.08982,87626481,1788769799999,futures
1788769800000,2026-09-07T08:30:00.000Z,2026-09-07 16:30,0.08982,0.09,0.0897,0.08973,25968633,1788770099999,futures
1788770100000,2026-09-07T08:35:00.000Z,2026-09-07 16:35,0.08972,0.08974,0.08946,0.08946,19479198,1788770399999,futures
1788770400000,2026-09-07T08:40:00.000Z,2026-09-07 16:40,0.08946,0.08972,0.08946,0.08967,16896170,1788770699999,futures
1788770700000,2026-09-07T08:45:00.000Z,2026-09-07 16:45,0.08966,0.08972,0.08946,0.08947,24396886,1788770999999,futures
1788771000000,2026-09-07T08:50:00.000Z,2026-09-07 16:50,0.08948,0.08954,0.08938,0.08946,12486249,1788771299999,futures
1788771300000,2026-09-07T08:55:00.000Z,2026-09-07 16:55,0.08947,0.0896,0.08946,0.08952,5490029,1788771599999,futures
1788771600000,2026-09-07T09:00:00.000Z,2026-09-07 17:00,0.08952,0.08958,0.08945,0.08948,5350796,1788771899999,futures
1788771900000,2026-09-07T09:05:00.000Z,2026-09-07 17:05,0.08949,0.08966,0.0894,0.08966,9789551,1788772199999,futures
1788772200000,2026-09-07T09:10:00.000Z,2026-09-07 17:10,0.08967,0.0898,0.08965,0.08976,13789291,1788772499999,futures
1788772500000,2026-09-07T09:15:00.000Z,2026-09-07 17:15,0.08976,0.08977,0.08966,0.08972,6274263,1788772799999,futures
1788772800000,2026-09-07T09:20:00.000Z,2026-09-07 17:20,0.08972,0.09007,0.08963,0.08985,71882801,1788773099999,futures
1788773100000,2026-09-07T09:25:00.000Z,2026-09-07 17:25,0.08984,0.08986,0.08966,0.08974,9287626,1788773399999,futures
1788773400000,2026-09-07T09:30:00.000Z,2026-09-07 17:30,0.08974,0.08975,0.08962,0.08963,5104994,1788773699999,futures
1788773700000,2026-09-07T09:35:00.000Z,2026-09-07 17:35,0.08963,0.08963,0.08942,0.08951,13469219,1788773999999,futures
1788774000000,2026-09-07T09:40:00.000Z,2026-09-07 17:40,0.08952,0.08963,0.08951,0.08956,4599144,1788774299999,futures
1788774300000,2026-09-07T09:45:00.000Z,2026-09-07 17:45,0.08956,0.0897,0.08951,0.08959,10633948,1788774599999,futures
1788774600000,2026-09-07T09:50:00.000Z,2026-09-07 17:50,0.0896,0.08971,0.08918,0.08929,33861728,1788774899999,futures
1788774900000,2026-09-07T09:55:00.000Z,2026-09-07 17:55,0.08929,0.08939,0.08916,0.08923,58905702,1788775199999,futures
1788775200000,2026-09-07T10:00:00.000Z,2026-09-07 18:00,0.08923,0.08947,0.08921,0.08943,21754450,1788775499999,futures
1788775500000,2026-09-07T10:05:00.000Z,2026-09-07 18:05,0.08944,0.08951,0.08918,0.08929,19182600,1788775799999,futures
1788775800000,2026-09-07T10:10:00.000Z,2026-09-07 18:10,0.08928,0.08941,0.08923,0.08941,3982996,1788776099999,futures
1788776100000,2026-09-07T10:15:00.000Z,2026-09-07 18:15,0.0894,0.08961,0.08939,0.0896,7496628,1788776399999,futures
1788776400000,2026-09-07T10:20:00.000Z,2026-09-07 18:20,0.08961,0.08964,0.08951,0.08962,4770324,1788776699999,futures
1788776700000,2026-09-07T10:25:00.000Z,2026-09-07 18:25,0.08962,0.08967,0.08958,0.08962,5863820,1788776999999,futures
1788777000000,2026-09-07T10:30:00.000Z,2026-09-07 18:30,0.08962,0.08964,0.08951,0.08957,5024110,1788777299999,futures
1788777300000,2026-09-07T10:35:00.000Z,2026-09-07 18:35,0.08957,0.08959,0.08947,0.08954,5407414,1788777599999,futures
1788777600000,2026-09-07T10:40:00.000Z,2026-09-07 18:40,0.08955,0.08966,0.08951,0.08961,9360889,1788777899999,futures
1788777900000,2026-09-07T10:45:00.000Z,2026-09-07 18:45,0.08962,0.0897,0.0896,0.08967,8028856,1788778199999,futures
1788778200000,2026-09-07T10:50:00.000Z,2026-09-07 18:50,0.08967,0.0898,0.08963,0.08971,11358599,1788778499999,futures
1788778500000,2026-09-07T10:55:00.000Z,2026-09-07 18:55,0.08971,0.08973,0.08947,0.08954,13575357,1788778799999,futures
1788778800000,2026-09-07T11:00:00.000Z,2026-09-07 19:00,0.08955,0.08967,0.08941,0.08948,21902154,1788779099999,futures
1788779100000,2026-09-07T11:05:00.000Z,2026-09-07 19:05,0.08948,0.08952,0.08938,0.08941,9164481,1788779399999,futures
1788779400000,2026-09-07T11:10:00.000Z,2026-09-07 19:10,0.08941,0.08958,0.08941,0.08957,9194611,1788779699999,futures
1788779700000,2026-09-07T11:15:00.000Z,2026-09-07 19:15,0.08956,0.08964,0.08952,0.08962,4575906,1788779999999,futures
1788780000000,2026-09-07T11:20:00.000Z,2026-09-07 19:20,0.08962,0.08965,0.08957,0.08957,5186252,1788780299999,futures
1788780300000,2026-09-07T11:25:00.000Z,2026-09-07 19:25,0.08958,0.08964,0.08951,0.08957,5432605,1788780599999,futures
1788780600000,2026-09-07T11:30:00.000Z,2026-09-07 19:30,0.08957,0.08968,0.08954,0.08963,14581085,1788780899999,futures
1788780900000,2026-09-07T11:35:00.000Z,2026-09-07 19:35,0.08963,0.08971,0.08962,0.08967,7051403,1788781199999,futures
1788781200000,2026-09-07T11:40:00.000Z,2026-09-07 19:40,0.08967,0.08969,0.08965,0.08967,3666299,1788781499999,futures
1788781500000,2026-09-07T11:45:00.000Z,2026-09-07 19:45,0.08967,0.08977,0.08962,0.08965,12951165,1788781799999,futures
1788781800000,2026-09-07T11:50:00.000Z,2026-09-07 19:50,0.08966,0.08976,0.08953,0.08971,11208642,1788782099999,futures
1788782100000,2026-09-07T11:55:00.000Z,2026-09-07 19:55,0.08971,0.0898,0.08961,0.08976,11009774,1788782399999,futures
1788782400000,2026-09-07T12:00:00.000Z,2026-09-07 20:00,0.08975,0.08985,0.08972,0.08972,7757487,1788782699999,futures
1788782700000,2026-09-07T12:05:00.000Z,2026-09-07 20:05,0.08972,0.08999,0.08971,0.08996,14359541,1788782999999,futures
1788783000000,2026-09-07T12:10:00.000Z,2026-09-07 20:10,0.08996,0.08997,0.08981,0.08981,9242379,1788783299999,futures
1788783300000,2026-09-07T12:15:00.000Z,2026-09-07 20:15,0.08982,0.09024,0.08979,0.09024,19733572,1788783599999,futures
1788783600000,2026-09-07T12:20:00.000Z,2026-09-07 20:20,0.09023,0.09056,0.09019,0.09027,47071356,1788783899999,futures
1788783900000,2026-09-07T12:25:00.000Z,2026-09-07 20:25,0.09027,0.0904,0.09025,0.09039,12744992,1788784199999,futures
1788784200000,2026-09-07T12:30:00.000Z,2026-09-07 20:30,0.09039,0.09051,0.09037,0.09046,15831171,1788784499999,futures
1788784500000,2026-09-07T12:35:00.000Z,2026-09-07 20:35,0.09047,0.0907,0.09047,0.0905,24551196,1788784799999,futures
1788784800000,2026-09-07T12:40:00.000Z,2026-09-07 20:40,0.09051,0.09063,0.09049,0.09054,17474583,1788785099999,futures
1788785100000,2026-09-07T12:45:00.000Z,2026-09-07 20:45,0.09053,0.09117,0.09052,0.09093,48531527,1788785399999,futures
1788785400000,2026-09-07T12:50:00.000Z,2026-09-07 20:50,0.09093,0.0914,0.09093,0.09135,42572171,1788785699999,futures
1788785700000,2026-09-07T12:55:00.000Z,2026-09-07 20:55,0.09135,0.09146,0.09124,0.09131,46696890,1788785999999,futures
1788786000000,2026-09-07T13:00:00.000Z,2026-09-07 21:00,0.0913,0.09172,0.0912,0.09169,58036481,1788786299999,futures
1788786300000,2026-09-07T13:05:00.000Z,2026-09-07 21:05,0.09169,0.09169,0.09093,0.09105,37347337,1788786599999,futures
1788786600000,2026-09-07T13:10:00.000Z,2026-09-07 21:10,0.09104,0.09128,0.09104,0.0912,27109495,1788786899999,futures
1788786900000,2026-09-07T13:15:00.000Z,2026-09-07 21:15,0.0912,0.09139,0.09113,0.09138,16391835,1788787199999,futures
1788787200000,2026-09-07T13:20:00.000Z,2026-09-07 21:20,0.09138,0.09182,0.09132,0.09166,45714790,1788787499999,futures
1788787500000,2026-09-07T13:25:00.000Z,2026-09-07 21:25,0.09166,0.09176,0.09146,0.09164,20036526,1788787799999,futures
1788787800000,2026-09-07T13:30:00.000Z,2026-09-07 21:30,0.09164,0.09169,0.09041,0.09066,90269652,1788788099999,futures
1788788100000,2026-09-07T13:35:00.000Z,2026-09-07 21:35,0.09067,0.09091,0.09035,0.09088,60435345,1788788399999,futures
1788788400000,2026-09-07T13:40:00.000Z,2026-09-07 21:40,0.09088,0.09093,0.09074,0.09085,21561475,1788788699999,futures
1788788700000,2026-09-07T13:45:00.000Z,2026-09-07 21:45,0.09085,0.09091,0.09069,0.09077,20895309,1788788999999,futures
1788789000000,2026-09-07T13:50:00.000Z,2026-09-07 21:50,0.09076,0.09102,0.09069,0.09102,17327934,1788789299999,futures
1788789300000,2026-09-07T13:55:00.000Z,2026-09-07 21:55,0.09102,0.09109,0.0908,0.09088,26184903,1788789599999,futures
1788789600000,2026-09-07T14:00:00.000Z,2026-09-07 22:00,0.09088,0.091,0.09051,0.09058,32863093,1788789899999,futures
1788789900000,2026-09-07T14:05:00.000Z,2026-09-07 22:05,0.09058,0.09063,0.0901,0.09029,70953331,1788790199999,futures
1788790200000,2026-09-07T14:10:00.000Z,2026-09-07 22:10,0.09029,0.09058,0.09012,0.09024,75220028,1788790499999,futures
1788790500000,2026-09-07T14:15:00.000Z,2026-09-07 22:15,0.09024,0.09046,0.09004,0.09017,28804207,1788790799999,futures
1788790800000,2026-09-07T14:20:00.000Z,2026-09-07 22:20,0.09017,0.09046,0.09012,0.09033,21318719,1788791099999,futures
1788791100000,2026-09-07T14:25:00.000Z,2026-09-07 22:25,0.09032,0.09048,0.09016,0.09016,24454314,1788791399999,futures
1788791400000,2026-09-07T14:30:00.000Z,2026-09-07 22:30,0.09017,0.0902,0.08968,0.09003,50901979,1788791699999,futures
1788791700000,2026-09-07T14:35:00.000Z,2026-09-07 22:35,0.09002,0.09015,0.0899,0.09003,24071126,1788791999999,futures
1788792000000,2026-09-07T14:40:00.000Z,2026-09-07 22:40,0.09002,0.09005,0.08975,0.08999,23293762,1788792299999,futures
1788792300000,2026-09-07T14:45:00.000Z,2026-09-07 22:45,0.08998,0.09015,0.08975,0.09013,27836580,1788792599999,futures
1788792600000,2026-09-07T14:50:00.000Z,2026-09-07 22:50,0.09013,0.09073,0.09009,0.09061,28261413,1788792899999,futures
1788792900000,2026-09-07T14:55:00.000Z,2026-09-07 22:55,0.09061,0.09065,0.0905,0.09057,17834661,1788793199999,futures
1788793200000,2026-09-07T15:00:00.000Z,2026-09-07 23:00,0.09057,0.09061,0.09017,0.09018,42809613,1788793499999,futures
1788793500000,2026-09-07T15:05:00.000Z,2026-09-07 23:05,0.09017,0.09023,0.08985,0.09009,37936538,1788793799999,futures
1788793800000,2026-09-07T15:10:00.000Z,2026-09-07 23:10,0.0901,0.09013,0.08962,0.08967,31794024,1788794099999,futures
1788794100000,2026-09-07T15:15:00.000Z,2026-09-07 23:15,0.08967,0.09012,0.08926,0.09012,68026890,1788794399999,futures
1788794400000,2026-09-07T15:20:00.000Z,2026-09-07 23:20,0.09013,0.09013,0.08991,0.08998,20603359,1788794699999,futures
1788794700000,2026-09-07T15:25:00.000Z,2026-09-07 23:25,0.08997,0.09002,0.08972,0.08977,20254228,1788794999999,futures
1788795000000,2026-09-07T15:30:00.000Z,2026-09-07 23:30,0.08977,0.08977,0.089,0.08928,92623855,1788795299999,futures
1788795300000,2026-09-07T15:35:00.000Z,2026-09-07 23:35,0.08928,0.0894,0.08912,0.08917,26682903,1788795599999,futures
1788795600000,2026-09-07T15:40:00.000Z,2026-09-07 23:40,0.08918,0.08924,0.0889,0.08905,46078818,1788795899999,futures
1788795900000,2026-09-07T15:45:00.000Z,2026-09-07 23:45,0.08905,0.0891,0.08875,0.08906,35043907,1788796199999,futures
1788796200000,2026-09-07T15:50:00.000Z,2026-09-07 23:50,0.08905,0.0891,0.08884,0.08893,23247425,1788796499999,futures
1788796500000,2026-09-07T15:55:00.000Z,2026-09-07 23:55,0.08893,0.08898,0.08861,0.08893,37386542,1788796799999,futures
1788796800000,2026-09-07T16:00:00.000Z,2026-09-08 00:00,0.08893,0.08945,0.08891,0.08923,50806204,1788797099999,futures
1788797100000,2026-09-07T16:05:00.000Z,2026-09-08 00:05,0.08923,0.0894,0.08921,0.08937,25878533,1788797399999,futures
1788797400000,2026-09-07T16:10:00.000Z,2026-09-08 00:10,0.08936,0.08948,0.08931,0.08944,10869825,1788797699999,futures
1788797700000,2026-09-07T16:15:00.000Z,2026-09-08 00:15,0.08944,0.08949,0.08933,0.08946,16070657,1788797999999,futures
1788798000000,2026-09-07T16:20:00.000Z,2026-09-08 00:20,0.08945,0.08945,0.08927,0.08933,18024751,1788798299999,futures
1788798300000,2026-09-07T16:25:00.000Z,2026-09-08 00:25,0.08934,0.08942,0.08927,0.08937,8518647,1788798599999,futures
1788798600000,2026-09-07T16:30:00.000Z,2026-09-08 00:30,0.08937,0.08963,0.08933,0.0896,11135890,1788798899999,futures
1788798900000,2026-09-07T16:35:00.000Z,2026-09-08 00:35,0.08961,0.09006,0.08958,0.08999,23087728,1788799199999,futures
1788799200000,2026-09-07T16:40:00.000Z,2026-09-08 00:40,0.08999,0.0901,0.08989,0.09007,23534815,1788799499999,futures
1788799500000,2026-09-07T16:45:00.000Z,2026-09-08 00:45,0.09008,0.09023,0.09001,0.09002,19209205,1788799799999,futures
1788799800000,2026-09-07T16:50:00.000Z,2026-09-08 00:50,0.09002,0.09005,0.08994,0.09,12629873,1788800099999,futures
1788800100000,2026-09-07T16:55:00.000Z,2026-09-08 00:55,0.08999,0.09018,0.08995,0.09006,18808760,1788800399999,futures
1788800400000,2026-09-07T17:00:00.000Z,2026-09-08 01:00,0.09006,0.09011,0.08995,0.09008,17898185,1788800699999,futures
1788800700000,2026-09-07T17:05:00.000Z,2026-09-08 01:05,0.09008,0.09033,0.09007,0.0902,19190679,1788800999999,futures
1788801000000,2026-09-07T17:10:00.000Z,2026-09-08 01:10,0.0902,0.09026,0.09014,0.0902,11216801,1788801299999,futures
1788801300000,2026-09-07T17:15:00.000Z,2026-09-08 01:15,0.0902,0.0903,0.09011,0.09025,9983872,1788801599999,futures
1788801600000,2026-09-07T17:20:00.000Z,2026-09-08 01:20,0.09026,0.09032,0.09018,0.09019,13123332,1788801899999,futures
1788801900000,2026-09-07T17:25:00.000Z,2026-09-08 01:25,0.09018,0.09034,0.09006,0.09026,25629977,1788802199999,futures
1788802200000,2026-09-07T17:30:00.000Z,2026-09-08 01:30,0.09027,0.09029,0.09007,0.09009,13505970,1788802499999,futures
1788802500000,2026-09-07T17:35:00.000Z,2026-09-08 01:35,0.09009,0.09017,0.09001,0.09014,14672746,1788802799999,futures
1788802800000,2026-09-07T17:40:00.000Z,2026-09-08 01:40,0.09014,0.09034,0.09013,0.09029,20419714,1788803099999,futures
1788803100000,2026-09-07T17:45:00.000Z,2026-09-08 01:45,0.09029,0.09039,0.09023,0.09029,15900115,1788803399999,futures
1788803400000,2026-09-07T17:50:00.000Z,2026-09-08 01:50,0.09029,0.09041,0.09016,0.09017,17709859,1788803699999,futures
1788803700000,2026-09-07T17:55:00.000Z,2026-09-08 01:55,0.09017,0.09017,0.09003,0.09005,11091075,1788803999999,futures
1788804000000,2026-09-07T18:00:00.000Z,2026-09-08 02:00,0.09004,0.09013,0.08984,0.08997,23616561,1788804299999,futures
1788804300000,2026-09-07T18:05:00.000Z,2026-09-08 02:05,0.08998,0.09013,0.08981,0.08986,11287069,1788804599999,futures
1788804600000,2026-09-07T18:10:00.000Z,2026-09-08 02:10,0.08986,0.08996,0.08981,0.08983,10195885,1788804899999,futures
1788804900000,2026-09-07T18:15:00.000Z,2026-09-08 02:15,0.08982,0.08992,0.08976,0.08991,8329670,1788805199999,futures
1788805200000,2026-09-07T18:20:00.000Z,2026-09-08 02:20,0.08991,0.08999,0.08976,0.08979,8264253,1788805499999,futures
1788805500000,2026-09-07T18:25:00.000Z,2026-09-08 02:25,0.0898,0.0899,0.08962,0.08969,10240144,1788805799999,futures
1788805800000,2026-09-07T18:30:00.000Z,2026-09-08 02:30,0.0897,0.08972,0.08953,0.08964,11950717,1788806099999,futures
1788806100000,2026-09-07T18:35:00.000Z,2026-09-08 02:35,0.08963,0.08984,0.08963,0.08974,11298186,1788806399999,futures
1788806400000,2026-09-07T18:40:00.000Z,2026-09-08 02:40,0.08974,0.08993,0.08968,0.08983,12738266,1788806699999,futures
1788806700000,2026-09-07T18:45:00.000Z,2026-09-08 02:45,0.08984,0.09,0.0898,0.08999,12260842,1788806999999,futures
1788807000000,2026-09-07T18:50:00.000Z,2026-09-08 02:50,0.08999,0.09013,0.08988,0.09002,9400390,1788807299999,futures
1788807300000,2026-09-07T18:55:00.000Z,2026-09-08 02:55,0.09002,0.09004,0.08981,0.08984,7806553,1788807599999,futures
1788807600000,2026-09-07T19:00:00.000Z,2026-09-08 03:00,0.08984,0.08986,0.08967,0.08978,10824034,1788807899999,futures
1788807900000,2026-09-07T19:05:00.000Z,2026-09-08 03:05,0.08978,0.08983,0.08967,0.08968,5737203,1788808199999,futures
1788808200000,2026-09-07T19:10:00.000Z,2026-09-08 03:10,0.08968,0.08986,0.08967,0.08986,7491799,1788808499999,futures
1788808500000,2026-09-07T19:15:00.000Z,2026-09-08 03:15,0.08987,0.08999,0.08983,0.08992,5852158,1788808799999,futures
1788808800000,2026-09-07T19:20:00.000Z,2026-09-08 03:20,0.08991,0.0901,0.08991,0.09008,9736304,1788809099999,futures
1788809100000,2026-09-07T19:25:00.000Z,2026-09-08 03:25,0.0901,0.0901,0.08999,0.09003,5767922,1788809399999,futures
1788809400000,2026-09-07T19:30:00.000Z,2026-09-08 03:30,0.09003,0.09031,0.09002,0.09025,13573592,1788809699999,futures
1788809700000,2026-09-07T19:35:00.000Z,2026-09-08 03:35,0.09026,0.09033,0.09021,0.09029,8677949,1788809999999,futures
1788810000000,2026-09-07T19:40:00.000Z,2026-09-08 03:40,0.09029,0.09033,0.09026,0.09029,6321436,1788810299999,futures
1788810300000,2026-09-07T19:45:00.000Z,2026-09-08 03:45,0.09029,0.09047,0.09024,0.0904,10411283,1788810599999,futures
1788810600000,2026-09-07T19:50:00.000Z,2026-09-08 03:50,0.0904,0.0907,0.09034,0.09043,18056672,1788810899999,futures
1788810900000,2026-09-07T19:55:00.000Z,2026-09-08 03:55,0.09042,0.09054,0.09038,0.09051,8551559,1788811199999,futures
1788811200000,2026-09-07T20:00:00.000Z,2026-09-08 04:00,0.09051,0.09053,0.0903,0.09033,21378868,1788811499999,futures
1788811500000,2026-09-07T20:05:00.000Z,2026-09-08 04:05,0.09032,0.09032,0.09,0.09021,23977495,1788811799999,futures
1788811800000,2026-09-07T20:10:00.000Z,2026-09-08 04:10,0.09022,0.09025,0.09005,0.09016,15649688,1788812099999,futures
1788812100000,2026-09-07T20:15:00.000Z,2026-09-08 04:15,0.09016,0.09036,0.09006,0.09034,17310145,1788812399999,futures
1788812400000,2026-09-07T20:20:00.000Z,2026-09-08 04:20,0.09034,0.09036,0.09025,0.09032,4291054,1788812699999,futures
1788812700000,2026-09-07T20:25:00.000Z,2026-09-08 04:25,0.09032,0.09049,0.09029,0.0904,12881018,1788812999999,futures
1788813000000,2026-09-07T20:30:00.000Z,2026-09-08 04:30,0.0904,0.09082,0.09038,0.09074,18498623,1788813299999,futures
1788813300000,2026-09-07T20:35:00.000Z,2026-09-08 04:35,0.09074,0.09095,0.0907,0.09074,19647356,1788813599999,futures
1788813600000,2026-09-07T20:40:00.000Z,2026-09-08 04:40,0.09074,0.09077,0.09062,0.09071,12347376,1788813899999,futures
1788813900000,2026-09-07T20:45:00.000Z,2026-09-08 04:45,0.09071,0.09078,0.09048,0.09061,24663067,1788814199999,futures
1788814200000,2026-09-07T20:50:00.000Z,2026-09-08 04:50,0.09062,0.09088,0.09056,0.09066,18450877,1788814499999,futures
1788814500000,2026-09-07T20:55:00.000Z,2026-09-08 04:55,0.09065,0.09072,0.0905,0.09053,6519868,1788814799999,futures
1788814800000,2026-09-07T21:00:00.000Z,2026-09-08 05:00,0.09053,0.09063,0.09051,0.09059,8573420,1788815099999,futures
1788815100000,2026-09-07T21:05:00.000Z,2026-09-08 05:05,0.0906,0.09062,0.09044,0.09046,8998436,1788815399999,futures
1788815400000,2026-09-07T21:10:00.000Z,2026-09-08 05:10,0.09046,0.09063,0.09039,0.09063,14945400,1788815699999,futures
1788815700000,2026-09-07T21:15:00.000Z,2026-09-08 05:15,0.09063,0.09069,0.09041,0.09055,17840662,1788815999999,futures
1788816000000,2026-09-07T21:20:00.000Z,2026-09-08 05:20,0.09055,0.09061,0.09051,0.09052,2866820,1788816299999,futures
1788816300000,2026-09-07T21:25:00.000Z,2026-09-08 05:25,0.09053,0.09054,0.09048,0.09051,2933866,1788816599999,futures
1788816600000,2026-09-07T21:30:00.000Z,2026-09-08 05:30,0.09052,0.09057,0.09042,0.09043,3303724,1788816899999,futures
1788816900000,2026-09-07T21:35:00.000Z,2026-09-08 05:35,0.09042,0.09043,0.09022,0.09034,10765420,1788817199999,futures
1788817200000,2026-09-07T21:40:00.000Z,2026-09-08 05:40,0.09034,0.09046,0.09023,0.09045,10190914,1788817499999,futures
1788817500000,2026-09-07T21:45:00.000Z,2026-09-08 05:45,0.09046,0.09049,0.09021,0.09021,4934784,1788817799999,futures
1788817800000,2026-09-07T21:50:00.000Z,2026-09-08 05:50,0.09023,0.0904,0.09019,0.09036,5802690,1788818099999,futures
1788818100000,2026-09-07T21:55:00.000Z,2026-09-08 05:55,0.09036,0.09046,0.09031,0.09032,5772245,1788818399999,futures
1788818400000,2026-09-07T22:00:00.000Z,2026-09-08 06:00,0.09032,0.09034,0.08998,0.09021,16349298,1788818699999,futures
1788818700000,2026-09-07T22:05:00.000Z,2026-09-08 06:05,0.09022,0.09048,0.09014,0.09047,15824137,1788818999999,futures
1788819000000,2026-09-07T22:10:00.000Z,2026-09-08 06:10,0.09047,0.09071,0.09026,0.09026,22925625,1788819299999,futures
1788819300000,2026-09-07T22:15:00.000Z,2026-09-08 06:15,0.09027,0.09027,0.08998,0.09015,31441022,1788819599999,futures
1788819600000,2026-09-07T22:20:00.000Z,2026-09-08 06:20,0.09015,0.09049,0.09007,0.09044,13880022,1788819899999,futures
1788819900000,2026-09-07T22:25:00.000Z,2026-09-08 06:25,0.09044,0.09051,0.09017,0.09017,24540738,1788820199999,futures
1788820200000,2026-09-07T22:30:00.000Z,2026-09-08 06:30,0.09017,0.09017,0.08995,0.09008,16112721,1788820499999,futures
1788820500000,2026-09-07T22:35:00.000Z,2026-09-08 06:35,0.09008,0.09014,0.08976,0.08978,26358855,1788820799999,futures
1788820800000,2026-09-07T22:40:00.000Z,2026-09-08 06:40,0.08978,0.08985,0.08963,0.08978,23249070,1788821099999,futures
1788821100000,2026-09-07T22:45:00.000Z,2026-09-08 06:45,0.08978,0.08995,0.08975,0.08993,10225418,1788821399999,futures
1788821400000,2026-09-07T22:50:00.000Z,2026-09-08 06:50,0.08993,0.09009,0.0899,0.09009,8293534,1788821699999,futures
1788821700000,2026-09-07T22:55:00.000Z,2026-09-08 06:55,0.09009,0.09019,0.08999,0.09007,6887613,1788821999999,futures
1788822000000,2026-09-07T23:00:00.000Z,2026-09-08 07:00,0.09007,0.09048,0.09005,0.09035,19563143,1788822299999,futures
1788822300000,2026-09-07T23:05:00.000Z,2026-09-08 07:05,0.09034,0.09069,0.09033,0.09055,30072991,1788822599999,futures
1788822600000,2026-09-07T23:10:00.000Z,2026-09-08 07:10,0.09055,0.09082,0.09051,0.09081,28384635,1788822899999,futures
1788822900000,2026-09-07T23:15:00.000Z,2026-09-08 07:15,0.09078,0.09085,0.09047,0.09063,25432447,1788823199999,futures
1788823200000,2026-09-07T23:20:00.000Z,2026-09-08 07:20,0.09064,0.09066,0.09031,0.09035,9143978,1788823499999,futures
1788823500000,2026-09-07T23:25:00.000Z,2026-09-08 07:25,0.09035,0.09044,0.09035,0.09038,3862953,1788823799999,futures
1788823800000,2026-09-07T23:30:00.000Z,2026-09-08 07:30,0.09038,0.09051,0.09035,0.09041,5237748,1788824099999,futures
1788824100000,2026-09-07T23:35:00.000Z,2026-09-08 07:35,0.09042,0.09059,0.09038,0.0904,13085969,1788824399999,futures
1788824400000,2026-09-07T23:40:00.000Z,2026-09-08 07:40,0.0904,0.09058,0.0904,0.09057,5971551,1788824699999,futures
1788824700000,2026-09-07T23:45:00.000Z,2026-09-08 07:45,0.09058,0.09073,0.09056,0.09069,10996753,1788824999999,futures
1788825000000,2026-09-07T23:50:00.000Z,2026-09-08 07:50,0.09068,0.09072,0.09058,0.09058,8264480,1788825299999,futures
1788825300000,2026-09-07T23:55:00.000Z,2026-09-08 07:55,0.09058,0.09066,0.0904,0.09047,31413079,1788825599999,futures
1788825600000,2026-09-08T00:00:00.000Z,2026-09-08 08:00,0.09047,0.09058,0.09026,0.09048,38656936,1788825899999,futures
1788825900000,2026-09-08T00:05:00.000Z,2026-09-08 08:05,0.09048,0.09153,0.09048,0.09078,185965245,1788826199999,futures
1788826200000,2026-09-08T00:10:00.000Z,2026-09-08 08:10,0.09079,0.09106,0.09063,0.09102,23821786,1788826499999,futures
1788826500000,2026-09-08T00:15:00.000Z,2026-09-08 08:15,0.09103,0.09122,0.09074,0.09076,40177376,1788826799999,futures
1788826800000,2026-09-08T00:20:00.000Z,2026-09-08 08:20,0.09075,0.09093,0.09049,0.09083,27752707,1788827099999,futures
1788827100000,2026-09-08T00:25:00.000Z,2026-09-08 08:25,0.09083,0.09096,0.09072,0.09072,18393853,1788827399999,futures
1788827400000,2026-09-08T00:30:00.000Z,2026-09-08 08:30,0.09073,0.09106,0.0907,0.09106,15027869,1788827699999,futures
1788827700000,2026-09-08T00:35:00.000Z,2026-09-08 08:35,0.09106,0.09118,0.09105,0.09111,15372662,1788827999999,futures
1788828000000,2026-09-08T00:40:00.000Z,2026-09-08 08:40,0.09111,0.09149,0.09107,0.09136,28753453,1788828299999,futures
1788828300000,2026-09-08T00:45:00.000Z,2026-09-08 08:45,0.09136,0.0914,0.09123,0.09138,14749368,1788828599999,futures
1788828600000,2026-09-08T00:50:00.000Z,2026-09-08 08:50,0.09138,0.09165,0.09127,0.09139,30705748,1788828899999,futures
1788828900000,2026-09-08T00:55:00.000Z,2026-09-08 08:55,0.09139,0.09146,0.09123,0.09131,20115714,1788829199999,futures
1788829200000,2026-09-08T01:00:00.000Z,2026-09-08 09:00,0.09131,0.09131,0.09114,0.09118,21799755,1788829499999,futures
1788829500000,2026-09-08T01:05:00.000Z,2026-09-08 09:05,0.09119,0.09129,0.09092,0.09106,23510683,1788829799999,futures
1788829800000,2026-09-08T01:10:00.000Z,2026-09-08 09:10,0.09106,0.0913,0.09104,0.09117,25034812,1788830099999,futures
1788830100000,2026-09-08T01:15:00.000Z,2026-09-08 09:15,0.09116,0.09127,0.09101,0.09113,21524317,1788830399999,futures
1788830400000,2026-09-08T01:20:00.000Z,2026-09-08 09:20,0.09113,0.09145,0.09104,0.09133,15327519,1788830699999,futures
1788830700000,2026-09-08T01:25:00.000Z,2026-09-08 09:25,0.09133,0.09165,0.09133,0.0914,25478872,1788830999999,futures
1788831000000,2026-09-08T01:30:00.000Z,2026-09-08 09:30,0.0914,0.0914,0.09116,0.09127,22125384,1788831299999,futures
1788831300000,2026-09-08T01:35:00.000Z,2026-09-08 09:35,0.09127,0.09133,0.09115,0.09116,6134269,1788831599999,futures
1788831600000,2026-09-08T01:40:00.000Z,2026-09-08 09:40,0.09115,0.09123,0.09112,0.09116,7953593,1788831899999,futures
1788831900000,2026-09-08T01:45:00.000Z,2026-09-08 09:45,0.09116,0.09118,0.09107,0.09117,10161135,1788832199999,futures
1788832200000,2026-09-08T01:50:00.000Z,2026-09-08 09:50,0.09117,0.09118,0.09099,0.09111,12327995,1788832499999,futures
1788832500000,2026-09-08T01:55:00.000Z,2026-09-08 09:55,0.0911,0.09128,0.09107,0.09119,12973244,1788832799999,futures
1788832800000,2026-09-08T02:00:00.000Z,2026-09-08 10:00,0.09119,0.0912,0.09101,0.09107,9121802,1788833099999,futures
1788833100000,2026-09-08T02:05:00.000Z,2026-09-08 10:05,0.09107,0.09107,0.09086,0.09097,20792878,1788833399999,futures
1788833400000,2026-09-08T02:10:00.000Z,2026-09-08 10:10,0.09097,0.0911,0.09076,0.09106,23624386,1788833699999,futures
1788833700000,2026-09-08T02:15:00.000Z,2026-09-08 10:15,0.09106,0.09119,0.09105,0.09112,11106795,1788833999999,futures
1788834000000,2026-09-08T02:20:00.000Z,2026-09-08 10:20,0.09113,0.09144,0.0911,0.09142,13523520,1788834299999,futures
1788834300000,2026-09-08T02:25:00.000Z,2026-09-08 10:25,0.09142,0.09148,0.09084,0.09091,25267845,1788834599999,futures
1788834600000,2026-09-08T02:30:00.000Z,2026-09-08 10:30,0.0909,0.09101,0.09067,0.09076,14276106,1788834899999,futures
1788834900000,2026-09-08T02:35:00.000Z,2026-09-08 10:35,0.09076,0.09081,0.09055,0.0906,15731653,1788835199999,futures
1788835200000,2026-09-08T02:40:00.000Z,2026-09-08 10:40,0.09061,0.09064,0.09041,0.09058,23926128,1788835499999,futures
1788835500000,2026-09-08T02:45:00.000Z,2026-09-08 10:45,0.09057,0.09062,0.09041,0.09043,13434114,1788835799999,futures
1788835800000,2026-09-08T02:50:00.000Z,2026-09-08 10:50,0.09042,0.09043,0.09011,0.09014,29430111,1788836099999,futures
1788836100000,2026-09-08T02:55:00.000Z,2026-09-08 10:55,0.09014,0.0902,0.08992,0.08993,22194165,1788836399999,futures
1788836400000,2026-09-08T03:00:00.000Z,2026-09-08 11:00,0.08992,0.09015,0.08988,0.08992,31680581,1788836699999,futures
1788836700000,2026-09-08T03:05:00.000Z,2026-09-08 11:05,0.08992,0.09009,0.08991,0.09009,17778799,1788836999999,futures
1788837000000,2026-09-08T03:10:00.000Z,2026-09-08 11:10,0.09009,0.09009,0.08972,0.08979,25303678,1788837299999,futures
1788837300000,2026-09-08T03:15:00.000Z,2026-09-08 11:15,0.08978,0.08989,0.08973,0.08976,15446921,1788837599999,futures
1788837600000,2026-09-08T03:20:00.000Z,2026-09-08 11:20,0.08976,0.09002,0.08948,0.08974,56772408,1788837899999,futures
1788837900000,2026-09-08T03:25:00.000Z,2026-09-08 11:25,0.08974,0.08988,0.0896,0.08965,19427554,1788838199999,futures
1788838200000,2026-09-08T03:30:00.000Z,2026-09-08 11:30,0.08966,0.0901,0.08964,0.09006,26642702,1788838499999,futures
1788838500000,2026-09-08T03:35:00.000Z,2026-09-08 11:35,0.09006,0.09022,0.08997,0.09013,39781430,1788838799999,futures
1788838800000,2026-09-08T03:40:00.000Z,2026-09-08 11:40,0.09013,0.09022,0.09003,0.09008,20861819,1788839099999,futures
1788839100000,2026-09-08T03:45:00.000Z,2026-09-08 11:45,0.09008,0.09013,0.08988,0.08993,13937504,1788839399999,futures
1788839400000,2026-09-08T03:50:00.000Z,2026-09-08 11:50,0.08993,0.09004,0.08985,0.08988,7677262,1788839699999,futures
1788839700000,2026-09-08T03:55:00.000Z,2026-09-08 11:55,0.08988,0.08998,0.08983,0.08992,7265551,1788839999999,futures
1788840000000,2026-09-08T04:00:00.000Z,2026-09-08 12:00,0.08992,0.08999,0.08984,0.08984,7281751,1788840299999,futures
1788840300000,2026-09-08T04:05:00.000Z,2026-09-08 12:05,0.08985,0.08999,0.08976,0.08984,16205880,1788840599999,futures
1788840600000,2026-09-08T04:10:00.000Z,2026-09-08 12:10,0.08985,0.08994,0.08973,0.08975,15273080,1788840899999,futures
1788840900000,2026-09-08T04:15:00.000Z,2026-09-08 12:15,0.08974,0.08995,0.08957,0.08995,17518526,1788841199999,futures
1788841200000,2026-09-08T04:20:00.000Z,2026-09-08 12:20,0.08995,0.08995,0.08957,0.08959,14093967,1788841499999,futures
1788841500000,2026-09-08T04:25:00.000Z,2026-09-08 12:25,0.08959,0.08981,0.08951,0.08973,19245662,1788841799999,futures
1788841800000,2026-09-08T04:30:00.000Z,2026-09-08 12:30,0.08973,0.08991,0.08969,0.08984,14083392,1788842099999,futures
1788842100000,2026-09-08T04:35:00.000Z,2026-09-08 12:35,0.08984,0.08994,0.08973,0.08993,4954769,1788842399999,futures
1788842400000,2026-09-08T04:40:00.000Z,2026-09-08 12:40,0.08993,0.08993,0.08975,0.08983,6117082,1788842699999,futures
1788842700000,2026-09-08T04:45:00.000Z,2026-09-08 12:45,0.08982,0.08992,0.08979,0.08985,4966367,1788842999999,futures
1788843000000,2026-09-08T04:50:00.000Z,2026-09-08 12:50,0.08985,0.08989,0.08966,0.0897,10821826,1788843299999,futures
1788843300000,2026-09-08T04:55:00.000Z,2026-09-08 12:55,0.0897,0.0897,0.08959,0.0896,8825365,1788843599999,futures
1788843600000,2026-09-08T05:00:00.000Z,2026-09-08 13:00,0.0896,0.08992,0.08935,0.08967,28867687,1788843899999,futures
1788843900000,2026-09-08T05:05:00.000Z,2026-09-08 13:05,0.08967,0.08988,0.08954,0.08966,19585204,1788844199999,futures
1788844200000,2026-09-08T05:10:00.000Z,2026-09-08 13:10,0.08965,0.08982,0.08959,0.08959,17396438,1788844499999,futures
1788844500000,2026-09-08T05:15:00.000Z,2026-09-08 13:15,0.08959,0.08995,0.08952,0.08994,31569833,1788844799999,futures
1788844800000,2026-09-08T05:20:00.000Z,2026-09-08 13:20,0.08994,0.09005,0.08971,0.09004,25914803,1788845099999,futures
1788845100000,2026-09-08T05:25:00.000Z,2026-09-08 13:25,0.09003,0.09024,0.08999,0.09003,29860997,1788845399999,futures
1788845400000,2026-09-08T05:30:00.000Z,2026-09-08 13:30,0.09003,0.09013,0.08984,0.08985,22613763,1788845699999,futures
1788845700000,2026-09-08T05:35:00.000Z,2026-09-08 13:35,0.08985,0.09002,0.08964,0.08981,76024095,1788845999999,futures
1788846000000,2026-09-08T05:40:00.000Z,2026-09-08 13:40,0.08982,0.08995,0.08969,0.08971,20339288,1788846299999,futures
1788846300000,2026-09-08T05:45:00.000Z,2026-09-08 13:45,0.08971,0.08995,0.0897,0.08995,6999776,1788846599999,futures
1788846600000,2026-09-08T05:50:00.000Z,2026-09-08 13:50,0.08994,0.08997,0.08968,0.08968,14830170,1788846899999,futures
1788846900000,2026-09-08T05:55:00.000Z,2026-09-08 13:55,0.08968,0.08973,0.08954,0.08957,12511536,1788847199999,futures
1788847200000,2026-09-08T06:00:00.000Z,2026-09-08 14:00,0.08958,0.08965,0.0894,0.08953,24869946,1788847499999,futures
1788847500000,2026-09-08T06:05:00.000Z,2026-09-08 14:05,0.08953,0.08964,0.08933,0.08955,27988049,1788847799999,futures
1788847800000,2026-09-08T06:10:00.000Z,2026-09-08 14:10,0.08955,0.0897,0.08944,0.0897,18385875,1788848099999,futures
1788848100000,2026-09-08T06:15:00.000Z,2026-09-08 14:15,0.08969,0.08976,0.08917,0.08918,28366571,1788848399999,futures
1788848400000,2026-09-08T06:20:00.000Z,2026-09-08 14:20,0.08917,0.08936,0.08883,0.08929,56473038,1788848699999,futures
1788848700000,2026-09-08T06:25:00.000Z,2026-09-08 14:25,0.08929,0.08938,0.08913,0.08916,13073490,1788848999999,futures
1788849000000,2026-09-08T06:30:00.000Z,2026-09-08 14:30,0.08916,0.08924,0.08903,0.08907,25019922,1788849299999,futures
1788849300000,2026-09-08T06:35:00.000Z,2026-09-08 14:35,0.08907,0.08919,0.08901,0.08913,17057802,1788849599999,futures
1788849600000,2026-09-08T06:40:00.000Z,2026-09-08 14:40,0.08913,0.08922,0.08908,0.08913,10475312,1788849899999,futures
1788849900000,2026-09-08T06:45:00.000Z,2026-09-08 14:45,0.08914,0.08926,0.08904,0.08909,15708582,1788850199999,futures
1788850200000,2026-09-08T06:50:00.000Z,2026-09-08 14:50,0.08909,0.08922,0.08903,0.08908,14741212,1788850499999,futures
1788850500000,2026-09-08T06:55:00.000Z,2026-09-08 14:55,0.08909,0.08938,0.08904,0.08923,22824502,1788850799999,futures
1788850800000,2026-09-08T07:00:00.000Z,2026-09-08 15:00,0.08923,0.08926,0.08913,0.08926,10326931,1788851099999,futures
1788851100000,2026-09-08T07:05:00.000Z,2026-09-08 15:05,0.08926,0.08946,0.08923,0.0893,11736466,1788851399999,futures
1788851400000,2026-09-08T07:10:00.000Z,2026-09-08 15:10,0.0893,0.08936,0.08922,0.08922,4136015,1788851699999,futures
1788851700000,2026-09-08T07:15:00.000Z,2026-09-08 15:15,0.08922,0.08923,0.08916,0.08922,7440071,1788851999999,futures
1788852000000,2026-09-08T07:20:00.000Z,2026-09-08 15:20,0.08922,0.08935,0.08921,0.08931,11936222,1788852299999,futures
1788852300000,2026-09-08T07:25:00.000Z,2026-09-08 15:25,0.08931,0.0896,0.08927,0.08948,33320801,1788852599999,futures
1788852600000,2026-09-08T07:30:00.000Z,2026-09-08 15:30,0.08948,0.08962,0.08937,0.0896,18108646,1788852899999,futures
1788852900000,2026-09-08T07:35:00.000Z,2026-09-08 15:35,0.08959,0.08968,0.08957,0.08967,15587209,1788853199999,futures
1788853200000,2026-09-08T07:40:00.000Z,2026-09-08 15:40,0.08966,0.08979,0.08939,0.0894,26240069,1788853499999,futures
1788853500000,2026-09-08T07:45:00.000Z,2026-09-08 15:45,0.08941,0.08941,0.08912,0.08912,15376662,1788853799999,futures
1788853800000,2026-09-08T07:50:00.000Z,2026-09-08 15:50,0.08913,0.08919,0.08892,0.08916,26962165,1788854099999,futures
1788854100000,2026-09-08T07:55:00.000Z,2026-09-08 15:55,0.08915,0.08932,0.08915,0.08925,13362841,1788854399999,futures
1788854400000,2026-09-08T08:00:00.000Z,2026-09-08 16:00,0.08925,0.08925,0.08887,0.08891,22815071,1788854699999,futures
1788854700000,2026-09-08T08:05:00.000Z,2026-09-08 16:05,0.08891,0.0891,0.08887,0.08891,20096155,1788854999999,futures
1788855000000,2026-09-08T08:10:00.000Z,2026-09-08 16:10,0.08891,0.0891,0.08877,0.08908,20279158,1788855299999,futures
1788855300000,2026-09-08T08:15:00.000Z,2026-09-08 16:15,0.08908,0.08916,0.0889,0.08904,23059972,1788855599999,futures
1788855600000,2026-09-08T08:20:00.000Z,2026-09-08 16:20,0.08904,0.08914,0.0889,0.08912,13855582,1788855899999,futures
1788855900000,2026-09-08T08:25:00.000Z,2026-09-08 16:25,0.08912,0.08922,0.08895,0.08918,23910405,1788856199999,futures
1788856200000,2026-09-08T08:30:00.000Z,2026-09-08 16:30,0.08918,0.0893,0.0891,0.08928,16590815,1788856499999,futures
1788856500000,2026-09-08T08:35:00.000Z,2026-09-08 16:35,0.08929,0.08942,0.08929,0.08939,8800101,1788856799999,futures
1788856800000,2026-09-08T08:40:00.000Z,2026-09-08 16:40,0.08939,0.08942,0.08934,0.0894,8389691,1788857099999,futures
1788857100000,2026-09-08T08:45:00.000Z,2026-09-08 16:45,0.0894,0.08958,0.08939,0.08951,10234183,1788857399999,futures
1788857400000,2026-09-08T08:50:00.000Z,2026-09-08 16:50,0.08952,0.08953,0.08931,0.08934,6826305,1788857699999,futures
1788857700000,2026-09-08T08:55:00.000Z,2026-09-08 16:55,0.08934,0.08947,0.08913,0.08928,66813743,1788857999999,futures
1788858000000,2026-09-08T09:00:00.000Z,2026-09-08 17:00,0.08928,0.08938,0.08922,0.0893,13973220,1788858299999,futures
1788858300000,2026-09-08T09:05:00.000Z,2026-09-08 17:05,0.0893,0.0894,0.08928,0.0894,8750303,1788858599999,futures
1788858600000,2026-09-08T09:10:00.000Z,2026-09-08 17:10,0.0894,0.08945,0.08897,0.08939,76948229,1788858899999,futures
1788858900000,2026-09-08T09:15:00.000Z,2026-09-08 17:15,0.08939,0.08955,0.0893,0.0893,17370280,1788859199999,futures
1788859200000,2026-09-08T09:20:00.000Z,2026-09-08 17:20,0.0893,0.08941,0.08926,0.08938,8787257,1788859499999,futures
1788859500000,2026-09-08T09:25:00.000Z,2026-09-08 17:25,0.08938,0.08953,0.08935,0.08944,11094078,1788859799999,futures
1788859800000,2026-09-08T09:30:00.000Z,2026-09-08 17:30,0.08945,0.08985,0.0894,0.08982,17217305,1788860099999,futures
1788860100000,2026-09-08T09:35:00.000Z,2026-09-08 17:35,0.08981,0.09001,0.0898,0.09001,38379946,1788860399999,futures
1788860400000,2026-09-08T09:40:00.000Z,2026-09-08 17:40,0.09001,0.09015,0.08995,0.09014,22788373,1788860699999,futures
1788860700000,2026-09-08T09:45:00.000Z,2026-09-08 17:45,0.09014,0.09067,0.09012,0.09042,88529866,1788860999999,futures
1788861000000,2026-09-08T09:50:00.000Z,2026-09-08 17:50,0.09043,0.09076,0.09019,0.09073,46615941,1788861299999,futures
1788861300000,2026-09-08T09:55:00.000Z,2026-09-08 17:55,0.09074,0.09074,0.09035,0.09039,53723615,1788861599999,futures
1788861600000,2026-09-08T10:00:00.000Z,2026-09-08 18:00,0.09038,0.09057,0.09023,0.09051,36393060,1788861899999,futures
1788861900000,2026-09-08T10:05:00.000Z,2026-09-08 18:05,0.0905,0.09059,0.09036,0.09043,24174981,1788862199999,futures
1788862200000,2026-09-08T10:10:00.000Z,2026-09-08 18:10,0.09043,0.09057,0.09037,0.09054,8437942,1788862499999,futures
1788862500000,2026-09-08T10:15:00.000Z,2026-09-08 18:15,0.09055,0.09059,0.0905,0.09059,6815047,1788862799999,futures
1788862800000,2026-09-08T10:20:00.000Z,2026-09-08 18:20,0.09059,0.09095,0.09058,0.09068,36590439,1788863099999,futures
1788863100000,2026-09-08T10:25:00.000Z,2026-09-08 18:25,0.09068,0.09078,0.09062,0.09073,17975304,1788863399999,futures
1788863400000,2026-09-08T10:30:00.000Z,2026-09-08 18:30,0.09074,0.09082,0.09053,0.09054,45062859,1788863699999,futures
1788863700000,2026-09-08T10:35:00.000Z,2026-09-08 18:35,0.09054,0.09056,0.09039,0.09052,42534637,1788863999999,futures
1788864000000,2026-09-08T10:40:00.000Z,2026-09-08 18:40,0.09051,0.09053,0.09027,0.09037,22485671,1788864299999,futures
1788864300000,2026-09-08T10:45:00.000Z,2026-09-08 18:45,0.09038,0.0904,0.09018,0.09023,10847820,1788864599999,futures
1788864600000,2026-09-08T10:50:00.000Z,2026-09-08 18:50,0.09022,0.0903,0.0901,0.09011,11884555,1788864899999,futures
1788864900000,2026-09-08T10:55:00.000Z,2026-09-08 18:55,0.09011,0.09017,0.09009,0.0901,9766298,1788865199999,futures
1788865200000,2026-09-08T11:00:00.000Z,2026-09-08 19:00,0.0901,0.09017,0.09002,0.09003,14401701,1788865499999,futures
1788865500000,2026-09-08T11:05:00.000Z,2026-09-08 19:05,0.09003,0.09004,0.08964,0.08964,40193107,1788865799999,futures
1788865800000,2026-09-08T11:10:00.000Z,2026-09-08 19:10,0.08965,0.08967,0.0894,0.08944,32034465,1788866099999,futures
1788866100000,2026-09-08T11:15:00.000Z,2026-09-08 19:15,0.08944,0.08957,0.08933,0.08948,38415918,1788866399999,futures
1788866400000,2026-09-08T11:20:00.000Z,2026-09-08 19:20,0.08949,0.08975,0.08946,0.0897,27825642,1788866699999,futures
1788866700000,2026-09-08T11:25:00.000Z,2026-09-08 19:25,0.0897,0.0897,0.08952,0.08955,14241619,1788866999999,futures
1788867000000,2026-09-08T11:30:00.000Z,2026-09-08 19:30,0.08955,0.08965,0.08947,0.08959,22805755,1788867299999,futures
1788867300000,2026-09-08T11:35:00.000Z,2026-09-08 19:35,0.08958,0.08966,0.08952,0.08952,8327089,1788867599999,futures
1788867600000,2026-09-08T11:40:00.000Z,2026-09-08 19:40,0.08953,0.0897,0.08945,0.08963,16518283,1788867899999,futures
1788867900000,2026-09-08T11:45:00.000Z,2026-09-08 19:45,0.08963,0.08964,0.08918,0.08941,45968411,1788868199999,futures
1788868200000,2026-09-08T11:50:00.000Z,2026-09-08 19:50,0.08941,0.08952,0.08925,0.08926,18061127,1788868499999,futures
1788868500000,2026-09-08T11:55:00.000Z,2026-09-08 19:55,0.08926,0.08957,0.08924,0.08951,22795207,1788868799999,futures
1788868800000,2026-09-08T12:00:00.000Z,2026-09-08 20:00,0.08951,0.08951,0.08906,0.08915,20487639,1788869099999,futures
1788869100000,2026-09-08T12:05:00.000Z,2026-09-08 20:05,0.08915,0.08927,0.0883,0.08894,189692069,1788869399999,futures
1788869400000,2026-09-08T12:10:00.000Z,2026-09-08 20:10,0.08894,0.08901,0.08864,0.08869,24165068,1788869699999,futures
1788869700000,2026-09-08T12:15:00.000Z,2026-09-08 20:15,0.08869,0.08895,0.08869,0.08893,16064196,1788869999999,futures
1788870000000,2026-09-08T12:20:00.000Z,2026-09-08 20:20,0.08893,0.08904,0.0889,0.08903,13986513,1788870299999,futures
1788870300000,2026-09-08T12:25:00.000Z,2026-09-08 20:25,0.08904,0.08911,0.08894,0.08909,14735338,1788870599999,futures
1788870600000,2026-09-08T12:30:00.000Z,2026-09-08 20:30,0.0891,0.08931,0.08898,0.08921,25471525,1788870899999,futures
1788870900000,2026-09-08T12:35:00.000Z,2026-09-08 20:35,0.08921,0.08928,0.08916,0.08923,12933056,1788871199999,futures
1788871200000,2026-09-08T12:40:00.000Z,2026-09-08 20:40,0.08923,0.08925,0.0891,0.08914,22228002,1788871499999,futures
1788871500000,2026-09-08T12:45:00.000Z,2026-09-08 20:45,0.08914,0.08929,0.08905,0.08928,15906009,1788871799999,futures
1788871800000,2026-09-08T12:50:00.000Z,2026-09-08 20:50,0.08928,0.08947,0.0892,0.08946,20459078,1788872099999,futures
1788872100000,2026-09-08T12:55:00.000Z,2026-09-08 20:55,0.08946,0.08952,0.08916,0.08927,30117843,1788872399999,futures
1788872400000,2026-09-08T13:00:00.000Z,2026-09-08 21:00,0.08927,0.08936,0.08915,0.08931,12000959,1788872699999,futures
1788872700000,2026-09-08T13:05:00.000Z,2026-09-08 21:05,0.0893,0.08946,0.08926,0.08928,11718036,1788872999999,futures
1788873000000,2026-09-08T13:10:00.000Z,2026-09-08 21:10,0.08928,0.08941,0.08926,0.08934,6179107,1788873299999,futures
1788873300000,2026-09-08T13:15:00.000Z,2026-09-08 21:15,0.08935,0.08943,0.08933,0.08933,7646144,1788873599999,futures
1788873600000,2026-09-08T13:20:00.000Z,2026-09-08 21:20,0.08933,0.08937,0.08909,0.08926,13855380,1788873899999,futures
1788873900000,2026-09-08T13:25:00.000Z,2026-09-08 21:25,0.08926,0.0894,0.08921,0.08925,14817275,1788874199999,futures
1788874200000,2026-09-08T13:30:00.000Z,2026-09-08 21:30,0.08926,0.08935,0.08845,0.08874,74118870,1788874499999,futures
1788874500000,2026-09-08T13:35:00.000Z,2026-09-08 21:35,0.08874,0.08883,0.08816,0.08826,70834644,1788874799999,futures
1788874800000,2026-09-08T13:40:00.000Z,2026-09-08 21:40,0.08827,0.0884,0.08794,0.0884,102542769,1788875099999,futures
1788875100000,2026-09-08T13:45:00.000Z,2026-09-08 21:45,0.08839,0.08861,0.08823,0.08859,44447712,1788875399999,futures
1788875400000,2026-09-08T13:50:00.000Z,2026-09-08 21:50,0.08859,0.08871,0.08834,0.08871,24697716,1788875699999,futures
1788875700000,2026-09-08T13:55:00.000Z,2026-09-08 21:55,0.08871,0.08943,0.0887,0.08905,52233969,1788875999999,futures
1788876000000,2026-09-08T14:00:00.000Z,2026-09-08 22:00,0.08905,0.08923,0.08891,0.08908,29124380,1788876299999,futures
1788876300000,2026-09-08T14:05:00.000Z,2026-09-08 22:05,0.08909,0.08929,0.08899,0.0892,24627242,1788876599999,futures
1788876600000,2026-09-08T14:10:00.000Z,2026-09-08 22:10,0.08919,0.08973,0.08916,0.08954,54602422,1788876899999,futures
1788876900000,2026-09-08T14:15:00.000Z,2026-09-08 22:15,0.08954,0.08979,0.08954,0.08961,32564116,1788877199999,futures
1788877200000,2026-09-08T14:20:00.000Z,2026-09-08 22:20,0.08961,0.08972,0.08942,0.08943,27765237,1788877499999,futures
1788877500000,2026-09-08T14:25:00.000Z,2026-09-08 22:25,0.08942,0.08947,0.08923,0.08943,29154718,1788877799999,futures
1788877800000,2026-09-08T14:30:00.000Z,2026-09-08 22:30,0.08944,0.08949,0.08922,0.08945,16451672,1788878099999,futures
1788878100000,2026-09-08T14:35:00.000Z,2026-09-08 22:35,0.08945,0.08953,0.08925,0.08933,20503051,1788878399999,futures
1788878400000,2026-09-08T14:40:00.000Z,2026-09-08 22:40,0.08932,0.08953,0.08921,0.08936,23133379,1788878699999,futures
1788878700000,2026-09-08T14:45:00.000Z,2026-09-08 22:45,0.08936,0.08981,0.08932,0.0897,42664589,1788878999999,futures
1788879000000,2026-09-08T14:50:00.000Z,2026-09-08 22:50,0.08969,0.08978,0.0895,0.08957,13478178,1788879299999,futures
1788879300000,2026-09-08T14:55:00.000Z,2026-09-08 22:55,0.08957,0.08974,0.08952,0.08967,18962485,1788879599999,futures
1788879600000,2026-09-08T15:00:00.000Z,2026-09-08 23:00,0.08967,0.08988,0.08964,0.08968,12739862,1788879899999,futures
1788879900000,2026-09-08T15:05:00.000Z,2026-09-08 23:05,0.08969,0.08992,0.08958,0.08991,15322571,1788880199999,futures
1788880200000,2026-09-08T15:10:00.000Z,2026-09-08 23:10,0.08992,0.09013,0.08988,0.09004,32700766,1788880499999,futures
1788880500000,2026-09-08T15:15:00.000Z,2026-09-08 23:15,0.09005,0.09035,0.09005,0.09033,30280311,1788880799999,futures
1788880800000,2026-09-08T15:20:00.000Z,2026-09-08 23:20,0.09033,0.09036,0.08995,0.09007,26320123,1788881099999,futures
1788881100000,2026-09-08T15:25:00.000Z,2026-09-08 23:25,0.09008,0.09018,0.08984,0.09001,27322667,1788881399999,futures
1788881400000,2026-09-08T15:30:00.000Z,2026-09-08 23:30,0.09001,0.09026,0.08997,0.0901,44415865,1788881699999,futures
1788881700000,2026-09-08T15:35:00.000Z,2026-09-08 23:35,0.09009,0.09063,0.09004,0.09043,50228201,1788881999999,futures
1788882000000,2026-09-08T15:40:00.000Z,2026-09-08 23:40,0.09043,0.0907,0.09027,0.09056,28974788,1788882299999,futures
1788882300000,2026-09-08T15:45:00.000Z,2026-09-08 23:45,0.09056,0.09068,0.09031,0.0904,34932520,1788882599999,futures
1788882600000,2026-09-08T15:50:00.000Z,2026-09-08 23:50,0.0904,0.09056,0.09026,0.09052,30098965,1788882899999,futures
1788882900000,2026-09-08T15:55:00.000Z,2026-09-08 23:55,0.09052,0.0908,0.09046,0.0906,36091689,1788883199999,futures
1788883200000,2026-09-08T16:00:00.000Z,2026-09-09 00:00,0.09061,0.09079,0.09045,0.09055,27880017,1788883499999,futures
1788883500000,2026-09-08T16:05:00.000Z,2026-09-09 00:05,0.09056,0.09056,0.09031,0.09032,21239467,1788883799999,futures
1788883800000,2026-09-08T16:10:00.000Z,2026-09-09 00:10,0.09031,0.09034,0.09001,0.09008,33081586,1788884099999,futures
1788884100000,2026-09-08T16:15:00.000Z,2026-09-09 00:15,0.09008,0.09011,0.08989,0.08992,23727538,1788884399999,futures
1788884400000,2026-09-08T16:20:00.000Z,2026-09-09 00:20,0.08991,0.09004,0.08977,0.08993,27527860,1788884699999,futures
1788884700000,2026-09-08T16:25:00.000Z,2026-09-09 00:25,0.08994,0.09012,0.08984,0.08987,17124918,1788884999999,futures
1788885000000,2026-09-08T16:30:00.000Z,2026-09-09 00:30,0.08986,0.09032,0.08985,0.09012,19034027,1788885299999,futures
1788885300000,2026-09-08T16:35:00.000Z,2026-09-09 00:35,0.09011,0.0907,0.09006,0.0907,25153910,1788885599999,futures
1788885600000,2026-09-08T16:40:00.000Z,2026-09-09 00:40,0.09071,0.09085,0.09051,0.09051,43702264,1788885899999,futures
1788885900000,2026-09-08T16:45:00.000Z,2026-09-09 00:45,0.09052,0.09068,0.09045,0.09061,19726811,1788886199999,futures
1788886200000,2026-09-08T16:50:00.000Z,2026-09-09 00:50,0.09061,0.09075,0.09043,0.09058,17246391,1788886499999,futures
1788886500000,2026-09-08T16:55:00.000Z,2026-09-09 00:55,0.09058,0.09072,0.09032,0.09061,29989540,1788886799999,futures
1788886800000,2026-09-08T17:00:00.000Z,2026-09-09 01:00,0.09061,0.09079,0.09055,0.09069,24472350,1788887099999,futures
1788887100000,2026-09-08T17:05:00.000Z,2026-09-09 01:05,0.09069,0.09083,0.09027,0.0903,37846361,1788887399999,futures
1788887400000,2026-09-08T17:10:00.000Z,2026-09-09 01:10,0.09029,0.09037,0.09014,0.09025,20541224,1788887699999,futures
1788887700000,2026-09-08T17:15:00.000Z,2026-09-09 01:15,0.09025,0.09029,0.0901,0.09015,13325961,1788887999999,futures
1788888000000,2026-09-08T17:20:00.000Z,2026-09-09 01:20,0.09015,0.09015,0.08997,0.09002,14286554,1788888299999,futures
1788888300000,2026-09-08T17:25:00.000Z,2026-09-09 01:25,0.09001,0.09008,0.08979,0.09006,24789361,1788888599999,futures
1788888600000,2026-09-08T17:30:00.000Z,2026-09-09 01:30,0.09006,0.09011,0.08994,0.09009,9941446,1788888899999,futures
1788888900000,2026-09-08T17:35:00.000Z,2026-09-09 01:35,0.09009,0.09035,0.09007,0.09019,15448180,1788889199999,futures
1788889200000,2026-09-08T17:40:00.000Z,2026-09-09 01:40,0.09019,0.09019,0.08995,0.08998,21277028,1788889499999,futures
1788889500000,2026-09-08T17:45:00.000Z,2026-09-09 01:45,0.08998,0.09017,0.08997,0.09014,18927072,1788889799999,futures
1788889800000,2026-09-08T17:50:00.000Z,2026-09-09 01:50,0.09014,0.09052,0.09013,0.0903,21232291,1788890099999,futures
1788890100000,2026-09-08T17:55:00.000Z,2026-09-09 01:55,0.0903,0.09032,0.09,0.09002,14912582,1788890399999,futures
1788890400000,2026-09-08T18:00:00.000Z,2026-09-09 02:00,0.09002,0.09035,0.08997,0.0902,23306545,1788890699999,futures
1788890700000,2026-09-08T18:05:00.000Z,2026-09-09 02:05,0.09019,0.09049,0.09018,0.09037,23582340,1788890999999,futures
1788891000000,2026-09-08T18:10:00.000Z,2026-09-09 02:10,0.09037,0.09044,0.09033,0.09043,9382240,1788891299999,futures
1788891300000,2026-09-08T18:15:00.000Z,2026-09-09 02:15,0.09044,0.09073,0.09043,0.0907,19141612,1788891599999,futures
1788891600000,2026-09-08T18:20:00.000Z,2026-09-09 02:20,0.09071,0.09074,0.09061,0.09063,13827678,1788891899999,futures
1788891900000,2026-09-08T18:25:00.000Z,2026-09-09 02:25,0.09064,0.09066,0.09046,0.09055,11264311,1788892199999,futures
1788892200000,2026-09-08T18:30:00.000Z,2026-09-09 02:30,0.09055,0.09058,0.09037,0.09037,8049329,1788892499999,futures
1788892500000,2026-09-08T18:35:00.000Z,2026-09-09 02:35,0.09037,0.09037,0.09014,0.09014,8441909,1788892799999,futures
1788892800000,2026-09-08T18:40:00.000Z,2026-09-09 02:40,0.09014,0.09028,0.0901,0.09027,8705270,1788893099999,futures
1788893100000,2026-09-08T18:45:00.000Z,2026-09-09 02:45,0.09027,0.09033,0.08944,0.08946,50987271,1788893399999,futures
1788893400000,2026-09-08T18:50:00.000Z,2026-09-09 02:50,0.08946,0.08971,0.08916,0.08946,36042500,1788893699999,futures
1788893700000,2026-09-08T18:55:00.000Z,2026-09-09 02:55,0.08947,0.08958,0.08936,0.0895,15893278,1788893999999,futures
1788894000000,2026-09-08T19:00:00.000Z,2026-09-09 03:00,0.0895,0.08972,0.08936,0.0897,10973071,1788894299999,futures
1788894300000,2026-09-08T19:05:00.000Z,2026-09-09 03:05,0.0897,0.0898,0.08962,0.08971,9654088,1788894599999,futures
1788894600000,2026-09-08T19:10:00.000Z,2026-09-09 03:10,0.08971,0.08987,0.08964,0.08971,25684808,1788894899999,futures
1788894900000,2026-09-08T19:15:00.000Z,2026-09-09 03:15,0.08972,0.08991,0.08963,0.08968,18360549,1788895199999,futures
1788895200000,2026-09-08T19:20:00.000Z,2026-09-09 03:20,0.08968,0.08986,0.08953,0.08975,19990171,1788895499999,futures
1788895500000,2026-09-08T19:25:00.000Z,2026-09-09 03:25,0.08975,0.08981,0.08951,0.08976,25592641,1788895799999,futures
1788895800000,2026-09-08T19:30:00.000Z,2026-09-09 03:30,0.08977,0.08987,0.08948,0.08986,30258699,1788896099999,futures
1788896100000,2026-09-08T19:35:00.000Z,2026-09-09 03:35,0.08987,0.08999,0.08975,0.08995,22162872,1788896399999,futures
1788896400000,2026-09-08T19:40:00.000Z,2026-09-09 03:40,0.08994,0.09003,0.08965,0.08968,33076219,1788896699999,futures
1788896700000,2026-09-08T19:45:00.000Z,2026-09-09 03:45,0.08969,0.08971,0.08938,0.08969,28089757,1788896999999,futures
1788897000000,2026-09-08T19:50:00.000Z,2026-09-09 03:50,0.08968,0.08969,0.08941,0.08943,19184148,1788897299999,futures
1788897300000,2026-09-08T19:55:00.000Z,2026-09-09 03:55,0.08943,0.08954,0.08926,0.08954,16923739,1788897599999,futures
1788897600000,2026-09-08T20:00:00.000Z,2026-09-09 04:00,0.08953,0.08965,0.08945,0.08956,14200923,1788897899999,futures
1788897900000,2026-09-08T20:05:00.000Z,2026-09-09 04:05,0.08957,0.08992,0.08951,0.0899,14116642,1788898199999,futures
1788898200000,2026-09-08T20:10:00.000Z,2026-09-09 04:10,0.08989,0.09043,0.08989,0.09032,44024461,1788898499999,futures
1788898500000,2026-09-08T20:15:00.000Z,2026-09-09 04:15,0.09032,0.09034,0.08982,0.0899,13300555,1788898799999,futures
1788898800000,2026-09-08T20:20:00.000Z,2026-09-09 04:20,0.08989,0.08997,0.08971,0.08993,21177329,1788899099999,futures
1788899100000,2026-09-08T20:25:00.000Z,2026-09-09 04:25,0.08992,0.09003,0.08981,0.08996,12368048,1788899399999,futures
1788899400000,2026-09-08T20:30:00.000Z,2026-09-09 04:30,0.08996,0.08997,0.08958,0.08961,7139718,1788899699999,futures
1788899700000,2026-09-08T20:35:00.000Z,2026-09-09 04:35,0.08961,0.08987,0.08955,0.08979,5646552,1788899999999,futures
1788900000000,2026-09-08T20:40:00.000Z,2026-09-09 04:40,0.08979,0.0898,0.08966,0.08974,4581895,1788900299999,futures
1788900300000,2026-09-08T20:45:00.000Z,2026-09-09 04:45,0.08974,0.08977,0.08957,0.08958,6534825,1788900599999,futures
1788900600000,2026-09-08T20:50:00.000Z,2026-09-09 04:50,0.08959,0.08975,0.08957,0.0896,4279651,1788900899999,futures
1788900900000,2026-09-08T20:55:00.000Z,2026-09-09 04:55,0.0896,0.08974,0.08957,0.08962,6458101,1788901199999,futures
1788901200000,2026-09-08T21:00:00.000Z,2026-09-09 05:00,0.08962,0.08988,0.08959,0.08974,8133805,1788901499999,futures
1788901500000,2026-09-08T21:05:00.000Z,2026-09-09 05:05,0.08973,0.0899,0.08972,0.08987,2865090,1788901799999,futures
1788901800000,2026-09-08T21:10:00.000Z,2026-09-09 05:10,0.08986,0.08994,0.08986,0.08991,5041051,1788902099999,futures
1788902100000,2026-09-08T21:15:00.000Z,2026-09-09 05:15,0.0899,0.08996,0.08978,0.08981,5427106,1788902399999,futures
1788902400000,2026-09-08T21:20:00.000Z,2026-09-09 05:20,0.0898,0.08986,0.08954,0.08975,10902257,1788902699999,futures
1788902700000,2026-09-08T21:25:00.000Z,2026-09-09 05:25,0.08974,0.09001,0.08969,0.0897,14851029,1788902999999,futures
1788903000000,2026-09-08T21:30:00.000Z,2026-09-09 05:30,0.0897,0.08978,0.08955,0.0897,16234019,1788903299999,futures
1788903300000,2026-09-08T21:35:00.000Z,2026-09-09 05:35,0.0897,0.08974,0.08963,0.08974,6949640,1788903599999,futures
1788903600000,2026-09-08T21:40:00.000Z,2026-09-09 05:40,0.08973,0.08978,0.08947,0.08972,11780053,1788903899999,futures
1788903900000,2026-09-08T21:45:00.000Z,2026-09-09 05:45,0.08972,0.08974,0.08955,0.08956,4549559,1788904199999,futures
1788904200000,2026-09-08T21:50:00.000Z,2026-09-09 05:50,0.08956,0.08964,0.08921,0.08933,13388899,1788904499999,futures
1788904500000,2026-09-08T21:55:00.000Z,2026-09-09 05:55,0.08933,0.08953,0.08931,0.08953,4414529,1788904799999,futures
1788904800000,2026-09-08T22:00:00.000Z,2026-09-09 06:00,0.08952,0.09007,0.08948,0.08993,14122750,1788905099999,futures
1788905100000,2026-09-08T22:05:00.000Z,2026-09-09 06:05,0.08992,0.08992,0.08956,0.08956,7040667,1788905399999,futures
1788905400000,2026-09-08T22:10:00.000Z,2026-09-09 06:10,0.08957,0.08973,0.08952,0.08973,12530799,1788905699999,futures
1788905700000,2026-09-08T22:15:00.000Z,2026-09-09 06:15,0.08973,0.08998,0.08973,0.0898,26355722,1788905999999,futures
1788906000000,2026-09-08T22:20:00.000Z,2026-09-09 06:20,0.0898,0.09005,0.0898,0.08993,13823065,1788906299999,futures
1788906300000,2026-09-08T22:25:00.000Z,2026-09-09 06:25,0.08993,0.08993,0.08983,0.08983,2419852,1788906599999,futures
1788906600000,2026-09-08T22:30:00.000Z,2026-09-09 06:30,0.08983,0.08986,0.08976,0.08978,5561841,1788906899999,futures
1788906900000,2026-09-08T22:35:00.000Z,2026-09-09 06:35,0.08977,0.08984,0.08974,0.08977,2811844,1788907199999,futures
1788907200000,2026-09-08T22:40:00.000Z,2026-09-09 06:40,0.08976,0.08993,0.08975,0.08985,8447071,1788907499999,futures
1788907500000,2026-09-08T22:45:00.000Z,2026-09-09 06:45,0.08986,0.08996,0.08984,0.08996,4460224,1788907799999,futures
1788907800000,2026-09-08T22:50:00.000Z,2026-09-09 06:50,0.08996,0.08997,0.08989,0.08989,4113035,1788908099999,futures
1788908100000,2026-09-08T22:55:00.000Z,2026-09-09 06:55,0.0899,0.09003,0.0899,0.08997,8096820,1788908399999,futures
1788908400000,2026-09-08T23:00:00.000Z,2026-09-09 07:00,0.08998,0.0901,0.08991,0.08997,17528496,1788908699999,futures
1788908700000,2026-09-08T23:05:00.000Z,2026-09-09 07:05,0.08996,0.09002,0.08991,0.08999,3746444,1788908999999,futures
1788909000000,2026-09-08T23:10:00.000Z,2026-09-09 07:10,0.08998,0.09003,0.0898,0.09,15852578,1788909299999,futures
1788909300000,2026-09-08T23:15:00.000Z,2026-09-09 07:15,0.09,0.09001,0.08982,0.08987,5120165,1788909599999,futures
1788909600000,2026-09-08T23:20:00.000Z,2026-09-09 07:20,0.08986,0.08998,0.08981,0.08993,5601635,1788909899999,futures
1788909900000,2026-09-08T23:25:00.000Z,2026-09-09 07:25,0.08993,0.09005,0.08991,0.09001,8699146,1788910199999,futures
1788910200000,2026-09-08T23:30:00.000Z,2026-09-09 07:30,0.09001,0.09003,0.08995,0.08996,2224449,1788910499999,futures
1788910500000,2026-09-08T23:35:00.000Z,2026-09-09 07:35,0.08996,0.09005,0.08993,0.09001,4328290,1788910799999,futures
1788910800000,2026-09-08T23:40:00.000Z,2026-09-09 07:40,0.09001,0.09006,0.08997,0.08998,10328317,1788911099999,futures
1788911100000,2026-09-08T23:45:00.000Z,2026-09-09 07:45,0.08999,0.09001,0.08993,0.09,2301656,1788911399999,futures
1788911400000,2026-09-08T23:50:00.000Z,2026-09-09 07:50,0.08999,0.09009,0.08993,0.08994,5669410,1788911699999,futures
1788911700000,2026-09-08T23:55:00.000Z,2026-09-09 07:55,0.08994,0.09003,0.08989,0.09001,8849406,1788911999999,futures
1788912000000,2026-09-09T00:00:00.000Z,2026-09-09 08:00,0.09001,0.09037,0.08997,0.09036,10690555,1788912299999,futures
1788912300000,2026-09-09T00:05:00.000Z,2026-09-09 08:05,0.09036,0.091,0.09023,0.09056,155611800,1788912599999,futures
1788912600000,2026-09-09T00:10:00.000Z,2026-09-09 08:10,0.09055,0.09089,0.09049,0.09086,20027554,1788912899999,futures
1788912900000,2026-09-09T00:15:00.000Z,2026-09-09 08:15,0.09087,0.09088,0.09055,0.09065,19219628,1788913199999,futures
1788913200000,2026-09-09T00:20:00.000Z,2026-09-09 08:20,0.09064,0.0908,0.09052,0.09054,8962556,1788913499999,futures
1788913500000,2026-09-09T00:25:00.000Z,2026-09-09 08:25,0.09054,0.09059,0.09042,0.09058,12923629,1788913799999,futures
1788913800000,2026-09-09T00:30:00.000Z,2026-09-09 08:30,0.09059,0.09063,0.09035,0.09048,11874152,1788914099999,futures
1788914100000,2026-09-09T00:35:00.000Z,2026-09-09 08:35,0.09047,0.0906,0.09032,0.09056,8464292,1788914399999,futures
1788914400000,2026-09-09T00:40:00.000Z,2026-09-09 08:40,0.09056,0.0906,0.0904,0.09053,13317874,1788914699999,futures
1788914700000,2026-09-09T00:45:00.000Z,2026-09-09 08:45,0.09054,0.09074,0.09052,0.09065,14820043,1788914999999,futures
1788915000000,2026-09-09T00:50:00.000Z,2026-09-09 08:50,0.09065,0.09065,0.09046,0.0906,11802100,1788915299999,futures
1788915300000,2026-09-09T00:55:00.000Z,2026-09-09 08:55,0.0906,0.09069,0.09048,0.09051,13228358,1788915599999,futures
1788915600000,2026-09-09T01:00:00.000Z,2026-09-09 09:00,0.09051,0.09055,0.09023,0.09025,11023940,1788915899999,futures
1788915900000,2026-09-09T01:05:00.000Z,2026-09-09 09:05,0.09025,0.09049,0.09022,0.09049,15119943,1788916199999,futures
1788916200000,2026-09-09T01:10:00.000Z,2026-09-09 09:10,0.09048,0.09063,0.09027,0.09032,17928780,1788916499999,futures
1788916500000,2026-09-09T01:15:00.000Z,2026-09-09 09:15,0.09032,0.09035,0.08995,0.08996,12877002,1788916799999,futures
1788916800000,2026-09-09T01:20:00.000Z,2026-09-09 09:20,0.08995,0.09009,0.08984,0.08995,21027767,1788917099999,futures
1788917100000,2026-09-09T01:25:00.000Z,2026-09-09 09:25,0.08995,0.09013,0.08986,0.09005,10568817,1788917399999,futures
1788917400000,2026-09-09T01:30:00.000Z,2026-09-09 09:30,0.09004,0.09004,0.08989,0.09003,6807558,1788917699999,futures
1788917700000,2026-09-09T01:35:00.000Z,2026-09-09 09:35,0.09002,0.09034,0.09002,0.0903,7875417,1788917999999,futures
1788918000000,2026-09-09T01:40:00.000Z,2026-09-09 09:40,0.0903,0.09038,0.09014,0.09029,13603844,1788918299999,futures
1788918300000,2026-09-09T01:45:00.000Z,2026-09-09 09:45,0.09029,0.09043,0.09021,0.09027,9831209,1788918599999,futures
1788918600000,2026-09-09T01:50:00.000Z,2026-09-09 09:50,0.09027,0.0904,0.0901,0.0903,17764660,1788918899999,futures
1788918900000,2026-09-09T01:55:00.000Z,2026-09-09 09:55,0.09029,0.09037,0.09012,0.09023,16836822,1788919199999,futures
1788919200000,2026-09-09T02:00:00.000Z,2026-09-09 10:00,0.09022,0.09028,0.08996,0.09013,19388160,1788919499999,futures
1788919500000,2026-09-09T02:05:00.000Z,2026-09-09 10:05,0.09012,0.09028,0.09,0.09027,10536118,1788919799999,futures
1788919800000,2026-09-09T02:10:00.000Z,2026-09-09 10:10,0.09027,0.09042,0.08996,0.08999,23021638,1788920099999,futures
1788920100000,2026-09-09T02:15:00.000Z,2026-09-09 10:15,0.08998,0.09001,0.08961,0.08987,35633463,1788920399999,futures
1788920400000,2026-09-09T02:20:00.000Z,2026-09-09 10:20,0.08987,0.09014,0.08967,0.09014,17429933,1788920699999,futures
1788920700000,2026-09-09T02:25:00.000Z,2026-09-09 10:25,0.09014,0.09014,0.08982,0.08999,18824033,1788920999999,futures
1788921000000,2026-09-09T02:30:00.000Z,2026-09-09 10:30,0.08999,0.09015,0.08989,0.09002,4714209,1788921299999,futures
1788921300000,2026-09-09T02:35:00.000Z,2026-09-09 10:35,0.09001,0.09006,0.08991,0.09,4335269,1788921599999,futures
1788921600000,2026-09-09T02:40:00.000Z,2026-09-09 10:40,0.09,0.09011,0.08996,0.09004,3413847,1788921899999,futures
1788921900000,2026-09-09T02:45:00.000Z,2026-09-09 10:45,0.09003,0.09011,0.08995,0.09001,5555297,1788922199999,futures
1788922200000,2026-09-09T02:50:00.000Z,2026-09-09 10:50,0.09,0.09011,0.08998,0.09004,2292684,1788922499999,futures
1788922500000,2026-09-09T02:55:00.000Z,2026-09-09 10:55,0.09003,0.09003,0.08987,0.08989,7948477,1788922799999,futures
1788922800000,2026-09-09T03:00:00.000Z,2026-09-09 11:00,0.08989,0.08992,0.08969,0.08972,13223168,1788923099999,futures
1788923100000,2026-09-09T03:05:00.000Z,2026-09-09 11:05,0.08971,0.08985,0.08963,0.08966,9863070,1788923399999,futures
1788923400000,2026-09-09T03:10:00.000Z,2026-09-09 11:10,0.08966,0.08972,0.08948,0.08951,21469681,1788923699999,futures
1788923700000,2026-09-09T03:15:00.000Z,2026-09-09 11:15,0.0895,0.08961,0.08948,0.08954,10051953,1788923999999,futures
1788924000000,2026-09-09T03:20:00.000Z,2026-09-09 11:20,0.08954,0.08956,0.08939,0.08945,18101448,1788924299999,futures
1788924300000,2026-09-09T03:25:00.000Z,2026-09-09 11:25,0.08945,0.08946,0.08935,0.08943,12726216,1788924599999,futures
1788924600000,2026-09-09T03:30:00.000Z,2026-09-09 11:30,0.08942,0.08952,0.08941,0.0895,7982461,1788924899999,futures
1788924900000,2026-09-09T03:35:00.000Z,2026-09-09 11:35,0.0895,0.08965,0.08946,0.08965,9050999,1788925199999,futures
1788925200000,2026-09-09T03:40:00.000Z,2026-09-09 11:40,0.08964,0.08972,0.08956,0.08963,10200047,1788925499999,futures
1788925500000,2026-09-09T03:45:00.000Z,2026-09-09 11:45,0.08962,0.08975,0.08955,0.08958,12092960,1788925799999,futures
1788925800000,2026-09-09T03:50:00.000Z,2026-09-09 11:50,0.08958,0.0896,0.08945,0.08956,7093390,1788926099999,futures
1788926100000,2026-09-09T03:55:00.000Z,2026-09-09 11:55,0.08955,0.08966,0.08948,0.08956,10803968,1788926399999,futures
1788926400000,2026-09-09T04:00:00.000Z,2026-09-09 12:00,0.08955,0.09021,0.08955,0.09019,32422198,1788926699999,futures
1788926700000,2026-09-09T04:05:00.000Z,2026-09-09 12:05,0.0902,0.09037,0.09007,0.09007,37856394,1788926999999,futures
1788927000000,2026-09-09T04:10:00.000Z,2026-09-09 12:10,0.09006,0.09017,0.08997,0.09008,15957508,1788927299999,futures
1788927300000,2026-09-09T04:15:00.000Z,2026-09-09 12:15,0.09009,0.0901,0.08989,0.09007,11011622,1788927599999,futures
1788927600000,2026-09-09T04:20:00.000Z,2026-09-09 12:20,0.09007,0.09036,0.09001,0.09035,13432444,1788927899999,futures
1788927900000,2026-09-09T04:25:00.000Z,2026-09-09 12:25,0.09036,0.09044,0.09033,0.09037,13339964,1788928199999,futures
1788928200000,2026-09-09T04:30:00.000Z,2026-09-09 12:30,0.09037,0.09041,0.09029,0.09038,12066333,1788928499999,futures
1788928500000,2026-09-09T04:35:00.000Z,2026-09-09 12:35,0.09037,0.0904,0.09033,0.09034,6643597,1788928799999,futures
1788928800000,2026-09-09T04:40:00.000Z,2026-09-09 12:40,0.09034,0.09076,0.09027,0.09074,52207296,1788929099999,futures
1788929100000,2026-09-09T04:45:00.000Z,2026-09-09 12:45,0.09074,0.0908,0.09054,0.09066,27472960,1788929399999,futures
1788929400000,2026-09-09T04:50:00.000Z,2026-09-09 12:50,0.09066,0.09074,0.09063,0.09066,12889657,1788929699999,futures
1788929700000,2026-09-09T04:55:00.000Z,2026-09-09 12:55,0.09066,0.0907,0.09051,0.09058,15878228,1788929999999,futures
1788930000000,2026-09-09T05:00:00.000Z,2026-09-09 13:00,0.09057,0.0906,0.09035,0.09037,14019747,1788930299999,futures
1788930300000,2026-09-09T05:05:00.000Z,2026-09-09 13:05,0.09037,0.0904,0.09029,0.09039,11975905,1788930599999,futures
1788930600000,2026-09-09T05:10:00.000Z,2026-09-09 13:10,0.09039,0.09063,0.09036,0.09054,15612392,1788930899999,futures
1788930900000,2026-09-09T05:15:00.000Z,2026-09-09 13:15,0.09053,0.09073,0.09047,0.0906,18801128,1788931199999,futures
1788931200000,2026-09-09T05:20:00.000Z,2026-09-09 13:20,0.09059,0.0906,0.09042,0.09046,12227138,1788931499999,futures
1788931500000,2026-09-09T05:25:00.000Z,2026-09-09 13:25,0.09046,0.09052,0.09036,0.09042,13725613,1788931799999,futures
1788931800000,2026-09-09T05:30:00.000Z,2026-09-09 13:30,0.09042,0.09047,0.09002,0.09014,22330120,1788932099999,futures
1788932100000,2026-09-09T05:35:00.000Z,2026-09-09 13:35,0.09013,0.09021,0.09,0.0901,17559226,1788932399999,futures
1788932400000,2026-09-09T05:40:00.000Z,2026-09-09 13:40,0.0901,0.09018,0.08994,0.09004,17410252,1788932699999,futures
1788932700000,2026-09-09T05:45:00.000Z,2026-09-09 13:45,0.09004,0.09005,0.08982,0.08996,27810569,1788932999999,futures
1788933000000,2026-09-09T05:50:00.000Z,2026-09-09 13:50,0.08996,0.09006,0.08996,0.09006,7693923,1788933299999,futures
1788933300000,2026-09-09T05:55:00.000Z,2026-09-09 13:55,0.09006,0.09008,0.09,0.09006,6887247,1788933599999,futures
1788933600000,2026-09-09T06:00:00.000Z,2026-09-09 14:00,0.09006,0.09013,0.08993,0.08998,9218021,1788933899999,futures
1788933900000,2026-09-09T06:05:00.000Z,2026-09-09 14:05,0.08998,0.09014,0.08995,0.09009,11405378,1788934199999,futures
1788934200000,2026-09-09T06:10:00.000Z,2026-09-09 14:10,0.09009,0.09038,0.09009,0.09036,11921596,1788934499999,futures
1788934500000,2026-09-09T06:15:00.000Z,2026-09-09 14:15,0.09035,0.09047,0.09033,0.09047,5703395,1788934799999,futures
1788934800000,2026-09-09T06:20:00.000Z,2026-09-09 14:20,0.09047,0.09066,0.09044,0.09055,20047199,1788935099999,futures
1788935100000,2026-09-09T06:25:00.000Z,2026-09-09 14:25,0.09055,0.09061,0.09045,0.09048,9751517,1788935399999,futures
1788935400000,2026-09-09T06:30:00.000Z,2026-09-09 14:30,0.09048,0.09059,0.09047,0.09057,10154389,1788935699999,futures
1788935700000,2026-09-09T06:35:00.000Z,2026-09-09 14:35,0.09057,0.09064,0.0905,0.09053,7750478,1788935999999,futures
1788936000000,2026-09-09T06:40:00.000Z,2026-09-09 14:40,0.09052,0.09054,0.09042,0.09049,11045892,1788936299999,futures
1788936300000,2026-09-09T06:45:00.000Z,2026-09-09 14:45,0.0905,0.09052,0.09036,0.09038,4776910,1788936599999,futures
1788936600000,2026-09-09T06:50:00.000Z,2026-09-09 14:50,0.09038,0.09046,0.09036,0.09038,6026483,1788936899999,futures
1788936900000,2026-09-09T06:55:00.000Z,2026-09-09 14:55,0.09037,0.09044,0.09034,0.09041,3473309,1788937199999,futures
1788937200000,2026-09-09T07:00:00.000Z,2026-09-09 15:00,0.09041,0.09054,0.09037,0.09054,5970569,1788937499999,futures
1788937500000,2026-09-09T07:05:00.000Z,2026-09-09 15:05,0.09053,0.09093,0.09053,0.09075,35029733,1788937799999,futures
1788937800000,2026-09-09T07:10:00.000Z,2026-09-09 15:10,0.09075,0.09081,0.09062,0.09071,20053864,1788938099999,futures
1788938100000,2026-09-09T07:15:00.000Z,2026-09-09 15:15,0.09071,0.09076,0.09059,0.09063,16416441,1788938399999,futures
1788938400000,2026-09-09T07:20:00.000Z,2026-09-09 15:20,0.09063,0.0908,0.09057,0.09079,13525053,1788938699999,futures
1788938700000,2026-09-09T07:25:00.000Z,2026-09-09 15:25,0.09078,0.09082,0.09064,0.09071,20347726,1788938999999,futures
1788939000000,2026-09-09T07:30:00.000Z,2026-09-09 15:30,0.09071,0.09074,0.09063,0.09068,10815243,1788939299999,futures
1788939300000,2026-09-09T07:35:00.000Z,2026-09-09 15:35,0.09068,0.09074,0.09064,0.09068,3616386,1788939599999,futures
1788939600000,2026-09-09T07:40:00.000Z,2026-09-09 15:40,0.09068,0.09074,0.09062,0.09065,8639583,1788939899999,futures
1788939900000,2026-09-09T07:45:00.000Z,2026-09-09 15:45,0.09065,0.09071,0.09061,0.09061,10084391,1788940199999,futures
1788940200000,2026-09-09T07:50:00.000Z,2026-09-09 15:50,0.09061,0.09078,0.09061,0.09076,4867177,1788940499999,futures
1788940500000,2026-09-09T07:55:00.000Z,2026-09-09 15:55,0.09076,0.09086,0.09075,0.09084,7944667,1788940799999,futures
1788940800000,2026-09-09T08:00:00.000Z,2026-09-09 16:00,0.09083,0.09097,0.09074,0.09096,23003088,1788941099999,futures
1788941100000,2026-09-09T08:05:00.000Z,2026-09-09 16:05,0.09096,0.09118,0.0909,0.09095,40808685,1788941399999,futures
1788941400000,2026-09-09T08:10:00.000Z,2026-09-09 16:10,0.09095,0.0911,0.0909,0.09093,16974984,1788941699999,futures
1788941700000,2026-09-09T08:15:00.000Z,2026-09-09 16:15,0.09093,0.09111,0.0909,0.09106,16610466,1788941999999,futures
1788942000000,2026-09-09T08:20:00.000Z,2026-09-09 16:20,0.09105,0.09123,0.09102,0.09106,21462356,1788942299999,futures
1788942300000,2026-09-09T08:25:00.000Z,2026-09-09 16:25,0.09106,0.09119,0.09101,0.09117,17591741,1788942599999,futures
1788942600000,2026-09-09T08:30:00.000Z,2026-09-09 16:30,0.09116,0.09117,0.09109,0.09113,10665236,1788942899999,futures
1788942900000,2026-09-09T08:35:00.000Z,2026-09-09 16:35,0.09113,0.09122,0.09095,0.09106,19077754,1788943199999,futures
1788943200000,2026-09-09T08:40:00.000Z,2026-09-09 16:40,0.09107,0.09123,0.09105,0.09116,11668646,1788943499999,futures
1788943500000,2026-09-09T08:45:00.000Z,2026-09-09 16:45,0.09116,0.09121,0.09112,0.09119,10552105,1788943799999,futures
1788943800000,2026-09-09T08:50:00.000Z,2026-09-09 16:50,0.09119,0.09141,0.09114,0.09138,20710844,1788944099999,futures
1788944100000,2026-09-09T08:55:00.000Z,2026-09-09 16:55,0.09138,0.09141,0.09133,0.09138,9714194,1788944399999,futures
1788944400000,2026-09-09T09:00:00.000Z,2026-09-09 17:00,0.09138,0.0914,0.09132,0.09135,12154873,1788944699999,futures
1788944700000,2026-09-09T09:05:00.000Z,2026-09-09 17:05,0.09135,0.09135,0.09103,0.09103,24543341,1788944999999,futures
1788945000000,2026-09-09T09:10:00.000Z,2026-09-09 17:10,0.09104,0.09116,0.09097,0.0911,20181205,1788945299999,futures
1788945300000,2026-09-09T09:15:00.000Z,2026-09-09 17:15,0.0911,0.09116,0.09103,0.09105,9399770,1788945599999,futures
1788945600000,2026-09-09T09:20:00.000Z,2026-09-09 17:20,0.09104,0.09104,0.0908,0.09081,22704912,1788945899999,futures
1788945900000,2026-09-09T09:25:00.000Z,2026-09-09 17:25,0.09082,0.09088,0.09077,0.09078,10683921,1788946199999,futures
1788946200000,2026-09-09T09:30:00.000Z,2026-09-09 17:30,0.09078,0.09079,0.09061,0.09067,17310477,1788946499999,futures
1788946500000,2026-09-09T09:35:00.000Z,2026-09-09 17:35,0.09067,0.09068,0.09046,0.09052,19076407,1788946799999,futures
1788946800000,2026-09-09T09:40:00.000Z,2026-09-09 17:40,0.09052,0.09055,0.09028,0.09032,52675122,1788947099999,futures
1788947100000,2026-09-09T09:45:00.000Z,2026-09-09 17:45,0.09031,0.09036,0.09002,0.09007,40176541,1788947399999,futures
1788947400000,2026-09-09T09:50:00.000Z,2026-09-09 17:50,0.09006,0.09028,0.09003,0.0901,33657031,1788947699999,futures
1788947700000,2026-09-09T09:55:00.000Z,2026-09-09 17:55,0.0901,0.09015,0.09001,0.09005,26233556,1788947999999,futures
1788948000000,2026-09-09T10:00:00.000Z,2026-09-09 18:00,0.09006,0.0904,0.09005,0.09039,34090170,1788948299999,futures
1788948300000,2026-09-09T10:05:00.000Z,2026-09-09 18:05,0.0904,0.09043,0.09026,0.09027,20389671,1788948599999,futures
1788948600000,2026-09-09T10:10:00.000Z,2026-09-09 18:10,0.09027,0.09028,0.09005,0.09024,20797162,1788948899999,futures
1788948900000,2026-09-09T10:15:00.000Z,2026-09-09 18:15,0.09024,0.09036,0.0901,0.09035,12187870,1788949199999,futures
1788949200000,2026-09-09T10:20:00.000Z,2026-09-09 18:20,0.09035,0.09063,0.09034,0.09061,27970874,1788949499999,futures
1788949500000,2026-09-09T10:25:00.000Z,2026-09-09 18:25,0.09061,0.0908,0.09047,0.09065,39785851,1788949799999,futures
1788949800000,2026-09-09T10:30:00.000Z,2026-09-09 18:30,0.09065,0.09073,0.09046,0.09073,21308519,1788950099999,futures
1788950100000,2026-09-09T10:35:00.000Z,2026-09-09 18:35,0.09072,0.09075,0.0905,0.09063,18105456,1788950399999,futures
1788950400000,2026-09-09T10:40:00.000Z,2026-09-09 18:40,0.09063,0.09064,0.09044,0.09049,16621329,1788950699999,futures
1788950700000,2026-09-09T10:45:00.000Z,2026-09-09 18:45,0.0905,0.0905,0.09038,0.09049,7519391,1788950999999,futures
1788951000000,2026-09-09T10:50:00.000Z,2026-09-09 18:50,0.09049,0.0905,0.09039,0.09048,7219187,1788951299999,futures
1788951300000,2026-09-09T10:55:00.000Z,2026-09-09 18:55,0.09048,0.09077,0.09047,0.09073,31020389,1788951599999,futures
1788951600000,2026-09-09T11:00:00.000Z,2026-09-09 19:00,0.09073,0.09077,0.09029,0.09035,13689355,1788951899999,futures
1788951900000,2026-09-09T11:05:00.000Z,2026-09-09 19:05,0.09034,0.09041,0.09015,0.0904,12436306,1788952199999,futures
1788952200000,2026-09-09T11:10:00.000Z,2026-09-09 19:10,0.0904,0.09043,0.0902,0.09026,8748071,1788952499999,futures
1788952500000,2026-09-09T11:15:00.000Z,2026-09-09 19:15,0.09027,0.09029,0.09011,0.09021,20273945,1788952799999,futures
1788952800000,2026-09-09T11:20:00.000Z,2026-09-09 19:20,0.09022,0.09054,0.09021,0.09054,10075598,1788953099999,futures
1788953100000,2026-09-09T11:25:00.000Z,2026-09-09 19:25,0.09055,0.09059,0.09042,0.09045,14117982,1788953399999,futures
1788953400000,2026-09-09T11:30:00.000Z,2026-09-09 19:30,0.09045,0.09067,0.0904,0.09051,30190226,1788953699999,futures
1788953700000,2026-09-09T11:35:00.000Z,2026-09-09 19:35,0.09052,0.09053,0.09026,0.09048,23937953,1788953999999,futures
1788954000000,2026-09-09T11:40:00.000Z,2026-09-09 19:40,0.09048,0.09064,0.09038,0.09043,22530451,1788954299999,futures
1788954300000,2026-09-09T11:45:00.000Z,2026-09-09 19:45,0.09043,0.09072,0.09038,0.09067,19123362,1788954599999,futures
1788954600000,2026-09-09T11:50:00.000Z,2026-09-09 19:50,0.09068,0.09092,0.09062,0.09085,22912341,1788954899999,futures
1788954900000,2026-09-09T11:55:00.000Z,2026-09-09 19:55,0.09085,0.09089,0.0908,0.09081,13733084,1788955199999,futures
1788955200000,2026-09-09T12:00:00.000Z,2026-09-09 20:00,0.09081,0.09091,0.09068,0.0907,23641855,1788955499999,futures
1788955500000,2026-09-09T12:05:00.000Z,2026-09-09 20:05,0.09071,0.0909,0.09064,0.09088,14864359,1788955799999,futures
1788955800000,2026-09-09T12:10:00.000Z,2026-09-09 20:10,0.09089,0.0909,0.09079,0.09085,10646942,1788956099999,futures
1788956100000,2026-09-09T12:15:00.000Z,2026-09-09 20:15,0.09086,0.09096,0.09075,0.09085,22530953,1788956399999,futures
1788956400000,2026-09-09T12:20:00.000Z,2026-09-09 20:20,0.09085,0.0911,0.09085,0.09094,25452644,1788956699999,futures
1788956700000,2026-09-09T12:25:00.000Z,2026-09-09 20:25,0.09095,0.091,0.0909,0.09098,8772833,1788956999999,futures
1788957000000,2026-09-09T12:30:00.000Z,2026-09-09 20:30,0.09099,0.09113,0.09089,0.09113,17378889,1788957299999,futures
1788957300000,2026-09-09T12:35:00.000Z,2026-09-09 20:35,0.09113,0.0912,0.09098,0.09104,28459548,1788957599999,futures
1788957600000,2026-09-09T12:40:00.000Z,2026-09-09 20:40,0.09105,0.09132,0.091,0.0913,31536950,1788957899999,futures
1788957900000,2026-09-09T12:45:00.000Z,2026-09-09 20:45,0.0913,0.09153,0.09115,0.09129,40302555,1788958199999,futures
1788958200000,2026-09-09T12:50:00.000Z,2026-09-09 20:50,0.09128,0.09158,0.09119,0.09152,47221570,1788958499999,futures
1788958500000,2026-09-09T12:55:00.000Z,2026-09-09 20:55,0.09151,0.09153,0.09124,0.09131,53003076,1788958799999,futures
1788958800000,2026-09-09T13:00:00.000Z,2026-09-09 21:00,0.09131,0.09137,0.09111,0.09135,28342166,1788959099999,futures
1788959100000,2026-09-09T13:05:00.000Z,2026-09-09 21:05,0.09135,0.09135,0.09119,0.09121,12133000,1788959399999,futures
1788959400000,2026-09-09T13:10:00.000Z,2026-09-09 21:10,0.0912,0.09122,0.09109,0.09116,11243282,1788959699999,futures
1788959700000,2026-09-09T13:15:00.000Z,2026-09-09 21:15,0.09116,0.09117,0.09104,0.09113,12392576,1788959999999,futures
1788960000000,2026-09-09T13:20:00.000Z,2026-09-09 21:20,0.09113,0.09114,0.09097,0.09098,18987349,1788960299999,futures
1788960300000,2026-09-09T13:25:00.000Z,2026-09-09 21:25,0.09097,0.09122,0.09097,0.09114,19405040,1788960599999,futures
1788960600000,2026-09-09T13:30:00.000Z,2026-09-09 21:30,0.09114,0.09124,0.09092,0.09115,19765276,1788960899999,futures
1788960900000,2026-09-09T13:35:00.000Z,2026-09-09 21:35,0.09114,0.09114,0.0904,0.0906,60687821,1788961199999,futures
1788961200000,2026-09-09T13:40:00.000Z,2026-09-09 21:40,0.0906,0.09085,0.09011,0.09033,58018831,1788961499999,futures
1788961500000,2026-09-09T13:45:00.000Z,2026-09-09 21:45,0.09033,0.09072,0.09031,0.09057,35958213,1788961799999,futures
1788961800000,2026-09-09T13:50:00.000Z,2026-09-09 21:50,0.09057,0.0907,0.09035,0.09038,19300586,1788962099999,futures
1788962100000,2026-09-09T13:55:00.000Z,2026-09-09 21:55,0.09038,0.09047,0.09021,0.09028,15572075,1788962399999,futures
1788962400000,2026-09-09T14:00:00.000Z,2026-09-09 22:00,0.09028,0.09045,0.09001,0.0904,51802471,1788962699999,futures
1788962700000,2026-09-09T14:05:00.000Z,2026-09-09 22:05,0.0904,0.0906,0.08985,0.0899,49595900,1788962999999,futures
1788963000000,2026-09-09T14:10:00.000Z,2026-09-09 22:10,0.08989,0.0901,0.0896,0.09006,88270364,1788963299999,futures
1788963300000,2026-09-09T14:15:00.000Z,2026-09-09 22:15,0.09006,0.09008,0.08973,0.08982,27257493,1788963599999,futures
1788963600000,2026-09-09T14:20:00.000Z,2026-09-09 22:20,0.08982,0.08988,0.08961,0.08982,41279466,1788963899999,futures
1788963900000,2026-09-09T14:25:00.000Z,2026-09-09 22:25,0.08979,0.0904,0.08974,0.0904,34933774,1788964199999,futures
1788964200000,2026-09-09T14:30:00.000Z,2026-09-09 22:30,0.0904,0.0904,0.09017,0.09026,34387918,1788964499999,futures
1788964500000,2026-09-09T14:35:00.000Z,2026-09-09 22:35,0.09026,0.09046,0.09014,0.09031,24788556,1788964799999,futures
1788964800000,2026-09-09T14:40:00.000Z,2026-09-09 22:40,0.0903,0.09032,0.08985,0.0899,21788903,1788965099999,futures
1788965100000,2026-09-09T14:45:00.000Z,2026-09-09 22:45,0.0899,0.0902,0.08981,0.09018,26758119,1788965399999,futures
1788965400000,2026-09-09T14:50:00.000Z,2026-09-09 22:50,0.09018,0.09021,0.08978,0.08979,11700385,1788965699999,futures
1788965700000,2026-09-09T14:55:00.000Z,2026-09-09 22:55,0.08978,0.08987,0.08961,0.08976,22546374,1788965999999,futures
1788966000000,2026-09-09T15:00:00.000Z,2026-09-09 23:00,0.08976,0.09034,0.08905,0.08942,123932190,1788966299999,futures
1788966300000,2026-09-09T15:05:00.000Z,2026-09-09 23:05,0.08942,0.08961,0.08895,0.08927,68587320,1788966599999,futures
1788966600000,2026-09-09T15:10:00.000Z,2026-09-09 23:10,0.08927,0.08935,0.08871,0.08896,81419260,1788966899999,futures
1788966900000,2026-09-09T15:15:00.000Z,2026-09-09 23:15,0.08897,0.0892,0.08886,0.089,31839020,1788967199999,futures
1788967200000,2026-09-09T15:20:00.000Z,2026-09-09 23:20,0.089,0.08906,0.08801,0.08816,139949921,1788967499999,futures
1788967500000,2026-09-09T15:25:00.000Z,2026-09-09 23:25,0.08816,0.08865,0.08812,0.08857,50546557,1788967799999,futures
1788967800000,2026-09-09T15:30:00.000Z,2026-09-09 23:30,0.08857,0.08877,0.08848,0.08877,49182508,1788968099999,futures
1788968100000,2026-09-09T15:35:00.000Z,2026-09-09 23:35,0.08877,0.08921,0.08874,0.08916,42353332,1788968399999,futures
1788968400000,2026-09-09T15:40:00.000Z,2026-09-09 23:40,0.08916,0.08923,0.08894,0.08901,31900526,1788968699999,futures
1788968700000,2026-09-09T15:45:00.000Z,2026-09-09 23:45,0.089,0.0891,0.08889,0.08904,23789249,1788968999999,futures
1788969000000,2026-09-09T15:50:00.000Z,2026-09-09 23:50,0.08904,0.0891,0.08893,0.08909,18597105,1788969299999,futures
1788969300000,2026-09-09T15:55:00.000Z,2026-09-09 23:55,0.08909,0.08909,0.08887,0.08888,21480647,1788969599999,futures
1788969600000,2026-09-09T16:00:00.000Z,2026-09-10 00:00,0.08888,0.08921,0.08882,0.08912,28928122,1788969899999,futures
1788969900000,2026-09-09T16:05:00.000Z,2026-09-10 00:05,0.08912,0.0892,0.08873,0.08873,29724138,1788970199999,futures
1788970200000,2026-09-09T16:10:00.000Z,2026-09-10 00:10,0.08873,0.08898,0.08867,0.08896,24527512,1788970499999,futures
1788970500000,2026-09-09T16:15:00.000Z,2026-09-10 00:15,0.08896,0.08897,0.0886,0.08872,22394293,1788970799999,futures
1788970800000,2026-09-09T16:20:00.000Z,2026-09-10 00:20,0.08872,0.08891,0.0885,0.08858,18624257,1788971099999,futures
1788971100000,2026-09-09T16:25:00.000Z,2026-09-10 00:25,0.08858,0.08889,0.08858,0.0888,21527535,1788971399999,futures
1788971400000,2026-09-09T16:30:00.000Z,2026-09-10 00:30,0.0888,0.08931,0.0888,0.08925,27681930,1788971699999,futures
1788971700000,2026-09-09T16:35:00.000Z,2026-09-10 00:35,0.08925,0.08937,0.08912,0.08919,28844191,1788971999999,futures
1788972000000,2026-09-09T16:40:00.000Z,2026-09-10 00:40,0.08918,0.08922,0.08908,0.08917,10563854,1788972299999,futures
1788972300000,2026-09-09T16:45:00.000Z,2026-09-10 00:45,0.08917,0.08925,0.08911,0.08912,10193260,1788972599999,futures
1788972600000,2026-09-09T16:50:00.000Z,2026-09-10 00:50,0.08912,0.08919,0.08906,0.08907,5403630,1788972899999,futures
1788972900000,2026-09-09T16:55:00.000Z,2026-09-10 00:55,0.08907,0.08921,0.089,0.08912,20998520,1788973199999,futures
1788973200000,2026-09-09T17:00:00.000Z,2026-09-10 01:00,0.08912,0.08926,0.08896,0.08896,25348649,1788973499999,futures
1788973500000,2026-09-09T17:05:00.000Z,2026-09-10 01:05,0.08896,0.08919,0.08893,0.08913,16688973,1788973799999,futures
1788973800000,2026-09-09T17:10:00.000Z,2026-09-10 01:10,0.08912,0.08935,0.08907,0.08921,19979035,1788974099999,futures
1788974100000,2026-09-09T17:15:00.000Z,2026-09-10 01:15,0.08921,0.08926,0.08904,0.08918,26300751,1788974399999,futures
1788974400000,2026-09-09T17:20:00.000Z,2026-09-10 01:20,0.08919,0.08922,0.0891,0.08917,5913051,1788974699999,futures
1788974700000,2026-09-09T17:25:00.000Z,2026-09-10 01:25,0.08916,0.0893,0.08915,0.08916,6797158,1788974999999,futures
1788975000000,2026-09-09T17:30:00.000Z,2026-09-10 01:30,0.08916,0.08919,0.08897,0.089,8110100,1788975299999,futures
1788975300000,2026-09-09T17:35:00.000Z,2026-09-10 01:35,0.08901,0.08914,0.08892,0.08894,12622885,1788975599999,futures
1788975600000,2026-09-09T17:40:00.000Z,2026-09-10 01:40,0.08895,0.08899,0.08884,0.08891,11823491,1788975899999,futures
1788975900000,2026-09-09T17:45:00.000Z,2026-09-10 01:45,0.08892,0.08901,0.08883,0.08898,9884642,1788976199999,futures
1788976200000,2026-09-09T17:50:00.000Z,2026-09-10 01:50,0.08898,0.08906,0.08887,0.08905,8563954,1788976499999,futures
1788976500000,2026-09-09T17:55:00.000Z,2026-09-10 01:55,0.08905,0.08909,0.08901,0.08906,5480375,1788976799999,futures
1788976800000,2026-09-09T18:00:00.000Z,2026-09-10 02:00,0.08906,0.08912,0.0889,0.08897,15355197,1788977099999,futures
1788977100000,2026-09-09T18:05:00.000Z,2026-09-10 02:05,0.08897,0.08903,0.08875,0.08881,13969028,1788977399999,futures
1788977400000,2026-09-09T18:10:00.000Z,2026-09-10 02:10,0.0888,0.08881,0.08867,0.08872,11750694,1788977699999,futures
1788977700000,2026-09-09T18:15:00.000Z,2026-09-10 02:15,0.08873,0.08878,0.08865,0.08871,6445269,1788977999999,futures
1788978000000,2026-09-09T18:20:00.000Z,2026-09-10 02:20,0.08871,0.08888,0.08871,0.08887,8015562,1788978299999,futures
1788978300000,2026-09-09T18:25:00.000Z,2026-09-10 02:25,0.08887,0.08896,0.08886,0.08893,4626082,1788978599999,futures
1788978600000,2026-09-09T18:30:00.000Z,2026-09-10 02:30,0.08892,0.08906,0.08884,0.08898,11639537,1788978899999,futures
1788978900000,2026-09-09T18:35:00.000Z,2026-09-10 02:35,0.08898,0.08902,0.08891,0.08894,5236152,1788979199999,futures
1788979200000,2026-09-09T18:40:00.000Z,2026-09-10 02:40,0.08894,0.08904,0.08889,0.08897,14154851,1788979499999,futures
1788979500000,2026-09-09T18:45:00.000Z,2026-09-10 02:45,0.08896,0.08899,0.08871,0.0889,21771950,1788979799999,futures
1788979800000,2026-09-09T18:50:00.000Z,2026-09-10 02:50,0.08891,0.08893,0.08863,0.08867,17829210,1788980099999,futures
1788980100000,2026-09-09T18:55:00.000Z,2026-09-10 02:55,0.08867,0.08881,0.08851,0.08854,21859840,1788980399999,futures
1788980400000,2026-09-09T19:00:00.000Z,2026-09-10 03:00,0.08854,0.08868,0.08837,0.08844,28557966,1788980699999,futures
1788980700000,2026-09-09T19:05:00.000Z,2026-09-10 03:05,0.08844,0.0885,0.08828,0.08837,21790950,1788980999999,futures
1788981000000,2026-09-09T19:10:00.000Z,2026-09-10 03:10,0.08837,0.08851,0.08837,0.08849,10800277,1788981299999,futures
1788981300000,2026-09-09T19:15:00.000Z,2026-09-10 03:15,0.08849,0.08857,0.08848,0.08853,14773838,1788981599999,futures
1788981600000,2026-09-09T19:20:00.000Z,2026-09-10 03:20,0.08853,0.08857,0.08847,0.08853,8094735,1788981899999,futures
1788981900000,2026-09-09T19:25:00.000Z,2026-09-10 03:25,0.08854,0.08854,0.08841,0.08841,6947228,1788982199999,futures
1788982200000,2026-09-09T19:30:00.000Z,2026-09-10 03:30,0.08842,0.08845,0.08827,0.08832,11981662,1788982499999,futures
1788982500000,2026-09-09T19:35:00.000Z,2026-09-10 03:35,0.08832,0.08832,0.08771,0.08787,82890286,1788982799999,futures
1788982800000,2026-09-09T19:40:00.000Z,2026-09-10 03:40,0.08787,0.08805,0.08782,0.08787,24691740,1788983099999,futures
1788983100000,2026-09-09T19:45:00.000Z,2026-09-10 03:45,0.08787,0.08793,0.08779,0.08783,10747376,1788983399999,futures
1788983400000,2026-09-09T19:50:00.000Z,2026-09-10 03:50,0.08782,0.08783,0.08644,0.0868,298850389,1788983699999,futures
1788983700000,2026-09-09T19:55:00.000Z,2026-09-10 03:55,0.08679,0.08704,0.0867,0.08698,39082900,1788983999999,futures
1788984000000,2026-09-09T20:00:00.000Z,2026-09-10 04:00,0.08697,0.08708,0.08671,0.08671,49851677,1788984299999,futures
1788984300000,2026-09-09T20:05:00.000Z,2026-09-10 04:05,0.0867,0.08698,0.08668,0.0869,29653458,1788984599999,futures
1788984600000,2026-09-09T20:10:00.000Z,2026-09-10 04:10,0.08691,0.08697,0.08664,0.08674,28831133,1788984899999,futures
1788984900000,2026-09-09T20:15:00.000Z,2026-09-10 04:15,0.08674,0.08704,0.08672,0.08672,25690078,1788985199999,futures
1788985200000,2026-09-09T20:20:00.000Z,2026-09-10 04:20,0.08672,0.08673,0.08608,0.08643,89796362,1788985499999,futures
1788985500000,2026-09-09T20:25:00.000Z,2026-09-10 04:25,0.08643,0.08667,0.08576,0.08633,57108547,1788985799999,futures
1788985800000,2026-09-09T20:30:00.000Z,2026-09-10 04:30,0.08634,0.0868,0.0863,0.08672,36252163,1788986099999,futures
1788986100000,2026-09-09T20:35:00.000Z,2026-09-10 04:35,0.08672,0.08693,0.08667,0.08682,23941253,1788986399999,futures
1788986400000,2026-09-09T20:40:00.000Z,2026-09-10 04:40,0.08683,0.08689,0.08664,0.08671,29130837,1788986699999,futures
1788986700000,2026-09-09T20:45:00.000Z,2026-09-10 04:45,0.08672,0.08679,0.08657,0.0866,15936736,1788986999999,futures
1788987000000,2026-09-09T20:50:00.000Z,2026-09-10 04:50,0.0866,0.0869,0.08649,0.08677,33629722,1788987299999,futures
1788987300000,2026-09-09T20:55:00.000Z,2026-09-10 04:55,0.08677,0.087,0.08675,0.08699,16825697,1788987599999,futures
1788987600000,2026-09-09T21:00:00.000Z,2026-09-10 05:00,0.08698,0.08701,0.08673,0.08685,26787241,1788987899999,futures
1788987900000,2026-09-09T21:05:00.000Z,2026-09-10 05:05,0.08685,0.08693,0.08677,0.08678,6829735,1788988199999,futures
1788988200000,2026-09-09T21:10:00.000Z,2026-09-10 05:10,0.08678,0.08679,0.08661,0.08677,13278135,1788988499999,futures
1788988500000,2026-09-09T21:15:00.000Z,2026-09-10 05:15,0.08677,0.08681,0.08656,0.08665,13309176,1788988799999,futures
1788988800000,2026-09-09T21:20:00.000Z,2026-09-10 05:20,0.08665,0.08679,0.08653,0.08678,10587880,1788989099999,futures
1788989100000,2026-09-09T21:25:00.000Z,2026-09-10 05:25,0.08678,0.08703,0.08676,0.08686,9523735,1788989399999,futures
1788989400000,2026-09-09T21:30:00.000Z,2026-09-10 05:30,0.08686,0.08687,0.08655,0.08658,9129539,1788989699999,futures
1788989700000,2026-09-09T21:35:00.000Z,2026-09-10 05:35,0.08658,0.08659,0.0864,0.08647,11855047,1788989999999,futures
1788990000000,2026-09-09T21:40:00.000Z,2026-09-10 05:40,0.08648,0.08665,0.08634,0.08638,9380434,1788990299999,futures
1788990300000,2026-09-09T21:45:00.000Z,2026-09-10 05:45,0.08638,0.08641,0.08608,0.08608,11879737,1788990599999,futures
1788990600000,2026-09-09T21:50:00.000Z,2026-09-10 05:50,0.08608,0.0864,0.08608,0.08637,10914356,1788990899999,futures
1788990900000,2026-09-09T21:55:00.000Z,2026-09-10 05:55,0.08637,0.08644,0.08627,0.08644,10631916,1788991199999,futures
1788991200000,2026-09-09T22:00:00.000Z,2026-09-10 06:00,0.08644,0.08653,0.08617,0.08628,31306518,1788991499999,futures
1788991500000,2026-09-09T22:05:00.000Z,2026-09-10 06:05,0.08628,0.08629,0.08461,0.08552,241087991,1788991799999,futures
1788991800000,2026-09-09T22:10:00.000Z,2026-09-10 06:10,0.08552,0.08598,0.08552,0.08562,70961475,1788992099999,futures
1788992100000,2026-09-09T22:15:00.000Z,2026-09-10 06:15,0.08562,0.08586,0.0855,0.08585,41228006,1788992399999,futures
1788992400000,2026-09-09T22:20:00.000Z,2026-09-10 06:20,0.08585,0.08598,0.08584,0.08597,22327946,1788992699999,futures
1788992700000,2026-09-09T22:25:00.000Z,2026-09-10 06:25,0.08597,0.08613,0.08593,0.08595,16003764,1788992999999,futures
1788993000000,2026-09-09T22:30:00.000Z,2026-09-10 06:30,0.08595,0.08595,0.08567,0.08574,21591999,1788993299999,futures
1788993300000,2026-09-09T22:35:00.000Z,2026-09-10 06:35,0.08574,0.08588,0.08566,0.08587,22776427,1788993599999,futures
1788993600000,2026-09-09T22:40:00.000Z,2026-09-10 06:40,0.08586,0.08593,0.08577,0.08585,12252880,1788993899999,futures
1788993900000,2026-09-09T22:45:00.000Z,2026-09-10 06:45,0.08585,0.08586,0.08566,0.08566,8570494,1788994199999,futures
1788994200000,2026-09-09T22:50:00.000Z,2026-09-10 06:50,0.08567,0.08572,0.08552,0.08556,17905895,1788994499999,futures
1788994500000,2026-09-09T22:55:00.000Z,2026-09-10 06:55,0.08556,0.08557,0.08542,0.08552,14273688,1788994799999,futures
1788994800000,2026-09-09T23:00:00.000Z,2026-09-10 07:00,0.08552,0.08575,0.08549,0.08574,27608237,1788995099999,futures
1788995100000,2026-09-09T23:05:00.000Z,2026-09-10 07:05,0.08575,0.08581,0.08567,0.08576,22856792,1788995399999,futures
1788995400000,2026-09-09T23:10:00.000Z,2026-09-10 07:10,0.08576,0.08588,0.08573,0.08586,16729242,1788995699999,futures
1788995700000,2026-09-09T23:15:00.000Z,2026-09-10 07:15,0.08586,0.086,0.08575,0.08592,39971111,1788995999999,futures
1788996000000,2026-09-09T23:20:00.000Z,2026-09-10 07:20,0.08592,0.08596,0.0858,0.08591,11250638,1788996299999,futures
1788996300000,2026-09-09T23:25:00.000Z,2026-09-10 07:25,0.08592,0.086,0.0859,0.086,7419214,1788996599999,futures
1788996600000,2026-09-09T23:30:00.000Z,2026-09-10 07:30,0.086,0.08611,0.08595,0.0861,10567903,1788996899999,futures
1788996900000,2026-09-09T23:35:00.000Z,2026-09-10 07:35,0.08609,0.08613,0.08603,0.08609,13298247,1788997199999,futures
1788997200000,2026-09-09T23:40:00.000Z,2026-09-10 07:40,0.08609,0.08609,0.08604,0.08608,7615952,1788997499999,futures
1788997500000,2026-09-09T23:45:00.000Z,2026-09-10 07:45,0.08607,0.08617,0.08604,0.08614,12073146,1788997799999,futures
1788997800000,2026-09-09T23:50:00.000Z,2026-09-10 07:50,0.08613,0.08618,0.08611,0.08615,11132076,1788998099999,futures
1788998100000,2026-09-09T23:55:00.000Z,2026-09-10 07:55,0.08615,0.08616,0.08608,0.0861,9927615,1788998399999,futures
1788998400000,2026-09-10T00:00:00.000Z,2026-09-10 08:00,0.0861,0.08612,0.08602,0.0861,15786373,1788998699999,futures
1788998700000,2026-09-10T00:05:00.000Z,2026-09-10 08:05,0.0861,0.08615,0.08603,0.08606,25622413,1788998999999,futures
1788999000000,2026-09-10T00:10:00.000Z,2026-09-10 08:10,0.08606,0.08618,0.08588,0.08591,31234910,1788999299999,futures
1788999300000,2026-09-10T00:15:00.000Z,2026-09-10 08:15,0.08591,0.08597,0.08588,0.08588,6861751,1788999599999,futures
1788999600000,2026-09-10T00:20:00.000Z,2026-09-10 08:20,0.08588,0.08599,0.08575,0.08589,18984939,1788999899999,futures
1788999900000,2026-09-10T00:25:00.000Z,2026-09-10 08:25,0.08589,0.08603,0.08582,0.0859,19117047,1789000199999,futures
1789000200000,2026-09-10T00:30:00.000Z,2026-09-10 08:30,0.0859,0.0859,0.08559,0.08585,18912928,1789000499999,futures
1789000500000,2026-09-10T00:35:00.000Z,2026-09-10 08:35,0.08586,0.08599,0.08579,0.08582,11228131,1789000799999,futures
1789000800000,2026-09-10T00:40:00.000Z,2026-09-10 08:40,0.08582,0.08583,0.08554,0.08557,19725577,1789001099999,futures
1789001100000,2026-09-10T00:45:00.000Z,2026-09-10 08:45,0.08556,0.08587,0.0855,0.08573,36643498,1789001399999,futures
1789001400000,2026-09-10T00:50:00.000Z,2026-09-10 08:50,0.08573,0.08584,0.08561,0.08566,19463570,1789001699999,futures
1789001700000,2026-09-10T00:55:00.000Z,2026-09-10 08:55,0.08566,0.08566,0.08552,0.08557,12375517,1789001999999,futures
1789002000000,2026-09-10T01:00:00.000Z,2026-09-10 09:00,0.08556,0.08593,0.08555,0.08593,21095839,1789002299999,futures
1789002300000,2026-09-10T01:05:00.000Z,2026-09-10 09:05,0.08593,0.08624,0.08592,0.08602,36359514,1789002599999,futures
1789002600000,2026-09-10T01:10:00.000Z,2026-09-10 09:10,0.08602,0.08606,0.08583,0.0859,17790493,1789002899999,futures
1789002900000,2026-09-10T01:15:00.000Z,2026-09-10 09:15,0.0859,0.08591,0.08562,0.08585,23428081,1789003199999,futures
1789003200000,2026-09-10T01:20:00.000Z,2026-09-10 09:20,0.08585,0.08586,0.08556,0.08576,9785264,1789003499999,futures
1789003500000,2026-09-10T01:25:00.000Z,2026-09-10 09:25,0.08575,0.08575,0.08553,0.08555,10300897,1789003799999,futures
1789003800000,2026-09-10T01:30:00.000Z,2026-09-10 09:30,0.08555,0.08564,0.08519,0.08532,30529428,1789004099999,futures
1789004100000,2026-09-10T01:35:00.000Z,2026-09-10 09:35,0.08532,0.08535,0.08508,0.08516,23997846,1789004399999,futures
1789004400000,2026-09-10T01:40:00.000Z,2026-09-10 09:40,0.08516,0.08555,0.08514,0.08534,15944478,1789004699999,futures
1789004700000,2026-09-10T01:45:00.000Z,2026-09-10 09:45,0.08534,0.08545,0.08523,0.08533,16857042,1789004999999,futures
1789005000000,2026-09-10T01:50:00.000Z,2026-09-10 09:50,0.08533,0.08537,0.08511,0.0852,12183655,1789005299999,futures
1789005300000,2026-09-10T01:55:00.000Z,2026-09-10 09:55,0.08519,0.08552,0.08516,0.08547,10478924,1789005599999,futures
1789005600000,2026-09-10T02:00:00.000Z,2026-09-10 10:00,0.08546,0.08549,0.08534,0.08536,12929513,1789005899999,futures
1789005900000,2026-09-10T02:05:00.000Z,2026-09-10 10:05,0.08536,0.08551,0.0853,0.08545,8962088,1789006199999,futures
1789006200000,2026-09-10T02:10:00.000Z,2026-09-10 10:10,0.08545,0.08551,0.08538,0.08551,10439259,1789006499999,futures
1789006500000,2026-09-10T02:15:00.000Z,2026-09-10 10:15,0.0855,0.08557,0.08527,0.08539,16913779,1789006799999,futures
1789006800000,2026-09-10T02:20:00.000Z,2026-09-10 10:20,0.0854,0.08545,0.08524,0.0853,9263573,1789007099999,futures
1789007100000,2026-09-10T02:25:00.000Z,2026-09-10 10:25,0.0853,0.0854,0.08529,0.08537,5242369,1789007399999,futures
1789007400000,2026-09-10T02:30:00.000Z,2026-09-10 10:30,0.08536,0.08571,0.08535,0.08571,10121507,1789007699999,futures
1789007700000,2026-09-10T02:35:00.000Z,2026-09-10 10:35,0.0857,0.08586,0.08567,0.08577,12340241,1789007999999,futures
1789008000000,2026-09-10T02:40:00.000Z,2026-09-10 10:40,0.08577,0.08587,0.08576,0.08583,9845222,1789008299999,futures
1789008300000,2026-09-10T02:45:00.000Z,2026-09-10 10:45,0.08583,0.08588,0.08578,0.08587,6359335,1789008599999,futures
1789008600000,2026-09-10T02:50:00.000Z,2026-09-10 10:50,0.08588,0.08598,0.08586,0.08598,13538631,1789008899999,futures
1789008900000,2026-09-10T02:55:00.000Z,2026-09-10 10:55,0.08598,0.08601,0.08593,0.08596,9321958,1789009199999,futures
1789009200000,2026-09-10T03:00:00.000Z,2026-09-10 11:00,0.08596,0.08612,0.08596,0.0861,14096064,1789009499999,futures
1789009500000,2026-09-10T03:05:00.000Z,2026-09-10 11:05,0.0861,0.08614,0.08603,0.08608,21108009,1789009799999,futures
1789009800000,2026-09-10T03:10:00.000Z,2026-09-10 11:10,0.08607,0.08614,0.08605,0.08605,7729679,1789010099999,futures
1789010100000,2026-09-10T03:15:00.000Z,2026-09-10 11:15,0.08605,0.08608,0.08598,0.08603,8221803,1789010399999,futures
1789010400000,2026-09-10T03:20:00.000Z,2026-09-10 11:20,0.08602,0.08608,0.08589,0.0859,11314183,1789010699999,futures
1789010700000,2026-09-10T03:25:00.000Z,2026-09-10 11:25,0.08591,0.08604,0.08579,0.08603,13788427,1789010999999,futures
1789011000000,2026-09-10T03:30:00.000Z,2026-09-10 11:30,0.08603,0.08608,0.08591,0.08593,13693602,1789011299999,futures
1789011300000,2026-09-10T03:35:00.000Z,2026-09-10 11:35,0.08592,0.08594,0.08577,0.08584,8877761,1789011599999,futures
1789011600000,2026-09-10T03:40:00.000Z,2026-09-10 11:40,0.08585,0.08604,0.08581,0.08594,14801431,1789011899999,futures
1789011900000,2026-09-10T03:45:00.000Z,2026-09-10 11:45,0.08593,0.08606,0.08592,0.08605,6410183,1789012199999,futures
1789012200000,2026-09-10T03:50:00.000Z,2026-09-10 11:50,0.08605,0.08605,0.08583,0.08589,12099502,1789012499999,futures
1789012500000,2026-09-10T03:55:00.000Z,2026-09-10 11:55,0.08589,0.08599,0.0858,0.08593,13017236,1789012799999,futures
1789012800000,2026-09-10T04:00:00.000Z,2026-09-10 12:00,0.08593,0.08601,0.08589,0.08598,11519290,1789013099999,futures
1789013100000,2026-09-10T04:05:00.000Z,2026-09-10 12:05,0.08599,0.08611,0.08598,0.08603,15496075,1789013399999,futures
1789013400000,2026-09-10T04:10:00.000Z,2026-09-10 12:10,0.08603,0.08604,0.086,0.086,4080224,1789013699999,futures
1789013700000,2026-09-10T04:15:00.000Z,2026-09-10 12:15,0.086,0.08603,0.08592,0.08603,55756632,1789013999999,futures
1789014000000,2026-09-10T04:20:00.000Z,2026-09-10 12:20,0.08602,0.08605,0.08591,0.08591,5744101,1789014299999,futures
1789014300000,2026-09-10T04:25:00.000Z,2026-09-10 12:25,0.08591,0.086,0.08588,0.08591,5776102,1789014599999,futures
1789014600000,2026-09-10T04:30:00.000Z,2026-09-10 12:30,0.08592,0.08598,0.08589,0.08597,3918140,1789014899999,futures
1789014900000,2026-09-10T04:35:00.000Z,2026-09-10 12:35,0.08597,0.08597,0.08587,0.0859,3059691,1789015199999,futures
1789015200000,2026-09-10T04:40:00.000Z,2026-09-10 12:40,0.0859,0.08593,0.08582,0.08583,12781822,1789015499999,futures
1789015500000,2026-09-10T04:45:00.000Z,2026-09-10 12:45,0.08583,0.0859,0.08576,0.0858,12481759,1789015799999,futures
1789015800000,2026-09-10T04:50:00.000Z,2026-09-10 12:50,0.0858,0.08584,0.08568,0.08581,15037442,1789016099999,futures
1789016100000,2026-09-10T04:55:00.000Z,2026-09-10 12:55,0.08582,0.08588,0.08567,0.08571,40588676,1789016399999,futures
1789016400000,2026-09-10T05:00:00.000Z,2026-09-10 13:00,0.08571,0.08586,0.08547,0.0855,27572912,1789016699999,futures
1789016700000,2026-09-10T05:05:00.000Z,2026-09-10 13:05,0.0855,0.08564,0.08545,0.08559,17069986,1789016999999,futures
1789017000000,2026-09-10T05:10:00.000Z,2026-09-10 13:10,0.08559,0.08597,0.08559,0.08596,12974176,1789017299999,futures
1789017300000,2026-09-10T05:15:00.000Z,2026-09-10 13:15,0.08596,0.08597,0.08571,0.08574,12130551,1789017599999,futures
1789017600000,2026-09-10T05:20:00.000Z,2026-09-10 13:20,0.08574,0.08575,0.08568,0.08571,6199486,1789017899999,futures
1789017900000,2026-09-10T05:25:00.000Z,2026-09-10 13:25,0.08571,0.08593,0.08567,0.08589,11284578,1789018199999,futures
1789018200000,2026-09-10T05:30:00.000Z,2026-09-10 13:30,0.0859,0.08602,0.08581,0.08597,9627617,1789018499999,futures
1789018500000,2026-09-10T05:35:00.000Z,2026-09-10 13:35,0.08596,0.08619,0.08592,0.08593,22322037,1789018799999,futures
1789018800000,2026-09-10T05:40:00.000Z,2026-09-10 13:40,0.08593,0.08597,0.08586,0.08595,7723236,1789019099999,futures
1789019100000,2026-09-10T05:45:00.000Z,2026-09-10 13:45,0.08594,0.08601,0.08591,0.08591,6111927,1789019399999,futures
1789019400000,2026-09-10T05:50:00.000Z,2026-09-10 13:50,0.08591,0.08598,0.08589,0.08596,7207364,1789019699999,futures
1789019700000,2026-09-10T05:55:00.000Z,2026-09-10 13:55,0.08596,0.08604,0.08593,0.08602,6747197,1789019999999,futures
1789020000000,2026-09-10T06:00:00.000Z,2026-09-10 14:00,0.08601,0.08602,0.08586,0.08586,4679170,1789020299999,futures
1789020300000,2026-09-10T06:05:00.000Z,2026-09-10 14:05,0.08586,0.08586,0.08572,0.08574,10201702,1789020599999,futures
1789020600000,2026-09-10T06:10:00.000Z,2026-09-10 14:10,0.08574,0.08574,0.08549,0.0855,12451770,1789020899999,futures
1789020900000,2026-09-10T06:15:00.000Z,2026-09-10 14:15,0.0855,0.08552,0.08538,0.08549,20514449,1789021199999,futures
1789021200000,2026-09-10T06:20:00.000Z,2026-09-10 14:20,0.08549,0.0855,0.0854,0.08546,11139276,1789021499999,futures
1789021500000,2026-09-10T06:25:00.000Z,2026-09-10 14:25,0.08545,0.08557,0.08544,0.08556,9418798,1789021799999,futures
1789021800000,2026-09-10T06:30:00.000Z,2026-09-10 14:30,0.08555,0.08562,0.08549,0.08549,6390292,1789022099999,futures
1789022100000,2026-09-10T06:35:00.000Z,2026-09-10 14:35,0.0855,0.08563,0.0855,0.08561,7416947,1789022399999,futures
1789022400000,2026-09-10T06:40:00.000Z,2026-09-10 14:40,0.08562,0.08566,0.08553,0.08555,9910059,1789022699999,futures
1789022700000,2026-09-10T06:45:00.000Z,2026-09-10 14:45,0.08555,0.08584,0.08555,0.08583,9855314,1789022999999,futures
1789023000000,2026-09-10T06:50:00.000Z,2026-09-10 14:50,0.08584,0.08595,0.08578,0.08579,16549122,1789023299999,futures
1789023300000,2026-09-10T06:55:00.000Z,2026-09-10 14:55,0.08579,0.08581,0.08573,0.08574,9727036,1789023599999,futures
1789023600000,2026-09-10T07:00:00.000Z,2026-09-10 15:00,0.08574,0.08576,0.08543,0.08546,17896093,1789023899999,futures
1789023900000,2026-09-10T07:05:00.000Z,2026-09-10 15:05,0.08546,0.08549,0.08532,0.08542,25132409,1789024199999,futures
1789024200000,2026-09-10T07:10:00.000Z,2026-09-10 15:10,0.08542,0.0855,0.08539,0.0854,9530141,1789024499999,futures
1789024500000,2026-09-10T07:15:00.000Z,2026-09-10 15:15,0.08541,0.08549,0.08538,0.08547,8278586,1789024799999,futures
1789024800000,2026-09-10T07:20:00.000Z,2026-09-10 15:20,0.08547,0.08547,0.08523,0.08526,23272846,1789025099999,futures
1789025100000,2026-09-10T07:25:00.000Z,2026-09-10 15:25,0.08526,0.08533,0.0852,0.08521,8325615,1789025399999,futures
1789025400000,2026-09-10T07:30:00.000Z,2026-09-10 15:30,0.0852,0.08528,0.08466,0.08502,79778238,1789025699999,futures
1789025700000,2026-09-10T07:35:00.000Z,2026-09-10 15:35,0.08502,0.0851,0.08495,0.08497,25532673,1789025999999,futures
1789026000000,2026-09-10T07:40:00.000Z,2026-09-10 15:40,0.08497,0.08516,0.0849,0.08515,18734132,1789026299999,futures
1789026300000,2026-09-10T07:45:00.000Z,2026-09-10 15:45,0.08515,0.08522,0.08514,0.08522,9177438,1789026599999,futures
1789026600000,2026-09-10T07:50:00.000Z,2026-09-10 15:50,0.08522,0.08537,0.08521,0.08537,12214984,1789026899999,futures
1789026900000,2026-09-10T07:55:00.000Z,2026-09-10 15:55,0.08537,0.08537,0.08518,0.08531,17050020,1789027199999,futures
1789027200000,2026-09-10T08:00:00.000Z,2026-09-10 16:00,0.08531,0.08541,0.08517,0.08522,22863079,1789027499999,futures
1789027500000,2026-09-10T08:05:00.000Z,2026-09-10 16:05,0.08523,0.08543,0.08518,0.08536,17232967,1789027799999,futures
1789027800000,2026-09-10T08:10:00.000Z,2026-09-10 16:10,0.08536,0.0854,0.08519,0.08526,26443465,1789028099999,futures
1789028100000,2026-09-10T08:15:00.000Z,2026-09-10 16:15,0.08527,0.08535,0.0852,0.08533,17091667,1789028399999,futures
1789028400000,2026-09-10T08:20:00.000Z,2026-09-10 16:20,0.08533,0.0855,0.08531,0.08546,10576940,1789028699999,futures
1789028700000,2026-09-10T08:25:00.000Z,2026-09-10 16:25,0.08546,0.08549,0.08528,0.08539,15457906,1789028999999,futures
1789029000000,2026-09-10T08:30:00.000Z,2026-09-10 16:30,0.08539,0.0854,0.08517,0.08532,21049601,1789029299999,futures
1789029300000,2026-09-10T08:35:00.000Z,2026-09-10 16:35,0.08531,0.08538,0.08526,0.08531,7856147,1789029599999,futures
1789029600000,2026-09-10T08:40:00.000Z,2026-09-10 16:40,0.08531,0.08531,0.08516,0.08526,18796190,1789029899999,futures
1789029900000,2026-09-10T08:45:00.000Z,2026-09-10 16:45,0.08526,0.08533,0.08518,0.08531,10839916,1789030199999,futures
1789030200000,2026-09-10T08:50:00.000Z,2026-09-10 16:50,0.08531,0.08541,0.08528,0.08531,12798592,1789030499999,futures
1789030500000,2026-09-10T08:55:00.000Z,2026-09-10 16:55,0.08531,0.08532,0.08521,0.08525,4606154,1789030799999,futures
1789030800000,2026-09-10T09:00:00.000Z,2026-09-10 17:00,0.08524,0.08531,0.08521,0.08531,4748842,1789031099999,futures
1789031100000,2026-09-10T09:05:00.000Z,2026-09-10 17:05,0.08531,0.08534,0.08518,0.08519,6893165,1789031399999,futures
1789031400000,2026-09-10T09:10:00.000Z,2026-09-10 17:10,0.0852,0.08531,0.08519,0.08527,5472341,1789031699999,futures
1789031700000,2026-09-10T09:15:00.000Z,2026-09-10 17:15,0.08528,0.0853,0.0852,0.08528,6824518,1789031999999,futures
1789032000000,2026-09-10T09:20:00.000Z,2026-09-10 17:20,0.08528,0.0853,0.08519,0.08523,8172419,1789032299999,futures
1789032300000,2026-09-10T09:25:00.000Z,2026-09-10 17:25,0.08524,0.08529,0.08518,0.08524,8942740,1789032599999,futures
1789032600000,2026-09-10T09:30:00.000Z,2026-09-10 17:30,0.08524,0.08525,0.08496,0.08511,29950089,1789032899999,futures
1789032900000,2026-09-10T09:35:00.000Z,2026-09-10 17:35,0.08512,0.08512,0.08494,0.08498,10911069,1789033199999,futures
1789033200000,2026-09-10T09:40:00.000Z,2026-09-10 17:40,0.08497,0.08497,0.08475,0.08488,22722088,1789033499999,futures
1789033500000,2026-09-10T09:45:00.000Z,2026-09-10 17:45,0.08488,0.08492,0.08475,0.08491,22916906,1789033799999,futures
1789033800000,2026-09-10T09:50:00.000Z,2026-09-10 17:50,0.08491,0.08499,0.08482,0.08496,23998626,1789034099999,futures
1789034100000,2026-09-10T09:55:00.000Z,2026-09-10 17:55,0.08495,0.085,0.08483,0.08492,14237795,1789034399999,futures
1789034400000,2026-09-10T10:00:00.000Z,2026-09-10 18:00,0.08492,0.08513,0.08487,0.08505,22457732,1789034699999,futures
1789034700000,2026-09-10T10:05:00.000Z,2026-09-10 18:05,0.08506,0.08515,0.08492,0.08494,17222234,1789034999999,futures
1789035000000,2026-09-10T10:10:00.000Z,2026-09-10 18:10,0.08495,0.08509,0.08493,0.08506,12856210,1789035299999,futures
1789035300000,2026-09-10T10:15:00.000Z,2026-09-10 18:15,0.08505,0.08512,0.08498,0.08507,6997559,1789035599999,futures
1789035600000,2026-09-10T10:20:00.000Z,2026-09-10 18:20,0.08507,0.08513,0.08502,0.08502,5762909,1789035899999,futures
1789035900000,2026-09-10T10:25:00.000Z,2026-09-10 18:25,0.08503,0.08523,0.08499,0.08518,42462008,1789036199999,futures
1789036200000,2026-09-10T10:30:00.000Z,2026-09-10 18:30,0.08519,0.0852,0.08493,0.08501,10971247,1789036499999,futures
1789036500000,2026-09-10T10:35:00.000Z,2026-09-10 18:35,0.08501,0.08529,0.08501,0.08529,14978330,1789036799999,futures
1789036800000,2026-09-10T10:40:00.000Z,2026-09-10 18:40,0.08529,0.08536,0.08528,0.08531,17980852,1789037099999,futures
1789037100000,2026-09-10T10:45:00.000Z,2026-09-10 18:45,0.08531,0.08533,0.08524,0.08527,6068308,1789037399999,futures
1789037400000,2026-09-10T10:50:00.000Z,2026-09-10 18:50,0.08527,0.08527,0.08513,0.08513,6817107,1789037699999,futures
1789037700000,2026-09-10T10:55:00.000Z,2026-09-10 18:55,0.08514,0.0854,0.085,0.08501,14182566,1789037999999,futures
1789038000000,2026-09-10T11:00:00.000Z,2026-09-10 19:00,0.08501,0.08502,0.08477,0.08484,21831570,1789038299999,futures
1789038300000,2026-09-10T11:05:00.000Z,2026-09-10 19:05,0.08483,0.08509,0.08482,0.08503,12601095,1789038599999,futures
1789038600000,2026-09-10T11:10:00.000Z,2026-09-10 19:10,0.08504,0.08519,0.08503,0.08519,12453647,1789038899999,futures
1789038900000,2026-09-10T11:15:00.000Z,2026-09-10 19:15,0.08518,0.08529,0.08514,0.08523,9108402,1789039199999,futures
1789039200000,2026-09-10T11:20:00.000Z,2026-09-10 19:20,0.08523,0.08534,0.0852,0.08532,7953111,1789039499999,futures
1789039500000,2026-09-10T11:25:00.000Z,2026-09-10 19:25,0.08531,0.08538,0.08521,0.08534,16180459,1789039799999,futures
1789039800000,2026-09-10T11:30:00.000Z,2026-09-10 19:30,0.08534,0.08551,0.08531,0.08536,16632288,1789040099999,futures
1789040100000,2026-09-10T11:35:00.000Z,2026-09-10 19:35,0.08537,0.08545,0.08527,0.08543,13649387,1789040399999,futures
1789040400000,2026-09-10T11:40:00.000Z,2026-09-10 19:40,0.08542,0.08544,0.08524,0.08529,14953082,1789040699999,futures
1789040700000,2026-09-10T11:45:00.000Z,2026-09-10 19:45,0.0853,0.08532,0.08511,0.08526,22702010,1789040999999,futures
1789041000000,2026-09-10T11:50:00.000Z,2026-09-10 19:50,0.08527,0.08528,0.08509,0.08516,16537196,1789041299999,futures
1789041300000,2026-09-10T11:55:00.000Z,2026-09-10 19:55,0.08516,0.08518,0.08503,0.08509,9624805,1789041599999,futures
1789041600000,2026-09-10T12:00:00.000Z,2026-09-10 20:00,0.08508,0.08527,0.08504,0.08516,10559247,1789041899999,futures
1789041900000,2026-09-10T12:05:00.000Z,2026-09-10 20:05,0.08516,0.0852,0.08504,0.08504,9219729,1789042199999,futures
1789042200000,2026-09-10T12:10:00.000Z,2026-09-10 20:10,0.08505,0.08523,0.08503,0.0852,8352458,1789042499999,futures
1789042500000,2026-09-10T12:15:00.000Z,2026-09-10 20:15,0.08519,0.08526,0.08514,0.08516,10647993,1789042799999,futures
1789042800000,2026-09-10T12:20:00.000Z,2026-09-10 20:20,0.08516,0.08521,0.08509,0.08509,8053084,1789043099999,futures
1789043100000,2026-09-10T12:25:00.000Z,2026-09-10 20:25,0.08509,0.08525,0.08504,0.0852,8373804,1789043399999,futures
1789043400000,2026-09-10T12:30:00.000Z,2026-09-10 20:30,0.08519,0.08546,0.0843,0.08465,192690912,1789043699999,futures
1789043700000,2026-09-10T12:35:00.000Z,2026-09-10 20:35,0.08466,0.08501,0.08409,0.08448,150130514,1789043999999,futures
1789044000000,2026-09-10T12:40:00.000Z,2026-09-10 20:40,0.08448,0.08476,0.08441,0.08464,52963028,1789044299999,futures
1789044300000,2026-09-10T12:45:00.000Z,2026-09-10 20:45,0.08463,0.08466,0.08216,0.08393,355223805,1789044599999,futures
1789044600000,2026-09-10T12:50:00.000Z,2026-09-10 20:50,0.08394,0.08414,0.0836,0.08362,50911798,1789044899999,futures
1789044900000,2026-09-10T12:55:00.000Z,2026-09-10 20:55,0.08363,0.08381,0.0835,0.08371,49766389,1789045199999,futures
1789045200000,2026-09-10T13:00:00.000Z,2026-09-10 21:00,0.08372,0.08416,0.08364,0.08385,77697988,1789045499999,futures
1789045500000,2026-09-10T13:05:00.000Z,2026-09-10 21:05,0.08385,0.08386,0.08357,0.08371,104045300,1789045799999,futures
1789045800000,2026-09-10T13:10:00.000Z,2026-09-10 21:10,0.08371,0.0838,0.08331,0.08346,95279801,1789046099999,futures
1789046100000,2026-09-10T13:15:00.000Z,2026-09-10 21:15,0.08347,0.08347,0.08316,0.08321,39872339,1789046399999,futures
1789046400000,2026-09-10T13:20:00.000Z,2026-09-10 21:20,0.08322,0.08366,0.08321,0.08355,39556994,1789046699999,futures
1789046700000,2026-09-10T13:25:00.000Z,2026-09-10 21:25,0.08356,0.08371,0.08349,0.08366,77488981,1789046999999,futures
1789047000000,2026-09-10T13:30:00.000Z,2026-09-10 21:30,0.08367,0.08372,0.08338,0.08345,31201711,1789047299999,futures
1789047300000,2026-09-10T13:35:00.000Z,2026-09-10 21:35,0.08345,0.08384,0.08328,0.0838,82124763,1789047599999,futures
1789047600000,2026-09-10T13:40:00.000Z,2026-09-10 21:40,0.0838,0.08388,0.08367,0.08378,28027638,1789047899999,futures
1789047900000,2026-09-10T13:45:00.000Z,2026-09-10 21:45,0.08378,0.08399,0.08375,0.08386,100540946,1789048199999,futures
1789048200000,2026-09-10T13:50:00.000Z,2026-09-10 21:50,0.08385,0.08403,0.0836,0.08385,97934520,1789048499999,futures
1789048500000,2026-09-10T13:55:00.000Z,2026-09-10 21:55,0.08386,0.08399,0.08384,0.08394,24157853,1789048799999,futures
1789048800000,2026-09-10T14:00:00.000Z,2026-09-10 22:00,0.08394,0.08426,0.08394,0.084,51566331,1789049099999,futures
1789049100000,2026-09-10T14:05:00.000Z,2026-09-10 22:05,0.084,0.08402,0.08363,0.0837,59360397,1789049399999,futures
1789049400000,2026-09-10T14:10:00.000Z,2026-09-10 22:10,0.0837,0.08386,0.08357,0.0836,18991410,1789049699999,futures
1789049700000,2026-09-10T14:15:00.000Z,2026-09-10 22:15,0.0836,0.08372,0.0834,0.08366,52451024,1789049999999,futures
1789050000000,2026-09-10T14:20:00.000Z,2026-09-10 22:20,0.08368,0.08411,0.08362,0.08395,25389829,1789050299999,futures
1789050300000,2026-09-10T14:25:00.000Z,2026-09-10 22:25,0.08395,0.08414,0.08388,0.0839,30849517,1789050599999,futures
1789050600000,2026-09-10T14:30:00.000Z,2026-09-10 22:30,0.0839,0.08398,0.08384,0.08387,15502121,1789050899999,futures
1789050900000,2026-09-10T14:35:00.000Z,2026-09-10 22:35,0.08386,0.08395,0.08376,0.08376,13461917,1789051199999,futures
1789051200000,2026-09-10T14:40:00.000Z,2026-09-10 22:40,0.08377,0.08387,0.0837,0.08373,20540331,1789051499999,futures
1789051500000,2026-09-10T14:45:00.000Z,2026-09-10 22:45,0.08373,0.08384,0.08363,0.08367,29114978,1789051799999,futures
1789051800000,2026-09-10T14:50:00.000Z,2026-09-10 22:50,0.08367,0.08379,0.08358,0.08376,7836476,1789052099999,futures
1789052100000,2026-09-10T14:55:00.000Z,2026-09-10 22:55,0.08377,0.08381,0.08369,0.08376,9086637,1789052399999,futures
1789052400000,2026-09-10T15:00:00.000Z,2026-09-10 23:00,0.08376,0.08376,0.08341,0.08349,26087879,1789052699999,futures
1789052700000,2026-09-10T15:05:00.000Z,2026-09-10 23:05,0.08349,0.08379,0.08348,0.08368,9859049,1789052999999,futures
1789053000000,2026-09-10T15:10:00.000Z,2026-09-10 23:10,0.08369,0.08381,0.08361,0.08366,4945986,1789053299999,futures
1789053300000,2026-09-10T15:15:00.000Z,2026-09-10 23:15,0.08366,0.08374,0.08342,0.08344,20125619,1789053599999,futures
1789053600000,2026-09-10T15:20:00.000Z,2026-09-10 23:20,0.08343,0.08348,0.0833,0.08339,14351044,1789053899999,futures
1789053900000,2026-09-10T15:25:00.000Z,2026-09-10 23:25,0.08339,0.0834,0.08324,0.08326,15114046,1789054199999,futures
1789054200000,2026-09-10T15:30:00.000Z,2026-09-10 23:30,0.08327,0.08362,0.08326,0.08354,13882539,1789054499999,futures
1789054500000,2026-09-10T15:35:00.000Z,2026-09-10 23:35,0.08354,0.08381,0.08351,0.0837,24466583,1789054799999,futures
1789054800000,2026-09-10T15:40:00.000Z,2026-09-10 23:40,0.08371,0.08371,0.08348,0.08357,15052215,1789055099999,futures
1789055100000,2026-09-10T15:45:00.000Z,2026-09-10 23:45,0.08357,0.08378,0.08351,0.08361,17788154,1789055399999,futures
1789055400000,2026-09-10T15:50:00.000Z,2026-09-10 23:50,0.08362,0.08372,0.08347,0.08347,15920298,1789055699999,futures
1789055700000,2026-09-10T15:55:00.000Z,2026-09-10 23:55,0.08347,0.08373,0.0834,0.08368,19244064,1789055999999,futures
1789056000000,2026-09-10T16:00:00.000Z,2026-09-11 00:00,0.08367,0.08378,0.08338,0.0834,26695881,1789056299999,futures
1789056300000,2026-09-10T16:05:00.000Z,2026-09-11 00:05,0.08339,0.08347,0.08312,0.08317,24928194,1789056599999,futures
1789056600000,2026-09-10T16:10:00.000Z,2026-09-11 00:10,0.08317,0.08339,0.08316,0.08333,25744613,1789056899999,futures
1789056900000,2026-09-10T16:15:00.000Z,2026-09-11 00:15,0.08334,0.08338,0.08275,0.08288,91712155,1789057199999,futures
1789057200000,2026-09-10T16:20:00.000Z,2026-09-11 00:20,0.08289,0.08323,0.08289,0.0831,33424217,1789057499999,futures
1789057500000,2026-09-10T16:25:00.000Z,2026-09-11 00:25,0.0831,0.0831,0.08293,0.08299,9076086,1789057799999,futures
1789057800000,2026-09-10T16:30:00.000Z,2026-09-11 00:30,0.08298,0.08307,0.08274,0.08274,31305050,1789058099999,futures
1789058100000,2026-09-10T16:35:00.000Z,2026-09-11 00:35,0.08275,0.08319,0.08265,0.08314,53117246,1789058399999,futures
1789058400000,2026-09-10T16:40:00.000Z,2026-09-11 00:40,0.08315,0.08327,0.08304,0.08325,12044791,1789058699999,futures
1789058700000,2026-09-10T16:45:00.000Z,2026-09-11 00:45,0.08325,0.08364,0.08325,0.08345,35902862,1789058999999,futures
1789059000000,2026-09-10T16:50:00.000Z,2026-09-11 00:50,0.08344,0.08347,0.08331,0.08336,12342000,1789059299999,futures
1789059300000,2026-09-10T16:55:00.000Z,2026-09-11 00:55,0.08337,0.0835,0.08332,0.0835,7291890,1789059599999,futures
1789059600000,2026-09-10T17:00:00.000Z,2026-09-11 01:00,0.08349,0.08355,0.08336,0.08343,11015217,1789059899999,futures
1789059900000,2026-09-10T17:05:00.000Z,2026-09-11 01:05,0.08344,0.08357,0.08344,0.08353,6840383,1789060199999,futures
1789060200000,2026-09-10T17:10:00.000Z,2026-09-11 01:10,0.08353,0.08364,0.08351,0.08356,8161205,1789060499999,futures
1789060500000,2026-09-10T17:15:00.000Z,2026-09-11 01:15,0.08357,0.08362,0.08352,0.08356,7175525,1789060799999,futures
1789060800000,2026-09-10T17:20:00.000Z,2026-09-11 01:20,0.08355,0.08375,0.0835,0.08374,13738756,1789061099999,futures
1789061100000,2026-09-10T17:25:00.000Z,2026-09-11 01:25,0.08374,0.08382,0.08357,0.08378,25488286,1789061399999,futures
1789061400000,2026-09-10T17:30:00.000Z,2026-09-11 01:30,0.08377,0.08413,0.08374,0.08406,32212986,1789061699999,futures
1789061700000,2026-09-10T17:35:00.000Z,2026-09-11 01:35,0.08407,0.08416,0.08382,0.08383,33011715,1789061999999,futures
1789062000000,2026-09-10T17:40:00.000Z,2026-09-11 01:40,0.08382,0.08395,0.08374,0.08394,23555290,1789062299999,futures
1789062300000,2026-09-10T17:45:00.000Z,2026-09-11 01:45,0.08393,0.084,0.08378,0.08395,27030257,1789062599999,futures
1789062600000,2026-09-10T17:50:00.000Z,2026-09-11 01:50,0.08395,0.084,0.08391,0.08396,6396283,1789062899999,futures
1789062900000,2026-09-10T17:55:00.000Z,2026-09-11 01:55,0.08396,0.08397,0.08383,0.08384,7168128,1789063199999,futures
1789063200000,2026-09-10T18:00:00.000Z,2026-09-11 02:00,0.08384,0.08389,0.08347,0.0835,22582727,1789063499999,futures
1789063500000,2026-09-10T18:05:00.000Z,2026-09-11 02:05,0.0835,0.08357,0.08327,0.08331,15909513,1789063799999,futures
1789063800000,2026-09-10T18:10:00.000Z,2026-09-11 02:10,0.08332,0.08338,0.08326,0.08327,22216196,1789064099999,futures
1789064100000,2026-09-10T18:15:00.000Z,2026-09-11 02:15,0.08327,0.08338,0.08324,0.08331,9614390,1789064399999,futures
1789064400000,2026-09-10T18:20:00.000Z,2026-09-11 02:20,0.08332,0.08363,0.08332,0.08349,15443962,1789064699999,futures
1789064700000,2026-09-10T18:25:00.000Z,2026-09-11 02:25,0.08349,0.08356,0.08347,0.08348,5209154,1789064999999,futures
1789065000000,2026-09-10T18:30:00.000Z,2026-09-11 02:30,0.08348,0.0835,0.0834,0.08346,11077421,1789065299999,futures
1789065300000,2026-09-10T18:35:00.000Z,2026-09-11 02:35,0.08346,0.08361,0.0834,0.0836,6746355,1789065599999,futures
1789065600000,2026-09-10T18:40:00.000Z,2026-09-11 02:40,0.08361,0.08365,0.08354,0.08364,7767308,1789065899999,futures
1789065900000,2026-09-10T18:45:00.000Z,2026-09-11 02:45,0.08364,0.08377,0.08358,0.08368,6764256,1789066199999,futures
1789066200000,2026-09-10T18:50:00.000Z,2026-09-11 02:50,0.08367,0.08399,0.0836,0.08396,20460065,1789066499999,futures
1789066500000,2026-09-10T18:55:00.000Z,2026-09-11 02:55,0.08395,0.084,0.08389,0.08397,8975194,1789066799999,futures
1789066800000,2026-09-10T19:00:00.000Z,2026-09-11 03:00,0.08397,0.08398,0.08385,0.08386,7461742,1789067099999,futures
1789067100000,2026-09-10T19:05:00.000Z,2026-09-11 03:05,0.08385,0.08395,0.08381,0.08388,6147719,1789067399999,futures
1789067400000,2026-09-10T19:10:00.000Z,2026-09-11 03:10,0.08388,0.08391,0.08376,0.08387,6806991,1789067699999,futures
1789067700000,2026-09-10T19:15:00.000Z,2026-09-11 03:15,0.08387,0.0839,0.08381,0.08384,11526026,1789067999999,futures
1789068000000,2026-09-10T19:20:00.000Z,2026-09-11 03:20,0.08384,0.08398,0.08381,0.08397,11973437,1789068299999,futures
1789068300000,2026-09-10T19:25:00.000Z,2026-09-11 03:25,0.08397,0.08407,0.08386,0.08393,23641374,1789068599999,futures
1789068600000,2026-09-10T19:30:00.000Z,2026-09-11 03:30,0.08393,0.08396,0.08377,0.08383,12698653,1789068899999,futures
1789068900000,2026-09-10T19:35:00.000Z,2026-09-11 03:35,0.08383,0.08402,0.08381,0.08399,15604104,1789069199999,futures
1789069200000,2026-09-10T19:40:00.000Z,2026-09-11 03:40,0.084,0.08429,0.08399,0.08413,39659762,1789069499999,futures
1789069500000,2026-09-10T19:45:00.000Z,2026-09-11 03:45,0.08413,0.08414,0.0839,0.0839,9015932,1789069799999,futures
1789069800000,2026-09-10T19:50:00.000Z,2026-09-11 03:50,0.0839,0.08401,0.08377,0.08387,22645136,1789070099999,futures
1789070100000,2026-09-10T19:55:00.000Z,2026-09-11 03:55,0.08388,0.08399,0.08386,0.0839,6592889,1789070399999,futures
1789070400000,2026-09-10T20:00:00.000Z,2026-09-11 04:00,0.08389,0.08399,0.08384,0.08393,7610361,1789070699999,futures
1789070700000,2026-09-10T20:05:00.000Z,2026-09-11 04:05,0.08392,0.08411,0.0839,0.08411,6657235,1789070999999,futures
1789071000000,2026-09-10T20:10:00.000Z,2026-09-11 04:10,0.08411,0.08421,0.08405,0.08418,10402612,1789071299999,futures
1789071300000,2026-09-10T20:15:00.000Z,2026-09-11 04:15,0.08418,0.08427,0.08412,0.08423,5285031,1789071599999,futures
1789071600000,2026-09-10T20:20:00.000Z,2026-09-11 04:20,0.08423,0.0843,0.0842,0.08421,7037574,1789071899999,futures
1789071900000,2026-09-10T20:25:00.000Z,2026-09-11 04:25,0.08422,0.08432,0.08419,0.08427,6282705,1789072199999,futures
1789072200000,2026-09-10T20:30:00.000Z,2026-09-11 04:30,0.08428,0.08429,0.08419,0.08424,4399655,1789072499999,futures
1789072500000,2026-09-10T20:35:00.000Z,2026-09-11 04:35,0.08423,0.08428,0.08422,0.08425,3706257,1789072799999,futures
1789072800000,2026-09-10T20:40:00.000Z,2026-09-11 04:40,0.08425,0.08427,0.0842,0.08424,4061886,1789073099999,futures
1789073100000,2026-09-10T20:45:00.000Z,2026-09-11 04:45,0.08424,0.08425,0.08408,0.08414,9985507,1789073399999,futures
1789073400000,2026-09-10T20:50:00.000Z,2026-09-11 04:50,0.08414,0.08416,0.08411,0.08415,2832558,1789073699999,futures
1789073700000,2026-09-10T20:55:00.000Z,2026-09-11 04:55,0.08415,0.08416,0.08411,0.08412,2905157,1789073999999,futures
1789074000000,2026-09-10T21:00:00.000Z,2026-09-11 05:00,0.08412,0.0842,0.08411,0.08413,4899550,1789074299999,futures
1789074300000,2026-09-10T21:05:00.000Z,2026-09-11 05:05,0.08413,0.08422,0.08403,0.08419,5679426,1789074599999,futures
1789074600000,2026-09-10T21:10:00.000Z,2026-09-11 05:10,0.08419,0.08426,0.08414,0.08414,3273603,1789074899999,futures
1789074900000,2026-09-10T21:15:00.000Z,2026-09-11 05:15,0.08415,0.08415,0.08398,0.08403,6870144,1789075199999,futures
1789075200000,2026-09-10T21:20:00.000Z,2026-09-11 05:20,0.08403,0.08408,0.08402,0.08408,4133112,1789075499999,futures
1789075500000,2026-09-10T21:25:00.000Z,2026-09-11 05:25,0.08407,0.0841,0.08402,0.08408,4999535,1789075799999,futures
1789075800000,2026-09-10T21:30:00.000Z,2026-09-11 05:30,0.08408,0.08408,0.08394,0.08404,7645847,1789076099999,futures
1789076100000,2026-09-10T21:35:00.000Z,2026-09-11 05:35,0.08403,0.08404,0.08391,0.084,5440822,1789076399999,futures
1789076400000,2026-09-10T21:40:00.000Z,2026-09-11 05:40,0.08399,0.08411,0.08396,0.08408,11346334,1789076699999,futures
1789076700000,2026-09-10T21:45:00.000Z,2026-09-11 05:45,0.08408,0.08422,0.08405,0.08416,5460935,1789076999999,futures
1789077000000,2026-09-10T21:50:00.000Z,2026-09-11 05:50,0.08415,0.08416,0.08405,0.08405,2120393,1789077299999,futures
1789077300000,2026-09-10T21:55:00.000Z,2026-09-11 05:55,0.08405,0.08407,0.08395,0.08403,7039553,1789077599999,futures
1789077600000,2026-09-10T22:00:00.000Z,2026-09-11 06:00,0.08403,0.0841,0.08389,0.08406,14497738,1789077899999,futures
1789077900000,2026-09-10T22:05:00.000Z,2026-09-11 06:05,0.08406,0.0841,0.08399,0.0841,7365518,1789078199999,futures
1789078200000,2026-09-10T22:10:00.000Z,2026-09-11 06:10,0.0841,0.08416,0.08396,0.08411,15663356,1789078499999,futures
1789078500000,2026-09-10T22:15:00.000Z,2026-09-11 06:15,0.0841,0.08423,0.08409,0.08421,6211246,1789078799999,futures
1789078800000,2026-09-10T22:20:00.000Z,2026-09-11 06:20,0.0842,0.08424,0.08411,0.08414,7778596,1789079099999,futures
1789079100000,2026-09-10T22:25:00.000Z,2026-09-11 06:25,0.08414,0.08414,0.08403,0.08404,3703229,1789079399999,futures
1789079400000,2026-09-10T22:30:00.000Z,2026-09-11 06:30,0.08403,0.08408,0.08376,0.08386,14128923,1789079699999,futures
1789079700000,2026-09-10T22:35:00.000Z,2026-09-11 06:35,0.08386,0.08388,0.08367,0.08374,14379537,1789079999999,futures
1789080000000,2026-09-10T22:40:00.000Z,2026-09-11 06:40,0.08375,0.08375,0.08359,0.08367,10745027,1789080299999,futures
1789080300000,2026-09-10T22:45:00.000Z,2026-09-11 06:45,0.08368,0.08382,0.08365,0.0838,5713137,1789080599999,futures
1789080600000,2026-09-10T22:50:00.000Z,2026-09-11 06:50,0.0838,0.0838,0.08362,0.08366,4385390,1789080899999,futures
1789080900000,2026-09-10T22:55:00.000Z,2026-09-11 06:55,0.08365,0.08367,0.08346,0.0835,10601184,1789081199999,futures
1789081200000,2026-09-10T23:00:00.000Z,2026-09-11 07:00,0.0835,0.08359,0.08329,0.08335,12797173,1789081499999,futures
1789081500000,2026-09-10T23:05:00.000Z,2026-09-11 07:05,0.08334,0.08346,0.08293,0.08316,51106255,1789081799999,futures
1789081800000,2026-09-10T23:10:00.000Z,2026-09-11 07:10,0.08316,0.08334,0.08283,0.0829,37252882,1789082099999,futures
1789082100000,2026-09-10T23:15:00.000Z,2026-09-11 07:15,0.08291,0.08318,0.08281,0.08311,24677068,1789082399999,futures
1789082400000,2026-09-10T23:20:00.000Z,2026-09-11 07:20,0.08312,0.08332,0.08311,0.08317,20739057,1789082699999,futures
1789082700000,2026-09-10T23:25:00.000Z,2026-09-11 07:25,0.08316,0.08324,0.08313,0.08314,28548501,1789082999999,futures
1789083000000,2026-09-10T23:30:00.000Z,2026-09-11 07:30,0.08315,0.08326,0.08314,0.08317,20056909,1789083299999,futures
1789083300000,2026-09-10T23:35:00.000Z,2026-09-11 07:35,0.08317,0.08319,0.08305,0.08308,13683528,1789083599999,futures
1789083600000,2026-09-10T23:40:00.000Z,2026-09-11 07:40,0.08308,0.08318,0.08304,0.08315,6528040,1789083899999,futures
1789083900000,2026-09-10T23:45:00.000Z,2026-09-11 07:45,0.08315,0.08315,0.08303,0.08308,6236525,1789084199999,futures
1789084200000,2026-09-10T23:50:00.000Z,2026-09-11 07:50,0.08307,0.08312,0.08289,0.08293,12310641,1789084499999,futures
1789084500000,2026-09-10T23:55:00.000Z,2026-09-11 07:55,0.08293,0.08298,0.08276,0.08286,30391254,1789084799999,futures
1789084800000,2026-09-11T00:00:00.000Z,2026-09-11 08:00,0.08286,0.08315,0.08281,0.08312,22699111,1789085099999,futures
1789085100000,2026-09-11T00:05:00.000Z,2026-09-11 08:05,0.08312,0.08346,0.08305,0.08345,22257351,1789085399999,futures
1789085400000,2026-09-11T00:10:00.000Z,2026-09-11 08:10,0.08344,0.0835,0.08333,0.08343,24998833,1789085699999,futures
1789085700000,2026-09-11T00:15:00.000Z,2026-09-11 08:15,0.08343,0.08348,0.08331,0.08336,10307147,1789085999999,futures
1789086000000,2026-09-11T00:20:00.000Z,2026-09-11 08:20,0.08336,0.08354,0.08328,0.08343,19770743,1789086299999,futures
1789086300000,2026-09-11T00:25:00.000Z,2026-09-11 08:25,0.08342,0.08345,0.08333,0.0834,8042399,1789086599999,futures
1789086600000,2026-09-11T00:30:00.000Z,2026-09-11 08:30,0.0834,0.08342,0.08306,0.08324,24280718,1789086899999,futures
1789086900000,2026-09-11T00:35:00.000Z,2026-09-11 08:35,0.08324,0.08331,0.08316,0.08325,8856705,1789087199999,futures
1789087200000,2026-09-11T00:40:00.000Z,2026-09-11 08:40,0.08325,0.08325,0.08311,0.08313,9216139,1789087499999,futures
1789087500000,2026-09-11T00:45:00.000Z,2026-09-11 08:45,0.08313,0.08318,0.08309,0.08311,9513822,1789087799999,futures
1789087800000,2026-09-11T00:50:00.000Z,2026-09-11 08:50,0.0831,0.08334,0.08308,0.08333,13292179,1789088099999,futures
1789088100000,2026-09-11T00:55:00.000Z,2026-09-11 08:55,0.08334,0.08343,0.08334,0.08341,7476747,1789088399999,futures
1789088400000,2026-09-11T01:00:00.000Z,2026-09-11 09:00,0.08341,0.08363,0.08337,0.08359,13080674,1789088699999,futures
1789088700000,2026-09-11T01:05:00.000Z,2026-09-11 09:05,0.0836,0.08365,0.0835,0.08356,7927493,1789088999999,futures
1789089000000,2026-09-11T01:10:00.000Z,2026-09-11 09:10,0.08357,0.08359,0.08347,0.08348,6374719,1789089299999,futures
1789089300000,2026-09-11T01:15:00.000Z,2026-09-11 09:15,0.08349,0.0835,0.08339,0.08347,7836660,1789089599999,futures
1789089600000,2026-09-11T01:20:00.000Z,2026-09-11 09:20,0.08347,0.08353,0.08321,0.08334,13643335,1789089899999,futures
1789089900000,2026-09-11T01:25:00.000Z,2026-09-11 09:25,0.08333,0.08337,0.08312,0.08313,10540430,1789090199999,futures
1789090200000,2026-09-11T01:30:00.000Z,2026-09-11 09:30,0.08313,0.08318,0.08294,0.08318,19805334,1789090499999,futures
1789090500000,2026-09-11T01:35:00.000Z,2026-09-11 09:35,0.08319,0.08346,0.0831,0.08314,11396256,1789090799999,futures
1789090800000,2026-09-11T01:40:00.000Z,2026-09-11 09:40,0.08313,0.08325,0.08296,0.08325,12883138,1789091099999,futures
1789091100000,2026-09-11T01:45:00.000Z,2026-09-11 09:45,0.08325,0.08336,0.08309,0.08336,7991320,1789091399999,futures
1789091400000,2026-09-11T01:50:00.000Z,2026-09-11 09:50,0.08335,0.08341,0.08329,0.08341,9527543,1789091699999,futures
1789091700000,2026-09-11T01:55:00.000Z,2026-09-11 09:55,0.0834,0.08358,0.08333,0.08352,16024805,1789091999999,futures
1789092000000,2026-09-11T02:00:00.000Z,2026-09-11 10:00,0.08352,0.08359,0.08335,0.08353,26582259,1789092299999,futures
1789092300000,2026-09-11T02:05:00.000Z,2026-09-11 10:05,0.08353,0.08357,0.08342,0.08349,6743096,1789092599999,futures
1789092600000,2026-09-11T02:10:00.000Z,2026-09-11 10:10,0.08348,0.08359,0.08344,0.08356,6100606,1789092899999,futures
1789092900000,2026-09-11T02:15:00.000Z,2026-09-11 10:15,0.08356,0.08356,0.08334,0.08336,8101438,1789093199999,futures
1789093200000,2026-09-11T02:20:00.000Z,2026-09-11 10:20,0.08335,0.08341,0.0832,0.08323,14544011,1789093499999,futures
1789093500000,2026-09-11T02:25:00.000Z,2026-09-11 10:25,0.08323,0.08327,0.08312,0.0832,9749029,1789093799999,futures
1789093800000,2026-09-11T02:30:00.000Z,2026-09-11 10:30,0.0832,0.08328,0.08317,0.08326,6307344,1789094099999,futures
1789094100000,2026-09-11T02:35:00.000Z,2026-09-11 10:35,0.08325,0.0835,0.08321,0.08349,4806999,1789094399999,futures
1789094400000,2026-09-11T02:40:00.000Z,2026-09-11 10:40,0.08348,0.08352,0.08334,0.08338,5234561,1789094699999,futures
1789094700000,2026-09-11T02:45:00.000Z,2026-09-11 10:45,0.08338,0.08353,0.08338,0.0835,4823609,1789094999999,futures
1789095000000,2026-09-11T02:50:00.000Z,2026-09-11 10:50,0.0835,0.08356,0.08332,0.08342,8860232,1789095299999,futures
1789095300000,2026-09-11T02:55:00.000Z,2026-09-11 10:55,0.08343,0.0835,0.08338,0.08345,5235301,1789095599999,futures
1789095600000,2026-09-11T03:00:00.000Z,2026-09-11 11:00,0.08345,0.08348,0.08339,0.08339,3400322,1789095899999,futures
1789095900000,2026-09-11T03:05:00.000Z,2026-09-11 11:05,0.08339,0.0834,0.08325,0.08328,8547712,1789096199999,futures
1789096200000,2026-09-11T03:10:00.000Z,2026-09-11 11:10,0.08328,0.08355,0.08323,0.08353,18539297,1789096499999,futures
1789096500000,2026-09-11T03:15:00.000Z,2026-09-11 11:15,0.08353,0.08356,0.08329,0.08345,15677373,1789096799999,futures
1789096800000,2026-09-11T03:20:00.000Z,2026-09-11 11:20,0.08345,0.08347,0.08327,0.08339,12707058,1789097099999,futures
1789097100000,2026-09-11T03:25:00.000Z,2026-09-11 11:25,0.08338,0.08349,0.08335,0.08345,3986603,1789097399999,futures
1789097400000,2026-09-11T03:30:00.000Z,2026-09-11 11:30,0.08344,0.08345,0.08333,0.08345,5833414,1789097699999,futures
1789097700000,2026-09-11T03:35:00.000Z,2026-09-11 11:35,0.08345,0.08365,0.08341,0.08361,9361619,1789097999999,futures
1789098000000,2026-09-11T03:40:00.000Z,2026-09-11 11:40,0.08361,0.08368,0.08355,0.08365,10341183,1789098299999,futures
1789098300000,2026-09-11T03:45:00.000Z,2026-09-11 11:45,0.08364,0.08365,0.08355,0.08357,4002696,1789098599999,futures
1789098600000,2026-09-11T03:50:00.000Z,2026-09-11 11:50,0.08357,0.08366,0.08356,0.08365,5578251,1789098899999,futures
1789098900000,2026-09-11T03:55:00.000Z,2026-09-11 11:55,0.08364,0.08374,0.08362,0.08369,6041195,1789099199999,futures
1789099200000,2026-09-11T04:00:00.000Z,2026-09-11 12:00,0.08369,0.08377,0.08362,0.08376,12400599,1789099499999,futures
1789099500000,2026-09-11T04:05:00.000Z,2026-09-11 12:05,0.08376,0.08386,0.08374,0.08378,10637102,1789099799999,futures
1789099800000,2026-09-11T04:10:00.000Z,2026-09-11 12:10,0.08377,0.08385,0.08369,0.08383,13807780,1789100099999,futures
1789100100000,2026-09-11T04:15:00.000Z,2026-09-11 12:15,0.08384,0.08389,0.08369,0.0838,14881051,1789100399999,futures
1789100400000,2026-09-11T04:20:00.000Z,2026-09-11 12:20,0.0838,0.08406,0.0838,0.08406,19042805,1789100699999,futures
1789100700000,2026-09-11T04:25:00.000Z,2026-09-11 12:25,0.08407,0.08413,0.08404,0.08409,14199564,1789100999999,futures
1789101000000,2026-09-11T04:30:00.000Z,2026-09-11 12:30,0.0841,0.08415,0.08388,0.08397,24257068,1789101299999,futures
1789101300000,2026-09-11T04:35:00.000Z,2026-09-11 12:35,0.08397,0.08398,0.08392,0.08398,8080047,1789101599999,futures
1789101600000,2026-09-11T04:40:00.000Z,2026-09-11 12:40,0.08397,0.08403,0.08393,0.08396,4418215,1789101899999,futures
1789101900000,2026-09-11T04:45:00.000Z,2026-09-11 12:45,0.08396,0.08402,0.08393,0.084,3761338,1789102199999,futures
1789102200000,2026-09-11T04:50:00.000Z,2026-09-11 12:50,0.08401,0.08408,0.084,0.08405,4499219,1789102499999,futures
1789102500000,2026-09-11T04:55:00.000Z,2026-09-11 12:55,0.08405,0.08408,0.08402,0.08403,2861032,1789102799999,futures
1789102800000,2026-09-11T05:00:00.000Z,2026-09-11 13:00,0.08403,0.08407,0.08399,0.08399,4137824,1789103099999,futures
1789103100000,2026-09-11T05:05:00.000Z,2026-09-11 13:05,0.08399,0.08404,0.08398,0.08403,2887551,1789103399999,futures
1789103400000,2026-09-11T05:10:00.000Z,2026-09-11 13:10,0.08404,0.0841,0.08393,0.08407,14273322,1789103699999,futures
1789103700000,2026-09-11T05:15:00.000Z,2026-09-11 13:15,0.08408,0.08408,0.084,0.08401,6438876,1789103999999,futures
1789104000000,2026-09-11T05:20:00.000Z,2026-09-11 13:20,0.08401,0.08404,0.08387,0.08393,12405576,1789104299999,futures
1789104300000,2026-09-11T05:25:00.000Z,2026-09-11 13:25,0.08392,0.08398,0.08384,0.08393,11757546,1789104599999,futures
1789104600000,2026-09-11T05:30:00.000Z,2026-09-11 13:30,0.08394,0.08405,0.08384,0.08389,15240001,1789104899999,futures
1789104900000,2026-09-11T05:35:00.000Z,2026-09-11 13:35,0.08389,0.08402,0.08387,0.08399,13890744,1789105199999,futures
1789105200000,2026-09-11T05:40:00.000Z,2026-09-11 13:40,0.08399,0.08404,0.08395,0.08402,4561963,1789105499999,futures
1789105500000,2026-09-11T05:45:00.000Z,2026-09-11 13:45,0.08402,0.08408,0.08399,0.08407,3478671,1789105799999,futures
1789105800000,2026-09-11T05:50:00.000Z,2026-09-11 13:50,0.08406,0.0841,0.08403,0.08406,2849661,1789106099999,futures
1789106100000,2026-09-11T05:55:00.000Z,2026-09-11 13:55,0.08406,0.08409,0.08404,0.08405,3524799,1789106399999,futures
1789106400000,2026-09-11T06:00:00.000Z,2026-09-11 14:00,0.08406,0.0841,0.08401,0.08409,3684962,1789106699999,futures
1789106700000,2026-09-11T06:05:00.000Z,2026-09-11 14:05,0.08408,0.08408,0.084,0.084,5869783,1789106999999,futures
1789107000000,2026-09-11T06:10:00.000Z,2026-09-11 14:10,0.084,0.08414,0.084,0.0841,24036140,1789107299999,futures
1789107300000,2026-09-11T06:15:00.000Z,2026-09-11 14:15,0.0841,0.08414,0.08401,0.08406,18814675,1789107599999,futures
1789107600000,2026-09-11T06:20:00.000Z,2026-09-11 14:20,0.08406,0.08407,0.0839,0.08394,11389372,1789107899999,futures
1789107900000,2026-09-11T06:25:00.000Z,2026-09-11 14:25,0.08394,0.08401,0.08388,0.08396,12267541,1789108199999,futures
1789108200000,2026-09-11T06:30:00.000Z,2026-09-11 14:30,0.08395,0.08399,0.08381,0.08386,12632728,1789108499999,futures
1789108500000,2026-09-11T06:35:00.000Z,2026-09-11 14:35,0.08386,0.08393,0.08384,0.08392,3916746,1789108799999,futures
1789108800000,2026-09-11T06:40:00.000Z,2026-09-11 14:40,0.08392,0.08392,0.08386,0.08389,1677711,1789109099999,futures
1789109100000,2026-09-11T06:45:00.000Z,2026-09-11 14:45,0.08389,0.08397,0.08384,0.08396,5127386,1789109399999,futures
1789109400000,2026-09-11T06:50:00.000Z,2026-09-11 14:50,0.08396,0.08398,0.08393,0.08394,2853122,1789109699999,futures
1789109700000,2026-09-11T06:55:00.000Z,2026-09-11 14:55,0.08394,0.08396,0.08393,0.08396,511977,1789109999999,futures
1789110000000,2026-09-11T07:00:00.000Z,2026-09-11 15:00,0.08395,0.084,0.08394,0.08398,3466063,1789110299999,futures
1789110300000,2026-09-11T07:05:00.000Z,2026-09-11 15:05,0.08398,0.08406,0.08397,0.08406,3561644,1789110599999,futures
1789110600000,2026-09-11T07:10:00.000Z,2026-09-11 15:10,0.08405,0.08407,0.08398,0.084,3282857,1789110899999,futures
1789110900000,2026-09-11T07:15:00.000Z,2026-09-11 15:15,0.084,0.08408,0.08398,0.08401,9098837,1789111199999,futures
1789111200000,2026-09-11T07:20:00.000Z,2026-09-11 15:20,0.08401,0.08414,0.08401,0.08404,11279323,1789111499999,futures
1789111500000,2026-09-11T07:25:00.000Z,2026-09-11 15:25,0.08404,0.08405,0.0839,0.08393,8551142,1789111799999,futures
1789111800000,2026-09-11T07:30:00.000Z,2026-09-11 15:30,0.08392,0.08402,0.08387,0.08393,11598510,1789112099999,futures
1789112100000,2026-09-11T07:35:00.000Z,2026-09-11 15:35,0.08393,0.08396,0.08389,0.0839,3630849,1789112399999,futures
1789112400000,2026-09-11T07:40:00.000Z,2026-09-11 15:40,0.0839,0.08395,0.08389,0.08389,16856058,1789112699999,futures
1789112700000,2026-09-11T07:45:00.000Z,2026-09-11 15:45,0.08389,0.0839,0.08381,0.08382,7550457,1789112999999,futures
1789113000000,2026-09-11T07:50:00.000Z,2026-09-11 15:50,0.08382,0.08386,0.08373,0.08375,14509023,1789113299999,futures
1789113300000,2026-09-11T07:55:00.000Z,2026-09-11 15:55,0.08376,0.08385,0.08373,0.08377,9332854,1789113599999,futures
1789113600000,2026-09-11T08:00:00.000Z,2026-09-11 16:00,0.08377,0.08383,0.08373,0.08373,6780260,1789113899999,futures
1789113900000,2026-09-11T08:05:00.000Z,2026-09-11 16:05,0.08373,0.08375,0.08366,0.08366,7073350,1789114199999,futures
1789114200000,2026-09-11T08:10:00.000Z,2026-09-11 16:10,0.08366,0.08376,0.08366,0.08372,7109403,1789114499999,futures
1789114500000,2026-09-11T08:15:00.000Z,2026-09-11 16:15,0.08373,0.08385,0.08372,0.0838,5103603,1789114799999,futures
1789114800000,2026-09-11T08:20:00.000Z,2026-09-11 16:20,0.08381,0.08406,0.08381,0.08402,10411811,1789115099999,futures
1789115100000,2026-09-11T08:25:00.000Z,2026-09-11 16:25,0.08402,0.08406,0.08392,0.08396,10994611,1789115399999,futures
1789115400000,2026-09-11T08:30:00.000Z,2026-09-11 16:30,0.08396,0.08422,0.08395,0.08403,13051299,1789115699999,futures
1789115700000,2026-09-11T08:35:00.000Z,2026-09-11 16:35,0.08403,0.08406,0.08401,0.08402,4196893,1789115999999,futures
1789116000000,2026-09-11T08:40:00.000Z,2026-09-11 16:40,0.08403,0.08405,0.08401,0.08401,3517788,1789116299999,futures
1789116300000,2026-09-11T08:45:00.000Z,2026-09-11 16:45,0.08401,0.08409,0.084,0.08403,17841966,1789116599999,futures
1789116600000,2026-09-11T08:50:00.000Z,2026-09-11 16:50,0.08404,0.08408,0.084,0.08401,6748507,1789116899999,futures
1789116900000,2026-09-11T08:55:00.000Z,2026-09-11 16:55,0.08401,0.08404,0.08397,0.08399,14540045,1789117199999,futures
1789117200000,2026-09-11T09:00:00.000Z,2026-09-11 17:00,0.08399,0.08406,0.08395,0.08397,25165257,1789117499999,futures
1789117500000,2026-09-11T09:05:00.000Z,2026-09-11 17:05,0.08397,0.08398,0.08388,0.08391,9056293,1789117799999,futures
1789117800000,2026-09-11T09:10:00.000Z,2026-09-11 17:10,0.08391,0.08397,0.08386,0.08391,9690802,1789118099999,futures
1789118100000,2026-09-11T09:15:00.000Z,2026-09-11 17:15,0.08392,0.08394,0.08389,0.08392,4217082,1789118399999,futures
1789118400000,2026-09-11T09:20:00.000Z,2026-09-11 17:20,0.08391,0.08394,0.08387,0.08387,2140592,1789118699999,futures
1789118700000,2026-09-11T09:25:00.000Z,2026-09-11 17:25,0.08387,0.0839,0.08385,0.08385,7273426,1789118999999,futures
1789119000000,2026-09-11T09:30:00.000Z,2026-09-11 17:30,0.08385,0.08388,0.08378,0.08381,5959604,1789119299999,futures
1789119300000,2026-09-11T09:35:00.000Z,2026-09-11 17:35,0.08381,0.08382,0.08344,0.08347,27358777,1789119599999,futures
1789119600000,2026-09-11T09:40:00.000Z,2026-09-11 17:40,0.08346,0.08347,0.08333,0.08343,17324101,1789119899999,futures
1789119900000,2026-09-11T09:45:00.000Z,2026-09-11 17:45,0.08343,0.08356,0.08339,0.08353,8957733,1789120199999,futures
1789120200000,2026-09-11T09:50:00.000Z,2026-09-11 17:50,0.08353,0.08376,0.08352,0.08365,15782397,1789120499999,futures
1789120500000,2026-09-11T09:55:00.000Z,2026-09-11 17:55,0.08365,0.08368,0.08363,0.08364,3835017,1789120799999,futures
1789120800000,2026-09-11T10:00:00.000Z,2026-09-11 18:00,0.08364,0.08386,0.08349,0.08384,15719925,1789121099999,futures
1789121100000,2026-09-11T10:05:00.000Z,2026-09-11 18:05,0.08385,0.08385,0.08372,0.08372,13359357,1789121399999,futures
1789121400000,2026-09-11T10:10:00.000Z,2026-09-11 18:10,0.08372,0.08378,0.08361,0.0837,21603855,1789121699999,futures
1789121700000,2026-09-11T10:15:00.000Z,2026-09-11 18:15,0.08371,0.08383,0.08368,0.08379,6653664,1789121999999,futures
1789122000000,2026-09-11T10:20:00.000Z,2026-09-11 18:20,0.08379,0.0838,0.08363,0.08364,11552954,1789122299999,futures
1789122300000,2026-09-11T10:25:00.000Z,2026-09-11 18:25,0.08364,0.08367,0.08354,0.08356,6881232,1789122599999,futures
1789122600000,2026-09-11T10:30:00.000Z,2026-09-11 18:30,0.08356,0.08357,0.08339,0.08355,8660111,1789122899999,futures
1789122900000,2026-09-11T10:35:00.000Z,2026-09-11 18:35,0.08355,0.08361,0.08345,0.08355,16466152,1789123199999,futures
1789123200000,2026-09-11T10:40:00.000Z,2026-09-11 18:40,0.08355,0.08356,0.08344,0.08349,7329297,1789123499999,futures
1789123500000,2026-09-11T10:45:00.000Z,2026-09-11 18:45,0.08349,0.08353,0.08345,0.08346,4356562,1789123799999,futures
1789123800000,2026-09-11T10:50:00.000Z,2026-09-11 18:50,0.08346,0.08351,0.08344,0.08347,3549185,1789124099999,futures
1789124100000,2026-09-11T10:55:00.000Z,2026-09-11 18:55,0.08347,0.08348,0.08334,0.08334,7676286,1789124399999,futures
1789124400000,2026-09-11T11:00:00.000Z,2026-09-11 19:00,0.08334,0.0834,0.08311,0.08313,28139818,1789124699999,futures
1789124700000,2026-09-11T11:05:00.000Z,2026-09-11 19:05,0.08313,0.0832,0.08291,0.08299,35174290,1789124999999,futures
1789125000000,2026-09-11T11:10:00.000Z,2026-09-11 19:10,0.083,0.08311,0.08285,0.08304,28907710,1789125299999,futures
1789125300000,2026-09-11T11:15:00.000Z,2026-09-11 19:15,0.08304,0.08318,0.08301,0.08316,16488607,1789125599999,futures
1789125600000,2026-09-11T11:20:00.000Z,2026-09-11 19:20,0.08316,0.0832,0.08308,0.08317,4330107,1789125899999,futures
1789125900000,2026-09-11T11:25:00.000Z,2026-09-11 19:25,0.08317,0.08331,0.08317,0.08324,9863682,1789126199999,futures
1789126200000,2026-09-11T11:30:00.000Z,2026-09-11 19:30,0.08325,0.0833,0.08319,0.08322,15125758,1789126499999,futures
1789126500000,2026-09-11T11:35:00.000Z,2026-09-11 19:35,0.08322,0.08343,0.08321,0.08341,6369208,1789126799999,futures
1789126800000,2026-09-11T11:40:00.000Z,2026-09-11 19:40,0.08341,0.08356,0.08339,0.08354,16856462,1789127099999,futures
1789127100000,2026-09-11T11:45:00.000Z,2026-09-11 19:45,0.08355,0.08364,0.08351,0.08357,11490105,1789127399999,futures
1789127400000,2026-09-11T11:50:00.000Z,2026-09-11 19:50,0.08356,0.08367,0.08355,0.08365,5209720,1789127699999,futures
1789127700000,2026-09-11T11:55:00.000Z,2026-09-11 19:55,0.08365,0.08366,0.08358,0.08363,7667255,1789127999999,futures
1789128000000,2026-09-11T12:00:00.000Z,2026-09-11 20:00,0.08363,0.08379,0.08356,0.08356,32670024,1789128299999,futures
1789128300000,2026-09-11T12:05:00.000Z,2026-09-11 20:05,0.08356,0.08358,0.08337,0.08339,14213521,1789128599999,futures
1789128600000,2026-09-11T12:10:00.000Z,2026-09-11 20:10,0.08338,0.08357,0.08331,0.08342,51452025,1789128899999,futures
1789128900000,2026-09-11T12:15:00.000Z,2026-09-11 20:15,0.08341,0.08346,0.08325,0.08328,23710745,1789129199999,futures
1789129200000,2026-09-11T12:20:00.000Z,2026-09-11 20:20,0.08329,0.08343,0.08316,0.08321,17726635,1789129499999,futures
1789129500000,2026-09-11T12:25:00.000Z,2026-09-11 20:25,0.0832,0.0841,0.08314,0.08351,82337399,1789129799999,futures
1789129800000,2026-09-11T12:30:00.000Z,2026-09-11 20:30,0.08351,0.0844,0.08223,0.08405,344021054,1789130099999,futures
1789130100000,2026-09-11T12:35:00.000Z,2026-09-11 20:35,0.08405,0.08569,0.08404,0.08487,258705237,1789130399999,futures
1789130400000,2026-09-11T12:40:00.000Z,2026-09-11 20:40,0.08488,0.08499,0.08443,0.08451,98992695,1789130699999,futures
1789130700000,2026-09-11T12:45:00.000Z,2026-09-11 20:45,0.08452,0.08494,0.08444,0.08476,109983696,1789130999999,futures
1789131000000,2026-09-11T12:50:00.000Z,2026-09-11 20:50,0.08475,0.08519,0.08474,0.08495,76089032,1789131299999,futures
1789131300000,2026-09-11T12:55:00.000Z,2026-09-11 20:55,0.08494,0.08513,0.08485,0.08512,28151134,1789131599999,futures
1789131600000,2026-09-11T13:00:00.000Z,2026-09-11 21:00,0.08513,0.08514,0.08475,0.08477,40395502,1789131899999,futures
1789131900000,2026-09-11T13:05:00.000Z,2026-09-11 21:05,0.08477,0.08508,0.08458,0.08459,33692298,1789132199999,futures
1789132200000,2026-09-11T13:10:00.000Z,2026-09-11 21:10,0.08459,0.08481,0.08453,0.0848,22733206,1789132499999,futures
1789132500000,2026-09-11T13:15:00.000Z,2026-09-11 21:15,0.0848,0.08483,0.08455,0.08481,18285123,1789132799999,futures
1789132800000,2026-09-11T13:20:00.000Z,2026-09-11 21:20,0.0848,0.08504,0.08474,0.08484,22322610,1789133099999,futures
1789133100000,2026-09-11T13:25:00.000Z,2026-09-11 21:25,0.08484,0.08487,0.08448,0.08452,25892391,1789133399999,futures
1789133400000,2026-09-11T13:30:00.000Z,2026-09-11 21:30,0.08452,0.08486,0.08433,0.08457,30199114,1789133699999,futures
1789133700000,2026-09-11T13:35:00.000Z,2026-09-11 21:35,0.08458,0.0847,0.08423,0.08465,25178231,1789133999999,futures
1789134000000,2026-09-11T13:40:00.000Z,2026-09-11 21:40,0.08466,0.08525,0.08456,0.08516,48500561,1789134299999,futures
1789134300000,2026-09-11T13:45:00.000Z,2026-09-11 21:45,0.08517,0.08624,0.08499,0.08604,129722940,1789134599999,futures
1789134600000,2026-09-11T13:50:00.000Z,2026-09-11 21:50,0.08603,0.08668,0.08587,0.08658,113285519,1789134899999,futures
1789134900000,2026-09-11T13:55:00.000Z,2026-09-11 21:55,0.08659,0.08754,0.08659,0.08738,101368565,1789135199999,futures
1789135200000,2026-09-11T14:00:00.000Z,2026-09-11 22:00,0.08737,0.08831,0.08717,0.08772,196508368,1789135499999,futures
1789135500000,2026-09-11T14:05:00.000Z,2026-09-11 22:05,0.08771,0.0878,0.08646,0.0867,132319257,1789135799999,futures
1789135800000,2026-09-11T14:10:00.000Z,2026-09-11 22:10,0.08671,0.08679,0.08634,0.08665,45399473,1789136099999,futures
1789136100000,2026-09-11T14:15:00.000Z,2026-09-11 22:15,0.08664,0.08684,0.08645,0.08668,38510341,1789136399999,futures
1789136400000,2026-09-11T14:20:00.000Z,2026-09-11 22:20,0.08668,0.08675,0.08629,0.08647,35992753,1789136699999,futures
1789136700000,2026-09-11T14:25:00.000Z,2026-09-11 22:25,0.08647,0.08667,0.08626,0.08656,28118882,1789136999999,futures
1789137000000,2026-09-11T14:30:00.000Z,2026-09-11 22:30,0.08657,0.0866,0.08602,0.08615,46919773,1789137299999,futures
1789137300000,2026-09-11T14:35:00.000Z,2026-09-11 22:35,0.08615,0.08635,0.08596,0.08634,49603938,1789137599999,futures
1789137600000,2026-09-11T14:40:00.000Z,2026-09-11 22:40,0.08634,0.08646,0.08607,0.08629,17288128,1789137899999,futures
1789137900000,2026-09-11T14:45:00.000Z,2026-09-11 22:45,0.08628,0.08661,0.086,0.08635,41585665,1789138199999,futures
1789138200000,2026-09-11T14:50:00.000Z,2026-09-11 22:50,0.08636,0.08662,0.08615,0.08653,18866869,1789138499999,futures
1789138500000,2026-09-11T14:55:00.000Z,2026-09-11 22:55,0.08652,0.08654,0.08634,0.08646,26181738,1789138799999,futures
1789138800000,2026-09-11T15:00:00.000Z,2026-09-11 23:00,0.08646,0.08654,0.08623,0.08634,17264597,1789139099999,futures
1789139100000,2026-09-11T15:05:00.000Z,2026-09-11 23:05,0.08634,0.08643,0.08617,0.0862,13553318,1789139399999,futures
1789139400000,2026-09-11T15:10:00.000Z,2026-09-11 23:10,0.0862,0.08622,0.08587,0.08588,31300729,1789139699999,futures
1789139700000,2026-09-11T15:15:00.000Z,2026-09-11 23:15,0.08587,0.08629,0.08581,0.08624,24879221,1789139999999,futures
1789140000000,2026-09-11T15:20:00.000Z,2026-09-11 23:20,0.08625,0.08654,0.08624,0.08652,13348295,1789140299999,futures
1789140300000,2026-09-11T15:25:00.000Z,2026-09-11 23:25,0.08653,0.08669,0.08644,0.08663,13626548,1789140599999,futures
1789140600000,2026-09-11T15:30:00.000Z,2026-09-11 23:30,0.08663,0.08682,0.08655,0.08681,15736401,1789140899999,futures
1789140900000,2026-09-11T15:35:00.000Z,2026-09-11 23:35,0.08681,0.08682,0.08655,0.08669,19197143,1789141199999,futures
1789141200000,2026-09-11T15:40:00.000Z,2026-09-11 23:40,0.0867,0.08672,0.08637,0.0864,17479660,1789141499999,futures
1789141500000,2026-09-11T15:45:00.000Z,2026-09-11 23:45,0.08639,0.08656,0.08623,0.08629,27256855,1789141799999,futures
1789141800000,2026-09-11T15:50:00.000Z,2026-09-11 23:50,0.08629,0.08636,0.08458,0.0848,132919398,1789142099999,futures
1789142100000,2026-09-11T15:55:00.000Z,2026-09-11 23:55,0.0848,0.08515,0.08439,0.08495,93908807,1789142399999,futures
1789142400000,2026-09-11T16:00:00.000Z,2026-09-12 00:00,0.08494,0.08546,0.08486,0.08527,52373572,1789142699999,futures
1789142700000,2026-09-11T16:05:00.000Z,2026-09-12 00:05,0.08527,0.08564,0.08526,0.08554,24279884,1789142999999,futures
1789143000000,2026-09-11T16:10:00.000Z,2026-09-12 00:10,0.08553,0.08559,0.08521,0.08528,20587366,1789143299999,futures
1789143300000,2026-09-11T16:15:00.000Z,2026-09-12 00:15,0.08527,0.08546,0.0849,0.08495,26736771,1789143599999,futures
1789143600000,2026-09-11T16:20:00.000Z,2026-09-12 00:20,0.08496,0.08506,0.08467,0.08502,26132611,1789143899999,futures
1789143900000,2026-09-11T16:25:00.000Z,2026-09-12 00:25,0.08502,0.08541,0.08496,0.08528,25698634,1789144199999,futures
1789144200000,2026-09-11T16:30:00.000Z,2026-09-12 00:30,0.08528,0.08556,0.08503,0.08549,27167005,1789144499999,futures
1789144500000,2026-09-11T16:35:00.000Z,2026-09-12 00:35,0.08548,0.08556,0.08527,0.0853,18211222,1789144799999,futures
1789144800000,2026-09-11T16:40:00.000Z,2026-09-12 00:40,0.0853,0.08548,0.08526,0.08548,11058092,1789145099999,futures
1789145100000,2026-09-11T16:45:00.000Z,2026-09-12 00:45,0.08548,0.08581,0.08544,0.08567,23241716,1789145399999,futures
1789145400000,2026-09-11T16:50:00.000Z,2026-09-12 00:50,0.08567,0.08583,0.08564,0.08572,8663269,1789145699999,futures
1789145700000,2026-09-11T16:55:00.000Z,2026-09-12 00:55,0.08572,0.08582,0.08561,0.08579,16214828,1789145999999,futures
1789146000000,2026-09-11T17:00:00.000Z,2026-09-12 01:00,0.08579,0.0859,0.08565,0.08575,15669529,1789146299999,futures
1789146300000,2026-09-11T17:05:00.000Z,2026-09-12 01:05,0.08575,0.08586,0.08555,0.08558,9104476,1789146599999,futures
1789146600000,2026-09-11T17:10:00.000Z,2026-09-12 01:10,0.08558,0.08558,0.08534,0.08537,17019351,1789146899999,futures
1789146900000,2026-09-11T17:15:00.000Z,2026-09-12 01:15,0.08537,0.08561,0.08535,0.08556,11414997,1789147199999,futures
1789147200000,2026-09-11T17:20:00.000Z,2026-09-12 01:20,0.08555,0.0856,0.08527,0.08553,9279842,1789147499999,futures
1789147500000,2026-09-11T17:25:00.000Z,2026-09-12 01:25,0.08553,0.08566,0.08548,0.0855,5502552,1789147799999,futures
1789147800000,2026-09-11T17:30:00.000Z,2026-09-12 01:30,0.0855,0.08557,0.08541,0.08551,6343194,1789148099999,futures
1789148100000,2026-09-11T17:35:00.000Z,2026-09-12 01:35,0.0855,0.0855,0.08508,0.08511,14503230,1789148399999,futures
1789148400000,2026-09-11T17:40:00.000Z,2026-09-12 01:40,0.08511,0.08523,0.085,0.08512,9713117,1789148699999,futures
1789148700000,2026-09-11T17:45:00.000Z,2026-09-12 01:45,0.08512,0.08522,0.0851,0.08517,5161472,1789148999999,futures
1789149000000,2026-09-11T17:50:00.000Z,2026-09-12 01:50,0.08516,0.08517,0.08484,0.08486,26628242,1789149299999,futures
1789149300000,2026-09-11T17:55:00.000Z,2026-09-12 01:55,0.08485,0.08507,0.08481,0.08492,10536822,1789149599999,futures
1789149600000,2026-09-11T18:00:00.000Z,2026-09-12 02:00,0.08492,0.085,0.08413,0.08433,53318110,1789149899999,futures
1789149900000,2026-09-11T18:05:00.000Z,2026-09-12 02:05,0.08434,0.08434,0.08353,0.08405,97627245,1789150199999,futures
1789150200000,2026-09-11T18:10:00.000Z,2026-09-12 02:10,0.08406,0.08426,0.08396,0.08419,26241379,1789150499999,futures
1789150500000,2026-09-11T18:15:00.000Z,2026-09-12 02:15,0.08419,0.08466,0.08413,0.08463,22066826,1789150799999,futures
1789150800000,2026-09-11T18:20:00.000Z,2026-09-12 02:20,0.08463,0.08463,0.08436,0.08447,17020877,1789151099999,futures
1789151100000,2026-09-11T18:25:00.000Z,2026-09-12 02:25,0.08446,0.0845,0.08424,0.08443,18334776,1789151399999,futures
1789151400000,2026-09-11T18:30:00.000Z,2026-09-12 02:30,0.08443,0.08446,0.08424,0.08441,11919939,1789151699999,futures
1789151700000,2026-09-11T18:35:00.000Z,2026-09-12 02:35,0.0844,0.08448,0.08426,0.08434,5652904,1789151999999,futures
1789152000000,2026-09-11T18:40:00.000Z,2026-09-12 02:40,0.08434,0.08442,0.08412,0.08421,11747405,1789152299999,futures
1789152300000,2026-09-11T18:45:00.000Z,2026-09-12 02:45,0.08422,0.08444,0.08404,0.08416,14142806,1789152599999,futures
1789152600000,2026-09-11T18:50:00.000Z,2026-09-12 02:50,0.08415,0.08416,0.08373,0.08384,16096195,1789152899999,futures
1789152900000,2026-09-11T18:55:00.000Z,2026-09-12 02:55,0.08383,0.08408,0.08378,0.08405,12300951,1789153199999,futures
1789153200000,2026-09-11T19:00:00.000Z,2026-09-12 03:00,0.08405,0.08412,0.08366,0.08412,16306215,1789153499999,futures
1789153500000,2026-09-11T19:05:00.000Z,2026-09-12 03:05,0.08412,0.08433,0.08408,0.0841,13749232,1789153799999,futures
1789153800000,2026-09-11T19:10:00.000Z,2026-09-12 03:10,0.0841,0.08417,0.08395,0.08405,14308445,1789154099999,futures
1789154100000,2026-09-11T19:15:00.000Z,2026-09-12 03:15,0.08404,0.08413,0.08383,0.08399,25672665,1789154399999,futures
1789154400000,2026-09-11T19:20:00.000Z,2026-09-12 03:20,0.084,0.08434,0.0839,0.08433,9922580,1789154699999,futures
1789154700000,2026-09-11T19:25:00.000Z,2026-09-12 03:25,0.08434,0.08447,0.08431,0.08434,7585098,1789154999999,futures
1789155000000,2026-09-11T19:30:00.000Z,2026-09-12 03:30,0.08435,0.08437,0.08427,0.08433,12409717,1789155299999,futures
1789155300000,2026-09-11T19:35:00.000Z,2026-09-12 03:35,0.08433,0.08442,0.08418,0.08434,14773643,1789155599999,futures
1789155600000,2026-09-11T19:40:00.000Z,2026-09-12 03:40,0.08435,0.08446,0.08434,0.0844,4458260,1789155899999,futures
1789155900000,2026-09-11T19:45:00.000Z,2026-09-12 03:45,0.08441,0.08446,0.08428,0.08437,9207438,1789156199999,futures
1789156200000,2026-09-11T19:50:00.000Z,2026-09-12 03:50,0.08436,0.08453,0.0843,0.08449,8918719,1789156499999,futures
1789156500000,2026-09-11T19:55:00.000Z,2026-09-12 03:55,0.08448,0.08451,0.08439,0.08445,6820850,1789156799999,futures
1789156800000,2026-09-11T20:00:00.000Z,2026-09-12 04:00,0.08446,0.08467,0.08444,0.08461,12134817,1789157099999,futures
1789157100000,2026-09-11T20:05:00.000Z,2026-09-12 04:05,0.08462,0.08468,0.08456,0.08457,12165821,1789157399999,futures
1789157400000,2026-09-11T20:10:00.000Z,2026-09-12 04:10,0.08458,0.08473,0.08456,0.08463,12497930,1789157699999,futures
1789157700000,2026-09-11T20:15:00.000Z,2026-09-12 04:15,0.08463,0.08467,0.08444,0.0845,13554529,1789157999999,futures
1789158000000,2026-09-11T20:20:00.000Z,2026-09-12 04:20,0.0845,0.08452,0.08442,0.0845,5497655,1789158299999,futures
1789158300000,2026-09-11T20:25:00.000Z,2026-09-12 04:25,0.0845,0.08461,0.08432,0.08437,15234460,1789158599999,futures
1789158600000,2026-09-11T20:30:00.000Z,2026-09-12 04:30,0.08436,0.08439,0.08402,0.08438,22568384,1789158899999,futures
1789158900000,2026-09-11T20:35:00.000Z,2026-09-12 04:35,0.08439,0.08467,0.08439,0.08464,9737788,1789159199999,futures
1789159200000,2026-09-11T20:40:00.000Z,2026-09-12 04:40,0.08463,0.08469,0.08442,0.08447,16418274,1789159499999,futures
1789159500000,2026-09-11T20:45:00.000Z,2026-09-12 04:45,0.08446,0.08448,0.08419,0.08421,9722628,1789159799999,futures
1789159800000,2026-09-11T20:50:00.000Z,2026-09-12 04:50,0.08422,0.08435,0.08402,0.08419,22822723,1789160099999,futures
1789160100000,2026-09-11T20:55:00.000Z,2026-09-12 04:55,0.08419,0.08439,0.08412,0.08433,12026519,1789160399999,futures
1789160400000,2026-09-11T21:00:00.000Z,2026-09-12 05:00,0.08433,0.08438,0.08427,0.08431,7335858,1789160699999,futures
1789160700000,2026-09-11T21:05:00.000Z,2026-09-12 05:05,0.08431,0.08458,0.08428,0.08457,7983191,1789160999999,futures
1789161000000,2026-09-11T21:10:00.000Z,2026-09-12 05:10,0.08457,0.08467,0.08447,0.08453,9319004,1789161299999,futures
1789161300000,2026-09-11T21:15:00.000Z,2026-09-12 05:15,0.08453,0.08462,0.08453,0.08456,5212295,1789161599999,futures
1789161600000,2026-09-11T21:20:00.000Z,2026-09-12 05:20,0.08456,0.08459,0.0845,0.08454,3837185,1789161899999,futures
1789161900000,2026-09-11T21:25:00.000Z,2026-09-12 05:25,0.08453,0.08457,0.08444,0.08445,7160764,1789162199999,futures
1789162200000,2026-09-11T21:30:00.000Z,2026-09-12 05:30,0.08446,0.08457,0.08445,0.08455,5343611,1789162499999,futures
1789162500000,2026-09-11T21:35:00.000Z,2026-09-12 05:35,0.08455,0.08456,0.08437,0.08449,6172360,1789162799999,futures
1789162800000,2026-09-11T21:40:00.000Z,2026-09-12 05:40,0.08449,0.08449,0.08434,0.08436,5726589,1789163099999,futures
1789163100000,2026-09-11T21:45:00.000Z,2026-09-12 05:45,0.08435,0.08438,0.08415,0.08415,5446522,1789163399999,futures
1789163400000,2026-09-11T21:50:00.000Z,2026-09-12 05:50,0.08415,0.08416,0.08389,0.08396,11255223,1789163699999,futures
1789163700000,2026-09-11T21:55:00.000Z,2026-09-12 05:55,0.08396,0.08397,0.08376,0.08394,11473270,1789163999999,futures
1789164000000,2026-09-11T22:00:00.000Z,2026-09-12 06:00,0.08394,0.08426,0.08361,0.08426,29393165,1789164299999,futures
1789164300000,2026-09-11T22:05:00.000Z,2026-09-12 06:05,0.08425,0.08426,0.08385,0.08388,20519934,1789164599999,futures
1789164600000,2026-09-11T22:10:00.000Z,2026-09-12 06:10,0.08388,0.08419,0.08388,0.08416,14994621,1789164899999,futures
1789164900000,2026-09-11T22:15:00.000Z,2026-09-12 06:15,0.08416,0.08418,0.08399,0.08411,9759699,1789165199999,futures
1789165200000,2026-09-11T22:20:00.000Z,2026-09-12 06:20,0.0841,0.08421,0.084,0.08417,11329113,1789165499999,futures
1789165500000,2026-09-11T22:25:00.000Z,2026-09-12 06:25,0.08417,0.08425,0.08395,0.08397,14352124,1789165799999,futures
1789165800000,2026-09-11T22:30:00.000Z,2026-09-12 06:30,0.08396,0.084,0.08364,0.08368,15257442,1789166099999,futures
1789166100000,2026-09-11T22:35:00.000Z,2026-09-12 06:35,0.08368,0.08404,0.0836,0.08396,28497039,1789166399999,futures
1789166400000,2026-09-11T22:40:00.000Z,2026-09-12 06:40,0.08396,0.08404,0.08377,0.08385,14257658,1789166699999,futures
1789166700000,2026-09-11T22:45:00.000Z,2026-09-12 06:45,0.08384,0.08387,0.08367,0.0837,5751098,1789166999999,futures
1789167000000,2026-09-11T22:50:00.000Z,2026-09-12 06:50,0.0837,0.08378,0.08351,0.0837,20252781,1789167299999,futures
1789167300000,2026-09-11T22:55:00.000Z,2026-09-12 06:55,0.0837,0.08383,0.08361,0.08378,11285678,1789167599999,futures
1789167600000,2026-09-11T23:00:00.000Z,2026-09-12 07:00,0.08378,0.08396,0.08372,0.08396,7901305,1789167899999,futures
1789167900000,2026-09-11T23:05:00.000Z,2026-09-12 07:05,0.08396,0.08398,0.08383,0.08397,4594034,1789168199999,futures
1789168200000,2026-09-11T23:10:00.000Z,2026-09-12 07:10,0.08397,0.08409,0.08396,0.08402,7172578,1789168499999,futures
1789168500000,2026-09-11T23:15:00.000Z,2026-09-12 07:15,0.08402,0.08414,0.08399,0.08411,4340084,1789168799999,futures
1789168800000,2026-09-11T23:20:00.000Z,2026-09-12 07:20,0.08411,0.08413,0.08396,0.08398,4382373,1789169099999,futures
1789169100000,2026-09-11T23:25:00.000Z,2026-09-12 07:25,0.08399,0.08413,0.08398,0.08407,2535605,1789169399999,futures
1789169400000,2026-09-11T23:30:00.000Z,2026-09-12 07:30,0.08408,0.08415,0.08405,0.0841,4409969,1789169699999,futures
1789169700000,2026-09-11T23:35:00.000Z,2026-09-12 07:35,0.0841,0.08418,0.08409,0.08417,3271714,1789169999999,futures
1789170000000,2026-09-11T23:40:00.000Z,2026-09-12 07:40,0.08416,0.08423,0.08413,0.08416,6727743,1789170299999,futures
1789170300000,2026-09-11T23:45:00.000Z,2026-09-12 07:45,0.08417,0.08429,0.08416,0.08427,3737189,1789170599999,futures
1789170600000,2026-09-11T23:50:00.000Z,2026-09-12 07:50,0.08427,0.0843,0.08425,0.08429,3363049,1789170899999,futures
1789170900000,2026-09-11T23:55:00.000Z,2026-09-12 07:55,0.08428,0.0843,0.08423,0.08426,3226268,1789171199999,futures
1789171200000,2026-09-12T00:00:00.000Z,2026-09-12 08:00,0.08426,0.08431,0.0842,0.08422,7082477,1789171499999,futures
1789171500000,2026-09-12T00:05:00.000Z,2026-09-12 08:05,0.08422,0.08422,0.08408,0.0841,8741996,1789171799999,futures
1789171800000,2026-09-12T00:10:00.000Z,2026-09-12 08:10,0.0841,0.08422,0.08408,0.08422,4852829,1789172099999,futures
1789172100000,2026-09-12T00:15:00.000Z,2026-09-12 08:15,0.08421,0.08427,0.08416,0.08427,4537869,1789172399999,futures
1789172400000,2026-09-12T00:20:00.000Z,2026-09-12 08:20,0.08427,0.0843,0.08422,0.08428,3489770,1789172699999,futures
1789172700000,2026-09-12T00:25:00.000Z,2026-09-12 08:25,0.08428,0.08433,0.08422,0.08429,7124323,1789172999999,futures
1789173000000,2026-09-12T00:30:00.000Z,2026-09-12 08:30,0.0843,0.08433,0.08424,0.08433,4609609,1789173299999,futures
1789173300000,2026-09-12T00:35:00.000Z,2026-09-12 08:35,0.08433,0.08438,0.08425,0.08429,5982884,1789173599999,futures
1789173600000,2026-09-12T00:40:00.000Z,2026-09-12 08:40,0.08429,0.0843,0.08417,0.08418,9102860,1789173899999,futures
1789173900000,2026-09-12T00:45:00.000Z,2026-09-12 08:45,0.08418,0.08424,0.08418,0.08422,2809462,1789174199999,futures
1789174200000,2026-09-12T00:50:00.000Z,2026-09-12 08:50,0.08422,0.08425,0.08417,0.0842,4387266,1789174499999,futures
1789174500000,2026-09-12T00:55:00.000Z,2026-09-12 08:55,0.0842,0.08425,0.08414,0.08416,9333246,1789174799999,futures
1789174800000,2026-09-12T01:00:00.000Z,2026-09-12 09:00,0.08416,0.08422,0.08409,0.08422,11481223,1789175099999,futures
1789175100000,2026-09-12T01:05:00.000Z,2026-09-12 09:05,0.08422,0.08439,0.08422,0.08438,6112971,1789175399999,futures
1789175400000,2026-09-12T01:10:00.000Z,2026-09-12 09:10,0.08438,0.08443,0.08437,0.08441,9179470,1789175699999,futures
1789175700000,2026-09-12T01:15:00.000Z,2026-09-12 09:15,0.08441,0.08447,0.08441,0.08442,3567529,1789175999999,futures
1789176000000,2026-09-12T01:20:00.000Z,2026-09-12 09:20,0.08442,0.08444,0.08439,0.0844,4128030,1789176299999,futures
1789176300000,2026-09-12T01:25:00.000Z,2026-09-12 09:25,0.0844,0.08441,0.08426,0.0843,10781362,1789176599999,futures
1789176600000,2026-09-12T01:30:00.000Z,2026-09-12 09:30,0.08431,0.08438,0.08429,0.08436,5127694,1789176899999,futures
1789176900000,2026-09-12T01:35:00.000Z,2026-09-12 09:35,0.08436,0.08438,0.08423,0.08436,10800552,1789177199999,futures
1789177200000,2026-09-12T01:40:00.000Z,2026-09-12 09:40,0.08436,0.08443,0.08434,0.0844,3841220,1789177499999,futures
1789177500000,2026-09-12T01:45:00.000Z,2026-09-12 09:45,0.08441,0.0845,0.08439,0.08448,6642279,1789177799999,futures
1789177800000,2026-09-12T01:50:00.000Z,2026-09-12 09:50,0.08447,0.08454,0.08432,0.08438,11798300,1789178099999,futures
1789178100000,2026-09-12T01:55:00.000Z,2026-09-12 09:55,0.08438,0.08439,0.08434,0.08437,3931838,1789178399999,futures
1789178400000,2026-09-12T02:00:00.000Z,2026-09-12 10:00,0.08437,0.08448,0.08432,0.08435,3902917,1789178699999,futures
1789178700000,2026-09-12T02:05:00.000Z,2026-09-12 10:05,0.08435,0.08443,0.08434,0.08441,2417118,1789178999999,futures
1789179000000,2026-09-12T02:10:00.000Z,2026-09-12 10:10,0.08441,0.08447,0.08439,0.0844,2620775,1789179299999,futures
1789179300000,2026-09-12T02:15:00.000Z,2026-09-12 10:15,0.0844,0.08446,0.0844,0.08445,2066732,1789179599999,futures
1789179600000,2026-09-12T02:20:00.000Z,2026-09-12 10:20,0.08445,0.08457,0.08442,0.08453,28031105,1789179899999,futures
1789179900000,2026-09-12T02:25:00.000Z,2026-09-12 10:25,0.08452,0.08453,0.08441,0.08444,4225134,1789180199999,futures
1789180200000,2026-09-12T02:30:00.000Z,2026-09-12 10:30,0.08444,0.0845,0.08438,0.0844,5683556,1789180499999,futures
1789180500000,2026-09-12T02:35:00.000Z,2026-09-12 10:35,0.0844,0.08451,0.0844,0.08445,8140490,1789180799999,futures
1789180800000,2026-09-12T02:40:00.000Z,2026-09-12 10:40,0.08446,0.08452,0.08434,0.08436,9174064,1789181099999,futures
1789181100000,2026-09-12T02:45:00.000Z,2026-09-12 10:45,0.08436,0.08449,0.08432,0.08444,8593495,1789181399999,futures
1789181400000,2026-09-12T02:50:00.000Z,2026-09-12 10:50,0.08444,0.08452,0.08434,0.08435,9539303,1789181699999,futures
1789181700000,2026-09-12T02:55:00.000Z,2026-09-12 10:55,0.08435,0.08449,0.08429,0.08443,15496947,1789181999999,futures
1789182000000,2026-09-12T03:00:00.000Z,2026-09-12 11:00,0.08444,0.08451,0.08433,0.08451,12325365,1789182299999,futures
1789182300000,2026-09-12T03:05:00.000Z,2026-09-12 11:05,0.08451,0.08457,0.08435,0.08442,14452795,1789182599999,futures
1789182600000,2026-09-12T03:10:00.000Z,2026-09-12 11:10,0.08442,0.08448,0.08436,0.08437,5800554,1789182899999,futures
1789182900000,2026-09-12T03:15:00.000Z,2026-09-12 11:15,0.08438,0.08455,0.08435,0.08444,11988283,1789183199999,futures
1789183200000,2026-09-12T03:20:00.000Z,2026-09-12 11:20,0.08444,0.08444,0.08431,0.08432,8796041,1789183499999,futures
1789183500000,2026-09-12T03:25:00.000Z,2026-09-12 11:25,0.08431,0.08444,0.08431,0.08444,3726771,1789183799999,futures
1789183800000,2026-09-12T03:30:00.000Z,2026-09-12 11:30,0.08444,0.08444,0.08438,0.08442,2863150,1789184099999,futures
1789184100000,2026-09-12T03:35:00.000Z,2026-09-12 11:35,0.08442,0.08444,0.08437,0.0844,7799096,1789184399999,futures
1789184400000,2026-09-12T03:40:00.000Z,2026-09-12 11:40,0.08439,0.08442,0.08436,0.08439,1765846,1789184699999,futures
1789184700000,2026-09-12T03:45:00.000Z,2026-09-12 11:45,0.08439,0.0844,0.08434,0.08436,3269612,1789184999999,futures
1789185000000,2026-09-12T03:50:00.000Z,2026-09-12 11:50,0.08436,0.08437,0.08432,0.08437,4175220,1789185299999,futures
1789185300000,2026-09-12T03:55:00.000Z,2026-09-12 11:55,0.08436,0.08442,0.08435,0.08441,5043272,1789185599999,futures
1789185600000,2026-09-12T04:00:00.000Z,2026-09-12 12:00,0.08442,0.08446,0.08438,0.08441,3418491,1789185899999,futures
1789185900000,2026-09-12T04:05:00.000Z,2026-09-12 12:05,0.0844,0.08445,0.08435,0.08436,2617763,1789186199999,futures
1789186200000,2026-09-12T04:10:00.000Z,2026-09-12 12:10,0.08436,0.08441,0.08434,0.08437,9620283,1789186499999,futures
1789186500000,2026-09-12T04:15:00.000Z,2026-09-12 12:15,0.08436,0.08441,0.08425,0.08427,15936729,1789186799999,futures
1789186800000,2026-09-12T04:20:00.000Z,2026-09-12 12:20,0.08426,0.08436,0.08423,0.08431,7345698,1789187099999,futures
1789187100000,2026-09-12T04:25:00.000Z,2026-09-12 12:25,0.0843,0.08437,0.0843,0.08437,2427431,1789187399999,futures
1789187400000,2026-09-12T04:30:00.000Z,2026-09-12 12:30,0.08437,0.08447,0.08437,0.08442,4106279,1789187699999,futures
1789187700000,2026-09-12T04:35:00.000Z,2026-09-12 12:35,0.08442,0.08453,0.08442,0.08445,8665100,1789187999999,futures
1789188000000,2026-09-12T04:40:00.000Z,2026-09-12 12:40,0.08445,0.08449,0.08434,0.08434,9472617,1789188299999,futures
1789188300000,2026-09-12T04:45:00.000Z,2026-09-12 12:45,0.08434,0.08437,0.08427,0.08436,2701279,1789188599999,futures
1789188600000,2026-09-12T04:50:00.000Z,2026-09-12 12:50,0.08437,0.08437,0.08433,0.08433,1646743,1789188899999,futures
1789188900000,2026-09-12T04:55:00.000Z,2026-09-12 12:55,0.08433,0.08434,0.0843,0.08434,3267390,1789189199999,futures
1789189200000,2026-09-12T05:00:00.000Z,2026-09-12 13:00,0.08433,0.08436,0.0843,0.08433,2556503,1789189499999,futures
1789189500000,2026-09-12T05:05:00.000Z,2026-09-12 13:05,0.08433,0.08434,0.08427,0.08432,3855650,1789189799999,futures
1789189800000,2026-09-12T05:10:00.000Z,2026-09-12 13:10,0.08432,0.08438,0.08427,0.08435,14399992,1789190099999,futures
1789190100000,2026-09-12T05:15:00.000Z,2026-09-12 13:15,0.08435,0.08436,0.08425,0.08432,16820026,1789190399999,futures
1789190400000,2026-09-12T05:20:00.000Z,2026-09-12 13:20,0.08432,0.08439,0.08417,0.08428,14754997,1789190699999,futures
1789190700000,2026-09-12T05:25:00.000Z,2026-09-12 13:25,0.08429,0.0843,0.08421,0.08421,4918951,1789190999999,futures
1789191000000,2026-09-12T05:30:00.000Z,2026-09-12 13:30,0.08421,0.08442,0.0842,0.08441,8930550,1789191299999,futures
1789191300000,2026-09-12T05:35:00.000Z,2026-09-12 13:35,0.08442,0.08448,0.08433,0.08441,12773649,1789191599999,futures
1789191600000,2026-09-12T05:40:00.000Z,2026-09-12 13:40,0.0844,0.08444,0.08438,0.08439,2356867,1789191899999,futures
1789191900000,2026-09-12T05:45:00.000Z,2026-09-12 13:45,0.08439,0.08443,0.08438,0.08441,3362201,1789192199999,futures
1789192200000,2026-09-12T05:50:00.000Z,2026-09-12 13:50,0.08441,0.08445,0.08438,0.08438,5390425,1789192499999,futures
1789192500000,2026-09-12T05:55:00.000Z,2026-09-12 13:55,0.08438,0.08443,0.08436,0.08437,5527967,1789192799999,futures
1789192800000,2026-09-12T06:00:00.000Z,2026-09-12 14:00,0.08437,0.08439,0.08431,0.08435,7603755,1789193099999,futures
1789193100000,2026-09-12T06:05:00.000Z,2026-09-12 14:05,0.08436,0.08436,0.08432,0.08434,1989211,1789193399999,futures
1789193400000,2026-09-12T06:10:00.000Z,2026-09-12 14:10,0.08434,0.08438,0.08433,0.08435,3793106,1789193699999,futures
1789193700000,2026-09-12T06:15:00.000Z,2026-09-12 14:15,0.08436,0.08445,0.08434,0.08441,2216231,1789193999999,futures
1789194000000,2026-09-12T06:20:00.000Z,2026-09-12 14:20,0.08441,0.08443,0.08437,0.08437,3602522,1789194299999,futures
1789194300000,2026-09-12T06:25:00.000Z,2026-09-12 14:25,0.08437,0.08441,0.08431,0.08439,36138043,1789194599999,futures
1789194600000,2026-09-12T06:30:00.000Z,2026-09-12 14:30,0.08439,0.08453,0.08439,0.08442,21264828,1789194899999,futures
1789194900000,2026-09-12T06:35:00.000Z,2026-09-12 14:35,0.08442,0.08442,0.08435,0.08439,6662583,1789195199999,futures
1789195200000,2026-09-12T06:40:00.000Z,2026-09-12 14:40,0.08439,0.08451,0.08438,0.08447,7561314,1789195499999,futures
1789195500000,2026-09-12T06:45:00.000Z,2026-09-12 14:45,0.08447,0.08451,0.08428,0.08437,26202649,1789195799999,futures
1789195800000,2026-09-12T06:50:00.000Z,2026-09-12 14:50,0.08437,0.08439,0.08432,0.08439,8646962,1789196099999,futures
1789196100000,2026-09-12T06:55:00.000Z,2026-09-12 14:55,0.08438,0.08439,0.08434,0.08437,5852618,1789196399999,futures
1789196400000,2026-09-12T07:00:00.000Z,2026-09-12 15:00,0.08438,0.08442,0.08436,0.0844,4527014,1789196699999,futures
1789196700000,2026-09-12T07:05:00.000Z,2026-09-12 15:05,0.0844,0.08453,0.0844,0.08451,4548575,1789196999999,futures
1789197000000,2026-09-12T07:10:00.000Z,2026-09-12 15:10,0.08452,0.08456,0.0845,0.08453,6124461,1789197299999,futures
1789197300000,2026-09-12T07:15:00.000Z,2026-09-12 15:15,0.08454,0.0846,0.08452,0.08455,6485944,1789197599999,futures
1789197600000,2026-09-12T07:20:00.000Z,2026-09-12 15:20,0.08455,0.08463,0.08455,0.0846,4412021,1789197899999,futures
1789197900000,2026-09-12T07:25:00.000Z,2026-09-12 15:25,0.0846,0.08463,0.08456,0.08457,3559320,1789198199999,futures
1789198200000,2026-09-12T07:30:00.000Z,2026-09-12 15:30,0.08458,0.08459,0.08453,0.08455,4442273,1789198499999,futures
1789198500000,2026-09-12T07:35:00.000Z,2026-09-12 15:35,0.08455,0.08459,0.08454,0.08458,1536712,1789198799999,futures
1789198800000,2026-09-12T07:40:00.000Z,2026-09-12 15:40,0.08458,0.08466,0.08458,0.08463,4360996,1789199099999,futures
1789199100000,2026-09-12T07:45:00.000Z,2026-09-12 15:45,0.08464,0.08467,0.08462,0.08466,4950418,1789199399999,futures
1789199400000,2026-09-12T07:50:00.000Z,2026-09-12 15:50,0.08466,0.08476,0.08466,0.08474,8227356,1789199699999,futures
1789199700000,2026-09-12T07:55:00.000Z,2026-09-12 15:55,0.08473,0.08477,0.08469,0.08471,13599121,1789199999999,futures
1789200000000,2026-09-12T08:00:00.000Z,2026-09-12 16:00,0.08471,0.08473,0.08467,0.08469,9834043,1789200299999,futures
1789200300000,2026-09-12T08:05:00.000Z,2026-09-12 16:05,0.08469,0.08482,0.08467,0.08478,9544823,1789200599999,futures
1789200600000,2026-09-12T08:10:00.000Z,2026-09-12 16:10,0.08478,0.08482,0.08464,0.08467,14758732,1789200899999,futures
1789200900000,2026-09-12T08:15:00.000Z,2026-09-12 16:15,0.08467,0.08486,0.08467,0.08475,18785229,1789201199999,futures
1789201200000,2026-09-12T08:20:00.000Z,2026-09-12 16:20,0.08476,0.08481,0.08468,0.0847,7067807,1789201499999,futures
1789201500000,2026-09-12T08:25:00.000Z,2026-09-12 16:25,0.08469,0.0847,0.08462,0.08465,5785934,1789201799999,futures
1789201800000,2026-09-12T08:30:00.000Z,2026-09-12 16:30,0.08466,0.08469,0.08462,0.08463,3989159,1789202099999,futures
1789202100000,2026-09-12T08:35:00.000Z,2026-09-12 16:35,0.08462,0.08471,0.08458,0.08469,5388581,1789202399999,futures
1789202400000,2026-09-12T08:40:00.000Z,2026-09-12 16:40,0.08468,0.08472,0.08466,0.0847,3675185,1789202699999,futures
1789202700000,2026-09-12T08:45:00.000Z,2026-09-12 16:45,0.0847,0.08475,0.0847,0.08471,3170339,1789202999999,futures
1789203000000,2026-09-12T08:50:00.000Z,2026-09-12 16:50,0.08471,0.08479,0.0847,0.08475,3567925,1789203299999,futures
1789203300000,2026-09-12T08:55:00.000Z,2026-09-12 16:55,0.08475,0.08475,0.0847,0.08475,3097997,1789203599999,futures
1789203600000,2026-09-12T09:00:00.000Z,2026-09-12 17:00,0.08475,0.08484,0.0847,0.08482,5397213,1789203899999,futures
1789203900000,2026-09-12T09:05:00.000Z,2026-09-12 17:05,0.08482,0.08488,0.08481,0.08485,7917160,1789204199999,futures
1789204200000,2026-09-12T09:10:00.000Z,2026-09-12 17:10,0.08485,0.0849,0.08482,0.08487,6172675,1789204499999,futures
1789204500000,2026-09-12T09:15:00.000Z,2026-09-12 17:15,0.08486,0.08493,0.08479,0.0848,9075461,1789204799999,futures
1789204800000,2026-09-12T09:20:00.000Z,2026-09-12 17:20,0.0848,0.08492,0.08476,0.08488,10303907,1789205099999,futures
1789205100000,2026-09-12T09:25:00.000Z,2026-09-12 17:25,0.08488,0.08495,0.0848,0.08486,11048252,1789205399999,futures
1789205400000,2026-09-12T09:30:00.000Z,2026-09-12 17:30,0.08485,0.08489,0.08479,0.0848,3195807,1789205699999,futures
1789205700000,2026-09-12T09:35:00.000Z,2026-09-12 17:35,0.0848,0.08492,0.08475,0.08489,10829202,1789205999999,futures
1789206000000,2026-09-12T09:40:00.000Z,2026-09-12 17:40,0.0849,0.08494,0.08477,0.08477,10687568,1789206299999,futures
1789206300000,2026-09-12T09:45:00.000Z,2026-09-12 17:45,0.08477,0.08482,0.08477,0.08479,6202539,1789206599999,futures
1789206600000,2026-09-12T09:50:00.000Z,2026-09-12 17:50,0.08478,0.08491,0.08477,0.08486,12366930,1789206899999,futures
1789206900000,2026-09-12T09:55:00.000Z,2026-09-12 17:55,0.08485,0.08492,0.08485,0.08492,2666262,1789207199999,futures
1789207200000,2026-09-12T10:00:00.000Z,2026-09-12 18:00,0.08491,0.08511,0.0849,0.08507,15357361,1789207499999,futures
1789207500000,2026-09-12T10:05:00.000Z,2026-09-12 18:05,0.08506,0.08513,0.08506,0.08509,4294924,1789207799999,futures
1789207800000,2026-09-12T10:10:00.000Z,2026-09-12 18:10,0.0851,0.0851,0.08499,0.085,5818890,1789208099999,futures
1789208100000,2026-09-12T10:15:00.000Z,2026-09-12 18:15,0.085,0.08501,0.08495,0.08501,5350993,1789208399999,futures
1789208400000,2026-09-12T10:20:00.000Z,2026-09-12 18:20,0.08501,0.08504,0.08499,0.08502,3475325,1789208699999,futures
1789208700000,2026-09-12T10:25:00.000Z,2026-09-12 18:25,0.08502,0.08503,0.08499,0.085,1615696,1789208999999,futures
1789209000000,2026-09-12T10:30:00.000Z,2026-09-12 18:30,0.085,0.085,0.08488,0.08491,5028893,1789209299999,futures
1789209300000,2026-09-12T10:35:00.000Z,2026-09-12 18:35,0.08491,0.08494,0.08489,0.08494,2471150,1789209599999,futures
1789209600000,2026-09-12T10:40:00.000Z,2026-09-12 18:40,0.08493,0.08501,0.08492,0.08498,6402010,1789209899999,futures
1789209900000,2026-09-12T10:45:00.000Z,2026-09-12 18:45,0.08499,0.08505,0.08488,0.08492,12848405,1789210199999,futures
1789210200000,2026-09-12T10:50:00.000Z,2026-09-12 18:50,0.08491,0.08492,0.08484,0.08486,4650628,1789210499999,futures
1789210500000,2026-09-12T10:55:00.000Z,2026-09-12 18:55,0.08486,0.085,0.08485,0.08497,10358844,1789210799999,futures
1789210800000,2026-09-12T11:00:00.000Z,2026-09-12 19:00,0.08498,0.08508,0.08491,0.08497,14818052,1789211099999,futures
1789211100000,2026-09-12T11:05:00.000Z,2026-09-12 19:05,0.08496,0.08498,0.08492,0.08493,2434236,1789211399999,futures
1789211400000,2026-09-12T11:10:00.000Z,2026-09-12 19:10,0.08493,0.085,0.08492,0.08497,3129753,1789211699999,futures
1789211700000,2026-09-12T11:15:00.000Z,2026-09-12 19:15,0.08498,0.08499,0.08488,0.08489,2608335,1789211999999,futures
1789212000000,2026-09-12T11:20:00.000Z,2026-09-12 19:20,0.08489,0.08493,0.08489,0.08492,1121365,1789212299999,futures
1789212300000,2026-09-12T11:25:00.000Z,2026-09-12 19:25,0.08492,0.08495,0.08492,0.08494,1717906,1789212599999,futures
1789212600000,2026-09-12T11:30:00.000Z,2026-09-12 19:30,0.08494,0.08494,0.0849,0.08491,3123353,1789212899999,futures
1789212900000,2026-09-12T11:35:00.000Z,2026-09-12 19:35,0.08491,0.085,0.0849,0.08496,2963862,1789213199999,futures
1789213200000,2026-09-12T11:40:00.000Z,2026-09-12 19:40,0.08496,0.08508,0.08495,0.08506,4148692,1789213499999,futures
1789213500000,2026-09-12T11:45:00.000Z,2026-09-12 19:45,0.08507,0.08508,0.08505,0.08505,2234061,1789213799999,futures
1789213800000,2026-09-12T11:50:00.000Z,2026-09-12 19:50,0.08506,0.08507,0.08503,0.08506,2217894,1789214099999,futures
1789214100000,2026-09-12T11:55:00.000Z,2026-09-12 19:55,0.08506,0.08507,0.08501,0.08503,9571818,1789214399999,futures
1789214400000,2026-09-12T12:00:00.000Z,2026-09-12 20:00,0.08503,0.08508,0.08497,0.08498,7979652,1789214699999,futures
1789214700000,2026-09-12T12:05:00.000Z,2026-09-12 20:05,0.08498,0.08513,0.08497,0.08513,9668174,1789214999999,futures
1789215000000,2026-09-12T12:10:00.000Z,2026-09-12 20:10,0.08513,0.08514,0.08496,0.08499,14048533,1789215299999,futures
1789215300000,2026-09-12T12:15:00.000Z,2026-09-12 20:15,0.08499,0.08509,0.08493,0.08495,12934165,1789215599999,futures
1789215600000,2026-09-12T12:20:00.000Z,2026-09-12 20:20,0.08495,0.08496,0.08493,0.08495,2757101,1789215899999,futures
1789215900000,2026-09-12T12:25:00.000Z,2026-09-12 20:25,0.08495,0.08498,0.08491,0.08496,3709001,1789216199999,futures
1789216200000,2026-09-12T12:30:00.000Z,2026-09-12 20:30,0.08497,0.08501,0.08496,0.08499,2334483,1789216499999,futures
1789216500000,2026-09-12T12:35:00.000Z,2026-09-12 20:35,0.08499,0.08504,0.08498,0.08503,3106960,1789216799999,futures
1789216800000,2026-09-12T12:40:00.000Z,2026-09-12 20:40,0.08504,0.08506,0.08499,0.08499,2824507,1789217099999,futures
1789217100000,2026-09-12T12:45:00.000Z,2026-09-12 20:45,0.085,0.08509,0.085,0.08505,3350289,1789217399999,futures
1789217400000,2026-09-12T12:50:00.000Z,2026-09-12 20:50,0.08504,0.08505,0.08493,0.08495,3567353,1789217699999,futures
1789217700000,2026-09-12T12:55:00.000Z,2026-09-12 20:55,0.08496,0.08502,0.08493,0.08502,8944721,1789217999999,futures
1789218000000,2026-09-12T13:00:00.000Z,2026-09-12 21:00,0.08502,0.08504,0.08489,0.0849,14830732,1789218299999,futures
1789218300000,2026-09-12T13:05:00.000Z,2026-09-12 21:05,0.08491,0.08509,0.08486,0.08496,13207127,1789218599999,futures
1789218600000,2026-09-12T13:10:00.000Z,2026-09-12 21:10,0.08497,0.08497,0.08474,0.08481,20499383,1789218899999,futures
1789218900000,2026-09-12T13:15:00.000Z,2026-09-12 21:15,0.08482,0.08496,0.0848,0.08491,13966961,1789219199999,futures
1789219200000,2026-09-12T13:20:00.000Z,2026-09-12 21:20,0.0849,0.08494,0.08485,0.0849,8278367,1789219499999,futures
1789219500000,2026-09-12T13:25:00.000Z,2026-09-12 21:25,0.08491,0.08496,0.08479,0.08492,13157750,1789219799999,futures
1789219800000,2026-09-12T13:30:00.000Z,2026-09-12 21:30,0.08492,0.08495,0.08483,0.08494,10091505,1789220099999,futures
1789220100000,2026-09-12T13:35:00.000Z,2026-09-12 21:35,0.08493,0.08496,0.08492,0.08492,4159529,1789220399999,futures
1789220400000,2026-09-12T13:40:00.000Z,2026-09-12 21:40,0.08492,0.08496,0.08488,0.08491,8890277,1789220699999,futures
1789220700000,2026-09-12T13:45:00.000Z,2026-09-12 21:45,0.0849,0.08492,0.08482,0.08485,9038283,1789220999999,futures
1789221000000,2026-09-12T13:50:00.000Z,2026-09-12 21:50,0.08485,0.08488,0.08479,0.08486,9321296,1789221299999,futures
1789221300000,2026-09-12T13:55:00.000Z,2026-09-12 21:55,0.08486,0.08495,0.08485,0.08495,14328635,1789221599999,futures
1789221600000,2026-09-12T14:00:00.000Z,2026-09-12 22:00,0.08494,0.08499,0.08493,0.08499,4223733,1789221899999,futures
1789221900000,2026-09-12T14:05:00.000Z,2026-09-12 22:05,0.08499,0.08507,0.08498,0.08505,4481634,1789222199999,futures
1789222200000,2026-09-12T14:10:00.000Z,2026-09-12 22:10,0.08505,0.08507,0.08499,0.085,4456949,1789222499999,futures
1789222500000,2026-09-12T14:15:00.000Z,2026-09-12 22:15,0.08499,0.08505,0.08499,0.08505,2224984,1789222799999,futures
1789222800000,2026-09-12T14:20:00.000Z,2026-09-12 22:20,0.08504,0.08519,0.08502,0.08505,18488597,1789223099999,futures
1789223100000,2026-09-12T14:25:00.000Z,2026-09-12 22:25,0.08505,0.08511,0.08499,0.08504,24224283,1789223399999,futures
1789223400000,2026-09-12T14:30:00.000Z,2026-09-12 22:30,0.08505,0.08513,0.08502,0.08503,7716749,1789223699999,futures
1789223700000,2026-09-12T14:35:00.000Z,2026-09-12 22:35,0.08504,0.08515,0.08503,0.08509,9017586,1789223999999,futures
1789224000000,2026-09-12T14:40:00.000Z,2026-09-12 22:40,0.0851,0.08512,0.08503,0.08505,4431750,1789224299999,futures
1789224300000,2026-09-12T14:45:00.000Z,2026-09-12 22:45,0.08506,0.08513,0.08506,0.08512,1794041,1789224599999,futures
1789224600000,2026-09-12T14:50:00.000Z,2026-09-12 22:50,0.08512,0.08512,0.08508,0.0851,3165874,1789224899999,futures
1789224900000,2026-09-12T14:55:00.000Z,2026-09-12 22:55,0.0851,0.08511,0.08507,0.08511,3550134,1789225199999,futures
1789225200000,2026-09-12T15:00:00.000Z,2026-09-12 23:00,0.08511,0.08525,0.08511,0.08519,17331844,1789225499999,futures
1789225500000,2026-09-12T15:05:00.000Z,2026-09-12 23:05,0.08519,0.08534,0.08518,0.08521,26511218,1789225799999,futures
1789225800000,2026-09-12T15:10:00.000Z,2026-09-12 23:10,0.08522,0.08529,0.08516,0.0852,12649070,1789226099999,futures
1789226100000,2026-09-12T15:15:00.000Z,2026-09-12 23:15,0.08521,0.08521,0.08508,0.08509,10217922,1789226399999,futures
1789226400000,2026-09-12T15:20:00.000Z,2026-09-12 23:20,0.08509,0.08512,0.08503,0.08505,6311601,1789226699999,futures
1789226700000,2026-09-12T15:25:00.000Z,2026-09-12 23:25,0.08505,0.08518,0.08503,0.08514,9306623,1789226999999,futures
1789227000000,2026-09-12T15:30:00.000Z,2026-09-12 23:30,0.08513,0.08519,0.08499,0.08506,12914895,1789227299999,futures
1789227300000,2026-09-12T15:35:00.000Z,2026-09-12 23:35,0.08507,0.08515,0.08489,0.08514,18900204,1789227599999,futures
1789227600000,2026-09-12T15:40:00.000Z,2026-09-12 23:40,0.08513,0.08519,0.0851,0.08516,5969478,1789227899999,futures
1789227900000,2026-09-12T15:45:00.000Z,2026-09-12 23:45,0.08515,0.08518,0.08498,0.08501,14341780,1789228199999,futures
1789228200000,2026-09-12T15:50:00.000Z,2026-09-12 23:50,0.08501,0.08505,0.08494,0.08496,8406511,1789228499999,futures
1789228500000,2026-09-12T15:55:00.000Z,2026-09-12 23:55,0.08496,0.08515,0.08495,0.08507,14442185,1789228799999,futures
