openTimeMs,openTimeUtc,openTimeLocal,open,high,low,close,volume,closeTime,source
1788407100000,2026-09-03T03:45:00.000Z,2026-09-03 11:45,0.7968,0.7994,0.7965,0.7987,10596.6,1788407399999,futures
1788407400000,2026-09-03T03:50:00.000Z,2026-09-03 11:50,0.7987,0.7996,0.7987,0.7993,443,1788407699999,futures
1788407700000,2026-09-03T03:55:00.000Z,2026-09-03 11:55,0.7992,0.8002,0.7991,0.7991,439,1788407999999,futures
1788408000000,2026-09-03T04:00:00.000Z,2026-09-03 12:00,0.7995,0.8012,0.7993,0.8012,2931,1788408299999,futures
1788408300000,2026-09-03T04:05:00.000Z,2026-09-03 12:05,0.8002,0.8038,0.8001,0.8026,14076.6,1788408599999,futures
1788408600000,2026-09-03T04:10:00.000Z,2026-09-03 12:10,0.8025,0.8039,0.8003,0.8007,7936.1,1788408899999,futures
1788408900000,2026-09-03T04:15:00.000Z,2026-09-03 12:15,0.8006,0.8009,0.799,0.7999,5256.6,1788409199999,futures
1788409200000,2026-09-03T04:20:00.000Z,2026-09-03 12:20,0.7996,0.8017,0.7995,0.8009,3488.8,1788409499999,futures
1788409500000,2026-09-03T04:25:00.000Z,2026-09-03 12:25,0.8008,0.8011,0.7998,0.7999,799.6,1788409799999,futures
1788409800000,2026-09-03T04:30:00.000Z,2026-09-03 12:30,0.8002,0.8013,0.8,0.8003,677.9,1788410099999,futures
1788410100000,2026-09-03T04:35:00.000Z,2026-09-03 12:35,0.8,0.8001,0.7994,0.7996,653.3,1788410399999,futures
1788410400000,2026-09-03T04:40:00.000Z,2026-09-03 12:40,0.7996,0.7999,0.797,0.797,8928,1788410699999,futures
1788410700000,2026-09-03T04:45:00.000Z,2026-09-03 12:45,0.7971,0.7995,0.7971,0.7992,1085.7,1788410999999,futures
1788411000000,2026-09-03T04:50:00.000Z,2026-09-03 12:50,0.7992,0.8009,0.796,0.8008,18551.5,1788411299999,futures
1788411300000,2026-09-03T04:55:00.000Z,2026-09-03 12:55,0.8007,0.8019,0.7995,0.8019,4335.5,1788411599999,futures
1788411600000,2026-09-03T05:00:00.000Z,2026-09-03 13:00,0.8018,0.8032,0.7998,0.8002,12017.3,1788411899999,futures
1788411900000,2026-09-03T05:05:00.000Z,2026-09-03 13:05,0.8,0.8007,0.7983,0.7987,10575.1,1788412199999,futures
1788412200000,2026-09-03T05:10:00.000Z,2026-09-03 13:10,0.7989,0.7995,0.7972,0.7979,6533.5,1788412499999,futures
1788412500000,2026-09-03T05:15:00.000Z,2026-09-03 13:15,0.798,0.7984,0.7938,0.7948,19992,1788412799999,futures
1788412800000,2026-09-03T05:20:00.000Z,2026-09-03 13:20,0.7948,0.7948,0.79,0.7907,13741.3,1788413099999,futures
1788413100000,2026-09-03T05:25:00.000Z,2026-09-03 13:25,0.7905,0.7905,0.7871,0.7895,25315.9,1788413399999,futures
1788413400000,2026-09-03T05:30:00.000Z,2026-09-03 13:30,0.7895,0.7916,0.7893,0.7916,1945,1788413699999,futures
1788413700000,2026-09-03T05:35:00.000Z,2026-09-03 13:35,0.7915,0.7944,0.7914,0.794,7195.7,1788413999999,futures
1788414000000,2026-09-03T05:40:00.000Z,2026-09-03 13:40,0.7937,0.7944,0.7925,0.7938,2444.6,1788414299999,futures
1788414300000,2026-09-03T05:45:00.000Z,2026-09-03 13:45,0.7935,0.7943,0.7918,0.794,1368.5,1788414599999,futures
1788414600000,2026-09-03T05:50:00.000Z,2026-09-03 13:50,0.7943,0.7978,0.7941,0.7969,6390.1,1788414899999,futures
1788414900000,2026-09-03T05:55:00.000Z,2026-09-03 13:55,0.7971,0.7994,0.7969,0.798,8171.2,1788415199999,futures
1788415200000,2026-09-03T06:00:00.000Z,2026-09-03 14:00,0.7985,0.7989,0.7948,0.7948,5766.7,1788415499999,futures
1788415500000,2026-09-03T06:05:00.000Z,2026-09-03 14:05,0.7951,0.7974,0.7946,0.7957,6673.3,1788415799999,futures
1788415800000,2026-09-03T06:10:00.000Z,2026-09-03 14:10,0.7956,0.7968,0.7949,0.7957,3808.7,1788416099999,futures
1788416100000,2026-09-03T06:15:00.000Z,2026-09-03 14:15,0.7955,0.8002,0.7954,0.8002,22517.9,1788416399999,futures
1788416400000,2026-09-03T06:20:00.000Z,2026-09-03 14:20,0.8001,0.805,0.8001,0.8042,38335.9,1788416699999,futures
1788416700000,2026-09-03T06:25:00.000Z,2026-09-03 14:25,0.8039,0.8044,0.8036,0.804,2397.2,1788416999999,futures
1788417000000,2026-09-03T06:30:00.000Z,2026-09-03 14:30,0.804,0.8047,0.8033,0.8045,1806.9,1788417299999,futures
1788417300000,2026-09-03T06:35:00.000Z,2026-09-03 14:35,0.8045,0.8048,0.804,0.8041,1699.8,1788417599999,futures
1788417600000,2026-09-03T06:40:00.000Z,2026-09-03 14:40,0.8041,0.8048,0.804,0.8047,1814.2,1788417899999,futures
1788417900000,2026-09-03T06:45:00.000Z,2026-09-03 14:45,0.8047,0.8048,0.8038,0.8041,2803.1,1788418199999,futures
1788418200000,2026-09-03T06:50:00.000Z,2026-09-03 14:50,0.804,0.8045,0.8031,0.8037,1028.3,1788418499999,futures
1788418500000,2026-09-03T06:55:00.000Z,2026-09-03 14:55,0.8037,0.8053,0.8033,0.8039,6851.1,1788418799999,futures
1788418800000,2026-09-03T07:00:00.000Z,2026-09-03 15:00,0.8038,0.8105,0.8036,0.81,19577.4,1788419099999,futures
1788419100000,2026-09-03T07:05:00.000Z,2026-09-03 15:05,0.8105,0.8109,0.808,0.808,7270.5,1788419399999,futures
1788419400000,2026-09-03T07:10:00.000Z,2026-09-03 15:10,0.8081,0.8229,0.8074,0.8162,114160.3,1788419699999,futures
1788419700000,2026-09-03T07:15:00.000Z,2026-09-03 15:15,0.8156,0.8158,0.8125,0.8144,28749.4,1788419999999,futures
1788420000000,2026-09-03T07:20:00.000Z,2026-09-03 15:20,0.8144,0.8157,0.8132,0.8133,10928.7,1788420299999,futures
1788420300000,2026-09-03T07:25:00.000Z,2026-09-03 15:25,0.8135,0.8152,0.8106,0.8112,29727.7,1788420599999,futures
1788420600000,2026-09-03T07:30:00.000Z,2026-09-03 15:30,0.8109,0.8134,0.8101,0.813,10255.6,1788420899999,futures
1788420900000,2026-09-03T07:35:00.000Z,2026-09-03 15:35,0.8137,0.8148,0.8137,0.8148,4074.9,1788421199999,futures
1788421200000,2026-09-03T07:40:00.000Z,2026-09-03 15:40,0.8148,0.8186,0.8132,0.8132,32926.3,1788421499999,futures
1788421500000,2026-09-03T07:45:00.000Z,2026-09-03 15:45,0.813,0.8144,0.8106,0.8111,6284,1788421799999,futures
1788421800000,2026-09-03T07:50:00.000Z,2026-09-03 15:50,0.8111,0.8113,0.8097,0.8113,4169.8,1788422099999,futures
1788422100000,2026-09-03T07:55:00.000Z,2026-09-03 15:55,0.8109,0.8137,0.8103,0.8127,18022.9,1788422399999,futures
1788422400000,2026-09-03T08:00:00.000Z,2026-09-03 16:00,0.8125,0.818,0.8121,0.8168,16979.5,1788422699999,futures
1788422700000,2026-09-03T08:05:00.000Z,2026-09-03 16:05,0.8169,0.8235,0.8169,0.82,13330.7,1788422999999,futures
1788423000000,2026-09-03T08:10:00.000Z,2026-09-03 16:10,0.8206,0.8228,0.8153,0.8163,44830.7,1788423299999,futures
1788423300000,2026-09-03T08:15:00.000Z,2026-09-03 16:15,0.8166,0.8194,0.8157,0.8157,14374.2,1788423599999,futures
1788423600000,2026-09-03T08:20:00.000Z,2026-09-03 16:20,0.8157,0.816,0.8132,0.8142,5643.2,1788423899999,futures
1788423900000,2026-09-03T08:25:00.000Z,2026-09-03 16:25,0.8146,0.8167,0.8141,0.8166,992,1788424199999,futures
1788424200000,2026-09-03T08:30:00.000Z,2026-09-03 16:30,0.8167,0.8177,0.8151,0.8169,8641.5,1788424499999,futures
1788424500000,2026-09-03T08:35:00.000Z,2026-09-03 16:35,0.8162,0.8171,0.8156,0.8156,1699,1788424799999,futures
1788424800000,2026-09-03T08:40:00.000Z,2026-09-03 16:40,0.8155,0.8166,0.815,0.8157,5772.7,1788425099999,futures
1788425100000,2026-09-03T08:45:00.000Z,2026-09-03 16:45,0.8158,0.8172,0.815,0.8161,4867,1788425399999,futures
1788425400000,2026-09-03T08:50:00.000Z,2026-09-03 16:50,0.816,0.8169,0.8117,0.8139,52702.3,1788425699999,futures
1788425700000,2026-09-03T08:55:00.000Z,2026-09-03 16:55,0.8139,0.8142,0.8127,0.8135,1898.4,1788425999999,futures
1788426000000,2026-09-03T09:00:00.000Z,2026-09-03 17:00,0.8136,0.8141,0.8121,0.8129,5176.9,1788426299999,futures
1788426300000,2026-09-03T09:05:00.000Z,2026-09-03 17:05,0.8125,0.8149,0.8116,0.8143,8549.1,1788426599999,futures
1788426600000,2026-09-03T09:10:00.000Z,2026-09-03 17:10,0.8143,0.8164,0.8132,0.8144,6878.3,1788426899999,futures
1788426900000,2026-09-03T09:15:00.000Z,2026-09-03 17:15,0.8143,0.8161,0.8138,0.8139,2327.3,1788427199999,futures
1788427200000,2026-09-03T09:20:00.000Z,2026-09-03 17:20,0.8134,0.8147,0.8122,0.8129,8983.3,1788427499999,futures
1788427500000,2026-09-03T09:25:00.000Z,2026-09-03 17:25,0.8131,0.8136,0.8114,0.8114,1760.5,1788427799999,futures
1788427800000,2026-09-03T09:30:00.000Z,2026-09-03 17:30,0.8115,0.8125,0.8115,0.8118,2232.2,1788428099999,futures
1788428100000,2026-09-03T09:35:00.000Z,2026-09-03 17:35,0.8114,0.8119,0.8105,0.8114,4935.1,1788428399999,futures
1788428400000,2026-09-03T09:40:00.000Z,2026-09-03 17:40,0.8114,0.8114,0.8096,0.8105,804.5,1788428699999,futures
1788428700000,2026-09-03T09:45:00.000Z,2026-09-03 17:45,0.811,0.8124,0.8087,0.8087,2350.5,1788428999999,futures
1788429000000,2026-09-03T09:50:00.000Z,2026-09-03 17:50,0.8088,0.8093,0.8075,0.8075,3383.3,1788429299999,futures
1788429300000,2026-09-03T09:55:00.000Z,2026-09-03 17:55,0.8075,0.8079,0.807,0.8074,1143.3,1788429599999,futures
1788429600000,2026-09-03T10:00:00.000Z,2026-09-03 18:00,0.8073,0.8076,0.8037,0.8071,56746,1788429899999,futures
1788429900000,2026-09-03T10:05:00.000Z,2026-09-03 18:05,0.8067,0.8081,0.806,0.8073,2340.4,1788430199999,futures
1788430200000,2026-09-03T10:10:00.000Z,2026-09-03 18:10,0.807,0.8081,0.8067,0.8072,3297.6,1788430499999,futures
1788430500000,2026-09-03T10:15:00.000Z,2026-09-03 18:15,0.8068,0.8108,0.8068,0.8108,11139.3,1788430799999,futures
1788430800000,2026-09-03T10:20:00.000Z,2026-09-03 18:20,0.8105,0.8134,0.8105,0.8126,11608.3,1788431099999,futures
1788431100000,2026-09-03T10:25:00.000Z,2026-09-03 18:25,0.8128,0.8136,0.8118,0.8123,12211.7,1788431399999,futures
1788431400000,2026-09-03T10:30:00.000Z,2026-09-03 18:30,0.812,0.8139,0.8109,0.8109,10986.2,1788431699999,futures
1788431700000,2026-09-03T10:35:00.000Z,2026-09-03 18:35,0.8109,0.8115,0.8106,0.8111,1069.6,1788431999999,futures
1788432000000,2026-09-03T10:40:00.000Z,2026-09-03 18:40,0.811,0.811,0.808,0.8088,6493.1,1788432299999,futures
1788432300000,2026-09-03T10:45:00.000Z,2026-09-03 18:45,0.8086,0.8098,0.8079,0.8093,8182.8,1788432599999,futures
1788432600000,2026-09-03T10:50:00.000Z,2026-09-03 18:50,0.8093,0.8136,0.8093,0.8135,5566.3,1788432899999,futures
1788432900000,2026-09-03T10:55:00.000Z,2026-09-03 18:55,0.8135,0.8148,0.8126,0.8126,8438.8,1788433199999,futures
1788433200000,2026-09-03T11:00:00.000Z,2026-09-03 19:00,0.8127,0.8139,0.8117,0.8127,2535.9,1788433499999,futures
1788433500000,2026-09-03T11:05:00.000Z,2026-09-03 19:05,0.8128,0.8137,0.8112,0.8133,1284.8,1788433799999,futures
1788433800000,2026-09-03T11:10:00.000Z,2026-09-03 19:10,0.8127,0.8127,0.811,0.8116,1369.1,1788434099999,futures
1788434100000,2026-09-03T11:15:00.000Z,2026-09-03 19:15,0.8112,0.8145,0.8112,0.814,3728.1,1788434399999,futures
1788434400000,2026-09-03T11:20:00.000Z,2026-09-03 19:20,0.8141,0.8144,0.8121,0.8131,3178.4,1788434699999,futures
1788434700000,2026-09-03T11:25:00.000Z,2026-09-03 19:25,0.8133,0.8154,0.8133,0.8154,1180.8,1788434999999,futures
1788435000000,2026-09-03T11:30:00.000Z,2026-09-03 19:30,0.8154,0.8162,0.813,0.8151,13070.3,1788435299999,futures
1788435300000,2026-09-03T11:35:00.000Z,2026-09-03 19:35,0.8151,0.8155,0.8124,0.8138,9334.4,1788435599999,futures
1788435600000,2026-09-03T11:40:00.000Z,2026-09-03 19:40,0.8138,0.8159,0.8136,0.8151,8971.7,1788435899999,futures
1788435900000,2026-09-03T11:45:00.000Z,2026-09-03 19:45,0.8152,0.8156,0.8129,0.8135,3809.3,1788436199999,futures
1788436200000,2026-09-03T11:50:00.000Z,2026-09-03 19:50,0.8135,0.8162,0.8135,0.8149,10962.7,1788436499999,futures
1788436500000,2026-09-03T11:55:00.000Z,2026-09-03 19:55,0.8156,0.8173,0.8148,0.8164,13982.9,1788436799999,futures
1788436800000,2026-09-03T12:00:00.000Z,2026-09-03 20:00,0.8159,0.8176,0.8156,0.8163,4104.7,1788437099999,futures
1788437100000,2026-09-03T12:05:00.000Z,2026-09-03 20:05,0.8163,0.8168,0.8152,0.8165,1675.8,1788437399999,futures
1788437400000,2026-09-03T12:10:00.000Z,2026-09-03 20:10,0.8162,0.8182,0.8156,0.8168,9606.2,1788437699999,futures
1788437700000,2026-09-03T12:15:00.000Z,2026-09-03 20:15,0.816,0.8171,0.8136,0.8145,4698.2,1788437999999,futures
1788438000000,2026-09-03T12:20:00.000Z,2026-09-03 20:20,0.8135,0.816,0.8132,0.8156,2699.6,1788438299999,futures
1788438300000,2026-09-03T12:25:00.000Z,2026-09-03 20:25,0.8152,0.8156,0.8148,0.8151,667.5,1788438599999,futures
1788438600000,2026-09-03T12:30:00.000Z,2026-09-03 20:30,0.8148,0.8209,0.8148,0.8192,24745.9,1788438899999,futures
1788438900000,2026-09-03T12:35:00.000Z,2026-09-03 20:35,0.8186,0.8204,0.8171,0.8192,13455.1,1788439199999,futures
1788439200000,2026-09-03T12:40:00.000Z,2026-09-03 20:40,0.8187,0.821,0.818,0.8189,19064.6,1788439499999,futures
1788439500000,2026-09-03T12:45:00.000Z,2026-09-03 20:45,0.8185,0.8223,0.8177,0.8223,12905.8,1788439799999,futures
1788439800000,2026-09-03T12:50:00.000Z,2026-09-03 20:50,0.8223,0.8238,0.8204,0.8235,12899.5,1788440099999,futures
1788440100000,2026-09-03T12:55:00.000Z,2026-09-03 20:55,0.8235,0.828,0.8235,0.826,25692.3,1788440399999,futures
1788440400000,2026-09-03T13:00:00.000Z,2026-09-03 21:00,0.8257,0.8257,0.8208,0.8224,15728.9,1788440699999,futures
1788440700000,2026-09-03T13:05:00.000Z,2026-09-03 21:05,0.8216,0.8224,0.8207,0.8207,1499.9,1788440999999,futures
1788441000000,2026-09-03T13:10:00.000Z,2026-09-03 21:10,0.8215,0.8283,0.8215,0.828,13725.8,1788441299999,futures
1788441300000,2026-09-03T13:15:00.000Z,2026-09-03 21:15,0.8275,0.8292,0.8242,0.8276,19357.2,1788441599999,futures
1788441600000,2026-09-03T13:20:00.000Z,2026-09-03 21:20,0.8274,0.829,0.8266,0.827,4299.6,1788441899999,futures
1788441900000,2026-09-03T13:25:00.000Z,2026-09-03 21:25,0.8263,0.8265,0.8226,0.824,41273.8,1788442199999,futures
1788442200000,2026-09-03T13:30:00.000Z,2026-09-03 21:30,0.824,0.8248,0.8229,0.8237,6451.9,1788442499999,futures
1788442500000,2026-09-03T13:35:00.000Z,2026-09-03 21:35,0.8232,0.8241,0.8201,0.8241,9068.6,1788442799999,futures
1788442800000,2026-09-03T13:40:00.000Z,2026-09-03 21:40,0.8235,0.825,0.8233,0.825,3483.6,1788443099999,futures
1788443100000,2026-09-03T13:45:00.000Z,2026-09-03 21:45,0.8245,0.8251,0.8215,0.8225,27074.5,1788443399999,futures
1788443400000,2026-09-03T13:50:00.000Z,2026-09-03 21:50,0.8221,0.8238,0.8213,0.8221,6265.4,1788443699999,futures
1788443700000,2026-09-03T13:55:00.000Z,2026-09-03 21:55,0.8218,0.8248,0.8209,0.8248,4995,1788443999999,futures
1788444000000,2026-09-03T14:00:00.000Z,2026-09-03 22:00,0.8243,0.8243,0.8213,0.8231,6053.6,1788444299999,futures
1788444300000,2026-09-03T14:05:00.000Z,2026-09-03 22:05,0.8227,0.8255,0.8225,0.8243,10876,1788444599999,futures
1788444600000,2026-09-03T14:10:00.000Z,2026-09-03 22:10,0.8243,0.8286,0.8227,0.8286,12219.4,1788444899999,futures
1788444900000,2026-09-03T14:15:00.000Z,2026-09-03 22:15,0.8285,0.8335,0.8285,0.8323,52266.7,1788445199999,futures
1788445200000,2026-09-03T14:20:00.000Z,2026-09-03 22:20,0.8325,0.84,0.8325,0.8392,39843.8,1788445499999,futures
1788445500000,2026-09-03T14:25:00.000Z,2026-09-03 22:25,0.8396,0.8451,0.8368,0.8446,43598.6,1788445799999,futures
1788445800000,2026-09-03T14:30:00.000Z,2026-09-03 22:30,0.8443,0.848,0.8428,0.8437,70105.3,1788446099999,futures
1788446100000,2026-09-03T14:35:00.000Z,2026-09-03 22:35,0.8439,0.8451,0.8359,0.8365,92610.2,1788446399999,futures
1788446400000,2026-09-03T14:40:00.000Z,2026-09-03 22:40,0.8359,0.8425,0.8359,0.8402,25382.7,1788446699999,futures
1788446700000,2026-09-03T14:45:00.000Z,2026-09-03 22:45,0.8402,0.8479,0.8402,0.8471,43264.8,1788446999999,futures
1788447000000,2026-09-03T14:50:00.000Z,2026-09-03 22:50,0.8469,0.8481,0.842,0.8461,73961.8,1788447299999,futures
1788447300000,2026-09-03T14:55:00.000Z,2026-09-03 22:55,0.8465,0.8496,0.8432,0.8495,31074.5,1788447599999,futures
1788447600000,2026-09-03T15:00:00.000Z,2026-09-03 23:00,0.8495,0.8557,0.8486,0.8519,77065.7,1788447899999,futures
1788447900000,2026-09-03T15:05:00.000Z,2026-09-03 23:05,0.8517,0.8538,0.8467,0.8468,16835.9,1788448199999,futures
1788448200000,2026-09-03T15:10:00.000Z,2026-09-03 23:10,0.8466,0.8466,0.8428,0.8445,25841.9,1788448499999,futures
1788448500000,2026-09-03T15:15:00.000Z,2026-09-03 23:15,0.8446,0.8466,0.8423,0.8438,17604.2,1788448799999,futures
1788448800000,2026-09-03T15:20:00.000Z,2026-09-03 23:20,0.8432,0.8461,0.8408,0.8452,11852.6,1788449099999,futures
1788449100000,2026-09-03T15:25:00.000Z,2026-09-03 23:25,0.8446,0.8458,0.8432,0.8449,9907.6,1788449399999,futures
1788449400000,2026-09-03T15:30:00.000Z,2026-09-03 23:30,0.8448,0.8482,0.8438,0.8477,21213.2,1788449699999,futures
1788449700000,2026-09-03T15:35:00.000Z,2026-09-03 23:35,0.8467,0.8483,0.846,0.848,5535,1788449999999,futures
1788450000000,2026-09-03T15:40:00.000Z,2026-09-03 23:40,0.8483,0.8483,0.8455,0.8457,5956.5,1788450299999,futures
1788450300000,2026-09-03T15:45:00.000Z,2026-09-03 23:45,0.8459,0.8466,0.8409,0.8446,43371.7,1788450599999,futures
1788450600000,2026-09-03T15:50:00.000Z,2026-09-03 23:50,0.845,0.8518,0.845,0.8512,14482.3,1788450899999,futures
1788450900000,2026-09-03T15:55:00.000Z,2026-09-03 23:55,0.8505,0.8527,0.8496,0.8523,9860.4,1788451199999,futures
1788451200000,2026-09-03T16:00:00.000Z,2026-09-04 00:00,0.8525,0.8525,0.8446,0.8453,22236.5,1788451499999,futures
1788451500000,2026-09-03T16:05:00.000Z,2026-09-04 00:05,0.8449,0.8462,0.8407,0.8416,43386.8,1788451799999,futures
1788451800000,2026-09-03T16:10:00.000Z,2026-09-04 00:10,0.8415,0.8431,0.8375,0.8397,40290.7,1788452099999,futures
1788452100000,2026-09-03T16:15:00.000Z,2026-09-04 00:15,0.8394,0.8396,0.8321,0.8337,61527.1,1788452399999,futures
1788452400000,2026-09-03T16:20:00.000Z,2026-09-04 00:20,0.8337,0.8367,0.8321,0.8357,13583.1,1788452699999,futures
1788452700000,2026-09-03T16:25:00.000Z,2026-09-04 00:25,0.8357,0.8369,0.7969,0.8268,1044454.2,1788452999999,futures
1788453000000,2026-09-03T16:30:00.000Z,2026-09-04 00:30,0.8271,0.8336,0.8265,0.8332,38493,1788453299999,futures
1788453300000,2026-09-03T16:35:00.000Z,2026-09-04 00:35,0.8331,0.8341,0.83,0.8336,36803.4,1788453599999,futures
1788453600000,2026-09-03T16:40:00.000Z,2026-09-04 00:40,0.8337,0.8346,0.8329,0.8346,32071.1,1788453899999,futures
1788453900000,2026-09-03T16:45:00.000Z,2026-09-04 00:45,0.8347,0.8383,0.8345,0.8364,13508.1,1788454199999,futures
1788454200000,2026-09-03T16:50:00.000Z,2026-09-04 00:50,0.8363,0.8379,0.8351,0.8364,10035.7,1788454499999,futures
1788454500000,2026-09-03T16:55:00.000Z,2026-09-04 00:55,0.8368,0.8369,0.8346,0.8351,12406.1,1788454799999,futures
1788454800000,2026-09-03T17:00:00.000Z,2026-09-04 01:00,0.835,0.8363,0.8345,0.8347,17016.3,1788455099999,futures
1788455100000,2026-09-03T17:05:00.000Z,2026-09-04 01:05,0.8348,0.837,0.8347,0.8368,11288.7,1788455399999,futures
1788455400000,2026-09-03T17:10:00.000Z,2026-09-04 01:10,0.837,0.8397,0.8357,0.8393,38584.7,1788455699999,futures
1788455700000,2026-09-03T17:15:00.000Z,2026-09-04 01:15,0.8392,0.8398,0.8362,0.8363,24008.5,1788455999999,futures
1788456000000,2026-09-03T17:20:00.000Z,2026-09-04 01:20,0.836,0.8379,0.836,0.8377,3810.6,1788456299999,futures
1788456300000,2026-09-03T17:25:00.000Z,2026-09-04 01:25,0.8374,0.8388,0.8367,0.8379,8091.7,1788456599999,futures
1788456600000,2026-09-03T17:30:00.000Z,2026-09-04 01:30,0.8379,0.8397,0.8379,0.8393,4005.9,1788456899999,futures
1788456900000,2026-09-03T17:35:00.000Z,2026-09-04 01:35,0.8391,0.8412,0.8385,0.8412,7475.9,1788457199999,futures
1788457200000,2026-09-03T17:40:00.000Z,2026-09-04 01:40,0.841,0.8417,0.8405,0.841,3054,1788457499999,futures
1788457500000,2026-09-03T17:45:00.000Z,2026-09-04 01:45,0.8407,0.8438,0.8403,0.8435,15722.5,1788457799999,futures
1788457800000,2026-09-03T17:50:00.000Z,2026-09-04 01:50,0.8434,0.8437,0.8413,0.8413,7639.5,1788458099999,futures
1788458100000,2026-09-03T17:55:00.000Z,2026-09-04 01:55,0.8413,0.8421,0.8413,0.8418,990.4,1788458399999,futures
1788458400000,2026-09-03T18:00:00.000Z,2026-09-04 02:00,0.8416,0.8422,0.8396,0.8421,10322.3,1788458699999,futures
1788458700000,2026-09-03T18:05:00.000Z,2026-09-04 02:05,0.842,0.8431,0.8413,0.8431,4331,1788458999999,futures
1788459000000,2026-09-03T18:10:00.000Z,2026-09-04 02:10,0.8431,0.8431,0.8394,0.8416,6646,1788459299999,futures
1788459300000,2026-09-03T18:15:00.000Z,2026-09-04 02:15,0.8414,0.8417,0.8384,0.8385,7325.4,1788459599999,futures
1788459600000,2026-09-03T18:20:00.000Z,2026-09-04 02:20,0.8383,0.8389,0.8381,0.8389,1575.8,1788459899999,futures
1788459900000,2026-09-03T18:25:00.000Z,2026-09-04 02:25,0.8389,0.8402,0.8362,0.8369,53468.3,1788460199999,futures
1788460200000,2026-09-03T18:30:00.000Z,2026-09-04 02:30,0.8369,0.8387,0.8353,0.8379,17928.8,1788460499999,futures
1788460500000,2026-09-03T18:35:00.000Z,2026-09-04 02:35,0.8379,0.8382,0.837,0.8381,1742.7,1788460799999,futures
1788460800000,2026-09-03T18:40:00.000Z,2026-09-04 02:40,0.8382,0.8386,0.8366,0.8371,5408.8,1788461099999,futures
1788461100000,2026-09-03T18:45:00.000Z,2026-09-04 02:45,0.8374,0.8393,0.8371,0.8393,10047.2,1788461399999,futures
1788461400000,2026-09-03T18:50:00.000Z,2026-09-04 02:50,0.8389,0.8416,0.8388,0.8408,6545.2,1788461699999,futures
1788461700000,2026-09-03T18:55:00.000Z,2026-09-04 02:55,0.8405,0.8409,0.84,0.8408,1119.8,1788461999999,futures
1788462000000,2026-09-03T19:00:00.000Z,2026-09-04 03:00,0.8405,0.8435,0.8401,0.8435,12567.6,1788462299999,futures
1788462300000,2026-09-03T19:05:00.000Z,2026-09-04 03:05,0.8436,0.8453,0.8408,0.8413,15822,1788462599999,futures
1788462600000,2026-09-03T19:10:00.000Z,2026-09-04 03:10,0.8414,0.8423,0.8404,0.8404,1485.3,1788462899999,futures
1788462900000,2026-09-03T19:15:00.000Z,2026-09-04 03:15,0.8405,0.8425,0.8403,0.8425,3578.4,1788463199999,futures
1788463200000,2026-09-03T19:20:00.000Z,2026-09-04 03:20,0.8425,0.8443,0.8414,0.8417,20313,1788463499999,futures
1788463500000,2026-09-03T19:25:00.000Z,2026-09-04 03:25,0.8414,0.8417,0.8398,0.8409,3257.8,1788463799999,futures
1788463800000,2026-09-03T19:30:00.000Z,2026-09-04 03:30,0.8407,0.8414,0.8395,0.8408,5693.2,1788464099999,futures
1788464100000,2026-09-03T19:35:00.000Z,2026-09-04 03:35,0.8402,0.8411,0.839,0.8411,2098,1788464399999,futures
1788464400000,2026-09-03T19:40:00.000Z,2026-09-04 03:40,0.8409,0.8425,0.8407,0.8417,22746.7,1788464699999,futures
1788464700000,2026-09-03T19:45:00.000Z,2026-09-04 03:45,0.8417,0.8424,0.8387,0.8387,3624.6,1788464999999,futures
1788465000000,2026-09-03T19:50:00.000Z,2026-09-04 03:50,0.8388,0.8407,0.8387,0.8393,2030.3,1788465299999,futures
1788465300000,2026-09-03T19:55:00.000Z,2026-09-04 03:55,0.8394,0.8422,0.8394,0.8421,3698.8,1788465599999,futures
1788465600000,2026-09-03T20:00:00.000Z,2026-09-04 04:00,0.8419,0.842,0.8358,0.8382,17488.9,1788465899999,futures
1788465900000,2026-09-03T20:05:00.000Z,2026-09-04 04:05,0.8384,0.8413,0.8383,0.841,11974.2,1788466199999,futures
1788466200000,2026-09-03T20:10:00.000Z,2026-09-04 04:10,0.8408,0.8413,0.8387,0.839,6804.6,1788466499999,futures
1788466500000,2026-09-03T20:15:00.000Z,2026-09-04 04:15,0.8388,0.8451,0.8388,0.8415,45271.6,1788466799999,futures
1788466800000,2026-09-03T20:20:00.000Z,2026-09-04 04:20,0.8417,0.8419,0.8405,0.8409,1732.2,1788467099999,futures
1788467100000,2026-09-03T20:25:00.000Z,2026-09-04 04:25,0.8409,0.8429,0.8407,0.8425,2478.5,1788467399999,futures
1788467400000,2026-09-03T20:30:00.000Z,2026-09-04 04:30,0.8425,0.843,0.8403,0.8405,1494.3,1788467699999,futures
1788467700000,2026-09-03T20:35:00.000Z,2026-09-04 04:35,0.8403,0.8422,0.8385,0.842,130869,1788467999999,futures
1788468000000,2026-09-03T20:40:00.000Z,2026-09-04 04:40,0.8419,0.8421,0.8405,0.8409,4543.9,1788468299999,futures
1788468300000,2026-09-03T20:45:00.000Z,2026-09-04 04:45,0.8409,0.8435,0.8405,0.8426,13036.7,1788468599999,futures
1788468600000,2026-09-03T20:50:00.000Z,2026-09-04 04:50,0.8427,0.8432,0.8413,0.8422,2789,1788468899999,futures
1788468900000,2026-09-03T20:55:00.000Z,2026-09-04 04:55,0.8419,0.8429,0.8413,0.8413,1410.2,1788469199999,futures
1788469200000,2026-09-03T21:00:00.000Z,2026-09-04 05:00,0.8411,0.8411,0.8386,0.8398,13587.2,1788469499999,futures
1788469500000,2026-09-03T21:05:00.000Z,2026-09-04 05:05,0.84,0.8409,0.8389,0.8407,5032.9,1788469799999,futures
1788469800000,2026-09-03T21:10:00.000Z,2026-09-04 05:10,0.8409,0.845,0.8409,0.8449,15013.4,1788470099999,futures
1788470100000,2026-09-03T21:15:00.000Z,2026-09-04 05:15,0.8445,0.8455,0.8432,0.8443,8462.2,1788470399999,futures
1788470400000,2026-09-03T21:20:00.000Z,2026-09-04 05:20,0.8443,0.8452,0.8421,0.8421,3250.7,1788470699999,futures
1788470700000,2026-09-03T21:25:00.000Z,2026-09-04 05:25,0.8422,0.8438,0.8412,0.8438,9151.9,1788470999999,futures
1788471000000,2026-09-03T21:30:00.000Z,2026-09-04 05:30,0.8439,0.8468,0.8431,0.8461,8192.2,1788471299999,futures
1788471300000,2026-09-03T21:35:00.000Z,2026-09-04 05:35,0.8458,0.8458,0.8433,0.8437,9047.2,1788471599999,futures
1788471600000,2026-09-03T21:40:00.000Z,2026-09-04 05:40,0.843,0.843,0.8401,0.8416,13471.5,1788471899999,futures
1788471900000,2026-09-03T21:45:00.000Z,2026-09-04 05:45,0.8416,0.842,0.8411,0.842,1544.2,1788472199999,futures
1788472200000,2026-09-03T21:50:00.000Z,2026-09-04 05:50,0.8424,0.8445,0.842,0.8445,889.6,1788472499999,futures
1788472500000,2026-09-03T21:55:00.000Z,2026-09-04 05:55,0.8443,0.845,0.8435,0.8438,2430.9,1788472799999,futures
1788472800000,2026-09-03T22:00:00.000Z,2026-09-04 06:00,0.8437,0.8438,0.8399,0.8417,10138.9,1788473099999,futures
1788473100000,2026-09-03T22:05:00.000Z,2026-09-04 06:05,0.8415,0.8418,0.84,0.8409,10508.4,1788473399999,futures
1788473400000,2026-09-03T22:10:00.000Z,2026-09-04 06:10,0.8409,0.8409,0.8385,0.8397,4942,1788473699999,futures
1788473700000,2026-09-03T22:15:00.000Z,2026-09-04 06:15,0.8398,0.8418,0.8397,0.8405,4989.4,1788473999999,futures
1788474000000,2026-09-03T22:20:00.000Z,2026-09-04 06:20,0.8405,0.8421,0.8404,0.8404,1614.6,1788474299999,futures
1788474300000,2026-09-03T22:25:00.000Z,2026-09-04 06:25,0.8401,0.8404,0.8351,0.8354,7559.8,1788474599999,futures
1788474600000,2026-09-03T22:30:00.000Z,2026-09-04 06:30,0.8351,0.8359,0.8307,0.8347,26020.9,1788474899999,futures
1788474900000,2026-09-03T22:35:00.000Z,2026-09-04 06:35,0.8342,0.8357,0.8342,0.835,3533.5,1788475199999,futures
1788475200000,2026-09-03T22:40:00.000Z,2026-09-04 06:40,0.8351,0.8358,0.8347,0.8352,635.1,1788475499999,futures
1788475500000,2026-09-03T22:45:00.000Z,2026-09-04 06:45,0.8353,0.8363,0.8345,0.8351,4221.7,1788475799999,futures
1788475800000,2026-09-03T22:50:00.000Z,2026-09-04 06:50,0.8345,0.8352,0.8335,0.8339,2527.1,1788476099999,futures
1788476100000,2026-09-03T22:55:00.000Z,2026-09-04 06:55,0.8335,0.8356,0.8335,0.8337,3700.4,1788476399999,futures
1788476400000,2026-09-03T23:00:00.000Z,2026-09-04 07:00,0.8338,0.8342,0.8331,0.8336,2505.4,1788476699999,futures
1788476700000,2026-09-03T23:05:00.000Z,2026-09-04 07:05,0.8337,0.835,0.8337,0.8339,4768.2,1788476999999,futures
1788477000000,2026-09-03T23:10:00.000Z,2026-09-04 07:10,0.8338,0.8342,0.8325,0.8331,4996.1,1788477299999,futures
1788477300000,2026-09-03T23:15:00.000Z,2026-09-04 07:15,0.8332,0.834,0.8328,0.8331,5022.4,1788477599999,futures
1788477600000,2026-09-03T23:20:00.000Z,2026-09-04 07:20,0.8329,0.8332,0.8302,0.8309,16662.5,1788477899999,futures
1788477900000,2026-09-03T23:25:00.000Z,2026-09-04 07:25,0.8309,0.8325,0.828,0.8312,58122,1788478199999,futures
1788478200000,2026-09-03T23:30:00.000Z,2026-09-04 07:30,0.8313,0.8317,0.8291,0.8313,5522,1788478499999,futures
1788478500000,2026-09-03T23:35:00.000Z,2026-09-04 07:35,0.8309,0.8336,0.8309,0.8336,4523,1788478799999,futures
1788478800000,2026-09-03T23:40:00.000Z,2026-09-04 07:40,0.8333,0.8333,0.8315,0.8316,1774.8,1788479099999,futures
1788479100000,2026-09-03T23:45:00.000Z,2026-09-04 07:45,0.8311,0.833,0.8311,0.833,3073.2,1788479399999,futures
1788479400000,2026-09-03T23:50:00.000Z,2026-09-04 07:50,0.8328,0.8328,0.8315,0.8317,3952.2,1788479699999,futures
1788479700000,2026-09-03T23:55:00.000Z,2026-09-04 07:55,0.8318,0.8327,0.831,0.8321,2691.4,1788479999999,futures
1788480000000,2026-09-04T00:00:00.000Z,2026-09-04 08:00,0.832,0.8355,0.8309,0.8312,42351.9,1788480299999,futures
1788480300000,2026-09-04T00:05:00.000Z,2026-09-04 08:05,0.831,0.8313,0.8288,0.8306,12448.7,1788480599999,futures
1788480600000,2026-09-04T00:10:00.000Z,2026-09-04 08:10,0.8308,0.8309,0.8296,0.8309,1531.3,1788480899999,futures
1788480900000,2026-09-04T00:15:00.000Z,2026-09-04 08:15,0.8309,0.8332,0.8302,0.8307,15119.8,1788481199999,futures
1788481200000,2026-09-04T00:20:00.000Z,2026-09-04 08:20,0.8309,0.8331,0.8308,0.8318,2865.7,1788481499999,futures
1788481500000,2026-09-04T00:25:00.000Z,2026-09-04 08:25,0.8303,0.8304,0.8294,0.8304,2156.4,1788481799999,futures
1788481800000,2026-09-04T00:30:00.000Z,2026-09-04 08:30,0.8298,0.833,0.8295,0.833,3532.3,1788482099999,futures
1788482100000,2026-09-04T00:35:00.000Z,2026-09-04 08:35,0.8328,0.8349,0.8328,0.8349,4369.7,1788482399999,futures
1788482400000,2026-09-04T00:40:00.000Z,2026-09-04 08:40,0.8347,0.8347,0.8292,0.8298,10144.5,1788482699999,futures
1788482700000,2026-09-04T00:45:00.000Z,2026-09-04 08:45,0.8307,0.8307,0.8286,0.8289,1113.5,1788482999999,futures
1788483000000,2026-09-04T00:50:00.000Z,2026-09-04 08:50,0.8291,0.8307,0.8238,0.8257,95131.4,1788483299999,futures
1788483300000,2026-09-04T00:55:00.000Z,2026-09-04 08:55,0.8263,0.8273,0.8246,0.8246,7083.1,1788483599999,futures
1788483600000,2026-09-04T01:00:00.000Z,2026-09-04 09:00,0.8253,0.8272,0.822,0.8228,16792.5,1788483899999,futures
1788483900000,2026-09-04T01:05:00.000Z,2026-09-04 09:05,0.8223,0.8295,0.8218,0.8285,21667.9,1788484199999,futures
1788484200000,2026-09-04T01:10:00.000Z,2026-09-04 09:10,0.8282,0.8301,0.8273,0.8277,6194.6,1788484499999,futures
1788484500000,2026-09-04T01:15:00.000Z,2026-09-04 09:15,0.8278,0.8287,0.827,0.8275,2732.6,1788484799999,futures
1788484800000,2026-09-04T01:20:00.000Z,2026-09-04 09:20,0.8273,0.8284,0.8255,0.8259,4381.9,1788485099999,futures
1788485100000,2026-09-04T01:25:00.000Z,2026-09-04 09:25,0.8259,0.8268,0.8247,0.8252,2299.9,1788485399999,futures
1788485400000,2026-09-04T01:30:00.000Z,2026-09-04 09:30,0.8252,0.8268,0.8242,0.8261,8207.2,1788485699999,futures
1788485700000,2026-09-04T01:35:00.000Z,2026-09-04 09:35,0.8264,0.8295,0.8254,0.8286,14383,1788485999999,futures
1788486000000,2026-09-04T01:40:00.000Z,2026-09-04 09:40,0.8285,0.8287,0.8266,0.8279,3967.9,1788486299999,futures
1788486300000,2026-09-04T01:45:00.000Z,2026-09-04 09:45,0.8278,0.8315,0.8269,0.8305,6183.6,1788486599999,futures
1788486600000,2026-09-04T01:50:00.000Z,2026-09-04 09:50,0.8302,0.8368,0.8301,0.8355,93002.2,1788486899999,futures
1788486900000,2026-09-04T01:55:00.000Z,2026-09-04 09:55,0.8355,0.838,0.8355,0.8379,9630.7,1788487199999,futures
1788487200000,2026-09-04T02:00:00.000Z,2026-09-04 10:00,0.8379,0.8379,0.8341,0.8345,8471.7,1788487499999,futures
1788487500000,2026-09-04T02:05:00.000Z,2026-09-04 10:05,0.8348,0.8355,0.8333,0.8345,1796.7,1788487799999,futures
1788487800000,2026-09-04T02:10:00.000Z,2026-09-04 10:10,0.8347,0.8349,0.8336,0.8349,1789.6,1788488099999,futures
1788488100000,2026-09-04T02:15:00.000Z,2026-09-04 10:15,0.8349,0.8358,0.8306,0.831,3441.1,1788488399999,futures
1788488400000,2026-09-04T02:20:00.000Z,2026-09-04 10:20,0.831,0.8326,0.8284,0.8319,16364.5,1788488699999,futures
1788488700000,2026-09-04T02:25:00.000Z,2026-09-04 10:25,0.8315,0.8346,0.8311,0.8344,24893.5,1788488999999,futures
1788489000000,2026-09-04T02:30:00.000Z,2026-09-04 10:30,0.8341,0.8357,0.8341,0.8346,6341.9,1788489299999,futures
1788489300000,2026-09-04T02:35:00.000Z,2026-09-04 10:35,0.8347,0.8354,0.8328,0.8354,6559.5,1788489599999,futures
1788489600000,2026-09-04T02:40:00.000Z,2026-09-04 10:40,0.8348,0.8349,0.8327,0.8327,2458.7,1788489899999,futures
1788489900000,2026-09-04T02:45:00.000Z,2026-09-04 10:45,0.8327,0.8327,0.8309,0.8311,17215.5,1788490199999,futures
1788490200000,2026-09-04T02:50:00.000Z,2026-09-04 10:50,0.8315,0.8342,0.8311,0.8342,4034.9,1788490499999,futures
1788490500000,2026-09-04T02:55:00.000Z,2026-09-04 10:55,0.8341,0.8355,0.834,0.8355,5715.8,1788490799999,futures
1788490800000,2026-09-04T03:00:00.000Z,2026-09-04 11:00,0.8355,0.8374,0.8352,0.8365,3450.5,1788491099999,futures
1788491100000,2026-09-04T03:05:00.000Z,2026-09-04 11:05,0.8366,0.8415,0.8366,0.8407,8594.7,1788491399999,futures
1788491400000,2026-09-04T03:10:00.000Z,2026-09-04 11:10,0.841,0.841,0.8391,0.8401,3372.2,1788491699999,futures
1788491700000,2026-09-04T03:15:00.000Z,2026-09-04 11:15,0.8406,0.841,0.8392,0.841,4216.2,1788491999999,futures
1788492000000,2026-09-04T03:20:00.000Z,2026-09-04 11:20,0.8403,0.8411,0.8393,0.8402,9454.4,1788492299999,futures
1788492300000,2026-09-04T03:25:00.000Z,2026-09-04 11:25,0.8399,0.8406,0.8388,0.8401,1623.5,1788492599999,futures
1788492600000,2026-09-04T03:30:00.000Z,2026-09-04 11:30,0.84,0.8408,0.8388,0.8395,1472,1788492899999,futures
1788492900000,2026-09-04T03:35:00.000Z,2026-09-04 11:35,0.8394,0.8405,0.8387,0.8397,8936.1,1788493199999,futures
1788493200000,2026-09-04T03:40:00.000Z,2026-09-04 11:40,0.8398,0.8407,0.8394,0.8406,1742.8,1788493499999,futures
1788493500000,2026-09-04T03:45:00.000Z,2026-09-04 11:45,0.8407,0.843,0.84,0.8419,13341.9,1788493799999,futures
1788493800000,2026-09-04T03:50:00.000Z,2026-09-04 11:50,0.8419,0.842,0.8404,0.8404,5098.9,1788494099999,futures
1788494100000,2026-09-04T03:55:00.000Z,2026-09-04 11:55,0.8406,0.8406,0.8376,0.8376,10553,1788494399999,futures
1788494400000,2026-09-04T04:00:00.000Z,2026-09-04 12:00,0.8376,0.8381,0.8363,0.838,6287,1788494699999,futures
1788494700000,2026-09-04T04:05:00.000Z,2026-09-04 12:05,0.8379,0.8388,0.8372,0.8382,1684.7,1788494999999,futures
1788495000000,2026-09-04T04:10:00.000Z,2026-09-04 12:10,0.8381,0.8408,0.8381,0.8408,4744.3,1788495299999,futures
1788495300000,2026-09-04T04:15:00.000Z,2026-09-04 12:15,0.8411,0.8432,0.8411,0.8421,5184.1,1788495599999,futures
1788495600000,2026-09-04T04:20:00.000Z,2026-09-04 12:20,0.8421,0.845,0.8421,0.8449,7346.2,1788495899999,futures
1788495900000,2026-09-04T04:25:00.000Z,2026-09-04 12:25,0.8452,0.8474,0.8442,0.8466,14937.1,1788496199999,futures
1788496200000,2026-09-04T04:30:00.000Z,2026-09-04 12:30,0.8469,0.8471,0.844,0.844,16114.4,1788496499999,futures
1788496500000,2026-09-04T04:35:00.000Z,2026-09-04 12:35,0.8444,0.8446,0.8392,0.8394,34524.7,1788496799999,futures
1788496800000,2026-09-04T04:40:00.000Z,2026-09-04 12:40,0.8396,0.8404,0.8361,0.8363,24421,1788497099999,futures
1788497100000,2026-09-04T04:45:00.000Z,2026-09-04 12:45,0.8363,0.8365,0.8345,0.8363,13621.1,1788497399999,futures
1788497400000,2026-09-04T04:50:00.000Z,2026-09-04 12:50,0.836,0.8371,0.8357,0.8365,8837,1788497699999,futures
1788497700000,2026-09-04T04:55:00.000Z,2026-09-04 12:55,0.8362,0.8384,0.8362,0.8379,9596.7,1788497999999,futures
1788498000000,2026-09-04T05:00:00.000Z,2026-09-04 13:00,0.8376,0.8376,0.8356,0.836,8643.4,1788498299999,futures
1788498300000,2026-09-04T05:05:00.000Z,2026-09-04 13:05,0.836,0.838,0.8349,0.8372,5349.7,1788498599999,futures
1788498600000,2026-09-04T05:10:00.000Z,2026-09-04 13:10,0.8372,0.8381,0.8352,0.8363,1940.4,1788498899999,futures
1788498900000,2026-09-04T05:15:00.000Z,2026-09-04 13:15,0.8363,0.8363,0.8347,0.8355,4041,1788499199999,futures
1788499200000,2026-09-04T05:20:00.000Z,2026-09-04 13:20,0.8353,0.8371,0.8343,0.8371,4585.3,1788499499999,futures
1788499500000,2026-09-04T05:25:00.000Z,2026-09-04 13:25,0.8369,0.8388,0.8336,0.8336,16694.2,1788499799999,futures
1788499800000,2026-09-04T05:30:00.000Z,2026-09-04 13:30,0.8334,0.8334,0.8315,0.8325,11809,1788500099999,futures
1788500100000,2026-09-04T05:35:00.000Z,2026-09-04 13:35,0.8324,0.8334,0.8305,0.831,39235.1,1788500399999,futures
1788500400000,2026-09-04T05:40:00.000Z,2026-09-04 13:40,0.8314,0.8339,0.8311,0.8339,11233.1,1788500699999,futures
1788500700000,2026-09-04T05:45:00.000Z,2026-09-04 13:45,0.8344,0.8363,0.8302,0.8302,15300.8,1788500999999,futures
1788501000000,2026-09-04T05:50:00.000Z,2026-09-04 13:50,0.8297,0.8309,0.8293,0.8293,9190.2,1788501299999,futures
1788501300000,2026-09-04T05:55:00.000Z,2026-09-04 13:55,0.829,0.8318,0.8281,0.8296,17952.6,1788501599999,futures
1788501600000,2026-09-04T06:00:00.000Z,2026-09-04 14:00,0.8297,0.8301,0.8284,0.8295,3265.3,1788501899999,futures
1788501900000,2026-09-04T06:05:00.000Z,2026-09-04 14:05,0.8296,0.8306,0.8293,0.8305,612.9,1788502199999,futures
1788502200000,2026-09-04T06:10:00.000Z,2026-09-04 14:10,0.8309,0.8323,0.8301,0.8305,4630,1788502499999,futures
1788502500000,2026-09-04T06:15:00.000Z,2026-09-04 14:15,0.8302,0.8316,0.83,0.8308,20295.7,1788502799999,futures
1788502800000,2026-09-04T06:20:00.000Z,2026-09-04 14:20,0.8298,0.8322,0.8297,0.83,5237,1788503099999,futures
1788503100000,2026-09-04T06:25:00.000Z,2026-09-04 14:25,0.8294,0.8295,0.8279,0.8285,13539,1788503399999,futures
1788503400000,2026-09-04T06:30:00.000Z,2026-09-04 14:30,0.8284,0.8303,0.8277,0.8303,11561.6,1788503699999,futures
1788503700000,2026-09-04T06:35:00.000Z,2026-09-04 14:35,0.8303,0.8306,0.8259,0.8288,16231.6,1788503999999,futures
1788504000000,2026-09-04T06:40:00.000Z,2026-09-04 14:40,0.8289,0.8303,0.8288,0.8303,6199.9,1788504299999,futures
1788504300000,2026-09-04T06:45:00.000Z,2026-09-04 14:45,0.831,0.832,0.8298,0.8314,9436,1788504599999,futures
1788504600000,2026-09-04T06:50:00.000Z,2026-09-04 14:50,0.8315,0.8319,0.8301,0.8318,6738.6,1788504899999,futures
1788504900000,2026-09-04T06:55:00.000Z,2026-09-04 14:55,0.8315,0.8317,0.831,0.8317,185.9,1788505199999,futures
1788505200000,2026-09-04T07:00:00.000Z,2026-09-04 15:00,0.8317,0.8336,0.8315,0.8327,8189.2,1788505499999,futures
1788505500000,2026-09-04T07:05:00.000Z,2026-09-04 15:05,0.833,0.8343,0.8324,0.8342,3907.1,1788505799999,futures
1788505800000,2026-09-04T07:10:00.000Z,2026-09-04 15:10,0.8341,0.836,0.8333,0.836,6627,1788506099999,futures
1788506100000,2026-09-04T07:15:00.000Z,2026-09-04 15:15,0.836,0.8367,0.8336,0.8339,9313.8,1788506399999,futures
1788506400000,2026-09-04T07:20:00.000Z,2026-09-04 15:20,0.8343,0.8364,0.8332,0.8352,7824.5,1788506699999,futures
1788506700000,2026-09-04T07:25:00.000Z,2026-09-04 15:25,0.8355,0.8355,0.8342,0.8347,2236.3,1788506999999,futures
1788507000000,2026-09-04T07:30:00.000Z,2026-09-04 15:30,0.8346,0.8369,0.8346,0.8367,3137.1,1788507299999,futures
1788507300000,2026-09-04T07:35:00.000Z,2026-09-04 15:35,0.8354,0.8355,0.8344,0.8355,1922.8,1788507599999,futures
1788507600000,2026-09-04T07:40:00.000Z,2026-09-04 15:40,0.8356,0.8362,0.8354,0.8359,1438.9,1788507899999,futures
1788507900000,2026-09-04T07:45:00.000Z,2026-09-04 15:45,0.8355,0.8358,0.8341,0.8352,10706.1,1788508199999,futures
1788508200000,2026-09-04T07:50:00.000Z,2026-09-04 15:50,0.8346,0.8358,0.8343,0.8344,3155.6,1788508499999,futures
1788508500000,2026-09-04T07:55:00.000Z,2026-09-04 15:55,0.8343,0.8343,0.8312,0.832,10663.1,1788508799999,futures
1788508800000,2026-09-04T08:00:00.000Z,2026-09-04 16:00,0.8321,0.8329,0.8314,0.8323,4664.3,1788509099999,futures
1788509100000,2026-09-04T08:05:00.000Z,2026-09-04 16:05,0.8324,0.835,0.8302,0.8338,29357.1,1788509399999,futures
1788509400000,2026-09-04T08:10:00.000Z,2026-09-04 16:10,0.8344,0.8358,0.8334,0.8358,5357.6,1788509699999,futures
1788509700000,2026-09-04T08:15:00.000Z,2026-09-04 16:15,0.8354,0.8362,0.8352,0.8362,3124.7,1788509999999,futures
1788510000000,2026-09-04T08:20:00.000Z,2026-09-04 16:20,0.8363,0.8363,0.8349,0.8356,2792.8,1788510299999,futures
1788510300000,2026-09-04T08:25:00.000Z,2026-09-04 16:25,0.8357,0.8366,0.8355,0.8366,1777.5,1788510599999,futures
1788510600000,2026-09-04T08:30:00.000Z,2026-09-04 16:30,0.8366,0.8369,0.8349,0.8363,5630,1788510899999,futures
1788510900000,2026-09-04T08:35:00.000Z,2026-09-04 16:35,0.8366,0.8379,0.8356,0.837,6547.8,1788511199999,futures
1788511200000,2026-09-04T08:40:00.000Z,2026-09-04 16:40,0.8368,0.8378,0.8363,0.8364,2914.1,1788511499999,futures
1788511500000,2026-09-04T08:45:00.000Z,2026-09-04 16:45,0.8365,0.8408,0.8363,0.839,9036,1788511799999,futures
1788511800000,2026-09-04T08:50:00.000Z,2026-09-04 16:50,0.8392,0.8438,0.8392,0.8436,21294.3,1788512099999,futures
1788512100000,2026-09-04T08:55:00.000Z,2026-09-04 16:55,0.8436,0.8441,0.8421,0.8434,6975.4,1788512399999,futures
1788512400000,2026-09-04T09:00:00.000Z,2026-09-04 17:00,0.8437,0.8444,0.8423,0.8439,9620.9,1788512699999,futures
1788512700000,2026-09-04T09:05:00.000Z,2026-09-04 17:05,0.8436,0.8451,0.8419,0.8435,17282.5,1788512999999,futures
1788513000000,2026-09-04T09:10:00.000Z,2026-09-04 17:10,0.844,0.8463,0.8437,0.8443,10748,1788513299999,futures
1788513300000,2026-09-04T09:15:00.000Z,2026-09-04 17:15,0.8444,0.8495,0.8444,0.8469,38928.9,1788513599999,futures
1788513600000,2026-09-04T09:20:00.000Z,2026-09-04 17:20,0.847,0.8475,0.8436,0.8447,6829.8,1788513899999,futures
1788513900000,2026-09-04T09:25:00.000Z,2026-09-04 17:25,0.8434,0.8435,0.8414,0.8418,9903.7,1788514199999,futures
1788514200000,2026-09-04T09:30:00.000Z,2026-09-04 17:30,0.8416,0.8443,0.8402,0.8426,5534.9,1788514499999,futures
1788514500000,2026-09-04T09:35:00.000Z,2026-09-04 17:35,0.8425,0.8451,0.8417,0.8435,8823.1,1788514799999,futures
1788514800000,2026-09-04T09:40:00.000Z,2026-09-04 17:40,0.8438,0.8438,0.8416,0.8416,1943.1,1788515099999,futures
1788515100000,2026-09-04T09:45:00.000Z,2026-09-04 17:45,0.842,0.8427,0.8404,0.8413,11904.4,1788515399999,futures
1788515400000,2026-09-04T09:50:00.000Z,2026-09-04 17:50,0.8409,0.8448,0.8391,0.8433,45750.4,1788515699999,futures
1788515700000,2026-09-04T09:55:00.000Z,2026-09-04 17:55,0.8434,0.8446,0.8419,0.8419,5228.1,1788515999999,futures
1788516000000,2026-09-04T10:00:00.000Z,2026-09-04 18:00,0.8414,0.8443,0.8403,0.8441,11644.5,1788516299999,futures
1788516300000,2026-09-04T10:05:00.000Z,2026-09-04 18:05,0.8441,0.8441,0.8407,0.8408,14949.1,1788516599999,futures
1788516600000,2026-09-04T10:10:00.000Z,2026-09-04 18:10,0.8411,0.8415,0.8392,0.8406,5855.2,1788516899999,futures
1788516900000,2026-09-04T10:15:00.000Z,2026-09-04 18:15,0.8407,0.8408,0.8375,0.8375,5774.9,1788517199999,futures
1788517200000,2026-09-04T10:20:00.000Z,2026-09-04 18:20,0.8379,0.8398,0.8379,0.8388,1952.8,1788517499999,futures
1788517500000,2026-09-04T10:25:00.000Z,2026-09-04 18:25,0.8388,0.8403,0.8384,0.8403,3120.7,1788517799999,futures
1788517800000,2026-09-04T10:30:00.000Z,2026-09-04 18:30,0.8395,0.8411,0.8389,0.8397,3653.2,1788518099999,futures
1788518100000,2026-09-04T10:35:00.000Z,2026-09-04 18:35,0.8392,0.8426,0.8386,0.8418,12185.4,1788518399999,futures
1788518400000,2026-09-04T10:40:00.000Z,2026-09-04 18:40,0.8422,0.8428,0.8407,0.8409,3844.2,1788518699999,futures
1788518700000,2026-09-04T10:45:00.000Z,2026-09-04 18:45,0.8407,0.842,0.8405,0.8409,2742.4,1788518999999,futures
1788519000000,2026-09-04T10:50:00.000Z,2026-09-04 18:50,0.841,0.8413,0.8401,0.8413,2100.7,1788519299999,futures
1788519300000,2026-09-04T10:55:00.000Z,2026-09-04 18:55,0.8413,0.8413,0.8409,0.8412,145.7,1788519599999,futures
1788519600000,2026-09-04T11:00:00.000Z,2026-09-04 19:00,0.8413,0.8414,0.8399,0.8413,7170,1788519899999,futures
1788519900000,2026-09-04T11:05:00.000Z,2026-09-04 19:05,0.8416,0.8428,0.8416,0.842,4229.5,1788520199999,futures
1788520200000,2026-09-04T11:10:00.000Z,2026-09-04 19:10,0.8418,0.8425,0.8414,0.8414,1332.3,1788520499999,futures
1788520500000,2026-09-04T11:15:00.000Z,2026-09-04 19:15,0.841,0.8438,0.841,0.8438,8419.2,1788520799999,futures
1788520800000,2026-09-04T11:20:00.000Z,2026-09-04 19:20,0.8441,0.8474,0.844,0.8465,18314.5,1788521099999,futures
1788521100000,2026-09-04T11:25:00.000Z,2026-09-04 19:25,0.8465,0.8492,0.8465,0.8485,5737.8,1788521399999,futures
1788521400000,2026-09-04T11:30:00.000Z,2026-09-04 19:30,0.8483,0.8483,0.8443,0.8451,28809.9,1788521699999,futures
1788521700000,2026-09-04T11:35:00.000Z,2026-09-04 19:35,0.8451,0.8485,0.8441,0.8483,10183.5,1788521999999,futures
1788522000000,2026-09-04T11:40:00.000Z,2026-09-04 19:40,0.8486,0.8488,0.8472,0.8478,7429,1788522299999,futures
1788522300000,2026-09-04T11:45:00.000Z,2026-09-04 19:45,0.8475,0.8478,0.8461,0.8464,4147.8,1788522599999,futures
1788522600000,2026-09-04T11:50:00.000Z,2026-09-04 19:50,0.846,0.8472,0.8428,0.8434,38928.6,1788522899999,futures
1788522900000,2026-09-04T11:55:00.000Z,2026-09-04 19:55,0.8434,0.8443,0.8387,0.8392,32782.9,1788523199999,futures
1788523200000,2026-09-04T12:00:00.000Z,2026-09-04 20:00,0.8394,0.8394,0.8362,0.8373,11511.4,1788523499999,futures
1788523500000,2026-09-04T12:05:00.000Z,2026-09-04 20:05,0.8371,0.8407,0.8362,0.8395,13015.8,1788523799999,futures
1788523800000,2026-09-04T12:10:00.000Z,2026-09-04 20:10,0.8388,0.84,0.8373,0.84,4388.2,1788524099999,futures
1788524100000,2026-09-04T12:15:00.000Z,2026-09-04 20:15,0.8395,0.8399,0.8376,0.8385,3020.7,1788524399999,futures
1788524400000,2026-09-04T12:20:00.000Z,2026-09-04 20:20,0.8389,0.8404,0.8382,0.8404,1812.3,1788524699999,futures
1788524700000,2026-09-04T12:25:00.000Z,2026-09-04 20:25,0.8401,0.8447,0.8397,0.8447,16193.3,1788524999999,futures
1788525000000,2026-09-04T12:30:00.000Z,2026-09-04 20:30,0.8436,0.8436,0.811,0.8184,258289.3,1788525299999,futures
1788525300000,2026-09-04T12:35:00.000Z,2026-09-04 20:35,0.8183,0.824,0.8163,0.824,43438.4,1788525599999,futures
1788525600000,2026-09-04T12:40:00.000Z,2026-09-04 20:40,0.824,0.8276,0.8201,0.8204,52250.4,1788525899999,futures
1788525900000,2026-09-04T12:45:00.000Z,2026-09-04 20:45,0.8204,0.8204,0.8125,0.8172,46327.7,1788526199999,futures
1788526200000,2026-09-04T12:50:00.000Z,2026-09-04 20:50,0.8171,0.8213,0.8157,0.8207,45848,1788526499999,futures
1788526500000,2026-09-04T12:55:00.000Z,2026-09-04 20:55,0.8207,0.8211,0.816,0.8188,46534.9,1788526799999,futures
1788526800000,2026-09-04T13:00:00.000Z,2026-09-04 21:00,0.8195,0.8209,0.8166,0.8177,31572.9,1788527099999,futures
1788527100000,2026-09-04T13:05:00.000Z,2026-09-04 21:05,0.8176,0.819,0.8151,0.8177,6689.3,1788527399999,futures
1788527400000,2026-09-04T13:10:00.000Z,2026-09-04 21:10,0.8174,0.8187,0.8129,0.8149,28756.4,1788527699999,futures
1788527700000,2026-09-04T13:15:00.000Z,2026-09-04 21:15,0.8154,0.8231,0.8148,0.8172,169941.3,1788527999999,futures
1788528000000,2026-09-04T13:20:00.000Z,2026-09-04 21:20,0.8172,0.8209,0.8172,0.8194,18369.5,1788528299999,futures
1788528300000,2026-09-04T13:25:00.000Z,2026-09-04 21:25,0.8194,0.8204,0.8157,0.817,45322.8,1788528599999,futures
1788528600000,2026-09-04T13:30:00.000Z,2026-09-04 21:30,0.817,0.8206,0.816,0.8162,7007,1788528899999,futures
1788528900000,2026-09-04T13:35:00.000Z,2026-09-04 21:35,0.817,0.8191,0.8123,0.8179,20749.5,1788529199999,futures
1788529200000,2026-09-04T13:40:00.000Z,2026-09-04 21:40,0.8179,0.82,0.8172,0.8191,12611.9,1788529499999,futures
1788529500000,2026-09-04T13:45:00.000Z,2026-09-04 21:45,0.8193,0.8252,0.8191,0.8243,35500.5,1788529799999,futures
1788529800000,2026-09-04T13:50:00.000Z,2026-09-04 21:50,0.8239,0.8299,0.8209,0.8214,151938.7,1788530099999,futures
1788530100000,2026-09-04T13:55:00.000Z,2026-09-04 21:55,0.8214,0.823,0.8208,0.8213,7654.2,1788530399999,futures
1788530400000,2026-09-04T14:00:00.000Z,2026-09-04 22:00,0.8209,0.8227,0.8205,0.8207,9389.9,1788530699999,futures
1788530700000,2026-09-04T14:05:00.000Z,2026-09-04 22:05,0.8207,0.8214,0.8162,0.8164,39014.5,1788530999999,futures
1788531000000,2026-09-04T14:10:00.000Z,2026-09-04 22:10,0.8162,0.819,0.8123,0.818,99028.6,1788531299999,futures
1788531300000,2026-09-04T14:15:00.000Z,2026-09-04 22:15,0.818,0.8185,0.8123,0.8123,24677,1788531599999,futures
1788531600000,2026-09-04T14:20:00.000Z,2026-09-04 22:20,0.8122,0.8153,0.8112,0.8138,28396.9,1788531899999,futures
1788531900000,2026-09-04T14:25:00.000Z,2026-09-04 22:25,0.814,0.8157,0.8138,0.815,5559.6,1788532199999,futures
1788532200000,2026-09-04T14:30:00.000Z,2026-09-04 22:30,0.8144,0.815,0.8124,0.8149,15257.7,1788532499999,futures
1788532500000,2026-09-04T14:35:00.000Z,2026-09-04 22:35,0.8154,0.8166,0.8115,0.8123,43277,1788532799999,futures
1788532800000,2026-09-04T14:40:00.000Z,2026-09-04 22:40,0.8123,0.8124,0.807,0.809,23035,1788533099999,futures
1788533100000,2026-09-04T14:45:00.000Z,2026-09-04 22:45,0.809,0.8112,0.804,0.8053,58657.1,1788533399999,futures
1788533400000,2026-09-04T14:50:00.000Z,2026-09-04 22:50,0.8046,0.8068,0.8019,0.8043,64493.3,1788533699999,futures
1788533700000,2026-09-04T14:55:00.000Z,2026-09-04 22:55,0.8043,0.8072,0.803,0.803,29993,1788533999999,futures
1788534000000,2026-09-04T15:00:00.000Z,2026-09-04 23:00,0.803,0.8092,0.8012,0.8077,46517.6,1788534299999,futures
1788534300000,2026-09-04T15:05:00.000Z,2026-09-04 23:05,0.8077,0.8104,0.8068,0.8104,15133.2,1788534599999,futures
1788534600000,2026-09-04T15:10:00.000Z,2026-09-04 23:10,0.8098,0.8112,0.8089,0.8104,12416.7,1788534899999,futures
1788534900000,2026-09-04T15:15:00.000Z,2026-09-04 23:15,0.8104,0.817,0.8104,0.8139,75711.7,1788535199999,futures
1788535200000,2026-09-04T15:20:00.000Z,2026-09-04 23:20,0.8139,0.815,0.8129,0.8145,11097.5,1788535499999,futures
1788535500000,2026-09-04T15:25:00.000Z,2026-09-04 23:25,0.8145,0.8165,0.8145,0.8153,8267.7,1788535799999,futures
1788535800000,2026-09-04T15:30:00.000Z,2026-09-04 23:30,0.8153,0.8162,0.8142,0.8146,15041.9,1788536099999,futures
1788536100000,2026-09-04T15:35:00.000Z,2026-09-04 23:35,0.8146,0.8171,0.8146,0.8165,2792.4,1788536399999,futures
1788536400000,2026-09-04T15:40:00.000Z,2026-09-04 23:40,0.8165,0.8179,0.8165,0.8174,4375.5,1788536699999,futures
1788536700000,2026-09-04T15:45:00.000Z,2026-09-04 23:45,0.8176,0.8181,0.8134,0.814,22504.1,1788536999999,futures
1788537000000,2026-09-04T15:50:00.000Z,2026-09-04 23:50,0.8143,0.8164,0.8131,0.8147,15494.9,1788537299999,futures
1788537300000,2026-09-04T15:55:00.000Z,2026-09-04 23:55,0.8147,0.816,0.8133,0.8136,13785.9,1788537599999,futures
1788537600000,2026-09-04T16:00:00.000Z,2026-09-05 00:00,0.8136,0.8147,0.8125,0.8127,9138.6,1788537899999,futures
1788537900000,2026-09-04T16:05:00.000Z,2026-09-05 00:05,0.8131,0.8151,0.8128,0.8147,3518.8,1788538199999,futures
1788538200000,2026-09-04T16:10:00.000Z,2026-09-05 00:10,0.8147,0.8154,0.8135,0.8135,4239.9,1788538499999,futures
1788538500000,2026-09-04T16:15:00.000Z,2026-09-05 00:15,0.8136,0.8157,0.8136,0.8149,3120.1,1788538799999,futures
1788538800000,2026-09-04T16:20:00.000Z,2026-09-05 00:20,0.8149,0.8163,0.8147,0.8154,2545.3,1788539099999,futures
1788539100000,2026-09-04T16:25:00.000Z,2026-09-05 00:25,0.8155,0.8161,0.8148,0.8156,1369.3,1788539399999,futures
1788539400000,2026-09-04T16:30:00.000Z,2026-09-05 00:30,0.816,0.8196,0.8155,0.8187,8936.2,1788539699999,futures
1788539700000,2026-09-04T16:35:00.000Z,2026-09-05 00:35,0.8187,0.8198,0.8181,0.8186,956.6,1788539999999,futures
1788540000000,2026-09-04T16:40:00.000Z,2026-09-05 00:40,0.8186,0.8196,0.8176,0.8188,4210.2,1788540299999,futures
1788540300000,2026-09-04T16:45:00.000Z,2026-09-05 00:45,0.8188,0.8197,0.8179,0.8194,2812.2,1788540599999,futures
1788540600000,2026-09-04T16:50:00.000Z,2026-09-05 00:50,0.8194,0.8201,0.8176,0.8176,8490.5,1788540899999,futures
1788540900000,2026-09-04T16:55:00.000Z,2026-09-05 00:55,0.8177,0.8182,0.8157,0.8157,6859.9,1788541199999,futures
1788541200000,2026-09-04T17:00:00.000Z,2026-09-05 01:00,0.8157,0.8157,0.8141,0.8146,3349.8,1788541499999,futures
1788541500000,2026-09-04T17:05:00.000Z,2026-09-05 01:05,0.8152,0.8158,0.8135,0.8158,15620.2,1788541799999,futures
1788541800000,2026-09-04T17:10:00.000Z,2026-09-05 01:10,0.8152,0.8159,0.8143,0.8143,4060.4,1788542099999,futures
1788542100000,2026-09-04T17:15:00.000Z,2026-09-05 01:15,0.8142,0.8147,0.8133,0.8146,6557.7,1788542399999,futures
1788542400000,2026-09-04T17:20:00.000Z,2026-09-05 01:20,0.815,0.8161,0.815,0.8157,4774.5,1788542699999,futures
1788542700000,2026-09-04T17:25:00.000Z,2026-09-05 01:25,0.8157,0.8167,0.8153,0.8156,4433.8,1788542999999,futures
1788543000000,2026-09-04T17:30:00.000Z,2026-09-05 01:30,0.8157,0.8162,0.8157,0.8158,700.3,1788543299999,futures
1788543300000,2026-09-04T17:35:00.000Z,2026-09-05 01:35,0.8159,0.817,0.8146,0.817,3755,1788543599999,futures
1788543600000,2026-09-04T17:40:00.000Z,2026-09-05 01:40,0.8168,0.8168,0.8123,0.8136,8558,1788543899999,futures
1788543900000,2026-09-04T17:45:00.000Z,2026-09-05 01:45,0.8129,0.8136,0.812,0.8123,7069.2,1788544199999,futures
1788544200000,2026-09-04T17:50:00.000Z,2026-09-05 01:50,0.8122,0.8124,0.8106,0.8116,1642.9,1788544499999,futures
1788544500000,2026-09-04T17:55:00.000Z,2026-09-05 01:55,0.8118,0.812,0.8108,0.8114,1633.1,1788544799999,futures
1788544800000,2026-09-04T18:00:00.000Z,2026-09-05 02:00,0.8119,0.8127,0.8114,0.8121,1339.7,1788545099999,futures
1788545100000,2026-09-04T18:05:00.000Z,2026-09-05 02:05,0.8124,0.8137,0.8115,0.8122,1955.6,1788545399999,futures
1788545400000,2026-09-04T18:10:00.000Z,2026-09-05 02:10,0.8126,0.8126,0.811,0.8113,1213.9,1788545699999,futures
1788545700000,2026-09-04T18:15:00.000Z,2026-09-05 02:15,0.8112,0.8123,0.8112,0.8122,559.6,1788545999999,futures
1788546000000,2026-09-04T18:20:00.000Z,2026-09-05 02:20,0.8126,0.8132,0.8126,0.8128,436.7,1788546299999,futures
1788546300000,2026-09-04T18:25:00.000Z,2026-09-05 02:25,0.8128,0.814,0.8123,0.8126,1716.4,1788546599999,futures
1788546600000,2026-09-04T18:30:00.000Z,2026-09-05 02:30,0.813,0.8154,0.813,0.8152,4017,1788546899999,futures
1788546900000,2026-09-04T18:35:00.000Z,2026-09-05 02:35,0.8155,0.8156,0.815,0.8152,2450.9,1788547199999,futures
1788547200000,2026-09-04T18:40:00.000Z,2026-09-05 02:40,0.8153,0.8163,0.8153,0.8163,807.3,1788547499999,futures
1788547500000,2026-09-04T18:45:00.000Z,2026-09-05 02:45,0.8163,0.8164,0.8158,0.816,2914.1,1788547799999,futures
1788547800000,2026-09-04T18:50:00.000Z,2026-09-05 02:50,0.816,0.8165,0.8157,0.8165,4430.4,1788548099999,futures
1788548100000,2026-09-04T18:55:00.000Z,2026-09-05 02:55,0.8165,0.818,0.8163,0.8167,2643.8,1788548399999,futures
1788548400000,2026-09-04T19:00:00.000Z,2026-09-05 03:00,0.817,0.8191,0.817,0.8177,4120.7,1788548699999,futures
1788548700000,2026-09-04T19:05:00.000Z,2026-09-05 03:05,0.8182,0.8187,0.8165,0.8165,730.9,1788548999999,futures
1788549000000,2026-09-04T19:10:00.000Z,2026-09-05 03:10,0.8169,0.8179,0.8165,0.8177,3333.1,1788549299999,futures
1788549300000,2026-09-04T19:15:00.000Z,2026-09-05 03:15,0.8175,0.8189,0.8173,0.8189,2815.9,1788549599999,futures
1788549600000,2026-09-04T19:20:00.000Z,2026-09-05 03:20,0.8191,0.8201,0.8175,0.8189,8671.4,1788549899999,futures
1788549900000,2026-09-04T19:25:00.000Z,2026-09-05 03:25,0.8193,0.8197,0.8177,0.8182,3406.9,1788550199999,futures
1788550200000,2026-09-04T19:30:00.000Z,2026-09-05 03:30,0.8179,0.8179,0.8162,0.8167,1312.2,1788550499999,futures
1788550500000,2026-09-04T19:35:00.000Z,2026-09-05 03:35,0.8163,0.8163,0.8148,0.815,2224.3,1788550799999,futures
1788550800000,2026-09-04T19:40:00.000Z,2026-09-05 03:40,0.815,0.8158,0.8141,0.8142,3902.6,1788551099999,futures
1788551100000,2026-09-04T19:45:00.000Z,2026-09-05 03:45,0.8142,0.8157,0.814,0.8151,2378.3,1788551399999,futures
1788551400000,2026-09-04T19:50:00.000Z,2026-09-05 03:50,0.8152,0.8154,0.8135,0.8142,1497.2,1788551699999,futures
1788551700000,2026-09-04T19:55:00.000Z,2026-09-05 03:55,0.8145,0.8148,0.8133,0.8135,1446.1,1788551999999,futures
1788552000000,2026-09-04T20:00:00.000Z,2026-09-05 04:00,0.8139,0.817,0.8138,0.8149,19542.9,1788552299999,futures
1788552300000,2026-09-04T20:05:00.000Z,2026-09-05 04:05,0.8148,0.8169,0.8138,0.816,8377.7,1788552599999,futures
1788552600000,2026-09-04T20:10:00.000Z,2026-09-05 04:10,0.8157,0.8175,0.8152,0.8152,7297.7,1788552899999,futures
1788552900000,2026-09-04T20:15:00.000Z,2026-09-05 04:15,0.8156,0.8169,0.8156,0.8165,4031.1,1788553199999,futures
1788553200000,2026-09-04T20:20:00.000Z,2026-09-05 04:20,0.8165,0.8173,0.8156,0.8157,3201.9,1788553499999,futures
1788553500000,2026-09-04T20:25:00.000Z,2026-09-05 04:25,0.8155,0.816,0.8145,0.8145,563.4,1788553799999,futures
1788553800000,2026-09-04T20:30:00.000Z,2026-09-05 04:30,0.8149,0.815,0.8131,0.8136,7264.9,1788554099999,futures
1788554100000,2026-09-04T20:35:00.000Z,2026-09-05 04:35,0.8139,0.8143,0.813,0.814,2001.9,1788554399999,futures
1788554400000,2026-09-04T20:40:00.000Z,2026-09-05 04:40,0.8138,0.8144,0.813,0.814,8688.2,1788554699999,futures
1788554700000,2026-09-04T20:45:00.000Z,2026-09-05 04:45,0.8139,0.8143,0.8136,0.8137,190.2,1788554999999,futures
1788555000000,2026-09-04T20:50:00.000Z,2026-09-05 04:50,0.8134,0.8136,0.8128,0.8135,1276.3,1788555299999,futures
1788555300000,2026-09-04T20:55:00.000Z,2026-09-05 04:55,0.8135,0.8138,0.8131,0.8131,197.4,1788555599999,futures
1788555600000,2026-09-04T21:00:00.000Z,2026-09-05 05:00,0.8131,0.8138,0.8125,0.8135,5529.1,1788555899999,futures
1788555900000,2026-09-04T21:05:00.000Z,2026-09-05 05:05,0.8135,0.8147,0.8131,0.8131,2710.9,1788556199999,futures
1788556200000,2026-09-04T21:10:00.000Z,2026-09-05 05:10,0.8136,0.817,0.8136,0.8159,10746.5,1788556499999,futures
1788556500000,2026-09-04T21:15:00.000Z,2026-09-05 05:15,0.816,0.8174,0.8157,0.817,2033.7,1788556799999,futures
1788556800000,2026-09-04T21:20:00.000Z,2026-09-05 05:20,0.8173,0.8178,0.8159,0.8161,3255.7,1788557099999,futures
1788557100000,2026-09-04T21:25:00.000Z,2026-09-05 05:25,0.8157,0.8162,0.8152,0.8156,3512.4,1788557399999,futures
1788557400000,2026-09-04T21:30:00.000Z,2026-09-05 05:30,0.8152,0.8162,0.8152,0.8156,6641.2,1788557699999,futures
1788557700000,2026-09-04T21:35:00.000Z,2026-09-05 05:35,0.8156,0.8166,0.8156,0.8161,822.3,1788557999999,futures
1788558000000,2026-09-04T21:40:00.000Z,2026-09-05 05:40,0.8162,0.8179,0.8162,0.8163,4010.1,1788558299999,futures
1788558300000,2026-09-04T21:45:00.000Z,2026-09-05 05:45,0.8164,0.8164,0.8159,0.8159,122.2,1788558599999,futures
1788558600000,2026-09-04T21:50:00.000Z,2026-09-05 05:50,0.8159,0.816,0.8132,0.8142,3735,1788558899999,futures
1788558900000,2026-09-04T21:55:00.000Z,2026-09-05 05:55,0.8137,0.8141,0.8124,0.8131,5409.7,1788559199999,futures
1788559200000,2026-09-04T22:00:00.000Z,2026-09-05 06:00,0.8131,0.814,0.8127,0.814,3001.5,1788559499999,futures
1788559500000,2026-09-04T22:05:00.000Z,2026-09-05 06:05,0.8135,0.8137,0.8127,0.8137,1526.1,1788559799999,futures
1788559800000,2026-09-04T22:10:00.000Z,2026-09-05 06:10,0.8135,0.8135,0.8123,0.8133,746.2,1788560099999,futures
1788560100000,2026-09-04T22:15:00.000Z,2026-09-05 06:15,0.8129,0.814,0.8126,0.8136,2879.9,1788560399999,futures
1788560400000,2026-09-04T22:20:00.000Z,2026-09-05 06:20,0.8133,0.8136,0.8127,0.8131,1379.9,1788560699999,futures
1788560700000,2026-09-04T22:25:00.000Z,2026-09-05 06:25,0.8129,0.8135,0.8122,0.8125,1928.3,1788560999999,futures
1788561000000,2026-09-04T22:30:00.000Z,2026-09-05 06:30,0.8122,0.8125,0.8119,0.8123,1833.8,1788561299999,futures
1788561300000,2026-09-04T22:35:00.000Z,2026-09-05 06:35,0.8119,0.8127,0.8117,0.8125,1213.1,1788561599999,futures
1788561600000,2026-09-04T22:40:00.000Z,2026-09-05 06:40,0.812,0.8127,0.8117,0.8121,429.2,1788561899999,futures
1788561900000,2026-09-04T22:45:00.000Z,2026-09-05 06:45,0.8116,0.812,0.8113,0.8119,1590.6,1788562199999,futures
1788562200000,2026-09-04T22:50:00.000Z,2026-09-05 06:50,0.8119,0.8128,0.8116,0.8118,3073.5,1788562499999,futures
1788562500000,2026-09-04T22:55:00.000Z,2026-09-05 06:55,0.8119,0.8124,0.8119,0.8121,873.3,1788562799999,futures
1788562800000,2026-09-04T23:00:00.000Z,2026-09-05 07:00,0.8121,0.8123,0.8112,0.812,2824.1,1788563099999,futures
1788563100000,2026-09-04T23:05:00.000Z,2026-09-05 07:05,0.8123,0.8127,0.8123,0.8127,161.4,1788563399999,futures
1788563400000,2026-09-04T23:10:00.000Z,2026-09-05 07:10,0.8127,0.814,0.8124,0.814,408.9,1788563699999,futures
1788563700000,2026-09-04T23:15:00.000Z,2026-09-05 07:15,0.8135,0.815,0.8135,0.815,921.8,1788563999999,futures
1788564000000,2026-09-04T23:20:00.000Z,2026-09-05 07:20,0.8153,0.8189,0.8151,0.8187,4347.4,1788564299999,futures
1788564300000,2026-09-04T23:25:00.000Z,2026-09-05 07:25,0.8187,0.8249,0.8184,0.8212,19486.3,1788564599999,futures
1788564600000,2026-09-04T23:30:00.000Z,2026-09-05 07:30,0.8212,0.8226,0.8196,0.8197,5814,1788564899999,futures
1788564900000,2026-09-04T23:35:00.000Z,2026-09-05 07:35,0.8198,0.8212,0.8198,0.8209,1009.7,1788565199999,futures
1788565200000,2026-09-04T23:40:00.000Z,2026-09-05 07:40,0.8211,0.8219,0.8211,0.8213,2016,1788565499999,futures
1788565500000,2026-09-04T23:45:00.000Z,2026-09-05 07:45,0.8217,0.8218,0.8215,0.8215,964.9,1788565799999,futures
1788565800000,2026-09-04T23:50:00.000Z,2026-09-05 07:50,0.8213,0.822,0.8207,0.8209,1907.6,1788566099999,futures
1788566100000,2026-09-04T23:55:00.000Z,2026-09-05 07:55,0.8208,0.8211,0.8205,0.8208,193.9,1788566399999,futures
1788566400000,2026-09-05T00:00:00.000Z,2026-09-05 08:00,0.821,0.8212,0.8195,0.8195,9679.6,1788566699999,futures
1788566700000,2026-09-05T00:05:00.000Z,2026-09-05 08:05,0.8197,0.8199,0.8191,0.8199,1759.5,1788566999999,futures
1788567000000,2026-09-05T00:10:00.000Z,2026-09-05 08:10,0.8206,0.8212,0.8204,0.8209,2849.1,1788567299999,futures
1788567300000,2026-09-05T00:15:00.000Z,2026-09-05 08:15,0.8208,0.8213,0.8195,0.8198,1471,1788567599999,futures
1788567600000,2026-09-05T00:20:00.000Z,2026-09-05 08:20,0.8194,0.8217,0.8194,0.821,2524.9,1788567899999,futures
1788567900000,2026-09-05T00:25:00.000Z,2026-09-05 08:25,0.8209,0.8211,0.8205,0.8207,2171.9,1788568199999,futures
1788568200000,2026-09-05T00:30:00.000Z,2026-09-05 08:30,0.8211,0.8218,0.8207,0.8209,2364.9,1788568499999,futures
1788568500000,2026-09-05T00:35:00.000Z,2026-09-05 08:35,0.8208,0.8216,0.8208,0.8214,523.6,1788568799999,futures
1788568800000,2026-09-05T00:40:00.000Z,2026-09-05 08:40,0.8216,0.8224,0.8214,0.822,809.7,1788569099999,futures
1788569100000,2026-09-05T00:45:00.000Z,2026-09-05 08:45,0.8208,0.821,0.8201,0.8205,7966.7,1788569399999,futures
1788569400000,2026-09-05T00:50:00.000Z,2026-09-05 08:50,0.8203,0.821,0.8203,0.8206,656.7,1788569699999,futures
1788569700000,2026-09-05T00:55:00.000Z,2026-09-05 08:55,0.8211,0.8211,0.8185,0.8185,1520.9,1788569999999,futures
1788570000000,2026-09-05T01:00:00.000Z,2026-09-05 09:00,0.8183,0.8198,0.818,0.8195,9573.3,1788570299999,futures
1788570300000,2026-09-05T01:05:00.000Z,2026-09-05 09:05,0.8195,0.8212,0.8195,0.8211,7939.8,1788570599999,futures
1788570600000,2026-09-05T01:10:00.000Z,2026-09-05 09:10,0.8212,0.8242,0.8212,0.8222,14114,1788570899999,futures
1788570900000,2026-09-05T01:15:00.000Z,2026-09-05 09:15,0.8218,0.8249,0.8217,0.8237,6791.9,1788571199999,futures
1788571200000,2026-09-05T01:20:00.000Z,2026-09-05 09:20,0.8232,0.8237,0.8224,0.8228,843.4,1788571499999,futures
1788571500000,2026-09-05T01:25:00.000Z,2026-09-05 09:25,0.8228,0.825,0.8225,0.825,5323.2,1788571799999,futures
1788571800000,2026-09-05T01:30:00.000Z,2026-09-05 09:30,0.8252,0.8258,0.824,0.8242,4532.3,1788572099999,futures
1788572100000,2026-09-05T01:35:00.000Z,2026-09-05 09:35,0.8241,0.8257,0.8236,0.8257,3982.7,1788572399999,futures
1788572400000,2026-09-05T01:40:00.000Z,2026-09-05 09:40,0.8253,0.8263,0.8244,0.8244,2684,1788572699999,futures
1788572700000,2026-09-05T01:45:00.000Z,2026-09-05 09:45,0.8249,0.8254,0.823,0.8239,5274.5,1788572999999,futures
1788573000000,2026-09-05T01:50:00.000Z,2026-09-05 09:50,0.8236,0.8252,0.8234,0.8244,5369.2,1788573299999,futures
1788573300000,2026-09-05T01:55:00.000Z,2026-09-05 09:55,0.8242,0.8242,0.8209,0.8211,7790.7,1788573599999,futures
1788573600000,2026-09-05T02:00:00.000Z,2026-09-05 10:00,0.821,0.8219,0.819,0.8194,8873.8,1788573899999,futures
1788573900000,2026-09-05T02:05:00.000Z,2026-09-05 10:05,0.8201,0.8208,0.819,0.8208,2000.4,1788574199999,futures
1788574200000,2026-09-05T02:10:00.000Z,2026-09-05 10:10,0.8205,0.821,0.8199,0.8205,1458.4,1788574499999,futures
1788574500000,2026-09-05T02:15:00.000Z,2026-09-05 10:15,0.8205,0.8208,0.8201,0.8202,630.4,1788574799999,futures
1788574800000,2026-09-05T02:20:00.000Z,2026-09-05 10:20,0.8202,0.8234,0.8198,0.8234,10250.8,1788575099999,futures
1788575100000,2026-09-05T02:25:00.000Z,2026-09-05 10:25,0.8232,0.8234,0.821,0.8219,6668.3,1788575399999,futures
1788575400000,2026-09-05T02:30:00.000Z,2026-09-05 10:30,0.8219,0.8237,0.8218,0.8233,6707.9,1788575699999,futures
1788575700000,2026-09-05T02:35:00.000Z,2026-09-05 10:35,0.8236,0.8248,0.8233,0.8245,4658.2,1788575999999,futures
1788576000000,2026-09-05T02:40:00.000Z,2026-09-05 10:40,0.825,0.8257,0.8246,0.8252,1638,1788576299999,futures
1788576300000,2026-09-05T02:45:00.000Z,2026-09-05 10:45,0.8252,0.8252,0.8244,0.8244,849.8,1788576599999,futures
1788576600000,2026-09-05T02:50:00.000Z,2026-09-05 10:50,0.8247,0.8249,0.8235,0.8249,4780.6,1788576899999,futures
1788576900000,2026-09-05T02:55:00.000Z,2026-09-05 10:55,0.8252,0.827,0.8252,0.8262,8804.8,1788577199999,futures
1788577200000,2026-09-05T03:00:00.000Z,2026-09-05 11:00,0.8262,0.8269,0.8253,0.8267,8499.5,1788577499999,futures
1788577500000,2026-09-05T03:05:00.000Z,2026-09-05 11:05,0.8264,0.827,0.8257,0.8257,6920.4,1788577799999,futures
1788577800000,2026-09-05T03:10:00.000Z,2026-09-05 11:10,0.825,0.8285,0.8244,0.8285,12645.6,1788578099999,futures
1788578100000,2026-09-05T03:15:00.000Z,2026-09-05 11:15,0.8281,0.8332,0.8245,0.825,93223.8,1788578399999,futures
1788578400000,2026-09-05T03:20:00.000Z,2026-09-05 11:20,0.8249,0.825,0.824,0.8248,3883,1788578699999,futures
1788578700000,2026-09-05T03:25:00.000Z,2026-09-05 11:25,0.8248,0.8258,0.8244,0.8252,2194.9,1788578999999,futures
1788579000000,2026-09-05T03:30:00.000Z,2026-09-05 11:30,0.8252,0.8256,0.825,0.8256,1593.2,1788579299999,futures
1788579300000,2026-09-05T03:35:00.000Z,2026-09-05 11:35,0.8253,0.8253,0.824,0.8242,1140.1,1788579599999,futures
1788579600000,2026-09-05T03:40:00.000Z,2026-09-05 11:40,0.824,0.825,0.824,0.8247,5678.3,1788579899999,futures
1788579900000,2026-09-05T03:45:00.000Z,2026-09-05 11:45,0.8246,0.8251,0.8243,0.825,1192.6,1788580199999,futures
1788580200000,2026-09-05T03:50:00.000Z,2026-09-05 11:50,0.8247,0.8247,0.8231,0.8232,2986.3,1788580499999,futures
1788580500000,2026-09-05T03:55:00.000Z,2026-09-05 11:55,0.8232,0.8243,0.822,0.8243,6986.4,1788580799999,futures
1788580800000,2026-09-05T04:00:00.000Z,2026-09-05 12:00,0.8241,0.8245,0.8234,0.8238,4328,1788581099999,futures
1788581100000,2026-09-05T04:05:00.000Z,2026-09-05 12:05,0.8238,0.8244,0.8222,0.8222,4652.8,1788581399999,futures
1788581400000,2026-09-05T04:10:00.000Z,2026-09-05 12:10,0.8219,0.8226,0.8215,0.8222,1042.9,1788581699999,futures
1788581700000,2026-09-05T04:15:00.000Z,2026-09-05 12:15,0.8219,0.826,0.8217,0.8256,10176.7,1788581999999,futures
1788582000000,2026-09-05T04:20:00.000Z,2026-09-05 12:20,0.8256,0.8261,0.8254,0.8258,3541.5,1788582299999,futures
1788582300000,2026-09-05T04:25:00.000Z,2026-09-05 12:25,0.8258,0.8258,0.8244,0.8251,2070.8,1788582599999,futures
1788582600000,2026-09-05T04:30:00.000Z,2026-09-05 12:30,0.8251,0.8274,0.8251,0.827,13222,1788582899999,futures
1788582900000,2026-09-05T04:35:00.000Z,2026-09-05 12:35,0.8274,0.8274,0.8261,0.8262,2750.1,1788583199999,futures
1788583200000,2026-09-05T04:40:00.000Z,2026-09-05 12:40,0.8262,0.8272,0.8262,0.8271,1541.6,1788583499999,futures
1788583500000,2026-09-05T04:45:00.000Z,2026-09-05 12:45,0.8268,0.8278,0.8258,0.8265,5431.8,1788583799999,futures
1788583800000,2026-09-05T04:50:00.000Z,2026-09-05 12:50,0.8269,0.8293,0.8266,0.8291,3500.8,1788584099999,futures
1788584100000,2026-09-05T04:55:00.000Z,2026-09-05 12:55,0.8296,0.8299,0.8287,0.8289,4054.8,1788584399999,futures
1788584400000,2026-09-05T05:00:00.000Z,2026-09-05 13:00,0.8293,0.8302,0.8273,0.8278,1975.8,1788584699999,futures
1788584700000,2026-09-05T05:05:00.000Z,2026-09-05 13:05,0.8274,0.8286,0.8264,0.8284,4589.3,1788584999999,futures
1788585000000,2026-09-05T05:10:00.000Z,2026-09-05 13:10,0.8284,0.8292,0.8284,0.8287,410.5,1788585299999,futures
1788585300000,2026-09-05T05:15:00.000Z,2026-09-05 13:15,0.8291,0.8291,0.8247,0.8247,12274.6,1788585599999,futures
1788585600000,2026-09-05T05:20:00.000Z,2026-09-05 13:20,0.8252,0.826,0.8246,0.8253,8278.4,1788585899999,futures
1788585900000,2026-09-05T05:25:00.000Z,2026-09-05 13:25,0.8251,0.8266,0.8238,0.8238,9128.6,1788586199999,futures
1788586200000,2026-09-05T05:30:00.000Z,2026-09-05 13:30,0.8242,0.8244,0.8227,0.8242,9607.2,1788586499999,futures
1788586500000,2026-09-05T05:35:00.000Z,2026-09-05 13:35,0.8242,0.8243,0.8234,0.8234,987.9,1788586799999,futures
1788586800000,2026-09-05T05:40:00.000Z,2026-09-05 13:40,0.8237,0.8251,0.8234,0.8236,2215.4,1788587099999,futures
1788587100000,2026-09-05T05:45:00.000Z,2026-09-05 13:45,0.8231,0.8235,0.8221,0.8224,4076.6,1788587399999,futures
1788587400000,2026-09-05T05:50:00.000Z,2026-09-05 13:50,0.8221,0.8253,0.8219,0.8253,8539.5,1788587699999,futures
1788587700000,2026-09-05T05:55:00.000Z,2026-09-05 13:55,0.8254,0.8264,0.8252,0.8253,3110.5,1788587999999,futures
1788588000000,2026-09-05T06:00:00.000Z,2026-09-05 14:00,0.8254,0.8273,0.8254,0.8266,888.3,1788588299999,futures
1788588300000,2026-09-05T06:05:00.000Z,2026-09-05 14:05,0.827,0.8274,0.8255,0.8256,1392.7,1788588599999,futures
1788588600000,2026-09-05T06:10:00.000Z,2026-09-05 14:10,0.8261,0.828,0.8261,0.8265,6737.8,1788588899999,futures
1788588900000,2026-09-05T06:15:00.000Z,2026-09-05 14:15,0.8266,0.8281,0.8259,0.8281,3620.3,1788589199999,futures
1788589200000,2026-09-05T06:20:00.000Z,2026-09-05 14:20,0.8283,0.8315,0.828,0.8298,17366.6,1788589499999,futures
1788589500000,2026-09-05T06:25:00.000Z,2026-09-05 14:25,0.8287,0.8309,0.8287,0.8303,9005.3,1788589799999,futures
1788589800000,2026-09-05T06:30:00.000Z,2026-09-05 14:30,0.8309,0.8311,0.8293,0.8305,7735.3,1788590099999,futures
1788590100000,2026-09-05T06:35:00.000Z,2026-09-05 14:35,0.8302,0.8315,0.8299,0.8314,2779.8,1788590399999,futures
1788590400000,2026-09-05T06:40:00.000Z,2026-09-05 14:40,0.8314,0.8353,0.8305,0.8334,55158.3,1788590699999,futures
1788590700000,2026-09-05T06:45:00.000Z,2026-09-05 14:45,0.8333,0.8362,0.8333,0.836,23082.7,1788590999999,futures
1788591000000,2026-09-05T06:50:00.000Z,2026-09-05 14:50,0.8359,0.8366,0.835,0.8361,6372.1,1788591299999,futures
1788591300000,2026-09-05T06:55:00.000Z,2026-09-05 14:55,0.8359,0.8426,0.8359,0.8412,51653.4,1788591599999,futures
1788591600000,2026-09-05T07:00:00.000Z,2026-09-05 15:00,0.8413,0.8428,0.8376,0.8382,21382.4,1788591899999,futures
1788591900000,2026-09-05T07:05:00.000Z,2026-09-05 15:05,0.8385,0.8395,0.8367,0.8369,6692.7,1788592199999,futures
1788592200000,2026-09-05T07:10:00.000Z,2026-09-05 15:10,0.8361,0.8379,0.8361,0.8379,1187.3,1788592499999,futures
1788592500000,2026-09-05T07:15:00.000Z,2026-09-05 15:15,0.8374,0.8379,0.8366,0.8367,1205.4,1788592799999,futures
1788592800000,2026-09-05T07:20:00.000Z,2026-09-05 15:20,0.8369,0.838,0.8369,0.8376,684.7,1788593099999,futures
1788593100000,2026-09-05T07:25:00.000Z,2026-09-05 15:25,0.8373,0.8399,0.8371,0.8395,4693.7,1788593399999,futures
1788593400000,2026-09-05T07:30:00.000Z,2026-09-05 15:30,0.8396,0.8402,0.8381,0.8388,1643,1788593699999,futures
1788593700000,2026-09-05T07:35:00.000Z,2026-09-05 15:35,0.839,0.839,0.8368,0.8369,2002.6,1788593999999,futures
1788594000000,2026-09-05T07:40:00.000Z,2026-09-05 15:40,0.8367,0.839,0.835,0.8388,9499.5,1788594299999,futures
1788594300000,2026-09-05T07:45:00.000Z,2026-09-05 15:45,0.8386,0.839,0.8358,0.8358,4156.4,1788594599999,futures
1788594600000,2026-09-05T07:50:00.000Z,2026-09-05 15:50,0.8358,0.8381,0.8352,0.8375,5378.1,1788594899999,futures
1788594900000,2026-09-05T07:55:00.000Z,2026-09-05 15:55,0.8367,0.8371,0.8349,0.8349,3075.3,1788595199999,futures
1788595200000,2026-09-05T08:00:00.000Z,2026-09-05 16:00,0.8351,0.8354,0.833,0.8331,10356.5,1788595499999,futures
1788595500000,2026-09-05T08:05:00.000Z,2026-09-05 16:05,0.8331,0.8334,0.8326,0.8327,975.1,1788595799999,futures
1788595800000,2026-09-05T08:10:00.000Z,2026-09-05 16:10,0.8327,0.8345,0.8327,0.833,8085.4,1788596099999,futures
1788596100000,2026-09-05T08:15:00.000Z,2026-09-05 16:15,0.8332,0.8352,0.8332,0.8339,3080.6,1788596399999,futures
1788596400000,2026-09-05T08:20:00.000Z,2026-09-05 16:20,0.8335,0.8339,0.833,0.833,1707,1788596699999,futures
1788596700000,2026-09-05T08:25:00.000Z,2026-09-05 16:25,0.8328,0.8348,0.8323,0.8344,4721.6,1788596999999,futures
1788597000000,2026-09-05T08:30:00.000Z,2026-09-05 16:30,0.8344,0.8347,0.8324,0.8328,2219.2,1788597299999,futures
1788597300000,2026-09-05T08:35:00.000Z,2026-09-05 16:35,0.8324,0.834,0.8323,0.8337,673.3,1788597599999,futures
1788597600000,2026-09-05T08:40:00.000Z,2026-09-05 16:40,0.8336,0.8352,0.8336,0.8347,281.7,1788597899999,futures
1788597900000,2026-09-05T08:45:00.000Z,2026-09-05 16:45,0.8346,0.8347,0.8331,0.8331,448.2,1788598199999,futures
1788598200000,2026-09-05T08:50:00.000Z,2026-09-05 16:50,0.8333,0.8344,0.833,0.8344,493,1788598499999,futures
1788598500000,2026-09-05T08:55:00.000Z,2026-09-05 16:55,0.8342,0.8351,0.8342,0.8349,263.9,1788598799999,futures
1788598800000,2026-09-05T09:00:00.000Z,2026-09-05 17:00,0.8351,0.8366,0.8351,0.8366,1258.5,1788599099999,futures
1788599100000,2026-09-05T09:05:00.000Z,2026-09-05 17:05,0.8365,0.8365,0.8354,0.8361,775.6,1788599399999,futures
1788599400000,2026-09-05T09:10:00.000Z,2026-09-05 17:10,0.8356,0.8367,0.8345,0.8367,13596,1788599699999,futures
1788599700000,2026-09-05T09:15:00.000Z,2026-09-05 17:15,0.8363,0.8364,0.8353,0.8355,3149.3,1788599999999,futures
1788600000000,2026-09-05T09:20:00.000Z,2026-09-05 17:20,0.8356,0.8367,0.8355,0.8359,8352.9,1788600299999,futures
1788600300000,2026-09-05T09:25:00.000Z,2026-09-05 17:25,0.8361,0.8374,0.8361,0.8366,5737.6,1788600599999,futures
1788600600000,2026-09-05T09:30:00.000Z,2026-09-05 17:30,0.8362,0.8378,0.8359,0.8361,7763.6,1788600899999,futures
1788600900000,2026-09-05T09:35:00.000Z,2026-09-05 17:35,0.8361,0.8367,0.8356,0.8364,1549.6,1788601199999,futures
1788601200000,2026-09-05T09:40:00.000Z,2026-09-05 17:40,0.8364,0.8364,0.8354,0.8358,1659.6,1788601499999,futures
1788601500000,2026-09-05T09:45:00.000Z,2026-09-05 17:45,0.8356,0.836,0.8349,0.835,838.6,1788601799999,futures
1788601800000,2026-09-05T09:50:00.000Z,2026-09-05 17:50,0.8352,0.8356,0.8349,0.835,704.1,1788602099999,futures
1788602100000,2026-09-05T09:55:00.000Z,2026-09-05 17:55,0.8352,0.836,0.8351,0.8356,917.6,1788602399999,futures
1788602400000,2026-09-05T10:00:00.000Z,2026-09-05 18:00,0.8351,0.8352,0.8345,0.8346,1258.9,1788602699999,futures
1788602700000,2026-09-05T10:05:00.000Z,2026-09-05 18:05,0.8346,0.8348,0.8338,0.8345,6590.9,1788602999999,futures
1788603000000,2026-09-05T10:10:00.000Z,2026-09-05 18:10,0.835,0.8352,0.834,0.8341,1489.2,1788603299999,futures
1788603300000,2026-09-05T10:15:00.000Z,2026-09-05 18:15,0.834,0.835,0.834,0.835,378.9,1788603599999,futures
1788603600000,2026-09-05T10:20:00.000Z,2026-09-05 18:20,0.8347,0.835,0.8334,0.8345,8916.6,1788603899999,futures
1788603900000,2026-09-05T10:25:00.000Z,2026-09-05 18:25,0.8344,0.8348,0.833,0.833,7038,1788604199999,futures
1788604200000,2026-09-05T10:30:00.000Z,2026-09-05 18:30,0.8343,0.836,0.8341,0.836,673.6,1788604499999,futures
1788604500000,2026-09-05T10:35:00.000Z,2026-09-05 18:35,0.8358,0.8358,0.8342,0.8352,4814.9,1788604799999,futures
1788604800000,2026-09-05T10:40:00.000Z,2026-09-05 18:40,0.8348,0.8358,0.8348,0.8351,2948.2,1788605099999,futures
1788605100000,2026-09-05T10:45:00.000Z,2026-09-05 18:45,0.8352,0.8354,0.8344,0.8344,3710.9,1788605399999,futures
1788605400000,2026-09-05T10:50:00.000Z,2026-09-05 18:50,0.8339,0.8348,0.8335,0.8343,4333.3,1788605699999,futures
1788605700000,2026-09-05T10:55:00.000Z,2026-09-05 18:55,0.8339,0.8339,0.8322,0.8322,13158.9,1788605999999,futures
1788606000000,2026-09-05T11:00:00.000Z,2026-09-05 19:00,0.8325,0.8325,0.8308,0.8323,19682,1788606299999,futures
1788606300000,2026-09-05T11:05:00.000Z,2026-09-05 19:05,0.8319,0.8334,0.8316,0.8329,5640.6,1788606599999,futures
1788606600000,2026-09-05T11:10:00.000Z,2026-09-05 19:10,0.8329,0.8334,0.8325,0.8328,3142.3,1788606899999,futures
1788606900000,2026-09-05T11:15:00.000Z,2026-09-05 19:15,0.8327,0.8327,0.8316,0.8316,1519.6,1788607199999,futures
1788607200000,2026-09-05T11:20:00.000Z,2026-09-05 19:20,0.8317,0.8329,0.8317,0.8321,1565.7,1788607499999,futures
1788607500000,2026-09-05T11:25:00.000Z,2026-09-05 19:25,0.8318,0.8321,0.8312,0.8316,2151.6,1788607799999,futures
1788607800000,2026-09-05T11:30:00.000Z,2026-09-05 19:30,0.8313,0.8319,0.831,0.8314,1697.1,1788608099999,futures
1788608100000,2026-09-05T11:35:00.000Z,2026-09-05 19:35,0.8316,0.8328,0.8314,0.832,817.5,1788608399999,futures
1788608400000,2026-09-05T11:40:00.000Z,2026-09-05 19:40,0.8318,0.8327,0.8318,0.8321,2544.6,1788608699999,futures
1788608700000,2026-09-05T11:45:00.000Z,2026-09-05 19:45,0.8322,0.8353,0.8319,0.8353,4432.1,1788608999999,futures
1788609000000,2026-09-05T11:50:00.000Z,2026-09-05 19:50,0.8353,0.8361,0.8353,0.8354,4373.2,1788609299999,futures
1788609300000,2026-09-05T11:55:00.000Z,2026-09-05 19:55,0.8357,0.8364,0.8355,0.836,3238.4,1788609599999,futures
1788609600000,2026-09-05T12:00:00.000Z,2026-09-05 20:00,0.8358,0.8379,0.8357,0.8367,6889.6,1788609899999,futures
1788609900000,2026-09-05T12:05:00.000Z,2026-09-05 20:05,0.8367,0.8375,0.8365,0.8365,1381.4,1788610199999,futures
1788610200000,2026-09-05T12:10:00.000Z,2026-09-05 20:10,0.8361,0.8364,0.8358,0.8362,1052.3,1788610499999,futures
1788610500000,2026-09-05T12:15:00.000Z,2026-09-05 20:15,0.8359,0.8359,0.8338,0.8338,1551.1,1788610799999,futures
1788610800000,2026-09-05T12:20:00.000Z,2026-09-05 20:20,0.8338,0.8346,0.8337,0.8346,815.6,1788611099999,futures
1788611100000,2026-09-05T12:25:00.000Z,2026-09-05 20:25,0.8346,0.8346,0.8329,0.8335,4313.7,1788611399999,futures
1788611400000,2026-09-05T12:30:00.000Z,2026-09-05 20:30,0.8329,0.8357,0.8326,0.8357,4080.9,1788611699999,futures
1788611700000,2026-09-05T12:35:00.000Z,2026-09-05 20:35,0.8355,0.8403,0.8355,0.84,7137.7,1788611999999,futures
1788612000000,2026-09-05T12:40:00.000Z,2026-09-05 20:40,0.8398,0.8425,0.8398,0.8418,15383.4,1788612299999,futures
1788612300000,2026-09-05T12:45:00.000Z,2026-09-05 20:45,0.8421,0.8472,0.8421,0.8457,26781.2,1788612599999,futures
1788612600000,2026-09-05T12:50:00.000Z,2026-09-05 20:50,0.8457,0.8485,0.8409,0.8419,55865.2,1788612899999,futures
1788612900000,2026-09-05T12:55:00.000Z,2026-09-05 20:55,0.8419,0.8419,0.8385,0.8402,18127.5,1788613199999,futures
1788613200000,2026-09-05T13:00:00.000Z,2026-09-05 21:00,0.8402,0.841,0.839,0.8405,4443.9,1788613499999,futures
1788613500000,2026-09-05T13:05:00.000Z,2026-09-05 21:05,0.8401,0.8402,0.839,0.8392,3160.8,1788613799999,futures
1788613800000,2026-09-05T13:10:00.000Z,2026-09-05 21:10,0.839,0.8404,0.8386,0.8403,12538.7,1788614099999,futures
1788614100000,2026-09-05T13:15:00.000Z,2026-09-05 21:15,0.8398,0.8408,0.8382,0.8382,10370.3,1788614399999,futures
1788614400000,2026-09-05T13:20:00.000Z,2026-09-05 21:20,0.8384,0.8396,0.8326,0.8394,101441.2,1788614699999,futures
1788614700000,2026-09-05T13:25:00.000Z,2026-09-05 21:25,0.8394,0.8396,0.8379,0.8379,9536.9,1788614999999,futures
1788615000000,2026-09-05T13:30:00.000Z,2026-09-05 21:30,0.8377,0.8397,0.8371,0.8383,5794.4,1788615299999,futures
1788615300000,2026-09-05T13:35:00.000Z,2026-09-05 21:35,0.8379,0.8381,0.8358,0.8361,289.8,1788615599999,futures
1788615600000,2026-09-05T13:40:00.000Z,2026-09-05 21:40,0.8356,0.8374,0.8325,0.8337,15845.4,1788615899999,futures
1788615900000,2026-09-05T13:45:00.000Z,2026-09-05 21:45,0.8329,0.8343,0.8329,0.8342,3538.2,1788616199999,futures
1788616200000,2026-09-05T13:50:00.000Z,2026-09-05 21:50,0.8334,0.8345,0.8307,0.8343,15562.2,1788616499999,futures
1788616500000,2026-09-05T13:55:00.000Z,2026-09-05 21:55,0.8339,0.8343,0.8331,0.8335,1533.2,1788616799999,futures
1788616800000,2026-09-05T14:00:00.000Z,2026-09-05 22:00,0.8334,0.8348,0.8334,0.8339,2649.5,1788617099999,futures
1788617100000,2026-09-05T14:05:00.000Z,2026-09-05 22:05,0.8336,0.8344,0.8336,0.834,308.2,1788617399999,futures
1788617400000,2026-09-05T14:10:00.000Z,2026-09-05 22:10,0.8336,0.8343,0.8332,0.8343,5862.5,1788617699999,futures
1788617700000,2026-09-05T14:15:00.000Z,2026-09-05 22:15,0.8339,0.8345,0.8313,0.8316,19595.8,1788617999999,futures
1788618000000,2026-09-05T14:20:00.000Z,2026-09-05 22:20,0.8318,0.8327,0.8317,0.8324,1116.7,1788618299999,futures
1788618300000,2026-09-05T14:25:00.000Z,2026-09-05 22:25,0.8321,0.8361,0.8312,0.8359,53861.5,1788618599999,futures
1788618600000,2026-09-05T14:30:00.000Z,2026-09-05 22:30,0.8355,0.837,0.8352,0.8358,20397.1,1788618899999,futures
1788618900000,2026-09-05T14:35:00.000Z,2026-09-05 22:35,0.8361,0.837,0.8358,0.837,856.6,1788619199999,futures
1788619200000,2026-09-05T14:40:00.000Z,2026-09-05 22:40,0.8366,0.8377,0.835,0.8355,5169.2,1788619499999,futures
1788619500000,2026-09-05T14:45:00.000Z,2026-09-05 22:45,0.8354,0.8357,0.8344,0.8349,735.7,1788619799999,futures
1788619800000,2026-09-05T14:50:00.000Z,2026-09-05 22:50,0.8349,0.8361,0.8338,0.836,8657,1788620099999,futures
1788620100000,2026-09-05T14:55:00.000Z,2026-09-05 22:55,0.8356,0.8365,0.8346,0.8352,9203.9,1788620399999,futures
1788620400000,2026-09-05T15:00:00.000Z,2026-09-05 23:00,0.8352,0.8361,0.835,0.8352,9574.9,1788620699999,futures
1788620700000,2026-09-05T15:05:00.000Z,2026-09-05 23:05,0.835,0.8367,0.835,0.8356,8191.8,1788620999999,futures
1788621000000,2026-09-05T15:10:00.000Z,2026-09-05 23:10,0.8355,0.8363,0.835,0.8359,4028.5,1788621299999,futures
1788621300000,2026-09-05T15:15:00.000Z,2026-09-05 23:15,0.8357,0.8357,0.8297,0.8321,91731.1,1788621599999,futures
1788621600000,2026-09-05T15:20:00.000Z,2026-09-05 23:20,0.8321,0.8348,0.832,0.8343,21217.8,1788621899999,futures
1788621900000,2026-09-05T15:25:00.000Z,2026-09-05 23:25,0.8341,0.8351,0.8309,0.8313,10318,1788622199999,futures
1788622200000,2026-09-05T15:30:00.000Z,2026-09-05 23:30,0.8312,0.8319,0.8297,0.8298,3568.9,1788622499999,futures
1788622500000,2026-09-05T15:35:00.000Z,2026-09-05 23:35,0.8297,0.8322,0.8295,0.8322,6094.3,1788622799999,futures
1788622800000,2026-09-05T15:40:00.000Z,2026-09-05 23:40,0.8317,0.8323,0.8314,0.8315,2813.8,1788623099999,futures
1788623100000,2026-09-05T15:45:00.000Z,2026-09-05 23:45,0.8316,0.8331,0.8311,0.832,1375.8,1788623399999,futures
1788623400000,2026-09-05T15:50:00.000Z,2026-09-05 23:50,0.832,0.8336,0.8311,0.8336,4655.1,1788623699999,futures
1788623700000,2026-09-05T15:55:00.000Z,2026-09-05 23:55,0.8338,0.8343,0.8335,0.8343,2347,1788623999999,futures
1788624000000,2026-09-05T16:00:00.000Z,2026-09-06 00:00,0.8343,0.8343,0.832,0.8335,5471.2,1788624299999,futures
1788624300000,2026-09-05T16:05:00.000Z,2026-09-06 00:05,0.8342,0.8355,0.8336,0.8355,1114.1,1788624599999,futures
1788624600000,2026-09-05T16:10:00.000Z,2026-09-06 00:10,0.8349,0.8358,0.8348,0.8353,4007.7,1788624899999,futures
1788624900000,2026-09-05T16:15:00.000Z,2026-09-06 00:15,0.8356,0.8363,0.8349,0.8359,3190.6,1788625199999,futures
1788625200000,2026-09-05T16:20:00.000Z,2026-09-06 00:20,0.8361,0.8378,0.8361,0.8378,2412.6,1788625499999,futures
1788625500000,2026-09-05T16:25:00.000Z,2026-09-06 00:25,0.8377,0.8419,0.8377,0.8418,13582.6,1788625799999,futures
1788625800000,2026-09-05T16:30:00.000Z,2026-09-06 00:30,0.8418,0.8522,0.8413,0.8519,123976.6,1788626099999,futures
1788626100000,2026-09-05T16:35:00.000Z,2026-09-06 00:35,0.852,0.8521,0.8469,0.8469,20838.7,1788626399999,futures
1788626400000,2026-09-05T16:40:00.000Z,2026-09-06 00:40,0.8464,0.8516,0.8462,0.8508,24456.5,1788626699999,futures
1788626700000,2026-09-05T16:45:00.000Z,2026-09-06 00:45,0.8508,0.8571,0.8505,0.8546,58738.6,1788626999999,futures
1788627000000,2026-09-05T16:50:00.000Z,2026-09-06 00:50,0.8541,0.8577,0.8522,0.8577,41218.7,1788627299999,futures
1788627300000,2026-09-05T16:55:00.000Z,2026-09-06 00:55,0.8573,0.8594,0.8556,0.8594,54928.1,1788627599999,futures
1788627600000,2026-09-05T17:00:00.000Z,2026-09-06 01:00,0.8592,0.8614,0.8558,0.8585,24085.3,1788627899999,futures
1788627900000,2026-09-05T17:05:00.000Z,2026-09-06 01:05,0.8584,0.8705,0.8581,0.8673,143787.6,1788628199999,futures
1788628200000,2026-09-05T17:10:00.000Z,2026-09-06 01:10,0.8672,0.8771,0.8672,0.8713,63496,1788628499999,futures
1788628500000,2026-09-05T17:15:00.000Z,2026-09-06 01:15,0.8716,0.8718,0.8641,0.8652,38311.4,1788628799999,futures
1788628800000,2026-09-05T17:20:00.000Z,2026-09-06 01:20,0.8651,0.8671,0.8639,0.8646,39965.5,1788629099999,futures
1788629100000,2026-09-05T17:25:00.000Z,2026-09-06 01:25,0.865,0.8652,0.8596,0.8625,52463.3,1788629399999,futures
1788629400000,2026-09-05T17:30:00.000Z,2026-09-06 01:30,0.8625,0.8657,0.8625,0.8634,22217.8,1788629699999,futures
1788629700000,2026-09-05T17:35:00.000Z,2026-09-06 01:35,0.8628,0.8628,0.8576,0.8596,52485,1788629999999,futures
1788630000000,2026-09-05T17:40:00.000Z,2026-09-06 01:40,0.8594,0.8606,0.8588,0.8588,2628.6,1788630299999,futures
1788630300000,2026-09-05T17:45:00.000Z,2026-09-06 01:45,0.8595,0.8613,0.8589,0.8606,16976.5,1788630599999,futures
1788630600000,2026-09-05T17:50:00.000Z,2026-09-06 01:50,0.8606,0.8658,0.8604,0.8638,30706.6,1788630899999,futures
1788630900000,2026-09-05T17:55:00.000Z,2026-09-06 01:55,0.8641,0.8681,0.8636,0.8648,37057.7,1788631199999,futures
1788631200000,2026-09-05T18:00:00.000Z,2026-09-06 02:00,0.8648,0.8683,0.8635,0.8649,39765.8,1788631499999,futures
1788631500000,2026-09-05T18:05:00.000Z,2026-09-06 02:05,0.8645,0.8656,0.8622,0.8622,3098.9,1788631799999,futures
1788631800000,2026-09-05T18:10:00.000Z,2026-09-06 02:10,0.8618,0.8635,0.8615,0.8631,2623.3,1788632099999,futures
1788632100000,2026-09-05T18:15:00.000Z,2026-09-06 02:15,0.8622,0.8634,0.8614,0.8632,4231.7,1788632399999,futures
1788632400000,2026-09-05T18:20:00.000Z,2026-09-06 02:20,0.8631,0.8645,0.8629,0.8636,3352.4,1788632699999,futures
1788632700000,2026-09-05T18:25:00.000Z,2026-09-06 02:25,0.8636,0.8643,0.8552,0.8592,84730.3,1788632999999,futures
1788633000000,2026-09-05T18:30:00.000Z,2026-09-06 02:30,0.8593,0.8618,0.8593,0.8601,7540.4,1788633299999,futures
1788633300000,2026-09-05T18:35:00.000Z,2026-09-06 02:35,0.8599,0.8611,0.8591,0.8596,2524.2,1788633599999,futures
1788633600000,2026-09-05T18:40:00.000Z,2026-09-06 02:40,0.8595,0.8595,0.8582,0.8593,3337.4,1788633899999,futures
1788633900000,2026-09-05T18:45:00.000Z,2026-09-06 02:45,0.859,0.8606,0.8583,0.8601,5167.2,1788634199999,futures
1788634200000,2026-09-05T18:50:00.000Z,2026-09-06 02:50,0.8599,0.86,0.8586,0.86,3106.6,1788634499999,futures
1788634500000,2026-09-05T18:55:00.000Z,2026-09-06 02:55,0.8598,0.8609,0.8592,0.8603,6300.8,1788634799999,futures
1788634800000,2026-09-05T19:00:00.000Z,2026-09-06 03:00,0.8598,0.8604,0.8558,0.8599,42586.9,1788635099999,futures
1788635100000,2026-09-05T19:05:00.000Z,2026-09-06 03:05,0.8601,0.8604,0.8585,0.8585,6281.1,1788635399999,futures
1788635400000,2026-09-05T19:10:00.000Z,2026-09-06 03:10,0.8584,0.8653,0.8584,0.8653,42643.4,1788635699999,futures
1788635700000,2026-09-05T19:15:00.000Z,2026-09-06 03:15,0.865,0.8663,0.8625,0.8654,14205.4,1788635999999,futures
1788636000000,2026-09-05T19:20:00.000Z,2026-09-06 03:20,0.8654,0.8677,0.8627,0.8668,35328.5,1788636299999,futures
1788636300000,2026-09-05T19:25:00.000Z,2026-09-06 03:25,0.8668,0.8691,0.865,0.8691,16092.9,1788636599999,futures
1788636600000,2026-09-05T19:30:00.000Z,2026-09-06 03:30,0.8691,0.8796,0.868,0.8753,130538.8,1788636899999,futures
1788636900000,2026-09-05T19:35:00.000Z,2026-09-06 03:35,0.8758,0.8759,0.8686,0.8686,54102,1788637199999,futures
1788637200000,2026-09-05T19:40:00.000Z,2026-09-06 03:40,0.8687,0.8737,0.8687,0.8708,14877.3,1788637499999,futures
1788637500000,2026-09-05T19:45:00.000Z,2026-09-06 03:45,0.8708,0.8711,0.8663,0.8663,15428.1,1788637799999,futures
1788637800000,2026-09-05T19:50:00.000Z,2026-09-06 03:50,0.8665,0.8692,0.8661,0.869,5638.3,1788638099999,futures
1788638100000,2026-09-05T19:55:00.000Z,2026-09-06 03:55,0.869,0.8751,0.8687,0.875,38085.4,1788638399999,futures
1788638400000,2026-09-05T20:00:00.000Z,2026-09-06 04:00,0.875,0.8789,0.8748,0.8772,31773.3,1788638699999,futures
1788638700000,2026-09-05T20:05:00.000Z,2026-09-06 04:05,0.8769,0.8873,0.8769,0.8814,121725.1,1788638999999,futures
1788639000000,2026-09-05T20:10:00.000Z,2026-09-06 04:10,0.8809,0.881,0.8737,0.8737,73104.8,1788639299999,futures
1788639300000,2026-09-05T20:15:00.000Z,2026-09-06 04:15,0.874,0.874,0.8698,0.8716,14052,1788639599999,futures
1788639600000,2026-09-05T20:20:00.000Z,2026-09-06 04:20,0.8712,0.8745,0.8686,0.87,45791.4,1788639899999,futures
1788639900000,2026-09-05T20:25:00.000Z,2026-09-06 04:25,0.87,0.8715,0.8679,0.8693,17830,1788640199999,futures
1788640200000,2026-09-05T20:30:00.000Z,2026-09-06 04:30,0.8686,0.8716,0.8686,0.8711,22633,1788640499999,futures
1788640500000,2026-09-05T20:35:00.000Z,2026-09-06 04:35,0.8706,0.8727,0.869,0.8715,16212.6,1788640799999,futures
1788640800000,2026-09-05T20:40:00.000Z,2026-09-06 04:40,0.8717,0.8718,0.8697,0.8714,16188.2,1788641099999,futures
1788641100000,2026-09-05T20:45:00.000Z,2026-09-06 04:45,0.8715,0.8723,0.8688,0.8709,15229.8,1788641399999,futures
1788641400000,2026-09-05T20:50:00.000Z,2026-09-06 04:50,0.8709,0.8709,0.8682,0.8698,18596.2,1788641699999,futures
1788641700000,2026-09-05T20:55:00.000Z,2026-09-06 04:55,0.8693,0.8697,0.8671,0.8679,10526.4,1788641999999,futures
1788642000000,2026-09-05T21:00:00.000Z,2026-09-06 05:00,0.8677,0.8702,0.8674,0.8685,21237.7,1788642299999,futures
1788642300000,2026-09-05T21:05:00.000Z,2026-09-06 05:05,0.8682,0.8708,0.8673,0.8702,9341.9,1788642599999,futures
1788642600000,2026-09-05T21:10:00.000Z,2026-09-06 05:10,0.8702,0.8712,0.8697,0.8709,2675.2,1788642899999,futures
1788642900000,2026-09-05T21:15:00.000Z,2026-09-06 05:15,0.8709,0.872,0.87,0.8715,17911.6,1788643199999,futures
1788643200000,2026-09-05T21:20:00.000Z,2026-09-06 05:20,0.8715,0.8784,0.8708,0.8783,93596.3,1788643499999,futures
1788643500000,2026-09-05T21:25:00.000Z,2026-09-06 05:25,0.8784,0.8798,0.8778,0.8786,5563,1788643799999,futures
1788643800000,2026-09-05T21:30:00.000Z,2026-09-06 05:30,0.8788,0.8811,0.8749,0.8749,21118.9,1788644099999,futures
1788644100000,2026-09-05T21:35:00.000Z,2026-09-06 05:35,0.8755,0.8758,0.8742,0.8749,6188.2,1788644399999,futures
1788644400000,2026-09-05T21:40:00.000Z,2026-09-06 05:40,0.8749,0.8766,0.8741,0.8761,6794,1788644699999,futures
1788644700000,2026-09-05T21:45:00.000Z,2026-09-06 05:45,0.8755,0.8763,0.8728,0.8737,7308.7,1788644999999,futures
1788645000000,2026-09-05T21:50:00.000Z,2026-09-06 05:50,0.8736,0.8752,0.8721,0.8731,11160.7,1788645299999,futures
1788645300000,2026-09-05T21:55:00.000Z,2026-09-06 05:55,0.8726,0.8737,0.8718,0.8737,4182,1788645599999,futures
1788645600000,2026-09-05T22:00:00.000Z,2026-09-06 06:00,0.8736,0.8775,0.8725,0.8758,28345.9,1788645899999,futures
1788645900000,2026-09-05T22:05:00.000Z,2026-09-06 06:05,0.8756,0.8763,0.8746,0.8746,6835.7,1788646199999,futures
1788646200000,2026-09-05T22:10:00.000Z,2026-09-06 06:10,0.8749,0.8792,0.8735,0.8783,17343.5,1788646499999,futures
1788646500000,2026-09-05T22:15:00.000Z,2026-09-06 06:15,0.8785,0.8804,0.8779,0.8785,11391.7,1788646799999,futures
1788646800000,2026-09-05T22:20:00.000Z,2026-09-06 06:20,0.8783,0.8798,0.875,0.8758,15299,1788647099999,futures
1788647100000,2026-09-05T22:25:00.000Z,2026-09-06 06:25,0.8755,0.8755,0.8736,0.8751,4155.4,1788647399999,futures
1788647400000,2026-09-05T22:30:00.000Z,2026-09-06 06:30,0.875,0.8801,0.875,0.8795,18166.5,1788647699999,futures
1788647700000,2026-09-05T22:35:00.000Z,2026-09-06 06:35,0.879,0.8826,0.879,0.8826,16947.7,1788647999999,futures
1788648000000,2026-09-05T22:40:00.000Z,2026-09-06 06:40,0.8824,0.8865,0.8808,0.8841,101048.9,1788648299999,futures
1788648300000,2026-09-05T22:45:00.000Z,2026-09-06 06:45,0.8841,0.8897,0.8836,0.8896,48282.2,1788648599999,futures
1788648600000,2026-09-05T22:50:00.000Z,2026-09-06 06:50,0.8898,0.8942,0.8875,0.8941,96820.5,1788648899999,futures
1788648900000,2026-09-05T22:55:00.000Z,2026-09-06 06:55,0.8935,0.8966,0.8913,0.8952,114844.9,1788649199999,futures
1788649200000,2026-09-05T23:00:00.000Z,2026-09-06 07:00,0.8943,0.8982,0.8924,0.8969,124607.7,1788649499999,futures
1788649500000,2026-09-05T23:05:00.000Z,2026-09-06 07:05,0.8969,0.8995,0.8903,0.8985,116609.4,1788649799999,futures
1788649800000,2026-09-05T23:10:00.000Z,2026-09-06 07:10,0.8987,0.9005,0.8927,0.8981,54446.6,1788650099999,futures
1788650100000,2026-09-05T23:15:00.000Z,2026-09-06 07:15,0.8979,0.9045,0.8972,0.9043,114155.8,1788650399999,futures
1788650400000,2026-09-05T23:20:00.000Z,2026-09-06 07:20,0.9042,0.9156,0.9028,0.9139,175459.5,1788650699999,futures
1788650700000,2026-09-05T23:25:00.000Z,2026-09-06 07:25,0.9145,0.9179,0.9096,0.9174,135741.1,1788650999999,futures
1788651000000,2026-09-05T23:30:00.000Z,2026-09-06 07:30,0.9166,0.9192,0.905,0.9078,291678.9,1788651299999,futures
1788651300000,2026-09-05T23:35:00.000Z,2026-09-06 07:35,0.9077,0.9132,0.9077,0.9121,102078.6,1788651599999,futures
1788651600000,2026-09-05T23:40:00.000Z,2026-09-06 07:40,0.9118,0.9141,0.9083,0.9083,59887,1788651899999,futures
1788651900000,2026-09-05T23:45:00.000Z,2026-09-06 07:45,0.9083,0.9177,0.9075,0.9148,123574.4,1788652199999,futures
1788652200000,2026-09-05T23:50:00.000Z,2026-09-06 07:50,0.9146,0.921,0.9103,0.9162,180802.7,1788652499999,futures
1788652500000,2026-09-05T23:55:00.000Z,2026-09-06 07:55,0.9164,0.9164,0.9069,0.9085,165771.7,1788652799999,futures
1788652800000,2026-09-06T00:00:00.000Z,2026-09-06 08:00,0.9085,0.9116,0.9071,0.91,62311.1,1788653099999,futures
1788653100000,2026-09-06T00:05:00.000Z,2026-09-06 08:05,0.9098,0.9116,0.9021,0.9083,154858.7,1788653399999,futures
1788653400000,2026-09-06T00:10:00.000Z,2026-09-06 08:10,0.9081,0.9137,0.908,0.9128,212221.4,1788653699999,futures
1788653700000,2026-09-06T00:15:00.000Z,2026-09-06 08:15,0.9134,0.9144,0.9067,0.9106,214488,1788653999999,futures
1788654000000,2026-09-06T00:20:00.000Z,2026-09-06 08:20,0.911,0.9136,0.9068,0.9072,58391.5,1788654299999,futures
1788654300000,2026-09-06T00:25:00.000Z,2026-09-06 08:25,0.9067,0.9116,0.9052,0.9108,68619.4,1788654599999,futures
1788654600000,2026-09-06T00:30:00.000Z,2026-09-06 08:30,0.91,0.9149,0.9087,0.914,51124.1,1788654899999,futures
1788654900000,2026-09-06T00:35:00.000Z,2026-09-06 08:35,0.914,0.9213,0.9136,0.9196,59190.6,1788655199999,futures
1788655200000,2026-09-06T00:40:00.000Z,2026-09-06 08:40,0.9195,0.9241,0.9154,0.9226,155724.7,1788655499999,futures
1788655500000,2026-09-06T00:45:00.000Z,2026-09-06 08:45,0.9226,0.9235,0.9158,0.9159,51065.3,1788655799999,futures
1788655800000,2026-09-06T00:50:00.000Z,2026-09-06 08:50,0.916,0.916,0.9073,0.9073,77543.1,1788656099999,futures
1788656100000,2026-09-06T00:55:00.000Z,2026-09-06 08:55,0.9079,0.9183,0.9079,0.9183,54944.3,1788656399999,futures
1788656400000,2026-09-06T01:00:00.000Z,2026-09-06 09:00,0.9185,0.921,0.9141,0.9196,67032.7,1788656699999,futures
1788656700000,2026-09-06T01:05:00.000Z,2026-09-06 09:05,0.9196,0.927,0.9159,0.9162,130918.4,1788656999999,futures
1788657000000,2026-09-06T01:10:00.000Z,2026-09-06 09:10,0.9162,0.9191,0.9145,0.9181,56894.3,1788657299999,futures
1788657300000,2026-09-06T01:15:00.000Z,2026-09-06 09:15,0.918,0.919,0.9126,0.918,64157.2,1788657599999,futures
1788657600000,2026-09-06T01:20:00.000Z,2026-09-06 09:20,0.9181,0.9181,0.9099,0.9127,59867.3,1788657899999,futures
1788657900000,2026-09-06T01:25:00.000Z,2026-09-06 09:25,0.9122,0.9153,0.9103,0.9127,21153.1,1788658199999,futures
1788658200000,2026-09-06T01:30:00.000Z,2026-09-06 09:30,0.9127,0.9185,0.9115,0.9181,33669.3,1788658499999,futures
1788658500000,2026-09-06T01:35:00.000Z,2026-09-06 09:35,0.9182,0.9213,0.9176,0.9213,37329,1788658799999,futures
1788658800000,2026-09-06T01:40:00.000Z,2026-09-06 09:40,0.9213,0.9223,0.9185,0.9214,46845,1788659099999,futures
1788659100000,2026-09-06T01:45:00.000Z,2026-09-06 09:45,0.9215,0.9215,0.9169,0.9177,16664,1788659399999,futures
1788659400000,2026-09-06T01:50:00.000Z,2026-09-06 09:50,0.9173,0.9399,0.9155,0.9368,222286,1788659699999,futures
1788659700000,2026-09-06T01:55:00.000Z,2026-09-06 09:55,0.9365,0.9425,0.9332,0.94,143667.9,1788659999999,futures
1788660000000,2026-09-06T02:00:00.000Z,2026-09-06 10:00,0.9402,0.9536,0.9393,0.9498,208597.7,1788660299999,futures
1788660300000,2026-09-06T02:05:00.000Z,2026-09-06 10:05,0.9498,0.9499,0.945,0.9479,46933.6,1788660599999,futures
1788660600000,2026-09-06T02:10:00.000Z,2026-09-06 10:10,0.9478,0.9512,0.9457,0.951,56154.1,1788660899999,futures
1788660900000,2026-09-06T02:15:00.000Z,2026-09-06 10:15,0.951,0.9577,0.946,0.9572,174345.1,1788661199999,futures
1788661200000,2026-09-06T02:20:00.000Z,2026-09-06 10:20,0.9568,0.9568,0.9432,0.9536,213696.1,1788661499999,futures
1788661500000,2026-09-06T02:25:00.000Z,2026-09-06 10:25,0.9531,0.9595,0.9515,0.9576,122430.7,1788661799999,futures
1788661800000,2026-09-06T02:30:00.000Z,2026-09-06 10:30,0.9576,0.9742,0.9568,0.973,279630.9,1788662099999,futures
1788662100000,2026-09-06T02:35:00.000Z,2026-09-06 10:35,0.9731,0.9731,0.9659,0.9699,227070.3,1788662399999,futures
1788662400000,2026-09-06T02:40:00.000Z,2026-09-06 10:40,0.9699,0.9734,0.96,0.9668,211248.6,1788662699999,futures
1788662700000,2026-09-06T02:45:00.000Z,2026-09-06 10:45,0.9666,0.9684,0.9593,0.9684,90818.2,1788662999999,futures
1788663000000,2026-09-06T02:50:00.000Z,2026-09-06 10:50,0.9688,0.9755,0.9688,0.9721,77015.9,1788663299999,futures
1788663300000,2026-09-06T02:55:00.000Z,2026-09-06 10:55,0.9723,0.9802,0.9712,0.9771,166219.2,1788663599999,futures
1788663600000,2026-09-06T03:00:00.000Z,2026-09-06 11:00,0.978,0.9819,0.9701,0.9793,193751.6,1788663899999,futures
1788663900000,2026-09-06T03:05:00.000Z,2026-09-06 11:05,0.9796,0.9855,0.9769,0.9825,138642.7,1788664199999,futures
1788664200000,2026-09-06T03:10:00.000Z,2026-09-06 11:10,0.9826,0.9927,0.9804,0.9882,269903.9,1788664499999,futures
1788664500000,2026-09-06T03:15:00.000Z,2026-09-06 11:15,0.9871,1.0746,0.9859,1.0666,2061379.6,1788664799999,futures
1788664800000,2026-09-06T03:20:00.000Z,2026-09-06 11:20,1.0665,1.1399,1.0561,1.1085,3472826.4,1788665099999,futures
1788665100000,2026-09-06T03:25:00.000Z,2026-09-06 11:25,1.108,1.1274,1.1026,1.1115,1824298.4,1788665399999,futures
1788665400000,2026-09-06T03:30:00.000Z,2026-09-06 11:30,1.1113,1.1434,1.1052,1.131,2101198.9,1788665699999,futures
1788665700000,2026-09-06T03:35:00.000Z,2026-09-06 11:35,1.1312,1.145,1.1151,1.1276,1582210.1,1788665999999,futures
1788666000000,2026-09-06T03:40:00.000Z,2026-09-06 11:40,1.1268,1.1354,1.1138,1.1206,1123748.8,1788666299999,futures
1788666300000,2026-09-06T03:45:00.000Z,2026-09-06 11:45,1.1205,1.1668,1.1196,1.1602,1743709.2,1788666599999,futures
1788666600000,2026-09-06T03:50:00.000Z,2026-09-06 11:50,1.16,1.17,1.1521,1.1587,1254723.4,1788666899999,futures
1788666900000,2026-09-06T03:55:00.000Z,2026-09-06 11:55,1.1588,1.175,1.1441,1.1577,1609402.6,1788667199999,futures
1788667200000,2026-09-06T04:00:00.000Z,2026-09-06 12:00,1.1576,1.1808,1.15,1.1733,1776150.4,1788667499999,futures
1788667500000,2026-09-06T04:05:00.000Z,2026-09-06 12:05,1.1735,1.1968,1.1542,1.1915,1957634.3,1788667799999,futures
1788667800000,2026-09-06T04:10:00.000Z,2026-09-06 12:10,1.1916,1.1999,1.1801,1.1823,1304478.3,1788668099999,futures
1788668100000,2026-09-06T04:15:00.000Z,2026-09-06 12:15,1.1823,1.1908,1.1583,1.16,1651439.9,1788668399999,futures
1788668400000,2026-09-06T04:20:00.000Z,2026-09-06 12:20,1.1596,1.1638,1.14,1.1599,2177434.2,1788668699999,futures
1788668700000,2026-09-06T04:25:00.000Z,2026-09-06 12:25,1.1599,1.1697,1.146,1.153,1147782.1,1788668999999,futures
1788669000000,2026-09-06T04:30:00.000Z,2026-09-06 12:30,1.1526,1.154,1.13,1.1347,1497347.5,1788669299999,futures
1788669300000,2026-09-06T04:35:00.000Z,2026-09-06 12:35,1.1352,1.156,1.1258,1.1528,1388446.4,1788669599999,futures
1788669600000,2026-09-06T04:40:00.000Z,2026-09-06 12:40,1.1516,1.155,1.1358,1.14,753552.5,1788669899999,futures
1788669900000,2026-09-06T04:45:00.000Z,2026-09-06 12:45,1.1402,1.1732,1.1311,1.1608,1179177,1788670199999,futures
1788670200000,2026-09-06T04:50:00.000Z,2026-09-06 12:50,1.1613,1.1621,1.1489,1.1531,710221.8,1788670499999,futures
1788670500000,2026-09-06T04:55:00.000Z,2026-09-06 12:55,1.1536,1.1548,1.1378,1.1425,735286.9,1788670799999,futures
1788670800000,2026-09-06T05:00:00.000Z,2026-09-06 13:00,1.1426,1.1544,1.1325,1.1471,752262.5,1788671099999,futures
1788671100000,2026-09-06T05:05:00.000Z,2026-09-06 13:05,1.1471,1.1495,1.136,1.1464,504482.8,1788671399999,futures
1788671400000,2026-09-06T05:10:00.000Z,2026-09-06 13:10,1.1461,1.166,1.1441,1.1647,744331.6,1788671699999,futures
1788671700000,2026-09-06T05:15:00.000Z,2026-09-06 13:15,1.1649,1.1675,1.1533,1.1626,676163.4,1788671999999,futures
1788672000000,2026-09-06T05:20:00.000Z,2026-09-06 13:20,1.163,1.1654,1.1316,1.1421,1137801.4,1788672299999,futures
1788672300000,2026-09-06T05:25:00.000Z,2026-09-06 13:25,1.142,1.1422,1.1174,1.1331,1406992.9,1788672599999,futures
1788672600000,2026-09-06T05:30:00.000Z,2026-09-06 13:30,1.1332,1.1419,1.1292,1.1345,490151.7,1788672899999,futures
1788672900000,2026-09-06T05:35:00.000Z,2026-09-06 13:35,1.1345,1.1461,1.1338,1.1441,380270.5,1788673199999,futures
1788673200000,2026-09-06T05:40:00.000Z,2026-09-06 13:40,1.1434,1.149,1.1332,1.1354,520860.4,1788673499999,futures
1788673500000,2026-09-06T05:45:00.000Z,2026-09-06 13:45,1.1354,1.1408,1.131,1.139,308966.3,1788673799999,futures
1788673800000,2026-09-06T05:50:00.000Z,2026-09-06 13:50,1.1391,1.1649,1.1377,1.157,1004393.7,1788674099999,futures
1788674100000,2026-09-06T05:55:00.000Z,2026-09-06 13:55,1.1573,1.1602,1.1447,1.1539,519303.5,1788674399999,futures
1788674400000,2026-09-06T06:00:00.000Z,2026-09-06 14:00,1.1537,1.1642,1.1492,1.1618,790495.3,1788674699999,futures
1788674700000,2026-09-06T06:05:00.000Z,2026-09-06 14:05,1.1615,1.1694,1.1427,1.144,765580.8,1788674999999,futures
1788675000000,2026-09-06T06:10:00.000Z,2026-09-06 14:10,1.144,1.1454,1.1104,1.127,1816730.2,1788675299999,futures
1788675300000,2026-09-06T06:15:00.000Z,2026-09-06 14:15,1.1269,1.1304,1.1161,1.119,869772.2,1788675599999,futures
1788675600000,2026-09-06T06:20:00.000Z,2026-09-06 14:20,1.1191,1.1245,1.1169,1.1222,371531.8,1788675899999,futures
1788675900000,2026-09-06T06:25:00.000Z,2026-09-06 14:25,1.1222,1.1299,1.1204,1.1216,377775.6,1788676199999,futures
1788676200000,2026-09-06T06:30:00.000Z,2026-09-06 14:30,1.1217,1.1264,1.0833,1.0964,1298205.1,1788676499999,futures
1788676500000,2026-09-06T06:35:00.000Z,2026-09-06 14:35,1.0976,1.1038,1.0852,1.1013,1198862.1,1788676799999,futures
1788676800000,2026-09-06T06:40:00.000Z,2026-09-06 14:40,1.1013,1.106,1.0919,1.0984,671139.3,1788677099999,futures
1788677100000,2026-09-06T06:45:00.000Z,2026-09-06 14:45,1.0986,1.1077,1.096,1.0993,568572.7,1788677399999,futures
1788677400000,2026-09-06T06:50:00.000Z,2026-09-06 14:50,1.0994,1.1041,1.0914,1.0932,469521.8,1788677699999,futures
1788677700000,2026-09-06T06:55:00.000Z,2026-09-06 14:55,1.0935,1.0945,1.0805,1.0848,806082.6,1788677999999,futures
1788678000000,2026-09-06T07:00:00.000Z,2026-09-06 15:00,1.0853,1.0937,1.0839,1.0856,680811.8,1788678299999,futures
1788678300000,2026-09-06T07:05:00.000Z,2026-09-06 15:05,1.0856,1.0877,1.0728,1.0845,739516.8,1788678599999,futures
1788678600000,2026-09-06T07:10:00.000Z,2026-09-06 15:10,1.0845,1.0863,1.0635,1.0693,1289929.5,1788678899999,futures
1788678900000,2026-09-06T07:15:00.000Z,2026-09-06 15:15,1.0693,1.0777,1.0654,1.0685,671920.2,1788679199999,futures
1788679200000,2026-09-06T07:20:00.000Z,2026-09-06 15:20,1.0685,1.0747,1.067,1.0701,491886.3,1788679499999,futures
1788679500000,2026-09-06T07:25:00.000Z,2026-09-06 15:25,1.0703,1.074,1.0562,1.0618,867570.5,1788679799999,futures
1788679800000,2026-09-06T07:30:00.000Z,2026-09-06 15:30,1.0618,1.0678,1.0592,1.0656,473574.1,1788680099999,futures
1788680100000,2026-09-06T07:35:00.000Z,2026-09-06 15:35,1.0658,1.0674,1.0573,1.0617,398630.7,1788680399999,futures
1788680400000,2026-09-06T07:40:00.000Z,2026-09-06 15:40,1.062,1.075,1.0585,1.0735,651112,1788680699999,futures
1788680700000,2026-09-06T07:45:00.000Z,2026-09-06 15:45,1.0734,1.0847,1.0722,1.0795,814252.6,1788680999999,futures
1788681000000,2026-09-06T07:50:00.000Z,2026-09-06 15:50,1.0796,1.0845,1.0717,1.0837,552868.8,1788681299999,futures
1788681300000,2026-09-06T07:55:00.000Z,2026-09-06 15:55,1.0834,1.1021,1.083,1.0972,1055597.3,1788681599999,futures
1788681600000,2026-09-06T08:00:00.000Z,2026-09-06 16:00,1.0971,1.1198,1.0924,1.1108,1504276.5,1788681899999,futures
1788681900000,2026-09-06T08:05:00.000Z,2026-09-06 16:05,1.1111,1.1123,1.1003,1.1096,601491.6,1788682199999,futures
1788682200000,2026-09-06T08:10:00.000Z,2026-09-06 16:10,1.11,1.1223,1.105,1.1098,911439.7,1788682499999,futures
1788682500000,2026-09-06T08:15:00.000Z,2026-09-06 16:15,1.1103,1.1139,1.098,1.0992,743226.6,1788682799999,futures
1788682800000,2026-09-06T08:20:00.000Z,2026-09-06 16:20,1.0988,1.1044,1.0883,1.0984,647618,1788683099999,futures
1788683100000,2026-09-06T08:25:00.000Z,2026-09-06 16:25,1.0988,1.115,1.0975,1.1017,405643.1,1788683399999,futures
1788683400000,2026-09-06T08:30:00.000Z,2026-09-06 16:30,1.1017,1.1026,1.0864,1.0916,492988.1,1788683699999,futures
1788683700000,2026-09-06T08:35:00.000Z,2026-09-06 16:35,1.0916,1.0923,1.0808,1.0867,589357.2,1788683999999,futures
1788684000000,2026-09-06T08:40:00.000Z,2026-09-06 16:40,1.0872,1.09,1.082,1.0829,382499.3,1788684299999,futures
1788684300000,2026-09-06T08:45:00.000Z,2026-09-06 16:45,1.0828,1.0942,1.0825,1.0902,268377.3,1788684599999,futures
1788684600000,2026-09-06T08:50:00.000Z,2026-09-06 16:50,1.09,1.1027,1.0865,1.0973,449690.6,1788684899999,futures
1788684900000,2026-09-06T08:55:00.000Z,2026-09-06 16:55,1.0974,1.1023,1.0905,1.0953,369445.7,1788685199999,futures
1788685200000,2026-09-06T09:00:00.000Z,2026-09-06 17:00,1.0952,1.134,1.0891,1.1243,1080145.2,1788685499999,futures
1788685500000,2026-09-06T09:05:00.000Z,2026-09-06 17:05,1.1245,1.1312,1.1081,1.1152,1001576.7,1788685799999,futures
1788685800000,2026-09-06T09:10:00.000Z,2026-09-06 17:10,1.1148,1.1232,1.1122,1.1145,386531.3,1788686099999,futures
1788686100000,2026-09-06T09:15:00.000Z,2026-09-06 17:15,1.1146,1.1272,1.1125,1.1225,580632,1788686399999,futures
1788686400000,2026-09-06T09:20:00.000Z,2026-09-06 17:20,1.1225,1.1453,1.1208,1.1391,1514582.4,1788686699999,futures
1788686700000,2026-09-06T09:25:00.000Z,2026-09-06 17:25,1.1388,1.148,1.1323,1.1398,687585.2,1788686999999,futures
1788687000000,2026-09-06T09:30:00.000Z,2026-09-06 17:30,1.1397,1.155,1.1329,1.1463,1180628.9,1788687299999,futures
1788687300000,2026-09-06T09:35:00.000Z,2026-09-06 17:35,1.146,1.16,1.1344,1.1521,1114275.7,1788687599999,futures
1788687600000,2026-09-06T09:40:00.000Z,2026-09-06 17:40,1.1523,1.1633,1.149,1.155,962848.3,1788687899999,futures
1788687900000,2026-09-06T09:45:00.000Z,2026-09-06 17:45,1.1551,1.1612,1.1463,1.1579,665967.9,1788688199999,futures
1788688200000,2026-09-06T09:50:00.000Z,2026-09-06 17:50,1.1579,1.1609,1.1426,1.1547,766905.3,1788688499999,futures
1788688500000,2026-09-06T09:55:00.000Z,2026-09-06 17:55,1.1549,1.1573,1.1449,1.1487,499997.6,1788688799999,futures
1788688800000,2026-09-06T10:00:00.000Z,2026-09-06 18:00,1.1485,1.1555,1.139,1.1427,752157.6,1788689099999,futures
1788689100000,2026-09-06T10:05:00.000Z,2026-09-06 18:05,1.1424,1.1495,1.131,1.1368,909857.8,1788689399999,futures
1788689400000,2026-09-06T10:10:00.000Z,2026-09-06 18:10,1.1368,1.1406,1.1318,1.1333,572689.1,1788689699999,futures
1788689700000,2026-09-06T10:15:00.000Z,2026-09-06 18:15,1.1335,1.1421,1.1326,1.137,281073,1788689999999,futures
1788690000000,2026-09-06T10:20:00.000Z,2026-09-06 18:20,1.1373,1.153,1.1342,1.1495,520144.5,1788690299999,futures
1788690300000,2026-09-06T10:25:00.000Z,2026-09-06 18:25,1.1495,1.1526,1.1388,1.1415,504348,1788690599999,futures
1788690600000,2026-09-06T10:30:00.000Z,2026-09-06 18:30,1.1415,1.1516,1.1365,1.1499,516128.1,1788690899999,futures
1788690900000,2026-09-06T10:35:00.000Z,2026-09-06 18:35,1.15,1.1717,1.1446,1.1584,1157139,1788691199999,futures
1788691200000,2026-09-06T10:40:00.000Z,2026-09-06 18:40,1.1584,1.1588,1.1508,1.1522,528468.9,1788691499999,futures
1788691500000,2026-09-06T10:45:00.000Z,2026-09-06 18:45,1.1521,1.1548,1.1458,1.1511,388830.8,1788691799999,futures
1788691800000,2026-09-06T10:50:00.000Z,2026-09-06 18:50,1.1509,1.1666,1.1506,1.1606,554661.3,1788692099999,futures
1788692100000,2026-09-06T10:55:00.000Z,2026-09-06 18:55,1.1605,1.1857,1.1595,1.1778,1379626.5,1788692399999,futures
1788692400000,2026-09-06T11:00:00.000Z,2026-09-06 19:00,1.1774,1.179,1.1579,1.1614,797878.2,1788692699999,futures
1788692700000,2026-09-06T11:05:00.000Z,2026-09-06 19:05,1.1618,1.1688,1.1567,1.1613,465160.6,1788692999999,futures
1788693000000,2026-09-06T11:10:00.000Z,2026-09-06 19:10,1.1614,1.1626,1.1531,1.1621,440413,1788693299999,futures
1788693300000,2026-09-06T11:15:00.000Z,2026-09-06 19:15,1.1619,1.1656,1.1575,1.159,386948.2,1788693599999,futures
1788693600000,2026-09-06T11:20:00.000Z,2026-09-06 19:20,1.1589,1.1626,1.1471,1.1548,614735.5,1788693899999,futures
1788693900000,2026-09-06T11:25:00.000Z,2026-09-06 19:25,1.1548,1.1575,1.1418,1.1502,579465.1,1788694199999,futures
1788694200000,2026-09-06T11:30:00.000Z,2026-09-06 19:30,1.1502,1.1545,1.1387,1.1495,690870.2,1788694499999,futures
1788694500000,2026-09-06T11:35:00.000Z,2026-09-06 19:35,1.1494,1.152,1.1454,1.1509,306940.6,1788694799999,futures
1788694800000,2026-09-06T11:40:00.000Z,2026-09-06 19:40,1.1514,1.1549,1.1446,1.1508,336779.6,1788695099999,futures
1788695100000,2026-09-06T11:45:00.000Z,2026-09-06 19:45,1.1511,1.1578,1.147,1.1571,391286.4,1788695399999,futures
1788695400000,2026-09-06T11:50:00.000Z,2026-09-06 19:50,1.1569,1.1585,1.1515,1.154,312013.9,1788695699999,futures
1788695700000,2026-09-06T11:55:00.000Z,2026-09-06 19:55,1.1537,1.1573,1.1436,1.1542,415241.5,1788695999999,futures
1788696000000,2026-09-06T12:00:00.000Z,2026-09-06 20:00,1.1539,1.1597,1.1465,1.1572,403660.7,1788696299999,futures
1788696300000,2026-09-06T12:05:00.000Z,2026-09-06 20:05,1.1576,1.1591,1.1492,1.1573,273253,1788696599999,futures
1788696600000,2026-09-06T12:10:00.000Z,2026-09-06 20:10,1.1573,1.1579,1.1452,1.154,401635.4,1788696899999,futures
1788696900000,2026-09-06T12:15:00.000Z,2026-09-06 20:15,1.1543,1.1562,1.1414,1.1424,367033.9,1788697199999,futures
1788697200000,2026-09-06T12:20:00.000Z,2026-09-06 20:20,1.1424,1.1568,1.1412,1.1535,403658.3,1788697499999,futures
1788697500000,2026-09-06T12:25:00.000Z,2026-09-06 20:25,1.1534,1.2344,1.1534,1.2321,5205403.5,1788697799999,futures
1788697800000,2026-09-06T12:30:00.000Z,2026-09-06 20:30,1.2326,1.304,1.2281,1.2992,6732643.4,1788698099999,futures
1788698100000,2026-09-06T12:35:00.000Z,2026-09-06 20:35,1.2988,1.3666,1.2948,1.3527,8762910.8,1788698399999,futures
1788698400000,2026-09-06T12:40:00.000Z,2026-09-06 20:40,1.3527,1.3636,1.3222,1.3309,5835605.1,1788698699999,futures
1788698700000,2026-09-06T12:45:00.000Z,2026-09-06 20:45,1.331,1.3514,1.3165,1.3419,3814414.7,1788698999999,futures
1788699000000,2026-09-06T12:50:00.000Z,2026-09-06 20:50,1.3414,1.3874,1.3368,1.3712,4959414.8,1788699299999,futures
1788699300000,2026-09-06T12:55:00.000Z,2026-09-06 20:55,1.3717,1.3947,1.3345,1.3466,4847899.9,1788699599999,futures
1788699600000,2026-09-06T13:00:00.000Z,2026-09-06 21:00,1.3465,1.3654,1.3342,1.3492,3241241.1,1788699899999,futures
1788699900000,2026-09-06T13:05:00.000Z,2026-09-06 21:05,1.3491,1.374,1.3369,1.3603,2429489.1,1788700199999,futures
1788700200000,2026-09-06T13:10:00.000Z,2026-09-06 21:10,1.3598,1.3662,1.3467,1.3526,1701759.1,1788700499999,futures
1788700500000,2026-09-06T13:15:00.000Z,2026-09-06 21:15,1.3518,1.3544,1.322,1.3328,3121024.8,1788700799999,futures
1788700800000,2026-09-06T13:20:00.000Z,2026-09-06 21:20,1.3331,1.3478,1.31,1.3444,3092452.5,1788701099999,futures
1788701100000,2026-09-06T13:25:00.000Z,2026-09-06 21:25,1.3446,1.3618,1.3383,1.3473,1955556,1788701399999,futures
1788701400000,2026-09-06T13:30:00.000Z,2026-09-06 21:30,1.3472,1.3547,1.3351,1.3413,1504366,1788701699999,futures
1788701700000,2026-09-06T13:35:00.000Z,2026-09-06 21:35,1.3411,1.3679,1.3411,1.3633,1912859.1,1788701999999,futures
1788702000000,2026-09-06T13:40:00.000Z,2026-09-06 21:40,1.3631,1.3979,1.3576,1.3764,3653977.6,1788702299999,futures
1788702300000,2026-09-06T13:45:00.000Z,2026-09-06 21:45,1.3765,1.407,1.36,1.3722,4749536.9,1788702599999,futures
1788702600000,2026-09-06T13:50:00.000Z,2026-09-06 21:50,1.3721,1.3816,1.3591,1.3736,2577044.4,1788702899999,futures
1788702900000,2026-09-06T13:55:00.000Z,2026-09-06 21:55,1.3739,1.3773,1.3671,1.3699,1002676.3,1788703199999,futures
1788703200000,2026-09-06T14:00:00.000Z,2026-09-06 22:00,1.3698,1.3773,1.3522,1.3683,2065573.2,1788703499999,futures
1788703500000,2026-09-06T14:05:00.000Z,2026-09-06 22:05,1.3681,1.3749,1.3593,1.3611,1250042,1788703799999,futures
1788703800000,2026-09-06T14:10:00.000Z,2026-09-06 22:10,1.3612,1.364,1.3327,1.3457,3338164.9,1788704099999,futures
1788704100000,2026-09-06T14:15:00.000Z,2026-09-06 22:15,1.3462,1.3479,1.3189,1.3352,2929232.3,1788704399999,futures
1788704400000,2026-09-06T14:20:00.000Z,2026-09-06 22:20,1.335,1.3383,1.3211,1.3265,1740556.5,1788704699999,futures
1788704700000,2026-09-06T14:25:00.000Z,2026-09-06 22:25,1.3263,1.3273,1.2862,1.2923,4945995.7,1788704999999,futures
1788705000000,2026-09-06T14:30:00.000Z,2026-09-06 22:30,1.2922,1.3093,1.2852,1.3088,2774494.2,1788705299999,futures
1788705300000,2026-09-06T14:35:00.000Z,2026-09-06 22:35,1.3089,1.3255,1.3015,1.3202,2657711.1,1788705599999,futures
1788705600000,2026-09-06T14:40:00.000Z,2026-09-06 22:40,1.32,1.3376,1.3121,1.3187,2167987.2,1788705899999,futures
1788705900000,2026-09-06T14:45:00.000Z,2026-09-06 22:45,1.3187,1.3358,1.3151,1.3281,1506103.5,1788706199999,futures
1788706200000,2026-09-06T14:50:00.000Z,2026-09-06 22:50,1.3279,1.3447,1.3267,1.3366,1929770.5,1788706499999,futures
1788706500000,2026-09-06T14:55:00.000Z,2026-09-06 22:55,1.3364,1.3411,1.3217,1.3299,1464308.4,1788706799999,futures
1788706800000,2026-09-06T15:00:00.000Z,2026-09-06 23:00,1.3297,1.353,1.3215,1.3412,2150251.1,1788707099999,futures
1788707100000,2026-09-06T15:05:00.000Z,2026-09-06 23:05,1.3413,1.3464,1.326,1.3318,1524814.3,1788707399999,futures
1788707400000,2026-09-06T15:10:00.000Z,2026-09-06 23:10,1.3319,1.3636,1.3266,1.3491,1635778.8,1788707699999,futures
1788707700000,2026-09-06T15:15:00.000Z,2026-09-06 23:15,1.3488,1.3545,1.3302,1.3441,1732492,1788707999999,futures
1788708000000,2026-09-06T15:20:00.000Z,2026-09-06 23:20,1.3443,1.3455,1.329,1.3364,1252721.8,1788708299999,futures
1788708300000,2026-09-06T15:25:00.000Z,2026-09-06 23:25,1.3369,1.3432,1.33,1.3319,958822.8,1788708599999,futures
1788708600000,2026-09-06T15:30:00.000Z,2026-09-06 23:30,1.3319,1.3333,1.3057,1.3315,2824382.2,1788708899999,futures
1788708900000,2026-09-06T15:35:00.000Z,2026-09-06 23:35,1.3315,1.332,1.3018,1.314,2313278.8,1788709199999,futures
1788709200000,2026-09-06T15:40:00.000Z,2026-09-06 23:40,1.3139,1.3167,1.2904,1.3158,1633081.8,1788709499999,futures
1788709500000,2026-09-06T15:45:00.000Z,2026-09-06 23:45,1.3158,1.3235,1.2985,1.2995,1660493.6,1788709799999,futures
1788709800000,2026-09-06T15:50:00.000Z,2026-09-06 23:50,1.2997,1.3161,1.2985,1.3063,1160951,1788710099999,futures
1788710100000,2026-09-06T15:55:00.000Z,2026-09-06 23:55,1.3063,1.3299,1.3042,1.325,1309456.5,1788710399999,futures
1788710400000,2026-09-06T16:00:00.000Z,2026-09-07 00:00,1.3252,1.3395,1.315,1.3349,1552411.8,1788710699999,futures
1788710700000,2026-09-06T16:05:00.000Z,2026-09-07 00:05,1.335,1.3434,1.3222,1.3318,1241907.4,1788710999999,futures
1788711000000,2026-09-06T16:10:00.000Z,2026-09-07 00:10,1.3317,1.3499,1.3306,1.3447,1355876.5,1788711299999,futures
1788711300000,2026-09-06T16:15:00.000Z,2026-09-07 00:15,1.3445,1.36,1.3346,1.3368,1777741.1,1788711599999,futures
1788711600000,2026-09-06T16:20:00.000Z,2026-09-07 00:20,1.337,1.3382,1.316,1.3208,1729296.1,1788711899999,futures
1788711900000,2026-09-06T16:25:00.000Z,2026-09-07 00:25,1.3207,1.3384,1.3193,1.3327,871497.2,1788712199999,futures
1788712200000,2026-09-06T16:30:00.000Z,2026-09-07 00:30,1.3328,1.3348,1.3217,1.3315,935278.7,1788712499999,futures
1788712500000,2026-09-06T16:35:00.000Z,2026-09-07 00:35,1.3313,1.3362,1.3269,1.3338,600140.5,1788712799999,futures
1788712800000,2026-09-06T16:40:00.000Z,2026-09-07 00:40,1.3338,1.3438,1.3311,1.3327,1066397.7,1788713099999,futures
1788713100000,2026-09-06T16:45:00.000Z,2026-09-07 00:45,1.3325,1.343,1.3214,1.3254,841440.7,1788713399999,futures
1788713400000,2026-09-06T16:50:00.000Z,2026-09-07 00:50,1.3256,1.3398,1.323,1.331,807192.7,1788713699999,futures
1788713700000,2026-09-06T16:55:00.000Z,2026-09-07 00:55,1.331,1.3578,1.3277,1.3482,1224593.8,1788713999999,futures
1788714000000,2026-09-06T17:00:00.000Z,2026-09-07 01:00,1.3483,1.3488,1.3346,1.3391,965862.6,1788714299999,futures
1788714300000,2026-09-06T17:05:00.000Z,2026-09-07 01:05,1.3388,1.339,1.3116,1.3241,1770606,1788714599999,futures
1788714600000,2026-09-06T17:10:00.000Z,2026-09-07 01:10,1.3243,1.4367,1.3239,1.4269,8280955.3,1788714899999,futures
1788714900000,2026-09-06T17:15:00.000Z,2026-09-07 01:15,1.427,1.4422,1.3886,1.3987,4087951.3,1788715199999,futures
1788715200000,2026-09-06T17:20:00.000Z,2026-09-07 01:20,1.3988,1.4029,1.3744,1.3901,2087020.5,1788715499999,futures
1788715500000,2026-09-06T17:25:00.000Z,2026-09-07 01:25,1.3902,1.4055,1.3872,1.3983,1403547.6,1788715799999,futures
1788715800000,2026-09-06T17:30:00.000Z,2026-09-07 01:30,1.3978,1.4013,1.3872,1.3954,1100681.6,1788716099999,futures
1788716100000,2026-09-06T17:35:00.000Z,2026-09-07 01:35,1.3957,1.4099,1.3814,1.3916,1546449.4,1788716399999,futures
1788716400000,2026-09-06T17:40:00.000Z,2026-09-07 01:40,1.3913,1.3985,1.3838,1.3916,728216.9,1788716699999,futures
1788716700000,2026-09-06T17:45:00.000Z,2026-09-07 01:45,1.3919,1.395,1.3755,1.3871,1282131.3,1788716999999,futures
1788717000000,2026-09-06T17:50:00.000Z,2026-09-07 01:50,1.3871,1.3953,1.3832,1.3917,783734.8,1788717299999,futures
1788717300000,2026-09-06T17:55:00.000Z,2026-09-07 01:55,1.3916,1.3933,1.3523,1.3753,2086006,1788717599999,futures
1788717600000,2026-09-06T18:00:00.000Z,2026-09-07 02:00,1.3755,1.3796,1.3629,1.3652,1462139.9,1788717899999,futures
1788717900000,2026-09-06T18:05:00.000Z,2026-09-07 02:05,1.3653,1.3699,1.3533,1.3654,1482363.5,1788718199999,futures
1788718200000,2026-09-06T18:10:00.000Z,2026-09-07 02:10,1.3657,1.3671,1.3412,1.3507,1811941.1,1788718499999,futures
1788718500000,2026-09-06T18:15:00.000Z,2026-09-07 02:15,1.3507,1.3768,1.3453,1.3714,2320155.7,1788718799999,futures
1788718800000,2026-09-06T18:20:00.000Z,2026-09-07 02:20,1.3713,1.3898,1.3684,1.3866,1241230.4,1788719099999,futures
1788719100000,2026-09-06T18:25:00.000Z,2026-09-07 02:25,1.3869,1.3961,1.3784,1.387,1585040.3,1788719399999,futures
1788719400000,2026-09-06T18:30:00.000Z,2026-09-07 02:30,1.3869,1.3998,1.3806,1.3968,1349548,1788719699999,futures
1788719700000,2026-09-06T18:35:00.000Z,2026-09-07 02:35,1.3968,1.4317,1.3948,1.4172,2962005.7,1788719999999,futures
1788720000000,2026-09-06T18:40:00.000Z,2026-09-07 02:40,1.4174,1.4246,1.4051,1.4113,1892305.1,1788720299999,futures
1788720300000,2026-09-06T18:45:00.000Z,2026-09-07 02:45,1.4114,1.4128,1.3835,1.388,2453760,1788720599999,futures
1788720600000,2026-09-06T18:50:00.000Z,2026-09-07 02:50,1.3882,1.3963,1.3866,1.3935,830846.7,1788720899999,futures
1788720900000,2026-09-06T18:55:00.000Z,2026-09-07 02:55,1.3934,1.3953,1.3828,1.3842,765144.4,1788721199999,futures
1788721200000,2026-09-06T19:00:00.000Z,2026-09-07 03:00,1.3842,1.391,1.3683,1.3808,1642184.2,1788721499999,futures
1788721500000,2026-09-06T19:05:00.000Z,2026-09-07 03:05,1.3804,1.3997,1.3797,1.3889,1384548.5,1788721799999,futures
1788721800000,2026-09-06T19:10:00.000Z,2026-09-07 03:10,1.389,1.389,1.3726,1.3743,808344.4,1788722099999,futures
1788722100000,2026-09-06T19:15:00.000Z,2026-09-07 03:15,1.3744,1.3812,1.3614,1.3721,1144749.2,1788722399999,futures
1788722400000,2026-09-06T19:20:00.000Z,2026-09-07 03:20,1.3722,1.3722,1.3285,1.3339,2788179.4,1788722699999,futures
1788722700000,2026-09-06T19:25:00.000Z,2026-09-07 03:25,1.3339,1.3386,1.3119,1.3336,2261858.7,1788722999999,futures
1788723000000,2026-09-06T19:30:00.000Z,2026-09-07 03:30,1.3335,1.3349,1.3124,1.3287,1733347,1788723299999,futures
1788723300000,2026-09-06T19:35:00.000Z,2026-09-07 03:35,1.3286,1.3362,1.2409,1.2707,5471472,1788723599999,futures
1788723600000,2026-09-06T19:40:00.000Z,2026-09-07 03:40,1.2709,1.2844,1.2565,1.2801,2907872.3,1788723899999,futures
1788723900000,2026-09-06T19:45:00.000Z,2026-09-07 03:45,1.2806,1.2881,1.2684,1.2747,1735510.4,1788724199999,futures
1788724200000,2026-09-06T19:50:00.000Z,2026-09-07 03:50,1.2748,1.2789,1.2576,1.2608,1703188.1,1788724499999,futures
1788724500000,2026-09-06T19:55:00.000Z,2026-09-07 03:55,1.2609,1.2699,1.2349,1.2509,2583365.5,1788724799999,futures
1788724800000,2026-09-06T20:00:00.000Z,2026-09-07 04:00,1.251,1.2625,1.2338,1.262,3252712,1788725099999,futures
1788725100000,2026-09-06T20:05:00.000Z,2026-09-07 04:05,1.2618,1.267,1.2459,1.2576,1964368.5,1788725399999,futures
1788725400000,2026-09-06T20:10:00.000Z,2026-09-07 04:10,1.2578,1.2635,1.2511,1.2545,1068291.3,1788725699999,futures
1788725700000,2026-09-06T20:15:00.000Z,2026-09-07 04:15,1.2544,1.2662,1.2517,1.2609,1027907.1,1788725999999,futures
1788726000000,2026-09-06T20:20:00.000Z,2026-09-07 04:20,1.261,1.2805,1.2599,1.2699,1883572,1788726299999,futures
1788726300000,2026-09-06T20:25:00.000Z,2026-09-07 04:25,1.2696,1.2754,1.2623,1.2683,1107434.7,1788726599999,futures
1788726600000,2026-09-06T20:30:00.000Z,2026-09-07 04:30,1.2685,1.2699,1.2485,1.2519,1656407.3,1788726899999,futures
1788726900000,2026-09-06T20:35:00.000Z,2026-09-07 04:35,1.2521,1.2662,1.2426,1.2483,1928630.4,1788727199999,futures
1788727200000,2026-09-06T20:40:00.000Z,2026-09-07 04:40,1.2485,1.2608,1.2429,1.2602,973705.3,1788727499999,futures
1788727500000,2026-09-06T20:45:00.000Z,2026-09-07 04:45,1.2606,1.2649,1.242,1.2449,1352599.8,1788727799999,futures
1788727800000,2026-09-06T20:50:00.000Z,2026-09-07 04:50,1.2449,1.245,1.2062,1.2092,4051844.2,1788728099999,futures
1788728100000,2026-09-06T20:55:00.000Z,2026-09-07 04:55,1.2095,1.2218,1.2051,1.2144,1779556.6,1788728399999,futures
1788728400000,2026-09-06T21:00:00.000Z,2026-09-07 05:00,1.2147,1.2269,1.2114,1.2138,1359549.9,1788728699999,futures
1788728700000,2026-09-06T21:05:00.000Z,2026-09-07 05:05,1.2138,1.2228,1.2082,1.2166,1014190.2,1788728999999,futures
1788729000000,2026-09-06T21:10:00.000Z,2026-09-07 05:10,1.2167,1.2275,1.2155,1.2263,773061.1,1788729299999,futures
1788729300000,2026-09-06T21:15:00.000Z,2026-09-07 05:15,1.2263,1.2434,1.2215,1.2393,1686118.8,1788729599999,futures
1788729600000,2026-09-06T21:20:00.000Z,2026-09-07 05:20,1.2393,1.2435,1.2315,1.2393,991798.9,1788729899999,futures
1788729900000,2026-09-06T21:25:00.000Z,2026-09-07 05:25,1.2393,1.2436,1.2286,1.2325,757326.3,1788730199999,futures
1788730200000,2026-09-06T21:30:00.000Z,2026-09-07 05:30,1.2326,1.2556,1.2303,1.2511,1050160.3,1788730499999,futures
1788730500000,2026-09-06T21:35:00.000Z,2026-09-07 05:35,1.251,1.2625,1.2448,1.2557,1510448,1788730799999,futures
1788730800000,2026-09-06T21:40:00.000Z,2026-09-07 05:40,1.2558,1.2632,1.25,1.2576,898304.6,1788731099999,futures
1788731100000,2026-09-06T21:45:00.000Z,2026-09-07 05:45,1.2577,1.2599,1.2451,1.2583,926115.7,1788731399999,futures
1788731400000,2026-09-06T21:50:00.000Z,2026-09-07 05:50,1.2587,1.2587,1.2482,1.2525,578726.7,1788731699999,futures
1788731700000,2026-09-06T21:55:00.000Z,2026-09-07 05:55,1.2524,1.2586,1.2434,1.2548,661765.8,1788731999999,futures
1788732000000,2026-09-06T22:00:00.000Z,2026-09-07 06:00,1.2546,1.2599,1.2349,1.2445,1079561.1,1788732299999,futures
1788732300000,2026-09-06T22:05:00.000Z,2026-09-07 06:05,1.2444,1.2566,1.2425,1.2475,732489.7,1788732599999,futures
1788732600000,2026-09-06T22:10:00.000Z,2026-09-07 06:10,1.2472,1.2508,1.2416,1.2431,476396.4,1788732899999,futures
1788732900000,2026-09-06T22:15:00.000Z,2026-09-07 06:15,1.243,1.2498,1.237,1.2391,752868.8,1788733199999,futures
1788733200000,2026-09-06T22:20:00.000Z,2026-09-07 06:20,1.24,1.2549,1.2384,1.2481,710779.5,1788733499999,futures
1788733500000,2026-09-06T22:25:00.000Z,2026-09-07 06:25,1.2483,1.2544,1.243,1.252,546620.5,1788733799999,futures
1788733800000,2026-09-06T22:30:00.000Z,2026-09-07 06:30,1.2521,1.2629,1.2475,1.2571,821840.7,1788734099999,futures
1788734100000,2026-09-06T22:35:00.000Z,2026-09-07 06:35,1.2569,1.2582,1.2463,1.2502,772447.6,1788734399999,futures
1788734400000,2026-09-06T22:40:00.000Z,2026-09-07 06:40,1.2502,1.2605,1.2498,1.2536,621215.3,1788734699999,futures
1788734700000,2026-09-06T22:45:00.000Z,2026-09-07 06:45,1.2536,1.2549,1.2432,1.244,648650.5,1788734999999,futures
1788735000000,2026-09-06T22:50:00.000Z,2026-09-07 06:50,1.2441,1.2583,1.2436,1.2578,533608.1,1788735299999,futures
1788735300000,2026-09-06T22:55:00.000Z,2026-09-07 06:55,1.2581,1.2603,1.2461,1.2533,533732.7,1788735599999,futures
1788735600000,2026-09-06T23:00:00.000Z,2026-09-07 07:00,1.2533,1.2763,1.2529,1.2637,1300164.9,1788735899999,futures
1788735900000,2026-09-06T23:05:00.000Z,2026-09-07 07:05,1.2637,1.265,1.2491,1.2609,888733.3,1788736199999,futures
1788736200000,2026-09-06T23:10:00.000Z,2026-09-07 07:10,1.261,1.2772,1.2602,1.2716,957945.2,1788736499999,futures
1788736500000,2026-09-06T23:15:00.000Z,2026-09-07 07:15,1.2716,1.296,1.2704,1.2904,2453258.8,1788736799999,futures
1788736800000,2026-09-06T23:20:00.000Z,2026-09-07 07:20,1.2902,1.3089,1.2828,1.2937,1731621.2,1788737099999,futures
1788737100000,2026-09-06T23:25:00.000Z,2026-09-07 07:25,1.2934,1.2976,1.2843,1.2873,952931.3,1788737399999,futures
1788737400000,2026-09-06T23:30:00.000Z,2026-09-07 07:30,1.2874,1.2938,1.284,1.2919,737637,1788737699999,futures
1788737700000,2026-09-06T23:35:00.000Z,2026-09-07 07:35,1.2915,1.2932,1.2678,1.2761,1159221,1788737999999,futures
1788738000000,2026-09-06T23:40:00.000Z,2026-09-07 07:40,1.2761,1.2778,1.2633,1.2709,769695,1788738299999,futures
1788738300000,2026-09-06T23:45:00.000Z,2026-09-07 07:45,1.2708,1.2832,1.2587,1.2773,1081560.8,1788738599999,futures
1788738600000,2026-09-06T23:50:00.000Z,2026-09-07 07:50,1.2778,1.2839,1.2687,1.2821,683044.3,1788738899999,futures
1788738900000,2026-09-06T23:55:00.000Z,2026-09-07 07:55,1.2818,1.287,1.2732,1.2825,539625.9,1788739199999,futures
1788739200000,2026-09-07T00:00:00.000Z,2026-09-07 08:00,1.2825,1.2915,1.2746,1.2809,1161890.4,1788739499999,futures
1788739500000,2026-09-07T00:05:00.000Z,2026-09-07 08:05,1.2811,1.2893,1.2689,1.2727,721383.9,1788739799999,futures
1788739800000,2026-09-07T00:10:00.000Z,2026-09-07 08:10,1.2731,1.2911,1.2731,1.281,651272.5,1788740099999,futures
1788740100000,2026-09-07T00:15:00.000Z,2026-09-07 08:15,1.2808,1.2834,1.2544,1.2735,947250.4,1788740399999,futures
1788740400000,2026-09-07T00:20:00.000Z,2026-09-07 08:20,1.2731,1.2977,1.2718,1.29,1587113.6,1788740699999,futures
1788740700000,2026-09-07T00:25:00.000Z,2026-09-07 08:25,1.29,1.3363,1.2887,1.3086,3167930.4,1788740999999,futures
1788741000000,2026-09-07T00:30:00.000Z,2026-09-07 08:30,1.3086,1.3123,1.2894,1.2924,1218092.4,1788741299999,futures
1788741300000,2026-09-07T00:35:00.000Z,2026-09-07 08:35,1.2924,1.3066,1.2722,1.2991,1502725.1,1788741599999,futures
1788741600000,2026-09-07T00:40:00.000Z,2026-09-07 08:40,1.299,1.3006,1.2862,1.2882,684987.3,1788741899999,futures
1788741900000,2026-09-07T00:45:00.000Z,2026-09-07 08:45,1.2883,1.2996,1.2856,1.2954,538550.5,1788742199999,futures
1788742200000,2026-09-07T00:50:00.000Z,2026-09-07 08:50,1.2955,1.2999,1.281,1.2818,620282.7,1788742499999,futures
1788742500000,2026-09-07T00:55:00.000Z,2026-09-07 08:55,1.2817,1.2868,1.2604,1.2678,1416996.9,1788742799999,futures
1788742800000,2026-09-07T01:00:00.000Z,2026-09-07 09:00,1.2679,1.2714,1.2321,1.2464,2624839.4,1788743099999,futures
1788743100000,2026-09-07T01:05:00.000Z,2026-09-07 09:05,1.2466,1.2595,1.2422,1.2507,1140102.5,1788743399999,futures
1788743400000,2026-09-07T01:10:00.000Z,2026-09-07 09:10,1.2506,1.2506,1.2216,1.2391,1849626.7,1788743699999,futures
1788743700000,2026-09-07T01:15:00.000Z,2026-09-07 09:15,1.2395,1.2454,1.2268,1.2419,912192.6,1788743999999,futures
1788744000000,2026-09-07T01:20:00.000Z,2026-09-07 09:20,1.2417,1.2517,1.2337,1.2464,1203947.2,1788744299999,futures
1788744300000,2026-09-07T01:25:00.000Z,2026-09-07 09:25,1.2464,1.2524,1.2441,1.2516,556145.7,1788744599999,futures
1788744600000,2026-09-07T01:30:00.000Z,2026-09-07 09:30,1.2516,1.2537,1.2354,1.2435,890135.9,1788744899999,futures
1788744900000,2026-09-07T01:35:00.000Z,2026-09-07 09:35,1.2435,1.2475,1.2323,1.2423,694267.7,1788745199999,futures
1788745200000,2026-09-07T01:40:00.000Z,2026-09-07 09:40,1.2417,1.2436,1.2227,1.2327,1072723.6,1788745499999,futures
1788745500000,2026-09-07T01:45:00.000Z,2026-09-07 09:45,1.2325,1.2343,1.2117,1.2302,1634575,1788745799999,futures
1788745800000,2026-09-07T01:50:00.000Z,2026-09-07 09:50,1.2304,1.2504,1.2299,1.2453,1031897,1788746099999,futures
1788746100000,2026-09-07T01:55:00.000Z,2026-09-07 09:55,1.2454,1.2471,1.24,1.2432,511381.6,1788746399999,futures
1788746400000,2026-09-07T02:00:00.000Z,2026-09-07 10:00,1.2431,1.2494,1.2332,1.2359,665343,1788746699999,futures
1788746700000,2026-09-07T02:05:00.000Z,2026-09-07 10:05,1.2357,1.2372,1.2276,1.2281,475184.4,1788746999999,futures
1788747000000,2026-09-07T02:10:00.000Z,2026-09-07 10:10,1.2279,1.2288,1.1901,1.21,2694212.9,1788747299999,futures
1788747300000,2026-09-07T02:15:00.000Z,2026-09-07 10:15,1.2104,1.221,1.1975,1.2175,1429577,1788747599999,futures
1788747600000,2026-09-07T02:20:00.000Z,2026-09-07 10:20,1.2174,1.2244,1.2101,1.2132,815667.9,1788747899999,futures
1788747900000,2026-09-07T02:25:00.000Z,2026-09-07 10:25,1.2129,1.223,1.2129,1.2184,532314.4,1788748199999,futures
1788748200000,2026-09-07T02:30:00.000Z,2026-09-07 10:30,1.2181,1.2224,1.2135,1.2164,537213.1,1788748499999,futures
1788748500000,2026-09-07T02:35:00.000Z,2026-09-07 10:35,1.2162,1.2388,1.2159,1.2356,1232992.6,1788748799999,futures
1788748800000,2026-09-07T02:40:00.000Z,2026-09-07 10:40,1.2356,1.2447,1.2335,1.2401,954181,1788749099999,futures
1788749100000,2026-09-07T02:45:00.000Z,2026-09-07 10:45,1.2407,1.2444,1.2336,1.2406,649465.1,1788749399999,futures
1788749400000,2026-09-07T02:50:00.000Z,2026-09-07 10:50,1.2404,1.244,1.232,1.235,521068.9,1788749699999,futures
1788749700000,2026-09-07T02:55:00.000Z,2026-09-07 10:55,1.235,1.2356,1.2215,1.2261,644286.4,1788749999999,futures
1788750000000,2026-09-07T03:00:00.000Z,2026-09-07 11:00,1.2261,1.2395,1.2252,1.2296,802064.2,1788750299999,futures
1788750300000,2026-09-07T03:05:00.000Z,2026-09-07 11:05,1.2295,1.2332,1.221,1.2246,423079.1,1788750599999,futures
1788750600000,2026-09-07T03:10:00.000Z,2026-09-07 11:10,1.2242,1.2325,1.2193,1.2278,518151.8,1788750899999,futures
1788750900000,2026-09-07T03:15:00.000Z,2026-09-07 11:15,1.2278,1.2319,1.2202,1.2229,344998.4,1788751199999,futures
1788751200000,2026-09-07T03:20:00.000Z,2026-09-07 11:20,1.2223,1.2246,1.2158,1.2165,426552.5,1788751499999,futures
1788751500000,2026-09-07T03:25:00.000Z,2026-09-07 11:25,1.2166,1.2202,1.2037,1.2114,991276.1,1788751799999,futures
1788751800000,2026-09-07T03:30:00.000Z,2026-09-07 11:30,1.2117,1.2182,1.2068,1.2095,738465.5,1788752099999,futures
1788752100000,2026-09-07T03:35:00.000Z,2026-09-07 11:35,1.2098,1.2116,1.1917,1.1978,1086405.5,1788752399999,futures
1788752400000,2026-09-07T03:40:00.000Z,2026-09-07 11:40,1.1978,1.206,1.1806,1.1908,1554060.8,1788752699999,futures
1788752700000,2026-09-07T03:45:00.000Z,2026-09-07 11:45,1.1908,1.2058,1.1905,1.1994,756054.5,1788752999999,futures
1788753000000,2026-09-07T03:50:00.000Z,2026-09-07 11:50,1.1991,1.2038,1.1947,1.1987,369411.6,1788753299999,futures
1788753300000,2026-09-07T03:55:00.000Z,2026-09-07 11:55,1.1988,1.2036,1.1951,1.1974,348134.9,1788753599999,futures
1788753600000,2026-09-07T04:00:00.000Z,2026-09-07 12:00,1.1971,1.204,1.195,1.2014,440650.1,1788753899999,futures
1788753900000,2026-09-07T04:05:00.000Z,2026-09-07 12:05,1.201,1.2059,1.1941,1.2044,465264,1788754199999,futures
1788754200000,2026-09-07T04:10:00.000Z,2026-09-07 12:10,1.2041,1.2126,1.2033,1.2118,764117.4,1788754499999,futures
1788754500000,2026-09-07T04:15:00.000Z,2026-09-07 12:15,1.2115,1.2161,1.2002,1.2028,574212.5,1788754799999,futures
1788754800000,2026-09-07T04:20:00.000Z,2026-09-07 12:20,1.203,1.2056,1.1965,1.1991,336034.4,1788755099999,futures
1788755100000,2026-09-07T04:25:00.000Z,2026-09-07 12:25,1.1988,1.2045,1.1859,1.1973,741638.7,1788755399999,futures
1788755400000,2026-09-07T04:30:00.000Z,2026-09-07 12:30,1.1971,1.2014,1.1938,1.1973,318677,1788755699999,futures
1788755700000,2026-09-07T04:35:00.000Z,2026-09-07 12:35,1.1971,1.2167,1.1954,1.2089,527371.3,1788755999999,futures
1788756000000,2026-09-07T04:40:00.000Z,2026-09-07 12:40,1.2085,1.2085,1.1956,1.1981,858289.5,1788756299999,futures
1788756300000,2026-09-07T04:45:00.000Z,2026-09-07 12:45,1.1982,1.203,1.1884,1.1975,514763,1788756599999,futures
1788756600000,2026-09-07T04:50:00.000Z,2026-09-07 12:50,1.1973,1.2059,1.1947,1.1989,281183.5,1788756899999,futures
1788756900000,2026-09-07T04:55:00.000Z,2026-09-07 12:55,1.1988,1.2136,1.1976,1.2096,564016.2,1788757199999,futures
1788757200000,2026-09-07T05:00:00.000Z,2026-09-07 13:00,1.2098,1.2131,1.2012,1.2101,299658.7,1788757499999,futures
1788757500000,2026-09-07T05:05:00.000Z,2026-09-07 13:05,1.2101,1.2398,1.2076,1.2284,1465193,1788757799999,futures
1788757800000,2026-09-07T05:10:00.000Z,2026-09-07 13:10,1.2282,1.2478,1.2217,1.2426,953174,1788758099999,futures
1788758100000,2026-09-07T05:15:00.000Z,2026-09-07 13:15,1.2424,1.2441,1.229,1.2303,488829.7,1788758399999,futures
1788758400000,2026-09-07T05:20:00.000Z,2026-09-07 13:20,1.2302,1.2302,1.2187,1.2201,339770.7,1788758699999,futures
1788758700000,2026-09-07T05:25:00.000Z,2026-09-07 13:25,1.2198,1.2198,1.2051,1.2129,880514.8,1788758999999,futures
1788759000000,2026-09-07T05:30:00.000Z,2026-09-07 13:30,1.2126,1.2197,1.2103,1.2139,376282.4,1788759299999,futures
1788759300000,2026-09-07T05:35:00.000Z,2026-09-07 13:35,1.2139,1.2165,1.2086,1.2151,364866.5,1788759599999,futures
1788759600000,2026-09-07T05:40:00.000Z,2026-09-07 13:40,1.2149,1.2165,1.2084,1.2141,219928.8,1788759899999,futures
1788759900000,2026-09-07T05:45:00.000Z,2026-09-07 13:45,1.2141,1.2189,1.2063,1.2098,339445.3,1788760199999,futures
1788760200000,2026-09-07T05:50:00.000Z,2026-09-07 13:50,1.2103,1.2103,1.201,1.2045,326833.5,1788760499999,futures
1788760500000,2026-09-07T05:55:00.000Z,2026-09-07 13:55,1.204,1.2078,1.2001,1.2028,189058.6,1788760799999,futures
1788760800000,2026-09-07T06:00:00.000Z,2026-09-07 14:00,1.2028,1.2152,1.1961,1.2121,702393.5,1788761099999,futures
1788761100000,2026-09-07T06:05:00.000Z,2026-09-07 14:05,1.2123,1.2146,1.2061,1.2079,195363.7,1788761399999,futures
1788761400000,2026-09-07T06:10:00.000Z,2026-09-07 14:10,1.2076,1.2198,1.2055,1.2181,440255.8,1788761699999,futures
1788761700000,2026-09-07T06:15:00.000Z,2026-09-07 14:15,1.2179,1.2186,1.2091,1.2126,261727.9,1788761999999,futures
1788762000000,2026-09-07T06:20:00.000Z,2026-09-07 14:20,1.2124,1.2129,1.167,1.1751,1591789.1,1788762299999,futures
1788762300000,2026-09-07T06:25:00.000Z,2026-09-07 14:25,1.1752,1.1887,1.1716,1.1851,792683.4,1788762599999,futures
1788762600000,2026-09-07T06:30:00.000Z,2026-09-07 14:30,1.1848,1.1877,1.1778,1.1804,421881.6,1788762899999,futures
1788762900000,2026-09-07T06:35:00.000Z,2026-09-07 14:35,1.1806,1.1884,1.1775,1.1787,489401.6,1788763199999,futures
1788763200000,2026-09-07T06:40:00.000Z,2026-09-07 14:40,1.1787,1.1849,1.1769,1.1785,223243.9,1788763499999,futures
1788763500000,2026-09-07T06:45:00.000Z,2026-09-07 14:45,1.1786,1.1899,1.178,1.1849,365303.4,1788763799999,futures
1788763800000,2026-09-07T06:50:00.000Z,2026-09-07 14:50,1.1852,1.1975,1.1849,1.1882,516636.8,1788764099999,futures
1788764100000,2026-09-07T06:55:00.000Z,2026-09-07 14:55,1.1882,1.1953,1.1882,1.1915,165056.3,1788764399999,futures
1788764400000,2026-09-07T07:00:00.000Z,2026-09-07 15:00,1.1915,1.1918,1.1826,1.1855,220210.7,1788764699999,futures
1788764700000,2026-09-07T07:05:00.000Z,2026-09-07 15:05,1.1855,1.1899,1.1833,1.1871,122657.3,1788764999999,futures
1788765000000,2026-09-07T07:10:00.000Z,2026-09-07 15:10,1.187,1.1999,1.1816,1.1946,521179.3,1788765299999,futures
1788765300000,2026-09-07T07:15:00.000Z,2026-09-07 15:15,1.1942,1.2147,1.1936,1.2021,1136027.6,1788765599999,futures
1788765600000,2026-09-07T07:20:00.000Z,2026-09-07 15:20,1.2023,1.2079,1.1884,1.1915,644061,1788765899999,futures
1788765900000,2026-09-07T07:25:00.000Z,2026-09-07 15:25,1.1912,1.2008,1.1907,1.1966,261895.9,1788766199999,futures
1788766200000,2026-09-07T07:30:00.000Z,2026-09-07 15:30,1.1963,1.2002,1.1864,1.1928,384138.9,1788766499999,futures
1788766500000,2026-09-07T07:35:00.000Z,2026-09-07 15:35,1.193,1.194,1.1778,1.1823,507542.2,1788766799999,futures
1788766800000,2026-09-07T07:40:00.000Z,2026-09-07 15:40,1.1824,1.1956,1.1794,1.1906,396993.6,1788767099999,futures
1788767100000,2026-09-07T07:45:00.000Z,2026-09-07 15:45,1.1907,1.1907,1.1795,1.1847,302640.3,1788767399999,futures
1788767400000,2026-09-07T07:50:00.000Z,2026-09-07 15:50,1.1847,1.1889,1.1826,1.1846,231465.5,1788767699999,futures
1788767700000,2026-09-07T07:55:00.000Z,2026-09-07 15:55,1.1849,1.1959,1.1843,1.187,394691.9,1788767999999,futures
1788768000000,2026-09-07T08:00:00.000Z,2026-09-07 16:00,1.1868,1.1895,1.185,1.1855,205604.2,1788768299999,futures
1788768300000,2026-09-07T08:05:00.000Z,2026-09-07 16:05,1.1855,1.1925,1.1836,1.1923,299341.5,1788768599999,futures
1788768600000,2026-09-07T08:10:00.000Z,2026-09-07 16:10,1.1924,1.197,1.1897,1.1931,274443.4,1788768899999,futures
1788768900000,2026-09-07T08:15:00.000Z,2026-09-07 16:15,1.1931,1.2035,1.1927,1.1965,325457.6,1788769199999,futures
1788769200000,2026-09-07T08:20:00.000Z,2026-09-07 16:20,1.1962,1.1988,1.1901,1.1925,257462.4,1788769499999,futures
1788769500000,2026-09-07T08:25:00.000Z,2026-09-07 16:25,1.1925,1.2017,1.1912,1.1967,287872.7,1788769799999,futures
1788769800000,2026-09-07T08:30:00.000Z,2026-09-07 16:30,1.1966,1.2046,1.1932,1.1951,341228.6,1788770099999,futures
1788770100000,2026-09-07T08:35:00.000Z,2026-09-07 16:35,1.195,1.203,1.195,1.1998,230390.6,1788770399999,futures
1788770400000,2026-09-07T08:40:00.000Z,2026-09-07 16:40,1.1998,1.2108,1.1998,1.2057,519903.7,1788770699999,futures
1788770700000,2026-09-07T08:45:00.000Z,2026-09-07 16:45,1.2051,1.2175,1.205,1.213,561700.4,1788770999999,futures
1788771000000,2026-09-07T08:50:00.000Z,2026-09-07 16:50,1.213,1.2254,1.2108,1.2191,653728.5,1788771299999,futures
1788771300000,2026-09-07T08:55:00.000Z,2026-09-07 16:55,1.2186,1.2266,1.2166,1.2257,394347.1,1788771599999,futures
1788771600000,2026-09-07T09:00:00.000Z,2026-09-07 17:00,1.2255,1.2286,1.1956,1.2074,909715.2,1788771899999,futures
1788771900000,2026-09-07T09:05:00.000Z,2026-09-07 17:05,1.2073,1.216,1.2052,1.2102,442103.5,1788772199999,futures
1788772200000,2026-09-07T09:10:00.000Z,2026-09-07 17:10,1.2101,1.2162,1.208,1.2095,349860.6,1788772499999,futures
1788772500000,2026-09-07T09:15:00.000Z,2026-09-07 17:15,1.2095,1.2139,1.2025,1.2122,350632.2,1788772799999,futures
1788772800000,2026-09-07T09:20:00.000Z,2026-09-07 17:20,1.2118,1.2119,1.204,1.2075,153285.8,1788773099999,futures
1788773100000,2026-09-07T09:25:00.000Z,2026-09-07 17:25,1.2075,1.2108,1.2052,1.2062,111185,1788773399999,futures
1788773400000,2026-09-07T09:30:00.000Z,2026-09-07 17:30,1.2062,1.2142,1.2061,1.212,140226.9,1788773699999,futures
1788773700000,2026-09-07T09:35:00.000Z,2026-09-07 17:35,1.212,1.2141,1.2018,1.2043,217838.1,1788773999999,futures
1788774000000,2026-09-07T09:40:00.000Z,2026-09-07 17:40,1.2046,1.208,1.1961,1.1977,356862.5,1788774299999,futures
1788774300000,2026-09-07T09:45:00.000Z,2026-09-07 17:45,1.1978,1.2018,1.1926,1.1963,338077,1788774599999,futures
1788774600000,2026-09-07T09:50:00.000Z,2026-09-07 17:50,1.1964,1.2032,1.1928,1.1955,173276.2,1788774899999,futures
1788774900000,2026-09-07T09:55:00.000Z,2026-09-07 17:55,1.1956,1.2008,1.1878,1.1935,302405.4,1788775199999,futures
1788775200000,2026-09-07T10:00:00.000Z,2026-09-07 18:00,1.1935,1.1992,1.1907,1.1909,252288.7,1788775499999,futures
1788775500000,2026-09-07T10:05:00.000Z,2026-09-07 18:05,1.191,1.1944,1.1857,1.1909,240813.8,1788775799999,futures
1788775800000,2026-09-07T10:10:00.000Z,2026-09-07 18:10,1.1908,1.1933,1.1879,1.1918,192501,1788776099999,futures
1788776100000,2026-09-07T10:15:00.000Z,2026-09-07 18:15,1.1915,1.192,1.1726,1.1836,1032466.3,1788776399999,futures
1788776400000,2026-09-07T10:20:00.000Z,2026-09-07 18:20,1.1836,1.1847,1.1797,1.1822,227954.3,1788776699999,futures
1788776700000,2026-09-07T10:25:00.000Z,2026-09-07 18:25,1.1818,1.1854,1.1739,1.1841,373417.9,1788776999999,futures
1788777000000,2026-09-07T10:30:00.000Z,2026-09-07 18:30,1.1845,1.1885,1.1797,1.1829,306401,1788777299999,futures
1788777300000,2026-09-07T10:35:00.000Z,2026-09-07 18:35,1.1831,1.1856,1.1794,1.1846,146690,1788777599999,futures
1788777600000,2026-09-07T10:40:00.000Z,2026-09-07 18:40,1.1843,1.1988,1.1842,1.1964,509514.7,1788777899999,futures
1788777900000,2026-09-07T10:45:00.000Z,2026-09-07 18:45,1.1965,1.2038,1.1954,1.2014,439935.9,1788778199999,futures
1788778200000,2026-09-07T10:50:00.000Z,2026-09-07 18:50,1.2014,1.2062,1.1987,1.2013,479936,1788778499999,futures
1788778500000,2026-09-07T10:55:00.000Z,2026-09-07 18:55,1.2013,1.2017,1.1963,1.1965,106388.5,1788778799999,futures
1788778800000,2026-09-07T11:00:00.000Z,2026-09-07 19:00,1.1965,1.203,1.1921,1.198,225169.5,1788779099999,futures
1788779100000,2026-09-07T11:05:00.000Z,2026-09-07 19:05,1.1979,1.2018,1.1967,1.2009,115041.1,1788779399999,futures
1788779400000,2026-09-07T11:10:00.000Z,2026-09-07 19:10,1.2008,1.2046,1.1959,1.1962,131771.7,1788779699999,futures
1788779700000,2026-09-07T11:15:00.000Z,2026-09-07 19:15,1.1961,1.2009,1.1955,1.1969,118644.1,1788779999999,futures
1788780000000,2026-09-07T11:20:00.000Z,2026-09-07 19:20,1.1972,1.1993,1.1904,1.1904,273138.2,1788780299999,futures
1788780300000,2026-09-07T11:25:00.000Z,2026-09-07 19:25,1.1907,1.1922,1.1815,1.1835,461588,1788780599999,futures
1788780600000,2026-09-07T11:30:00.000Z,2026-09-07 19:30,1.1831,1.1882,1.1807,1.1872,255400.4,1788780899999,futures
1788780900000,2026-09-07T11:35:00.000Z,2026-09-07 19:35,1.1874,1.1892,1.1809,1.1855,297857.6,1788781199999,futures
1788781200000,2026-09-07T11:40:00.000Z,2026-09-07 19:40,1.1853,1.1854,1.166,1.1733,1013237.1,1788781499999,futures
1788781500000,2026-09-07T11:45:00.000Z,2026-09-07 19:45,1.1732,1.1814,1.1648,1.1798,874836.9,1788781799999,futures
1788781800000,2026-09-07T11:50:00.000Z,2026-09-07 19:50,1.1793,1.1814,1.1742,1.1759,375812.7,1788782099999,futures
1788782100000,2026-09-07T11:55:00.000Z,2026-09-07 19:55,1.176,1.1795,1.1741,1.1758,307580.6,1788782399999,futures
1788782400000,2026-09-07T12:00:00.000Z,2026-09-07 20:00,1.1761,1.1826,1.1749,1.1787,203335.4,1788782699999,futures
1788782700000,2026-09-07T12:05:00.000Z,2026-09-07 20:05,1.1786,1.1875,1.1782,1.1848,260365.4,1788782999999,futures
1788783000000,2026-09-07T12:10:00.000Z,2026-09-07 20:10,1.1846,1.1848,1.1799,1.1818,185292.2,1788783299999,futures
1788783300000,2026-09-07T12:15:00.000Z,2026-09-07 20:15,1.1817,1.1889,1.1815,1.1862,175069.9,1788783599999,futures
1788783600000,2026-09-07T12:20:00.000Z,2026-09-07 20:20,1.1862,1.1896,1.1862,1.1881,140046,1788783899999,futures
1788783900000,2026-09-07T12:25:00.000Z,2026-09-07 20:25,1.188,1.1938,1.186,1.1877,256331.7,1788784199999,futures
1788784200000,2026-09-07T12:30:00.000Z,2026-09-07 20:30,1.1877,1.195,1.1872,1.1873,181221.8,1788784499999,futures
1788784500000,2026-09-07T12:35:00.000Z,2026-09-07 20:35,1.1873,1.1942,1.1855,1.1873,198609.7,1788784799999,futures
1788784800000,2026-09-07T12:40:00.000Z,2026-09-07 20:40,1.1874,1.1885,1.1795,1.1872,247153.1,1788785099999,futures
1788785100000,2026-09-07T12:45:00.000Z,2026-09-07 20:45,1.187,1.1958,1.1859,1.1953,169662.7,1788785399999,futures
1788785400000,2026-09-07T12:50:00.000Z,2026-09-07 20:50,1.195,1.2022,1.1939,1.1977,344232.1,1788785699999,futures
1788785700000,2026-09-07T12:55:00.000Z,2026-09-07 20:55,1.1976,1.2148,1.1975,1.2046,767997.9,1788785999999,futures
1788786000000,2026-09-07T13:00:00.000Z,2026-09-07 21:00,1.2044,1.2075,1.1985,1.2012,285927.9,1788786299999,futures
1788786300000,2026-09-07T13:05:00.000Z,2026-09-07 21:05,1.2011,1.202,1.1938,1.1974,267466.2,1788786599999,futures
1788786600000,2026-09-07T13:10:00.000Z,2026-09-07 21:10,1.1976,1.2004,1.1914,1.1992,343413,1788786899999,futures
1788786900000,2026-09-07T13:15:00.000Z,2026-09-07 21:15,1.1994,1.2017,1.1912,1.1926,199496.1,1788787199999,futures
1788787200000,2026-09-07T13:20:00.000Z,2026-09-07 21:20,1.1926,1.1944,1.1865,1.1917,356344.5,1788787499999,futures
1788787500000,2026-09-07T13:25:00.000Z,2026-09-07 21:25,1.1919,1.1931,1.1863,1.187,190057,1788787799999,futures
1788787800000,2026-09-07T13:30:00.000Z,2026-09-07 21:30,1.1873,1.1874,1.1789,1.1804,292635.1,1788788099999,futures
1788788100000,2026-09-07T13:35:00.000Z,2026-09-07 21:35,1.1801,1.1845,1.177,1.1833,319264.1,1788788399999,futures
1788788400000,2026-09-07T13:40:00.000Z,2026-09-07 21:40,1.1833,1.1834,1.1773,1.1795,187055.3,1788788699999,futures
1788788700000,2026-09-07T13:45:00.000Z,2026-09-07 21:45,1.1794,1.1799,1.1757,1.1766,186411.8,1788788999999,futures
1788789000000,2026-09-07T13:50:00.000Z,2026-09-07 21:50,1.1765,1.1819,1.17,1.1795,559562.2,1788789299999,futures
1788789300000,2026-09-07T13:55:00.000Z,2026-09-07 21:55,1.1792,1.1833,1.1747,1.1779,321904.5,1788789599999,futures
1788789600000,2026-09-07T14:00:00.000Z,2026-09-07 22:00,1.1775,1.1867,1.1755,1.18,434583.5,1788789899999,futures
1788789900000,2026-09-07T14:05:00.000Z,2026-09-07 22:05,1.18,1.1805,1.1661,1.1762,543679,1788790199999,futures
1788790200000,2026-09-07T14:10:00.000Z,2026-09-07 22:10,1.176,1.1791,1.1676,1.1739,408373.6,1788790499999,futures
1788790500000,2026-09-07T14:15:00.000Z,2026-09-07 22:15,1.1744,1.1807,1.1719,1.1769,335918.3,1788790799999,futures
1788790800000,2026-09-07T14:20:00.000Z,2026-09-07 22:20,1.1772,1.1816,1.1743,1.1796,262108.3,1788791099999,futures
1788791100000,2026-09-07T14:25:00.000Z,2026-09-07 22:25,1.1796,1.1833,1.176,1.1805,250913.1,1788791399999,futures
1788791400000,2026-09-07T14:30:00.000Z,2026-09-07 22:30,1.1808,1.1827,1.1775,1.1799,158407.6,1788791699999,futures
1788791700000,2026-09-07T14:35:00.000Z,2026-09-07 22:35,1.1799,1.1832,1.172,1.1725,202903.7,1788791999999,futures
1788792000000,2026-09-07T14:40:00.000Z,2026-09-07 22:40,1.1725,1.1768,1.1652,1.1768,379557.5,1788792299999,futures
1788792300000,2026-09-07T14:45:00.000Z,2026-09-07 22:45,1.1765,1.1765,1.168,1.1752,193473.7,1788792599999,futures
1788792600000,2026-09-07T14:50:00.000Z,2026-09-07 22:50,1.1748,1.184,1.1741,1.1807,295875.8,1788792899999,futures
1788792900000,2026-09-07T14:55:00.000Z,2026-09-07 22:55,1.1806,1.1834,1.1787,1.1824,197046.2,1788793199999,futures
1788793200000,2026-09-07T15:00:00.000Z,2026-09-07 23:00,1.1826,1.1846,1.1732,1.1732,242770.2,1788793499999,futures
1788793500000,2026-09-07T15:05:00.000Z,2026-09-07 23:05,1.1737,1.1798,1.172,1.177,149233.5,1788793799999,futures
1788793800000,2026-09-07T15:10:00.000Z,2026-09-07 23:10,1.1769,1.1772,1.1532,1.1576,1031058.2,1788794099999,futures
1788794100000,2026-09-07T15:15:00.000Z,2026-09-07 23:15,1.1577,1.1732,1.1532,1.1715,753646.7,1788794399999,futures
1788794400000,2026-09-07T15:20:00.000Z,2026-09-07 23:20,1.1718,1.1723,1.1637,1.1662,374103.4,1788794699999,futures
1788794700000,2026-09-07T15:25:00.000Z,2026-09-07 23:25,1.166,1.1673,1.1571,1.1587,428503.9,1788794999999,futures
1788795000000,2026-09-07T15:30:00.000Z,2026-09-07 23:30,1.1588,1.1637,1.1572,1.1613,351416.1,1788795299999,futures
1788795300000,2026-09-07T15:35:00.000Z,2026-09-07 23:35,1.1617,1.1676,1.1617,1.163,309265.7,1788795599999,futures
1788795600000,2026-09-07T15:40:00.000Z,2026-09-07 23:40,1.1629,1.1644,1.1568,1.1612,273934,1788795899999,futures
1788795900000,2026-09-07T15:45:00.000Z,2026-09-07 23:45,1.1613,1.1663,1.1535,1.1646,316754.2,1788796199999,futures
1788796200000,2026-09-07T15:50:00.000Z,2026-09-07 23:50,1.1642,1.1695,1.1637,1.1654,365558.5,1788796499999,futures
1788796500000,2026-09-07T15:55:00.000Z,2026-09-07 23:55,1.1654,1.1688,1.1641,1.1662,160362.5,1788796799999,futures
1788796800000,2026-09-07T16:00:00.000Z,2026-09-08 00:00,1.1663,1.176,1.165,1.1725,253400.5,1788797099999,futures
1788797100000,2026-09-07T16:05:00.000Z,2026-09-08 00:05,1.1727,1.1778,1.1727,1.1763,104467.5,1788797399999,futures
1788797400000,2026-09-07T16:10:00.000Z,2026-09-08 00:10,1.1765,1.1787,1.1721,1.1746,120307.1,1788797699999,futures
1788797700000,2026-09-07T16:15:00.000Z,2026-09-08 00:15,1.1746,1.1794,1.1741,1.1767,113050.6,1788797999999,futures
1788798000000,2026-09-07T16:20:00.000Z,2026-09-08 00:20,1.1767,1.177,1.1688,1.1741,255452.3,1788798299999,futures
1788798300000,2026-09-07T16:25:00.000Z,2026-09-08 00:25,1.1741,1.1755,1.1641,1.168,288481.8,1788798599999,futures
1788798600000,2026-09-07T16:30:00.000Z,2026-09-08 00:30,1.168,1.1772,1.1664,1.1753,105334,1788798899999,futures
1788798900000,2026-09-07T16:35:00.000Z,2026-09-08 00:35,1.1753,1.1838,1.1749,1.1796,327637.6,1788799199999,futures
1788799200000,2026-09-07T16:40:00.000Z,2026-09-08 00:40,1.1794,1.1803,1.1732,1.1743,129073.4,1788799499999,futures
1788799500000,2026-09-07T16:45:00.000Z,2026-09-08 00:45,1.1746,1.1755,1.1678,1.1691,306469.8,1788799799999,futures
1788799800000,2026-09-07T16:50:00.000Z,2026-09-08 00:50,1.1688,1.1775,1.1688,1.1754,118646.7,1788800099999,futures
1788800100000,2026-09-07T16:55:00.000Z,2026-09-08 00:55,1.1757,1.1759,1.1683,1.1708,161591.6,1788800399999,futures
1788800400000,2026-09-07T17:00:00.000Z,2026-09-08 01:00,1.1709,1.1729,1.1695,1.1701,119195.7,1788800699999,futures
1788800700000,2026-09-07T17:05:00.000Z,2026-09-08 01:05,1.1704,1.1761,1.1704,1.1748,96190.4,1788800999999,futures
1788801000000,2026-09-07T17:10:00.000Z,2026-09-08 01:10,1.1751,1.1805,1.1748,1.1771,133862.6,1788801299999,futures
1788801300000,2026-09-07T17:15:00.000Z,2026-09-08 01:15,1.1767,1.18,1.176,1.1798,102213.8,1788801599999,futures
1788801600000,2026-09-07T17:20:00.000Z,2026-09-08 01:20,1.1799,1.1799,1.1745,1.1763,101418.2,1788801899999,futures
1788801900000,2026-09-07T17:25:00.000Z,2026-09-08 01:25,1.1762,1.182,1.1714,1.1813,189214.8,1788802199999,futures
1788802200000,2026-09-07T17:30:00.000Z,2026-09-08 01:30,1.1815,1.1817,1.1751,1.1757,104691.7,1788802499999,futures
1788802500000,2026-09-07T17:35:00.000Z,2026-09-08 01:35,1.1759,1.1767,1.1733,1.1733,74618,1788802799999,futures
1788802800000,2026-09-07T17:40:00.000Z,2026-09-08 01:40,1.1732,1.1749,1.1679,1.168,117504.2,1788803099999,futures
1788803100000,2026-09-07T17:45:00.000Z,2026-09-08 01:45,1.1681,1.1706,1.1668,1.1687,181229.8,1788803399999,futures
1788803400000,2026-09-07T17:50:00.000Z,2026-09-08 01:50,1.1685,1.172,1.1667,1.1676,69043.1,1788803699999,futures
1788803700000,2026-09-07T17:55:00.000Z,2026-09-08 01:55,1.1675,1.1678,1.1607,1.1626,219756.5,1788803999999,futures
1788804000000,2026-09-07T18:00:00.000Z,2026-09-08 02:00,1.1628,1.1653,1.159,1.1637,209119.8,1788804299999,futures
1788804300000,2026-09-07T18:05:00.000Z,2026-09-08 02:05,1.1634,1.1667,1.1582,1.1614,178924.4,1788804599999,futures
1788804600000,2026-09-07T18:10:00.000Z,2026-09-08 02:10,1.1615,1.1635,1.1579,1.1594,117850.6,1788804899999,futures
1788804900000,2026-09-07T18:15:00.000Z,2026-09-08 02:15,1.1594,1.1606,1.1552,1.1583,166208.5,1788805199999,futures
1788805200000,2026-09-07T18:20:00.000Z,2026-09-08 02:20,1.1583,1.1587,1.155,1.1567,114981.7,1788805499999,futures
1788805500000,2026-09-07T18:25:00.000Z,2026-09-08 02:25,1.1569,1.1634,1.1569,1.1614,140565.5,1788805799999,futures
1788805800000,2026-09-07T18:30:00.000Z,2026-09-08 02:30,1.1618,1.1624,1.1578,1.1595,75927,1788806099999,futures
1788806100000,2026-09-07T18:35:00.000Z,2026-09-08 02:35,1.1596,1.1664,1.1596,1.1664,115756.9,1788806399999,futures
1788806400000,2026-09-07T18:40:00.000Z,2026-09-08 02:40,1.1661,1.1714,1.1646,1.1697,283090.1,1788806699999,futures
1788806700000,2026-09-07T18:45:00.000Z,2026-09-08 02:45,1.1701,1.172,1.1667,1.1696,117115,1788806999999,futures
1788807000000,2026-09-07T18:50:00.000Z,2026-09-08 02:50,1.1696,1.172,1.1452,1.1504,886221.1,1788807299999,futures
1788807300000,2026-09-07T18:55:00.000Z,2026-09-08 02:55,1.1502,1.1569,1.1445,1.152,361340,1788807599999,futures
1788807600000,2026-09-07T19:00:00.000Z,2026-09-08 03:00,1.1523,1.1592,1.1517,1.1579,267125.8,1788807899999,futures
1788807900000,2026-09-07T19:05:00.000Z,2026-09-08 03:05,1.158,1.1612,1.1507,1.153,309428.2,1788808199999,futures
1788808200000,2026-09-07T19:10:00.000Z,2026-09-08 03:10,1.153,1.1595,1.153,1.159,127350.4,1788808499999,futures
1788808500000,2026-09-07T19:15:00.000Z,2026-09-08 03:15,1.1592,1.1633,1.1588,1.1633,137215.4,1788808799999,futures
1788808800000,2026-09-07T19:20:00.000Z,2026-09-08 03:20,1.1633,1.1666,1.163,1.1657,104663.6,1788809099999,futures
1788809100000,2026-09-07T19:25:00.000Z,2026-09-08 03:25,1.1661,1.167,1.163,1.1646,68699.1,1788809399999,futures
1788809400000,2026-09-07T19:30:00.000Z,2026-09-08 03:30,1.1647,1.1678,1.1647,1.167,62969.3,1788809699999,futures
1788809700000,2026-09-07T19:35:00.000Z,2026-09-08 03:35,1.1671,1.1687,1.1647,1.1649,73510.6,1788809999999,futures
1788810000000,2026-09-07T19:40:00.000Z,2026-09-08 03:40,1.165,1.1685,1.1637,1.1654,70697.4,1788810299999,futures
1788810300000,2026-09-07T19:45:00.000Z,2026-09-08 03:45,1.1656,1.1669,1.1625,1.1643,47116.1,1788810599999,futures
1788810600000,2026-09-07T19:50:00.000Z,2026-09-08 03:50,1.1643,1.1665,1.1635,1.1639,35851.3,1788810899999,futures
1788810900000,2026-09-07T19:55:00.000Z,2026-09-08 03:55,1.1639,1.1658,1.1626,1.1655,57113,1788811199999,futures
1788811200000,2026-09-07T20:00:00.000Z,2026-09-08 04:00,1.1658,1.1735,1.1618,1.1625,217695.6,1788811499999,futures
1788811500000,2026-09-07T20:05:00.000Z,2026-09-08 04:05,1.162,1.1621,1.1574,1.1596,116758.4,1788811799999,futures
1788811800000,2026-09-07T20:10:00.000Z,2026-09-08 04:10,1.1597,1.1612,1.1568,1.1593,141411.3,1788812099999,futures
1788812100000,2026-09-07T20:15:00.000Z,2026-09-08 04:15,1.1592,1.1649,1.1566,1.1589,202635.8,1788812399999,futures
1788812400000,2026-09-07T20:20:00.000Z,2026-09-08 04:20,1.1589,1.1599,1.1537,1.156,202466.9,1788812699999,futures
1788812700000,2026-09-07T20:25:00.000Z,2026-09-08 04:25,1.156,1.1608,1.1552,1.1597,93307,1788812999999,futures
1788813000000,2026-09-07T20:30:00.000Z,2026-09-08 04:30,1.1596,1.1615,1.158,1.1597,81534.6,1788813299999,futures
1788813300000,2026-09-07T20:35:00.000Z,2026-09-08 04:35,1.1597,1.1615,1.1576,1.1576,32132.7,1788813599999,futures
1788813600000,2026-09-07T20:40:00.000Z,2026-09-08 04:40,1.1576,1.1611,1.1559,1.1573,116730.5,1788813899999,futures
1788813900000,2026-09-07T20:45:00.000Z,2026-09-08 04:45,1.1575,1.1587,1.1547,1.1571,123164.2,1788814199999,futures
1788814200000,2026-09-07T20:50:00.000Z,2026-09-08 04:50,1.1571,1.1581,1.155,1.1566,70884.3,1788814499999,futures
1788814500000,2026-09-07T20:55:00.000Z,2026-09-08 04:55,1.1567,1.1603,1.155,1.1568,65280.1,1788814799999,futures
1788814800000,2026-09-07T21:00:00.000Z,2026-09-08 05:00,1.1571,1.1603,1.1545,1.159,108271.4,1788815099999,futures
1788815100000,2026-09-07T21:05:00.000Z,2026-09-08 05:05,1.159,1.1609,1.1576,1.1581,72658.9,1788815399999,futures
1788815400000,2026-09-07T21:10:00.000Z,2026-09-08 05:10,1.1581,1.1615,1.158,1.1611,77950.5,1788815699999,futures
1788815700000,2026-09-07T21:15:00.000Z,2026-09-08 05:15,1.1608,1.1624,1.1579,1.162,77478.9,1788815999999,futures
1788816000000,2026-09-07T21:20:00.000Z,2026-09-08 05:20,1.1621,1.1644,1.1617,1.1637,79119.4,1788816299999,futures
1788816300000,2026-09-07T21:25:00.000Z,2026-09-08 05:25,1.1639,1.1676,1.1637,1.1656,84748.1,1788816599999,futures
1788816600000,2026-09-07T21:30:00.000Z,2026-09-08 05:30,1.1657,1.1661,1.1622,1.163,58538.9,1788816899999,futures
1788816900000,2026-09-07T21:35:00.000Z,2026-09-08 05:35,1.1628,1.163,1.1586,1.1592,52496.2,1788817199999,futures
1788817200000,2026-09-07T21:40:00.000Z,2026-09-08 05:40,1.1593,1.1603,1.1575,1.1589,45257.4,1788817499999,futures
1788817500000,2026-09-07T21:45:00.000Z,2026-09-08 05:45,1.1592,1.1606,1.1582,1.1593,29613,1788817799999,futures
1788817800000,2026-09-07T21:50:00.000Z,2026-09-08 05:50,1.1593,1.1594,1.1527,1.1569,121512.6,1788818099999,futures
1788818100000,2026-09-07T21:55:00.000Z,2026-09-08 05:55,1.157,1.1643,1.157,1.1633,87441,1788818399999,futures
1788818400000,2026-09-07T22:00:00.000Z,2026-09-08 06:00,1.1634,1.166,1.1555,1.1575,118012.6,1788818699999,futures
1788818700000,2026-09-07T22:05:00.000Z,2026-09-08 06:05,1.1577,1.1602,1.1537,1.1598,49770.4,1788818999999,futures
1788819000000,2026-09-07T22:10:00.000Z,2026-09-08 06:10,1.1601,1.1638,1.158,1.1617,88892.9,1788819299999,futures
1788819300000,2026-09-07T22:15:00.000Z,2026-09-08 06:15,1.1619,1.1645,1.1571,1.1643,64690.3,1788819599999,futures
1788819600000,2026-09-07T22:20:00.000Z,2026-09-08 06:20,1.1644,1.1707,1.1612,1.1686,112127.4,1788819899999,futures
1788819900000,2026-09-07T22:25:00.000Z,2026-09-08 06:25,1.1686,1.1724,1.1673,1.1675,107198.7,1788820199999,futures
1788820200000,2026-09-07T22:30:00.000Z,2026-09-08 06:30,1.1674,1.1684,1.1614,1.1635,73093.8,1788820499999,futures
1788820500000,2026-09-07T22:35:00.000Z,2026-09-08 06:35,1.1634,1.164,1.157,1.1586,67408,1788820799999,futures
1788820800000,2026-09-07T22:40:00.000Z,2026-09-08 06:40,1.1589,1.1589,1.1548,1.1556,131544.9,1788821099999,futures
1788821100000,2026-09-07T22:45:00.000Z,2026-09-08 06:45,1.1557,1.1622,1.1551,1.1602,80969.8,1788821399999,futures
1788821400000,2026-09-07T22:50:00.000Z,2026-09-08 06:50,1.1601,1.1613,1.1578,1.1604,62129,1788821699999,futures
1788821700000,2026-09-07T22:55:00.000Z,2026-09-08 06:55,1.1604,1.1625,1.158,1.1611,66173.5,1788821999999,futures
1788822000000,2026-09-07T23:00:00.000Z,2026-09-08 07:00,1.1606,1.1616,1.1575,1.1589,55985.9,1788822299999,futures
1788822300000,2026-09-07T23:05:00.000Z,2026-09-08 07:05,1.1587,1.1624,1.1575,1.1616,41209.5,1788822599999,futures
1788822600000,2026-09-07T23:10:00.000Z,2026-09-08 07:10,1.1617,1.1719,1.1615,1.1716,182368.4,1788822899999,futures
1788822900000,2026-09-07T23:15:00.000Z,2026-09-08 07:15,1.1716,1.1723,1.1629,1.1677,154861.5,1788823199999,futures
1788823200000,2026-09-07T23:20:00.000Z,2026-09-08 07:20,1.1678,1.1681,1.1634,1.1645,57028.3,1788823499999,futures
1788823500000,2026-09-07T23:25:00.000Z,2026-09-08 07:25,1.1649,1.1674,1.1648,1.1666,25231.3,1788823799999,futures
1788823800000,2026-09-07T23:30:00.000Z,2026-09-08 07:30,1.1669,1.1727,1.1664,1.171,85826.4,1788824099999,futures
1788824100000,2026-09-07T23:35:00.000Z,2026-09-08 07:35,1.1711,1.1725,1.1689,1.1705,69916.4,1788824399999,futures
1788824400000,2026-09-07T23:40:00.000Z,2026-09-08 07:40,1.1706,1.1765,1.1688,1.173,177206.8,1788824699999,futures
1788824700000,2026-09-07T23:45:00.000Z,2026-09-08 07:45,1.1731,1.18,1.1706,1.1767,177371,1788824999999,futures
1788825000000,2026-09-07T23:50:00.000Z,2026-09-08 07:50,1.1764,1.1764,1.1714,1.1724,109156.3,1788825299999,futures
1788825300000,2026-09-07T23:55:00.000Z,2026-09-08 07:55,1.1722,1.1772,1.1688,1.1691,109977.4,1788825599999,futures
1788825600000,2026-09-08T00:00:00.000Z,2026-09-08 08:00,1.1691,1.1696,1.1595,1.161,176627.2,1788825899999,futures
1788825900000,2026-09-08T00:05:00.000Z,2026-09-08 08:05,1.1609,1.1741,1.1591,1.171,212822.5,1788826199999,futures
1788826200000,2026-09-08T00:10:00.000Z,2026-09-08 08:10,1.171,1.1715,1.158,1.1581,138115.6,1788826499999,futures
1788826500000,2026-09-08T00:15:00.000Z,2026-09-08 08:15,1.1582,1.1664,1.1562,1.1664,220538.2,1788826799999,futures
1788826800000,2026-09-08T00:20:00.000Z,2026-09-08 08:20,1.1664,1.1825,1.1661,1.1747,345303.5,1788827099999,futures
1788827100000,2026-09-08T00:25:00.000Z,2026-09-08 08:25,1.175,1.1764,1.1665,1.1718,145362.8,1788827399999,futures
1788827400000,2026-09-08T00:30:00.000Z,2026-09-08 08:30,1.1716,1.1888,1.1711,1.1871,454720.4,1788827699999,futures
1788827700000,2026-09-08T00:35:00.000Z,2026-09-08 08:35,1.1873,1.19,1.1768,1.1814,322958.3,1788827999999,futures
1788828000000,2026-09-08T00:40:00.000Z,2026-09-08 08:40,1.1814,1.1899,1.1803,1.1817,222594.3,1788828299999,futures
1788828300000,2026-09-08T00:45:00.000Z,2026-09-08 08:45,1.1817,1.2057,1.1804,1.2049,622304,1788828599999,futures
1788828600000,2026-09-08T00:50:00.000Z,2026-09-08 08:50,1.205,1.2109,1.197,1.199,484333.3,1788828899999,futures
1788828900000,2026-09-08T00:55:00.000Z,2026-09-08 08:55,1.1991,1.2012,1.1885,1.1912,469778.2,1788829199999,futures
1788829200000,2026-09-08T01:00:00.000Z,2026-09-08 09:00,1.1914,1.1969,1.1838,1.1882,324837.5,1788829499999,futures
1788829500000,2026-09-08T01:05:00.000Z,2026-09-08 09:05,1.1876,1.1963,1.1865,1.1963,234416.7,1788829799999,futures
1788829800000,2026-09-08T01:10:00.000Z,2026-09-08 09:10,1.1964,1.2016,1.1944,1.1981,203916.1,1788830099999,futures
1788830100000,2026-09-08T01:15:00.000Z,2026-09-08 09:15,1.1983,1.216,1.1982,1.205,341612,1788830399999,futures
1788830400000,2026-09-08T01:20:00.000Z,2026-09-08 09:20,1.2046,1.2134,1.2036,1.2053,194902.3,1788830699999,futures
1788830700000,2026-09-08T01:25:00.000Z,2026-09-08 09:25,1.2051,1.2084,1.1996,1.2026,165504.3,1788830999999,futures
1788831000000,2026-09-08T01:30:00.000Z,2026-09-08 09:30,1.2027,1.2041,1.1972,1.2027,103839.8,1788831299999,futures
1788831300000,2026-09-08T01:35:00.000Z,2026-09-08 09:35,1.2027,1.2055,1.1967,1.2051,114487.8,1788831599999,futures
1788831600000,2026-09-08T01:40:00.000Z,2026-09-08 09:40,1.2049,1.2123,1.2047,1.2065,203595.4,1788831899999,futures
1788831900000,2026-09-08T01:45:00.000Z,2026-09-08 09:45,1.2069,1.2185,1.2045,1.2151,232138.2,1788832199999,futures
1788832200000,2026-09-08T01:50:00.000Z,2026-09-08 09:50,1.2151,1.2191,1.2102,1.2178,186908.5,1788832499999,futures
1788832500000,2026-09-08T01:55:00.000Z,2026-09-08 09:55,1.2174,1.2275,1.2137,1.22,398805.7,1788832799999,futures
1788832800000,2026-09-08T02:00:00.000Z,2026-09-08 10:00,1.2198,1.2198,1.2121,1.2174,155971.8,1788833099999,futures
1788833100000,2026-09-08T02:05:00.000Z,2026-09-08 10:05,1.2173,1.219,1.212,1.2166,151091.9,1788833399999,futures
1788833400000,2026-09-08T02:10:00.000Z,2026-09-08 10:10,1.2163,1.2163,1.2083,1.2157,186559.2,1788833699999,futures
1788833700000,2026-09-08T02:15:00.000Z,2026-09-08 10:15,1.2154,1.2197,1.2097,1.218,148281.1,1788833999999,futures
1788834000000,2026-09-08T02:20:00.000Z,2026-09-08 10:20,1.2184,1.2198,1.2093,1.2099,132200.6,1788834299999,futures
1788834300000,2026-09-08T02:25:00.000Z,2026-09-08 10:25,1.2094,1.2101,1.1955,1.198,266670.1,1788834599999,futures
1788834600000,2026-09-08T02:30:00.000Z,2026-09-08 10:30,1.1978,1.2042,1.1964,1.1992,176908.2,1788834899999,futures
1788834900000,2026-09-08T02:35:00.000Z,2026-09-08 10:35,1.1993,1.2003,1.1873,1.1948,235491.2,1788835199999,futures
1788835200000,2026-09-08T02:40:00.000Z,2026-09-08 10:40,1.1952,1.2056,1.1947,1.2053,220693.3,1788835499999,futures
1788835500000,2026-09-08T02:45:00.000Z,2026-09-08 10:45,1.2053,1.2128,1.2044,1.2076,254687.8,1788835799999,futures
1788835800000,2026-09-08T02:50:00.000Z,2026-09-08 10:50,1.2072,1.2084,1.1994,1.2064,183934.9,1788836099999,futures
1788836100000,2026-09-08T02:55:00.000Z,2026-09-08 10:55,1.2067,1.2111,1.2043,1.2072,119746.4,1788836399999,futures
1788836400000,2026-09-08T03:00:00.000Z,2026-09-08 11:00,1.2071,1.2079,1.1811,1.1907,472555.7,1788836699999,futures
1788836700000,2026-09-08T03:05:00.000Z,2026-09-08 11:05,1.1903,1.2157,1.1897,1.2129,370617.6,1788836999999,futures
1788837000000,2026-09-08T03:10:00.000Z,2026-09-08 11:10,1.2129,1.2245,1.2122,1.2151,454952,1788837299999,futures
1788837300000,2026-09-08T03:15:00.000Z,2026-09-08 11:15,1.2152,1.2161,1.2008,1.203,263521.3,1788837599999,futures
1788837600000,2026-09-08T03:20:00.000Z,2026-09-08 11:20,1.2035,1.2122,1.2026,1.2121,174489.3,1788837899999,futures
1788837900000,2026-09-08T03:25:00.000Z,2026-09-08 11:25,1.212,1.2141,1.1988,1.2006,223687.5,1788838199999,futures
1788838200000,2026-09-08T03:30:00.000Z,2026-09-08 11:30,1.2004,1.2403,1.199,1.2381,779804.5,1788838499999,futures
1788838500000,2026-09-08T03:35:00.000Z,2026-09-08 11:35,1.2381,1.2421,1.2255,1.2383,532920.7,1788838799999,futures
1788838800000,2026-09-08T03:40:00.000Z,2026-09-08 11:40,1.2382,1.2522,1.2302,1.2316,715853.9,1788839099999,futures
1788839100000,2026-09-08T03:45:00.000Z,2026-09-08 11:45,1.231,1.2365,1.2242,1.2316,703741.3,1788839399999,futures
1788839400000,2026-09-08T03:50:00.000Z,2026-09-08 11:50,1.2311,1.2367,1.2221,1.2242,324641.4,1788839699999,futures
1788839700000,2026-09-08T03:55:00.000Z,2026-09-08 11:55,1.2242,1.2399,1.2242,1.2368,255935.7,1788839999999,futures
1788840000000,2026-09-08T04:00:00.000Z,2026-09-08 12:00,1.2369,1.239,1.2297,1.2344,352388,1788840299999,futures
1788840300000,2026-09-08T04:05:00.000Z,2026-09-08 12:05,1.2345,1.2549,1.2338,1.239,638742.7,1788840599999,futures
1788840600000,2026-09-08T04:10:00.000Z,2026-09-08 12:10,1.2388,1.2463,1.2324,1.2377,227161.6,1788840899999,futures
1788840900000,2026-09-08T04:15:00.000Z,2026-09-08 12:15,1.2377,1.2384,1.2118,1.2169,599016.5,1788841199999,futures
1788841200000,2026-09-08T04:20:00.000Z,2026-09-08 12:20,1.2168,1.2168,1.1961,1.198,517150.6,1788841499999,futures
1788841500000,2026-09-08T04:25:00.000Z,2026-09-08 12:25,1.1981,1.1981,1.1111,1.1266,2876499.8,1788841799999,futures
1788841800000,2026-09-08T04:30:00.000Z,2026-09-08 12:30,1.1261,1.1395,1.1225,1.1236,1214905.7,1788842099999,futures
1788842100000,2026-09-08T04:35:00.000Z,2026-09-08 12:35,1.1236,1.1401,1.1186,1.131,792594.5,1788842399999,futures
1788842400000,2026-09-08T04:40:00.000Z,2026-09-08 12:40,1.1313,1.1313,1.0958,1.1054,1117860,1788842699999,futures
1788842700000,2026-09-08T04:45:00.000Z,2026-09-08 12:45,1.1055,1.1135,1.1041,1.1047,416392.3,1788842999999,futures
1788843000000,2026-09-08T04:50:00.000Z,2026-09-08 12:50,1.1047,1.1066,1.0952,1.1012,658000.4,1788843299999,futures
1788843300000,2026-09-08T04:55:00.000Z,2026-09-08 12:55,1.1013,1.1013,1.0915,1.0986,427008.8,1788843599999,futures
1788843600000,2026-09-08T05:00:00.000Z,2026-09-08 13:00,1.0988,1.1097,1.0982,1.1065,550132.9,1788843899999,futures
1788843900000,2026-09-08T05:05:00.000Z,2026-09-08 13:05,1.1068,1.108,1.1016,1.1046,199674.2,1788844199999,futures
1788844200000,2026-09-08T05:10:00.000Z,2026-09-08 13:10,1.1046,1.1136,1.1011,1.1075,256022.5,1788844499999,futures
1788844500000,2026-09-08T05:15:00.000Z,2026-09-08 13:15,1.1075,1.1199,1.1048,1.1152,280740.2,1788844799999,futures
1788844800000,2026-09-08T05:20:00.000Z,2026-09-08 13:20,1.1152,1.1205,1.1142,1.117,162623.8,1788845099999,futures
1788845100000,2026-09-08T05:25:00.000Z,2026-09-08 13:25,1.117,1.1223,1.1155,1.1174,166876.3,1788845399999,futures
1788845400000,2026-09-08T05:30:00.000Z,2026-09-08 13:30,1.1176,1.1241,1.1155,1.1162,172495.6,1788845699999,futures
1788845700000,2026-09-08T05:35:00.000Z,2026-09-08 13:35,1.1161,1.1175,1.11,1.1116,226648.9,1788845999999,futures
1788846000000,2026-09-08T05:40:00.000Z,2026-09-08 13:40,1.112,1.121,1.1083,1.1129,521970.7,1788846299999,futures
1788846300000,2026-09-08T05:45:00.000Z,2026-09-08 13:45,1.1129,1.114,1.1076,1.1114,179952.6,1788846599999,futures
1788846600000,2026-09-08T05:50:00.000Z,2026-09-08 13:50,1.1113,1.1143,1.1072,1.1077,136262.1,1788846899999,futures
1788846900000,2026-09-08T05:55:00.000Z,2026-09-08 13:55,1.1079,1.1118,1.1056,1.1074,84462.1,1788847199999,futures
1788847200000,2026-09-08T06:00:00.000Z,2026-09-08 14:00,1.1074,1.1099,1.1049,1.1091,109387,1788847499999,futures
1788847500000,2026-09-08T06:05:00.000Z,2026-09-08 14:05,1.109,1.1098,1.1055,1.1062,154517.9,1788847799999,futures
1788847800000,2026-09-08T06:10:00.000Z,2026-09-08 14:10,1.1063,1.1093,1.1017,1.1079,138272.8,1788848099999,futures
1788848100000,2026-09-08T06:15:00.000Z,2026-09-08 14:15,1.1081,1.1097,1.0974,1.0987,211859.6,1788848399999,futures
1788848400000,2026-09-08T06:20:00.000Z,2026-09-08 14:20,1.0989,1.0998,1.0862,1.0986,706272.3,1788848699999,futures
1788848700000,2026-09-08T06:25:00.000Z,2026-09-08 14:25,1.0987,1.1021,1.0931,1.0938,384476.8,1788848999999,futures
1788849000000,2026-09-08T06:30:00.000Z,2026-09-08 14:30,1.0937,1.0965,1.0852,1.0861,255916.7,1788849299999,futures
1788849300000,2026-09-08T06:35:00.000Z,2026-09-08 14:35,1.0864,1.0876,1.0779,1.084,485084.2,1788849599999,futures
1788849600000,2026-09-08T06:40:00.000Z,2026-09-08 14:40,1.0841,1.086,1.0795,1.0857,188893.9,1788849899999,futures
1788849900000,2026-09-08T06:45:00.000Z,2026-09-08 14:45,1.0857,1.0859,1.0819,1.0853,118839.4,1788850199999,futures
1788850200000,2026-09-08T06:50:00.000Z,2026-09-08 14:50,1.0853,1.0888,1.0844,1.0886,116348.6,1788850499999,futures
1788850500000,2026-09-08T06:55:00.000Z,2026-09-08 14:55,1.0886,1.095,1.0871,1.0941,168144.1,1788850799999,futures
1788850800000,2026-09-08T07:00:00.000Z,2026-09-08 15:00,1.0941,1.095,1.0847,1.0857,181547.8,1788851099999,futures
1788851100000,2026-09-08T07:05:00.000Z,2026-09-08 15:05,1.0859,1.0887,1.0813,1.0826,100538.7,1788851399999,futures
1788851400000,2026-09-08T07:10:00.000Z,2026-09-08 15:10,1.0824,1.0837,1.0789,1.0793,119163.4,1788851699999,futures
1788851700000,2026-09-08T07:15:00.000Z,2026-09-08 15:15,1.0795,1.0839,1.0775,1.0781,180164.2,1788851999999,futures
1788852000000,2026-09-08T07:20:00.000Z,2026-09-08 15:20,1.0784,1.083,1.0782,1.0811,84666.9,1788852299999,futures
1788852300000,2026-09-08T07:25:00.000Z,2026-09-08 15:25,1.0813,1.0866,1.0753,1.082,488263.7,1788852599999,futures
1788852600000,2026-09-08T07:30:00.000Z,2026-09-08 15:30,1.082,1.0858,1.0798,1.0851,147406.5,1788852899999,futures
1788852900000,2026-09-08T07:35:00.000Z,2026-09-08 15:35,1.085,1.0898,1.0792,1.0843,189954.4,1788853199999,futures
1788853200000,2026-09-08T07:40:00.000Z,2026-09-08 15:40,1.0841,1.0847,1.0779,1.0779,109879.3,1788853499999,futures
1788853500000,2026-09-08T07:45:00.000Z,2026-09-08 15:45,1.0785,1.0836,1.072,1.0819,354885.9,1788853799999,futures
1788853800000,2026-09-08T07:50:00.000Z,2026-09-08 15:50,1.082,1.0833,1.0795,1.0824,75382.9,1788854099999,futures
1788854100000,2026-09-08T07:55:00.000Z,2026-09-08 15:55,1.0823,1.0859,1.0821,1.0847,68197.6,1788854399999,futures
1788854400000,2026-09-08T08:00:00.000Z,2026-09-08 16:00,1.0848,1.0848,1.0793,1.0802,136799.8,1788854699999,futures
1788854700000,2026-09-08T08:05:00.000Z,2026-09-08 16:05,1.0807,1.0855,1.079,1.0822,103553.8,1788854999999,futures
1788855000000,2026-09-08T08:10:00.000Z,2026-09-08 16:10,1.0826,1.0832,1.076,1.0773,115020.4,1788855299999,futures
1788855300000,2026-09-08T08:15:00.000Z,2026-09-08 16:15,1.0773,1.0809,1.0655,1.0719,398036.6,1788855599999,futures
1788855600000,2026-09-08T08:20:00.000Z,2026-09-08 16:20,1.072,1.0761,1.0691,1.074,220617.1,1788855899999,futures
1788855900000,2026-09-08T08:25:00.000Z,2026-09-08 16:25,1.0739,1.0818,1.0725,1.0789,182852.8,1788856199999,futures
1788856200000,2026-09-08T08:30:00.000Z,2026-09-08 16:30,1.0789,1.0857,1.0776,1.0854,129027.4,1788856499999,futures
1788856500000,2026-09-08T08:35:00.000Z,2026-09-08 16:35,1.0855,1.0905,1.0845,1.0894,166204.5,1788856799999,futures
1788856800000,2026-09-08T08:40:00.000Z,2026-09-08 16:40,1.0896,1.0932,1.0852,1.0873,243413,1788857099999,futures
1788857100000,2026-09-08T08:45:00.000Z,2026-09-08 16:45,1.0873,1.0903,1.0823,1.09,185512.8,1788857399999,futures
1788857400000,2026-09-08T08:50:00.000Z,2026-09-08 16:50,1.09,1.0921,1.0891,1.0914,77972.3,1788857699999,futures
1788857700000,2026-09-08T08:55:00.000Z,2026-09-08 16:55,1.0912,1.0929,1.0902,1.0916,74183.2,1788857999999,futures
1788858000000,2026-09-08T09:00:00.000Z,2026-09-08 17:00,1.0915,1.0918,1.0874,1.0886,99743.1,1788858299999,futures
1788858300000,2026-09-08T09:05:00.000Z,2026-09-08 17:05,1.0887,1.0934,1.0855,1.0859,89483.5,1788858599999,futures
1788858600000,2026-09-08T09:10:00.000Z,2026-09-08 17:10,1.0862,1.0951,1.0844,1.0939,95310.1,1788858899999,futures
1788858900000,2026-09-08T09:15:00.000Z,2026-09-08 17:15,1.0938,1.0953,1.0893,1.0898,75782.6,1788859199999,futures
1788859200000,2026-09-08T09:20:00.000Z,2026-09-08 17:20,1.0898,1.0948,1.0874,1.0923,129908,1788859499999,futures
1788859500000,2026-09-08T09:25:00.000Z,2026-09-08 17:25,1.0923,1.0955,1.0918,1.0948,65676.5,1788859799999,futures
1788859800000,2026-09-08T09:30:00.000Z,2026-09-08 17:30,1.0948,1.1088,1.0934,1.1059,525607.6,1788860099999,futures
1788860100000,2026-09-08T09:35:00.000Z,2026-09-08 17:35,1.1058,1.1101,1.1021,1.1077,237267.7,1788860399999,futures
1788860400000,2026-09-08T09:40:00.000Z,2026-09-08 17:40,1.1076,1.1237,1.1067,1.1139,540320.9,1788860699999,futures
1788860700000,2026-09-08T09:45:00.000Z,2026-09-08 17:45,1.1136,1.1166,1.1117,1.1158,134215,1788860999999,futures
1788861000000,2026-09-08T09:50:00.000Z,2026-09-08 17:50,1.1158,1.1199,1.1142,1.1177,133103.3,1788861299999,futures
1788861300000,2026-09-08T09:55:00.000Z,2026-09-08 17:55,1.1177,1.1196,1.1124,1.1139,126340.8,1788861599999,futures
1788861600000,2026-09-08T10:00:00.000Z,2026-09-08 18:00,1.114,1.1167,1.1121,1.1148,80635.1,1788861899999,futures
1788861900000,2026-09-08T10:05:00.000Z,2026-09-08 18:05,1.1151,1.1153,1.1082,1.1087,117927.2,1788862199999,futures
1788862200000,2026-09-08T10:10:00.000Z,2026-09-08 18:10,1.1088,1.1096,1.1047,1.1067,199882,1788862499999,futures
1788862500000,2026-09-08T10:15:00.000Z,2026-09-08 18:15,1.1068,1.1098,1.106,1.1092,55749.8,1788862799999,futures
1788862800000,2026-09-08T10:20:00.000Z,2026-09-08 18:20,1.1093,1.1157,1.1091,1.1105,118223.7,1788863099999,futures
1788863100000,2026-09-08T10:25:00.000Z,2026-09-08 18:25,1.1106,1.1116,1.0962,1.0972,487940.4,1788863399999,futures
1788863400000,2026-09-08T10:30:00.000Z,2026-09-08 18:30,1.0973,1.101,1.0877,1.0886,359163.4,1788863699999,futures
1788863700000,2026-09-08T10:35:00.000Z,2026-09-08 18:35,1.0886,1.0906,1.0829,1.0835,163967.7,1788863999999,futures
1788864000000,2026-09-08T10:40:00.000Z,2026-09-08 18:40,1.0839,1.0862,1.0782,1.0801,137862.3,1788864299999,futures
1788864300000,2026-09-08T10:45:00.000Z,2026-09-08 18:45,1.0804,1.0817,1.0783,1.0797,145427.8,1788864599999,futures
1788864600000,2026-09-08T10:50:00.000Z,2026-09-08 18:50,1.0802,1.0877,1.0802,1.0874,203066.4,1788864899999,futures
1788864900000,2026-09-08T10:55:00.000Z,2026-09-08 18:55,1.0874,1.0895,1.0868,1.0884,135173.2,1788865199999,futures
1788865200000,2026-09-08T11:00:00.000Z,2026-09-08 19:00,1.0883,1.0908,1.0863,1.0892,195241.4,1788865499999,futures
1788865500000,2026-09-08T11:05:00.000Z,2026-09-08 19:05,1.0893,1.0915,1.0876,1.0876,110839.9,1788865799999,futures
1788865800000,2026-09-08T11:10:00.000Z,2026-09-08 19:10,1.0876,1.0876,1.078,1.0797,352253.8,1788866099999,futures
1788866100000,2026-09-08T11:15:00.000Z,2026-09-08 19:15,1.0798,1.081,1.0767,1.08,108544.5,1788866399999,futures
1788866400000,2026-09-08T11:20:00.000Z,2026-09-08 19:20,1.0801,1.085,1.0783,1.0839,171385.3,1788866699999,futures
1788866700000,2026-09-08T11:25:00.000Z,2026-09-08 19:25,1.0838,1.0848,1.0768,1.0784,83309.9,1788866999999,futures
1788867000000,2026-09-08T11:30:00.000Z,2026-09-08 19:30,1.0784,1.0811,1.0764,1.077,78984.8,1788867299999,futures
1788867300000,2026-09-08T11:35:00.000Z,2026-09-08 19:35,1.0771,1.079,1.0724,1.0753,132195.1,1788867599999,futures
1788867600000,2026-09-08T11:40:00.000Z,2026-09-08 19:40,1.0752,1.0781,1.0736,1.0781,71268,1788867899999,futures
1788867900000,2026-09-08T11:45:00.000Z,2026-09-08 19:45,1.0782,1.0785,1.0721,1.0747,99876.2,1788868199999,futures
1788868200000,2026-09-08T11:50:00.000Z,2026-09-08 19:50,1.0746,1.0775,1.0735,1.0756,83661.6,1788868499999,futures
1788868500000,2026-09-08T11:55:00.000Z,2026-09-08 19:55,1.0756,1.0816,1.0755,1.0794,183618.6,1788868799999,futures
1788868800000,2026-09-08T12:00:00.000Z,2026-09-08 20:00,1.0794,1.0794,1.0718,1.0724,164489.2,1788869099999,futures
1788869100000,2026-09-08T12:05:00.000Z,2026-09-08 20:05,1.0726,1.0756,1.0705,1.0712,81850,1788869399999,futures
1788869400000,2026-09-08T12:10:00.000Z,2026-09-08 20:10,1.0714,1.0729,1.0669,1.068,189720.6,1788869699999,futures
1788869700000,2026-09-08T12:15:00.000Z,2026-09-08 20:15,1.068,1.0693,1.057,1.0646,332694,1788869999999,futures
1788870000000,2026-09-08T12:20:00.000Z,2026-09-08 20:20,1.0648,1.0666,1.0597,1.0656,245095.1,1788870299999,futures
1788870300000,2026-09-08T12:25:00.000Z,2026-09-08 20:25,1.066,1.0731,1.0649,1.0725,152244.9,1788870599999,futures
1788870600000,2026-09-08T12:30:00.000Z,2026-09-08 20:30,1.073,1.0796,1.0718,1.0775,172609.6,1788870899999,futures
1788870900000,2026-09-08T12:35:00.000Z,2026-09-08 20:35,1.0777,1.0823,1.077,1.0809,209048.7,1788871199999,futures
1788871200000,2026-09-08T12:40:00.000Z,2026-09-08 20:40,1.0813,1.0828,1.0778,1.0792,107491,1788871499999,futures
1788871500000,2026-09-08T12:45:00.000Z,2026-09-08 20:45,1.0792,1.0815,1.0771,1.0809,69007.1,1788871799999,futures
1788871800000,2026-09-08T12:50:00.000Z,2026-09-08 20:50,1.0809,1.0834,1.08,1.081,81420.8,1788872099999,futures
1788872100000,2026-09-08T12:55:00.000Z,2026-09-08 20:55,1.0811,1.0836,1.08,1.081,55742.3,1788872399999,futures
1788872400000,2026-09-08T13:00:00.000Z,2026-09-08 21:00,1.081,1.0834,1.0796,1.0805,73041.6,1788872699999,futures
1788872700000,2026-09-08T13:05:00.000Z,2026-09-08 21:05,1.0805,1.0856,1.0789,1.0803,98079.4,1788872999999,futures
1788873000000,2026-09-08T13:10:00.000Z,2026-09-08 21:10,1.0804,1.0804,1.0743,1.0759,129801.5,1788873299999,futures
1788873300000,2026-09-08T13:15:00.000Z,2026-09-08 21:15,1.076,1.0798,1.0749,1.0795,85814,1788873599999,futures
1788873600000,2026-09-08T13:20:00.000Z,2026-09-08 21:20,1.0798,1.0812,1.0752,1.0774,65542.1,1788873899999,futures
1788873900000,2026-09-08T13:25:00.000Z,2026-09-08 21:25,1.0774,1.0779,1.0752,1.0772,47562.4,1788874199999,futures
1788874200000,2026-09-08T13:30:00.000Z,2026-09-08 21:30,1.0772,1.0786,1.0704,1.0736,143966.3,1788874499999,futures
1788874500000,2026-09-08T13:35:00.000Z,2026-09-08 21:35,1.0737,1.0776,1.0693,1.0705,213667.9,1788874799999,futures
1788874800000,2026-09-08T13:40:00.000Z,2026-09-08 21:40,1.0706,1.0721,1.0644,1.0713,248079.8,1788875099999,futures
1788875100000,2026-09-08T13:45:00.000Z,2026-09-08 21:45,1.0714,1.0784,1.0707,1.0764,181155.1,1788875399999,futures
1788875400000,2026-09-08T13:50:00.000Z,2026-09-08 21:50,1.0761,1.0765,1.068,1.0737,77777.5,1788875699999,futures
1788875700000,2026-09-08T13:55:00.000Z,2026-09-08 21:55,1.0738,1.0847,1.0731,1.0797,104673.3,1788875999999,futures
1788876000000,2026-09-08T14:00:00.000Z,2026-09-08 22:00,1.0797,1.0833,1.0784,1.082,70033.9,1788876299999,futures
1788876300000,2026-09-08T14:05:00.000Z,2026-09-08 22:05,1.0822,1.084,1.0805,1.0822,51916.9,1788876599999,futures
1788876600000,2026-09-08T14:10:00.000Z,2026-09-08 22:10,1.0818,1.0895,1.0811,1.0874,95772.8,1788876899999,futures
1788876900000,2026-09-08T14:15:00.000Z,2026-09-08 22:15,1.0873,1.0924,1.0863,1.0895,127635.8,1788877199999,futures
1788877200000,2026-09-08T14:20:00.000Z,2026-09-08 22:20,1.0893,1.0916,1.087,1.0916,81333.2,1788877499999,futures
1788877500000,2026-09-08T14:25:00.000Z,2026-09-08 22:25,1.0917,1.0932,1.0876,1.0903,74748,1788877799999,futures
1788877800000,2026-09-08T14:30:00.000Z,2026-09-08 22:30,1.0903,1.096,1.0868,1.0959,110744.1,1788878099999,futures
1788878100000,2026-09-08T14:35:00.000Z,2026-09-08 22:35,1.0958,1.0986,1.0927,1.0928,61987.6,1788878399999,futures
1788878400000,2026-09-08T14:40:00.000Z,2026-09-08 22:40,1.0928,1.0966,1.0917,1.096,62028,1788878699999,futures
1788878700000,2026-09-08T14:45:00.000Z,2026-09-08 22:45,1.0959,1.1065,1.0948,1.1054,108980.7,1788878999999,futures
1788879000000,2026-09-08T14:50:00.000Z,2026-09-08 22:50,1.1056,1.109,1.1025,1.1051,96630.1,1788879299999,futures
1788879300000,2026-09-08T14:55:00.000Z,2026-09-08 22:55,1.105,1.1102,1.1025,1.1048,96375.8,1788879599999,futures
1788879600000,2026-09-08T15:00:00.000Z,2026-09-08 23:00,1.1048,1.1067,1.1021,1.1042,131867.4,1788879899999,futures
1788879900000,2026-09-08T15:05:00.000Z,2026-09-08 23:05,1.1043,1.1045,1.0991,1.1018,86630.6,1788880199999,futures
1788880200000,2026-09-08T15:10:00.000Z,2026-09-08 23:10,1.1018,1.1035,1.0974,1.1028,79756.1,1788880499999,futures
1788880500000,2026-09-08T15:15:00.000Z,2026-09-08 23:15,1.103,1.1095,1.1029,1.1091,96941.4,1788880799999,futures
1788880800000,2026-09-08T15:20:00.000Z,2026-09-08 23:20,1.1094,1.1113,1.103,1.1061,100395.8,1788881099999,futures
1788881100000,2026-09-08T15:25:00.000Z,2026-09-08 23:25,1.1063,1.1093,1.1041,1.106,46382.4,1788881399999,futures
1788881400000,2026-09-08T15:30:00.000Z,2026-09-08 23:30,1.1064,1.1076,1.1018,1.1061,71800.1,1788881699999,futures
1788881700000,2026-09-08T15:35:00.000Z,2026-09-08 23:35,1.1061,1.1132,1.105,1.1106,100113.3,1788881999999,futures
1788882000000,2026-09-08T15:40:00.000Z,2026-09-08 23:40,1.1108,1.1207,1.1074,1.1179,115991.9,1788882299999,futures
1788882300000,2026-09-08T15:45:00.000Z,2026-09-08 23:45,1.1177,1.1275,1.1143,1.1265,255964.4,1788882599999,futures
1788882600000,2026-09-08T15:50:00.000Z,2026-09-08 23:50,1.1265,1.1304,1.1201,1.1224,212773.7,1788882899999,futures
1788882900000,2026-09-08T15:55:00.000Z,2026-09-08 23:55,1.1225,1.1258,1.1196,1.1248,102068.3,1788883199999,futures
1788883200000,2026-09-08T16:00:00.000Z,2026-09-09 00:00,1.1246,1.1268,1.1203,1.1208,176268.2,1788883499999,futures
1788883500000,2026-09-08T16:05:00.000Z,2026-09-09 00:05,1.1208,1.1208,1.1147,1.1161,146061.1,1788883799999,futures
1788883800000,2026-09-08T16:10:00.000Z,2026-09-09 00:10,1.1162,1.1171,1.113,1.1138,54621,1788884099999,futures
1788884100000,2026-09-08T16:15:00.000Z,2026-09-09 00:15,1.1138,1.1176,1.1133,1.1136,61432.3,1788884399999,futures
1788884400000,2026-09-08T16:20:00.000Z,2026-09-09 00:20,1.1137,1.1144,1.1104,1.1123,148085.7,1788884699999,futures
1788884700000,2026-09-08T16:25:00.000Z,2026-09-09 00:25,1.1123,1.1151,1.1116,1.1122,47227.7,1788884999999,futures
1788885000000,2026-09-08T16:30:00.000Z,2026-09-09 00:30,1.1124,1.1199,1.1124,1.1144,83320,1788885299999,futures
1788885300000,2026-09-08T16:35:00.000Z,2026-09-09 00:35,1.1144,1.1251,1.1144,1.1247,116612.5,1788885599999,futures
1788885600000,2026-09-08T16:40:00.000Z,2026-09-09 00:40,1.1248,1.1258,1.1158,1.1184,73883.4,1788885899999,futures
1788885900000,2026-09-08T16:45:00.000Z,2026-09-09 00:45,1.1185,1.1204,1.1158,1.1178,40273.4,1788886199999,futures
1788886200000,2026-09-08T16:50:00.000Z,2026-09-09 00:50,1.1179,1.1195,1.1132,1.1182,70374.9,1788886499999,futures
1788886500000,2026-09-08T16:55:00.000Z,2026-09-09 00:55,1.1181,1.1203,1.1151,1.1191,46265.5,1788886799999,futures
1788886800000,2026-09-08T17:00:00.000Z,2026-09-09 01:00,1.1189,1.1258,1.1175,1.1215,85106.9,1788887099999,futures
1788887100000,2026-09-08T17:05:00.000Z,2026-09-09 01:05,1.1214,1.1263,1.1188,1.1192,56697.4,1788887399999,futures
1788887400000,2026-09-08T17:10:00.000Z,2026-09-09 01:10,1.1192,1.1203,1.1165,1.1195,51180,1788887699999,futures
1788887700000,2026-09-08T17:15:00.000Z,2026-09-09 01:15,1.1193,1.1219,1.1168,1.1216,43156.5,1788887999999,futures
1788888000000,2026-09-08T17:20:00.000Z,2026-09-09 01:20,1.1218,1.1226,1.1181,1.1205,35989.9,1788888299999,futures
1788888300000,2026-09-08T17:25:00.000Z,2026-09-09 01:25,1.1206,1.1352,1.1202,1.1318,172767.6,1788888599999,futures
1788888600000,2026-09-08T17:30:00.000Z,2026-09-09 01:30,1.1321,1.1327,1.127,1.1308,67543.4,1788888899999,futures
1788888900000,2026-09-08T17:35:00.000Z,2026-09-09 01:35,1.1306,1.1351,1.1298,1.1338,50446.5,1788889199999,futures
1788889200000,2026-09-08T17:40:00.000Z,2026-09-09 01:40,1.1337,1.1387,1.1305,1.1362,169890.3,1788889499999,futures
1788889500000,2026-09-08T17:45:00.000Z,2026-09-09 01:45,1.136,1.1408,1.1352,1.1394,110999.7,1788889799999,futures
1788889800000,2026-09-08T17:50:00.000Z,2026-09-09 01:50,1.139,1.1395,1.1341,1.1363,79684,1788890099999,futures
1788890100000,2026-09-08T17:55:00.000Z,2026-09-09 01:55,1.1357,1.1476,1.1346,1.147,132925.7,1788890399999,futures
1788890400000,2026-09-08T18:00:00.000Z,2026-09-09 02:00,1.147,1.1509,1.1439,1.1488,187520.9,1788890699999,futures
1788890700000,2026-09-08T18:05:00.000Z,2026-09-09 02:05,1.1485,1.1596,1.1435,1.1592,232668.4,1788890999999,futures
1788891000000,2026-09-08T18:10:00.000Z,2026-09-09 02:10,1.1592,1.1696,1.1584,1.1667,245565.9,1788891299999,futures
1788891300000,2026-09-08T18:15:00.000Z,2026-09-09 02:15,1.167,1.1862,1.1586,1.1844,581684.6,1788891599999,futures
1788891600000,2026-09-08T18:20:00.000Z,2026-09-09 02:20,1.1842,1.1899,1.1755,1.1806,524596.2,1788891899999,futures
1788891900000,2026-09-08T18:25:00.000Z,2026-09-09 02:25,1.1808,1.1872,1.1775,1.1781,225760.1,1788892199999,futures
1788892200000,2026-09-08T18:30:00.000Z,2026-09-09 02:30,1.1782,1.1835,1.1739,1.1757,288251.2,1788892499999,futures
1788892500000,2026-09-08T18:35:00.000Z,2026-09-09 02:35,1.1755,1.1755,1.1623,1.1731,432269,1788892799999,futures
1788892800000,2026-09-08T18:40:00.000Z,2026-09-09 02:40,1.1729,1.1731,1.1568,1.1607,199959.8,1788893099999,futures
1788893100000,2026-09-08T18:45:00.000Z,2026-09-09 02:45,1.1608,1.176,1.1482,1.1558,763576.1,1788893399999,futures
1788893400000,2026-09-08T18:50:00.000Z,2026-09-09 02:50,1.1555,1.1588,1.1461,1.1555,293711.5,1788893699999,futures
1788893700000,2026-09-08T18:55:00.000Z,2026-09-09 02:55,1.1556,1.1593,1.1513,1.1528,106752.2,1788893999999,futures
1788894000000,2026-09-08T19:00:00.000Z,2026-09-09 03:00,1.1532,1.1596,1.1532,1.1549,162516.9,1788894299999,futures
1788894300000,2026-09-08T19:05:00.000Z,2026-09-09 03:05,1.1549,1.1584,1.1493,1.1533,127862.6,1788894599999,futures
1788894600000,2026-09-08T19:10:00.000Z,2026-09-09 03:10,1.1534,1.1566,1.1496,1.1546,100715,1788894899999,futures
1788894900000,2026-09-08T19:15:00.000Z,2026-09-09 03:15,1.1549,1.1708,1.1549,1.1674,194989.2,1788895199999,futures
1788895200000,2026-09-08T19:20:00.000Z,2026-09-09 03:20,1.1673,1.1674,1.1596,1.1637,94070.4,1788895499999,futures
1788895500000,2026-09-08T19:25:00.000Z,2026-09-09 03:25,1.1635,1.1704,1.1593,1.1701,124974.4,1788895799999,futures
1788895800000,2026-09-08T19:30:00.000Z,2026-09-09 03:30,1.1701,1.1705,1.164,1.1676,91294.3,1788896099999,futures
1788896100000,2026-09-08T19:35:00.000Z,2026-09-09 03:35,1.1675,1.1675,1.1546,1.1552,287241.6,1788896399999,futures
1788896400000,2026-09-08T19:40:00.000Z,2026-09-09 03:40,1.1553,1.1584,1.1524,1.1529,80354.5,1788896699999,futures
1788896700000,2026-09-08T19:45:00.000Z,2026-09-09 03:45,1.1531,1.1571,1.1525,1.157,83615.1,1788896999999,futures
1788897000000,2026-09-08T19:50:00.000Z,2026-09-09 03:50,1.1569,1.157,1.1481,1.1516,99455.7,1788897299999,futures
1788897300000,2026-09-08T19:55:00.000Z,2026-09-09 03:55,1.1518,1.1526,1.1413,1.146,165166.3,1788897599999,futures
1788897600000,2026-09-08T20:00:00.000Z,2026-09-09 04:00,1.146,1.1499,1.1445,1.1479,68018.3,1788897899999,futures
1788897900000,2026-09-08T20:05:00.000Z,2026-09-09 04:05,1.148,1.1544,1.1476,1.1534,50157.3,1788898199999,futures
1788898200000,2026-09-08T20:10:00.000Z,2026-09-09 04:10,1.1535,1.1606,1.1532,1.1593,138110.2,1788898499999,futures
1788898500000,2026-09-08T20:15:00.000Z,2026-09-09 04:15,1.1593,1.1596,1.1545,1.1592,50944.4,1788898799999,futures
1788898800000,2026-09-08T20:20:00.000Z,2026-09-09 04:20,1.1593,1.1647,1.1593,1.1642,51542.6,1788899099999,futures
1788899100000,2026-09-08T20:25:00.000Z,2026-09-09 04:25,1.1641,1.1664,1.1546,1.1604,102083.6,1788899399999,futures
1788899400000,2026-09-08T20:30:00.000Z,2026-09-09 04:30,1.1604,1.1616,1.154,1.1549,43797.2,1788899699999,futures
1788899700000,2026-09-08T20:35:00.000Z,2026-09-09 04:35,1.1549,1.16,1.1541,1.1582,33294.3,1788899999999,futures
1788900000000,2026-09-08T20:40:00.000Z,2026-09-09 04:40,1.1583,1.1619,1.1561,1.1595,31942.1,1788900299999,futures
1788900300000,2026-09-08T20:45:00.000Z,2026-09-09 04:45,1.1595,1.1892,1.1576,1.178,582548.3,1788900599999,futures
1788900600000,2026-09-08T20:50:00.000Z,2026-09-09 04:50,1.1782,1.2178,1.1757,1.2105,994172.7,1788900899999,futures
1788900900000,2026-09-08T20:55:00.000Z,2026-09-09 04:55,1.2106,1.2249,1.2082,1.223,731526,1788901199999,futures
1788901200000,2026-09-08T21:00:00.000Z,2026-09-09 05:00,1.2228,1.2275,1.2117,1.2147,502475.3,1788901499999,futures
1788901500000,2026-09-08T21:05:00.000Z,2026-09-09 05:05,1.2144,1.2166,1.195,1.2014,475909.9,1788901799999,futures
1788901800000,2026-09-08T21:10:00.000Z,2026-09-09 05:10,1.2015,1.2087,1.1976,1.2037,134781.1,1788902099999,futures
1788902100000,2026-09-08T21:15:00.000Z,2026-09-09 05:15,1.2036,1.2114,1.2014,1.2067,245089.5,1788902399999,futures
1788902400000,2026-09-08T21:20:00.000Z,2026-09-09 05:20,1.2064,1.2077,1.1999,1.2021,83600.2,1788902699999,futures
1788902700000,2026-09-08T21:25:00.000Z,2026-09-09 05:25,1.2021,1.2116,1.2016,1.2072,144129.7,1788902999999,futures
1788903000000,2026-09-08T21:30:00.000Z,2026-09-09 05:30,1.2068,1.2083,1.1964,1.1974,144317,1788903299999,futures
1788903300000,2026-09-08T21:35:00.000Z,2026-09-09 05:35,1.1974,1.2022,1.1952,1.1967,81477.9,1788903599999,futures
1788903600000,2026-09-08T21:40:00.000Z,2026-09-09 05:40,1.1963,1.1963,1.1849,1.1884,299408.6,1788903899999,futures
1788903900000,2026-09-08T21:45:00.000Z,2026-09-09 05:45,1.1884,1.1892,1.1809,1.1812,86234.3,1788904199999,futures
1788904200000,2026-09-08T21:50:00.000Z,2026-09-09 05:50,1.1815,1.1897,1.1815,1.1893,66814.9,1788904499999,futures
1788904500000,2026-09-08T21:55:00.000Z,2026-09-09 05:55,1.1893,1.1925,1.1885,1.1903,52830.3,1788904799999,futures
1788904800000,2026-09-08T22:00:00.000Z,2026-09-09 06:00,1.1906,1.2045,1.1906,1.204,155086.8,1788905099999,futures
1788905100000,2026-09-08T22:05:00.000Z,2026-09-09 06:05,1.204,1.2132,1.2038,1.2098,227365.8,1788905399999,futures
1788905400000,2026-09-08T22:10:00.000Z,2026-09-09 06:10,1.2101,1.2197,1.2088,1.2117,253118.7,1788905699999,futures
1788905700000,2026-09-08T22:15:00.000Z,2026-09-09 06:15,1.2116,1.2125,1.1983,1.2013,204270.5,1788905999999,futures
1788906000000,2026-09-08T22:20:00.000Z,2026-09-09 06:20,1.2013,1.2053,1.1997,1.2009,76787.8,1788906299999,futures
1788906300000,2026-09-08T22:25:00.000Z,2026-09-09 06:25,1.201,1.2205,1.1997,1.2169,264206.9,1788906599999,futures
1788906600000,2026-09-08T22:30:00.000Z,2026-09-09 06:30,1.217,1.2266,1.2143,1.2218,245566.2,1788906899999,futures
1788906900000,2026-09-08T22:35:00.000Z,2026-09-09 06:35,1.2215,1.2267,1.2153,1.2231,198059.5,1788907199999,futures
1788907200000,2026-09-08T22:40:00.000Z,2026-09-09 06:40,1.223,1.2283,1.2189,1.221,137885,1788907499999,futures
1788907500000,2026-09-08T22:45:00.000Z,2026-09-09 06:45,1.2204,1.2225,1.2168,1.2174,82713.9,1788907799999,futures
1788907800000,2026-09-08T22:50:00.000Z,2026-09-09 06:50,1.2175,1.218,1.2106,1.2157,146390.5,1788908099999,futures
1788908100000,2026-09-08T22:55:00.000Z,2026-09-09 06:55,1.2156,1.2175,1.2128,1.2149,62688.8,1788908399999,futures
1788908400000,2026-09-08T23:00:00.000Z,2026-09-09 07:00,1.2149,1.2199,1.2102,1.2186,106011.9,1788908699999,futures
1788908700000,2026-09-08T23:05:00.000Z,2026-09-09 07:05,1.2185,1.2209,1.2158,1.2181,82751.8,1788908999999,futures
1788909000000,2026-09-08T23:10:00.000Z,2026-09-09 07:10,1.2182,1.2354,1.2135,1.2306,280196,1788909299999,futures
1788909300000,2026-09-08T23:15:00.000Z,2026-09-09 07:15,1.231,1.234,1.2067,1.2158,765392.3,1788909599999,futures
1788909600000,2026-09-08T23:20:00.000Z,2026-09-09 07:20,1.2159,1.2184,1.2104,1.2184,113438,1788909899999,futures
1788909900000,2026-09-08T23:25:00.000Z,2026-09-09 07:25,1.2186,1.2208,1.2144,1.2177,82129.7,1788910199999,futures
1788910200000,2026-09-08T23:30:00.000Z,2026-09-09 07:30,1.2173,1.2241,1.216,1.2238,92756,1788910499999,futures
1788910500000,2026-09-08T23:35:00.000Z,2026-09-09 07:35,1.224,1.2275,1.2212,1.2241,69374.1,1788910799999,futures
1788910800000,2026-09-08T23:40:00.000Z,2026-09-09 07:40,1.2241,1.2364,1.2241,1.2338,284860.6,1788911099999,futures
1788911100000,2026-09-08T23:45:00.000Z,2026-09-09 07:45,1.2336,1.2356,1.2256,1.2263,173668,1788911399999,futures
1788911400000,2026-09-08T23:50:00.000Z,2026-09-09 07:50,1.2262,1.228,1.2236,1.2262,66825,1788911699999,futures
1788911700000,2026-09-08T23:55:00.000Z,2026-09-09 07:55,1.2259,1.2332,1.2258,1.2287,122871.9,1788911999999,futures
1788912000000,2026-09-09T00:00:00.000Z,2026-09-09 08:00,1.2286,1.2317,1.2209,1.2258,237313.8,1788912299999,futures
1788912300000,2026-09-09T00:05:00.000Z,2026-09-09 08:05,1.2255,1.2288,1.2152,1.2203,186892.7,1788912599999,futures
1788912600000,2026-09-09T00:10:00.000Z,2026-09-09 08:10,1.2202,1.2258,1.2196,1.2247,92667.2,1788912899999,futures
1788912900000,2026-09-09T00:15:00.000Z,2026-09-09 08:15,1.2246,1.2257,1.2051,1.2126,179004.9,1788913199999,futures
1788913200000,2026-09-09T00:20:00.000Z,2026-09-09 08:20,1.2125,1.2232,1.2085,1.2168,180730.9,1788913499999,futures
1788913500000,2026-09-09T00:25:00.000Z,2026-09-09 08:25,1.2169,1.2233,1.2151,1.222,81914.8,1788913799999,futures
1788913800000,2026-09-09T00:30:00.000Z,2026-09-09 08:30,1.2221,1.2226,1.2093,1.2097,91563.6,1788914099999,futures
1788914100000,2026-09-09T00:35:00.000Z,2026-09-09 08:35,1.2097,1.2134,1.206,1.2124,132111.4,1788914399999,futures
1788914400000,2026-09-09T00:40:00.000Z,2026-09-09 08:40,1.2128,1.2133,1.2021,1.2091,94103.4,1788914699999,futures
1788914700000,2026-09-09T00:45:00.000Z,2026-09-09 08:45,1.2097,1.2233,1.1922,1.1962,396463.4,1788914999999,futures
1788915000000,2026-09-09T00:50:00.000Z,2026-09-09 08:50,1.1968,1.2012,1.187,1.1899,268191.8,1788915299999,futures
1788915300000,2026-09-09T00:55:00.000Z,2026-09-09 08:55,1.19,1.1941,1.1857,1.1915,165444.5,1788915599999,futures
1788915600000,2026-09-09T01:00:00.000Z,2026-09-09 09:00,1.1914,1.1971,1.183,1.1841,153267.3,1788915899999,futures
1788915900000,2026-09-09T01:05:00.000Z,2026-09-09 09:05,1.1843,1.1937,1.1829,1.1934,120915.1,1788916199999,futures
1788916200000,2026-09-09T01:10:00.000Z,2026-09-09 09:10,1.1935,1.1972,1.1892,1.1963,121154,1788916499999,futures
1788916500000,2026-09-09T01:15:00.000Z,2026-09-09 09:15,1.1966,1.1985,1.1934,1.1978,61837.7,1788916799999,futures
1788916800000,2026-09-09T01:20:00.000Z,2026-09-09 09:20,1.1979,1.203,1.1945,1.1993,137596.8,1788917099999,futures
1788917100000,2026-09-09T01:25:00.000Z,2026-09-09 09:25,1.1996,1.2148,1.1996,1.2111,180087.7,1788917399999,futures
1788917400000,2026-09-09T01:30:00.000Z,2026-09-09 09:30,1.2116,1.2124,1.1927,1.1937,256056.8,1788917699999,futures
1788917700000,2026-09-09T01:35:00.000Z,2026-09-09 09:35,1.1938,1.2022,1.1896,1.1989,107847.7,1788917999999,futures
1788918000000,2026-09-09T01:40:00.000Z,2026-09-09 09:40,1.1992,1.2037,1.1962,1.2001,80454.4,1788918299999,futures
1788918300000,2026-09-09T01:45:00.000Z,2026-09-09 09:45,1.2001,1.2039,1.1947,1.1951,64119.2,1788918599999,futures
1788918600000,2026-09-09T01:50:00.000Z,2026-09-09 09:50,1.1955,1.198,1.1901,1.1912,71389.8,1788918899999,futures
1788918900000,2026-09-09T01:55:00.000Z,2026-09-09 09:55,1.1907,1.1976,1.1864,1.1941,165390.6,1788919199999,futures
1788919200000,2026-09-09T02:00:00.000Z,2026-09-09 10:00,1.1942,1.1992,1.1935,1.1988,60639.5,1788919499999,futures
1788919500000,2026-09-09T02:05:00.000Z,2026-09-09 10:05,1.199,1.2022,1.1958,1.1998,63747.3,1788919799999,futures
1788919800000,2026-09-09T02:10:00.000Z,2026-09-09 10:10,1.2001,1.2017,1.1922,1.1931,83718.6,1788920099999,futures
1788920100000,2026-09-09T02:15:00.000Z,2026-09-09 10:15,1.1928,1.1958,1.1874,1.1943,118089.3,1788920399999,futures
1788920400000,2026-09-09T02:20:00.000Z,2026-09-09 10:20,1.1943,1.201,1.1905,1.1996,54783.7,1788920699999,futures
1788920700000,2026-09-09T02:25:00.000Z,2026-09-09 10:25,1.1998,1.2045,1.1966,1.2045,91757.1,1788920999999,futures
1788921000000,2026-09-09T02:30:00.000Z,2026-09-09 10:30,1.2046,1.2254,1.2043,1.2165,312049.7,1788921299999,futures
1788921300000,2026-09-09T02:35:00.000Z,2026-09-09 10:35,1.2159,1.2159,1.2047,1.2047,203310.9,1788921599999,futures
1788921600000,2026-09-09T02:40:00.000Z,2026-09-09 10:40,1.2046,1.2112,1.2033,1.2092,55881.9,1788921899999,futures
1788921900000,2026-09-09T02:45:00.000Z,2026-09-09 10:45,1.2092,1.212,1.2008,1.2008,67453,1788922199999,futures
1788922200000,2026-09-09T02:50:00.000Z,2026-09-09 10:50,1.2009,1.2009,1.1898,1.193,238390.8,1788922499999,futures
1788922500000,2026-09-09T02:55:00.000Z,2026-09-09 10:55,1.193,1.1999,1.1919,1.1964,53197.3,1788922799999,futures
1788922800000,2026-09-09T03:00:00.000Z,2026-09-09 11:00,1.1964,1.1979,1.1839,1.1858,142093.8,1788923099999,futures
1788923100000,2026-09-09T03:05:00.000Z,2026-09-09 11:05,1.1856,1.1914,1.1839,1.191,84811,1788923399999,futures
1788923400000,2026-09-09T03:10:00.000Z,2026-09-09 11:10,1.1914,1.2006,1.1898,1.1995,128861.4,1788923699999,futures
1788923700000,2026-09-09T03:15:00.000Z,2026-09-09 11:15,1.1997,1.206,1.1955,1.2011,97570.4,1788923999999,futures
1788924000000,2026-09-09T03:20:00.000Z,2026-09-09 11:20,1.2013,1.2018,1.1884,1.1891,208687.6,1788924299999,futures
1788924300000,2026-09-09T03:25:00.000Z,2026-09-09 11:25,1.1889,1.1942,1.1668,1.1798,366946.1,1788924599999,futures
1788924600000,2026-09-09T03:30:00.000Z,2026-09-09 11:30,1.18,1.1856,1.179,1.1824,71740.1,1788924899999,futures
1788924900000,2026-09-09T03:35:00.000Z,2026-09-09 11:35,1.1821,1.1894,1.1799,1.1877,82393.7,1788925199999,futures
1788925200000,2026-09-09T03:40:00.000Z,2026-09-09 11:40,1.188,1.19,1.1867,1.1884,34544.3,1788925499999,futures
1788925500000,2026-09-09T03:45:00.000Z,2026-09-09 11:45,1.1885,1.1899,1.184,1.1848,50730.5,1788925799999,futures
1788925800000,2026-09-09T03:50:00.000Z,2026-09-09 11:50,1.1848,1.1944,1.1832,1.1941,99139,1788926099999,futures
1788926100000,2026-09-09T03:55:00.000Z,2026-09-09 11:55,1.1943,1.1968,1.1937,1.196,53076.5,1788926399999,futures
1788926400000,2026-09-09T04:00:00.000Z,2026-09-09 12:00,1.196,1.2043,1.1921,1.1996,166819.7,1788926699999,futures
1788926700000,2026-09-09T04:05:00.000Z,2026-09-09 12:05,1.1991,1.1996,1.1895,1.1895,60717.2,1788926999999,futures
1788927000000,2026-09-09T04:10:00.000Z,2026-09-09 12:10,1.1894,1.1951,1.187,1.1928,49814.6,1788927299999,futures
1788927300000,2026-09-09T04:15:00.000Z,2026-09-09 12:15,1.1933,1.1988,1.1932,1.1958,34612.6,1788927599999,futures
1788927600000,2026-09-09T04:20:00.000Z,2026-09-09 12:20,1.1955,1.1955,1.1864,1.1937,45492.5,1788927899999,futures
1788927900000,2026-09-09T04:25:00.000Z,2026-09-09 12:25,1.1937,1.208,1.1926,1.2061,137783.9,1788928199999,futures
1788928200000,2026-09-09T04:30:00.000Z,2026-09-09 12:30,1.2062,1.2096,1.1991,1.2052,116602.2,1788928499999,futures
1788928500000,2026-09-09T04:35:00.000Z,2026-09-09 12:35,1.2052,1.2314,1.204,1.2307,475037.1,1788928799999,futures
1788928800000,2026-09-09T04:40:00.000Z,2026-09-09 12:40,1.2308,1.2378,1.2234,1.2288,290672.6,1788929099999,futures
1788929100000,2026-09-09T04:45:00.000Z,2026-09-09 12:45,1.2291,1.2467,1.2245,1.2465,291945.9,1788929399999,futures
1788929400000,2026-09-09T04:50:00.000Z,2026-09-09 12:50,1.2461,1.2553,1.2386,1.253,535820.7,1788929699999,futures
1788929700000,2026-09-09T04:55:00.000Z,2026-09-09 12:55,1.2536,1.26,1.2456,1.2513,336708.5,1788929999999,futures
1788930000000,2026-09-09T05:00:00.000Z,2026-09-09 13:00,1.2513,1.265,1.2469,1.2572,444172.1,1788930299999,futures
1788930300000,2026-09-09T05:05:00.000Z,2026-09-09 13:05,1.2572,1.2576,1.2401,1.2414,405068.8,1788930599999,futures
1788930600000,2026-09-09T05:10:00.000Z,2026-09-09 13:10,1.2412,1.2502,1.2374,1.2466,245649,1788930899999,futures
1788930900000,2026-09-09T05:15:00.000Z,2026-09-09 13:15,1.2463,1.2488,1.2394,1.2441,165927.4,1788931199999,futures
1788931200000,2026-09-09T05:20:00.000Z,2026-09-09 13:20,1.244,1.2823,1.2423,1.2744,742443.2,1788931499999,futures
1788931500000,2026-09-09T05:25:00.000Z,2026-09-09 13:25,1.2742,1.2877,1.2719,1.285,734997.8,1788931799999,futures
1788931800000,2026-09-09T05:30:00.000Z,2026-09-09 13:30,1.2845,1.3121,1.2781,1.3019,824795.5,1788932099999,futures
1788932100000,2026-09-09T05:35:00.000Z,2026-09-09 13:35,1.3017,1.3074,1.2855,1.2875,624445.8,1788932399999,futures
1788932400000,2026-09-09T05:40:00.000Z,2026-09-09 13:40,1.2875,1.2929,1.2783,1.2908,650953.7,1788932699999,futures
1788932700000,2026-09-09T05:45:00.000Z,2026-09-09 13:45,1.2908,1.3055,1.2902,1.3023,718312.6,1788932999999,futures
1788933000000,2026-09-09T05:50:00.000Z,2026-09-09 13:50,1.3021,1.3097,1.2948,1.3035,470068.2,1788933299999,futures
1788933300000,2026-09-09T05:55:00.000Z,2026-09-09 13:55,1.3034,1.3273,1.3022,1.3218,603664.4,1788933599999,futures
1788933600000,2026-09-09T06:00:00.000Z,2026-09-09 14:00,1.3219,1.328,1.3109,1.3248,697057.1,1788933899999,futures
1788933900000,2026-09-09T06:05:00.000Z,2026-09-09 14:05,1.3245,1.3248,1.3036,1.3141,753250.8,1788934199999,futures
1788934200000,2026-09-09T06:10:00.000Z,2026-09-09 14:10,1.3141,1.3253,1.3042,1.3155,448543.5,1788934499999,futures
1788934500000,2026-09-09T06:15:00.000Z,2026-09-09 14:15,1.3153,1.327,1.3094,1.3172,496536.5,1788934799999,futures
1788934800000,2026-09-09T06:20:00.000Z,2026-09-09 14:20,1.3172,1.343,1.3167,1.3406,930818.5,1788935099999,futures
1788935100000,2026-09-09T06:25:00.000Z,2026-09-09 14:25,1.341,1.4007,1.3396,1.3956,2534276,1788935399999,futures
1788935400000,2026-09-09T06:30:00.000Z,2026-09-09 14:30,1.3953,1.4416,1.3852,1.4328,3205592.6,1788935699999,futures
1788935700000,2026-09-09T06:35:00.000Z,2026-09-09 14:35,1.4333,1.4725,1.4244,1.4619,2448667.5,1788935999999,futures
1788936000000,2026-09-09T06:40:00.000Z,2026-09-09 14:40,1.4618,1.4687,1.3928,1.4052,3298411.9,1788936299999,futures
1788936300000,2026-09-09T06:45:00.000Z,2026-09-09 14:45,1.4051,1.4118,1.3821,1.3957,1816269.3,1788936599999,futures
1788936600000,2026-09-09T06:50:00.000Z,2026-09-09 14:50,1.3956,1.397,1.367,1.3756,1571317.1,1788936899999,futures
1788936900000,2026-09-09T06:55:00.000Z,2026-09-09 14:55,1.3755,1.3886,1.3714,1.387,966309.1,1788937199999,futures
1788937200000,2026-09-09T07:00:00.000Z,2026-09-09 15:00,1.3869,1.4224,1.3801,1.4191,2141467.7,1788937499999,futures
1788937500000,2026-09-09T07:05:00.000Z,2026-09-09 15:05,1.4189,1.4424,1.4164,1.4304,1679926,1788937799999,futures
1788937800000,2026-09-09T07:10:00.000Z,2026-09-09 15:10,1.4302,1.4351,1.4023,1.4087,1490423.7,1788938099999,futures
1788938100000,2026-09-09T07:15:00.000Z,2026-09-09 15:15,1.4095,1.4276,1.3976,1.4206,1105823.6,1788938399999,futures
1788938400000,2026-09-09T07:20:00.000Z,2026-09-09 15:20,1.4205,1.4346,1.4081,1.4096,1069477.2,1788938699999,futures
1788938700000,2026-09-09T07:25:00.000Z,2026-09-09 15:25,1.4097,1.4142,1.3487,1.3568,2644731.1,1788938999999,futures
1788939000000,2026-09-09T07:30:00.000Z,2026-09-09 15:30,1.3568,1.3683,1.32,1.3348,1941663.4,1788939299999,futures
1788939300000,2026-09-09T07:35:00.000Z,2026-09-09 15:35,1.3346,1.3533,1.3344,1.343,1074164.5,1788939599999,futures
1788939600000,2026-09-09T07:40:00.000Z,2026-09-09 15:40,1.343,1.3503,1.3358,1.3407,461327.2,1788939899999,futures
1788939900000,2026-09-09T07:45:00.000Z,2026-09-09 15:45,1.3407,1.348,1.3212,1.3271,784372.7,1788940199999,futures
1788940200000,2026-09-09T07:50:00.000Z,2026-09-09 15:50,1.3269,1.3325,1.3059,1.3139,1130167.2,1788940499999,futures
1788940500000,2026-09-09T07:55:00.000Z,2026-09-09 15:55,1.3134,1.3209,1.3134,1.316,425121.3,1788940799999,futures
1788940800000,2026-09-09T08:00:00.000Z,2026-09-09 16:00,1.3162,1.3338,1.3112,1.3173,1064361.6,1788941099999,futures
1788941100000,2026-09-09T08:05:00.000Z,2026-09-09 16:05,1.3173,1.3251,1.293,1.3009,966522.5,1788941399999,futures
1788941400000,2026-09-09T08:10:00.000Z,2026-09-09 16:10,1.3016,1.3091,1.2884,1.3065,532648.9,1788941699999,futures
1788941700000,2026-09-09T08:15:00.000Z,2026-09-09 16:15,1.3062,1.3123,1.2853,1.2966,752606.2,1788941999999,futures
1788942000000,2026-09-09T08:20:00.000Z,2026-09-09 16:20,1.2966,1.3058,1.2954,1.302,572008.6,1788942299999,futures
1788942300000,2026-09-09T08:25:00.000Z,2026-09-09 16:25,1.3018,1.3109,1.29,1.3071,492392.1,1788942599999,futures
1788942600000,2026-09-09T08:30:00.000Z,2026-09-09 16:30,1.3066,1.3179,1.296,1.302,745376.9,1788942899999,futures
1788942900000,2026-09-09T08:35:00.000Z,2026-09-09 16:35,1.302,1.3096,1.2948,1.297,356685.4,1788943199999,futures
1788943200000,2026-09-09T08:40:00.000Z,2026-09-09 16:40,1.2966,1.3086,1.2932,1.3077,345221.5,1788943499999,futures
1788943500000,2026-09-09T08:45:00.000Z,2026-09-09 16:45,1.3078,1.3166,1.2982,1.3009,515951.2,1788943799999,futures
1788943800000,2026-09-09T08:50:00.000Z,2026-09-09 16:50,1.3006,1.3061,1.2939,1.3013,329582.6,1788944099999,futures
1788944100000,2026-09-09T08:55:00.000Z,2026-09-09 16:55,1.3014,1.3074,1.2969,1.3038,372867.4,1788944399999,futures
1788944400000,2026-09-09T09:00:00.000Z,2026-09-09 17:00,1.3039,1.3039,1.2914,1.2962,315341.2,1788944699999,futures
1788944700000,2026-09-09T09:05:00.000Z,2026-09-09 17:05,1.296,1.2978,1.281,1.2852,597136.3,1788944999999,futures
1788945000000,2026-09-09T09:10:00.000Z,2026-09-09 17:10,1.2854,1.2904,1.2817,1.2836,452493.3,1788945299999,futures
1788945300000,2026-09-09T09:15:00.000Z,2026-09-09 17:15,1.2837,1.289,1.266,1.2738,863990.4,1788945599999,futures
1788945600000,2026-09-09T09:20:00.000Z,2026-09-09 17:20,1.2738,1.2795,1.2651,1.2658,410139.5,1788945899999,futures
1788945900000,2026-09-09T09:25:00.000Z,2026-09-09 17:25,1.266,1.2716,1.2566,1.27,644520.8,1788946199999,futures
1788946200000,2026-09-09T09:30:00.000Z,2026-09-09 17:30,1.2695,1.2908,1.2635,1.2841,753141.3,1788946499999,futures
1788946500000,2026-09-09T09:35:00.000Z,2026-09-09 17:35,1.2838,1.2926,1.2821,1.2888,496609.5,1788946799999,futures
1788946800000,2026-09-09T09:40:00.000Z,2026-09-09 17:40,1.2886,1.2923,1.281,1.2888,350026.3,1788947099999,futures
1788947100000,2026-09-09T09:45:00.000Z,2026-09-09 17:45,1.2885,1.2885,1.2571,1.2644,765141.2,1788947399999,futures
1788947400000,2026-09-09T09:50:00.000Z,2026-09-09 17:50,1.2644,1.2687,1.2532,1.259,503747.5,1788947699999,futures
1788947700000,2026-09-09T09:55:00.000Z,2026-09-09 17:55,1.2589,1.2658,1.2522,1.2641,389784.6,1788947999999,futures
1788948000000,2026-09-09T10:00:00.000Z,2026-09-09 18:00,1.2641,1.2719,1.2603,1.2695,264896.8,1788948299999,futures
1788948300000,2026-09-09T10:05:00.000Z,2026-09-09 18:05,1.2695,1.2722,1.2628,1.2684,159694.8,1788948599999,futures
1788948600000,2026-09-09T10:10:00.000Z,2026-09-09 18:10,1.2687,1.2716,1.2657,1.2667,153122.9,1788948899999,futures
1788948900000,2026-09-09T10:15:00.000Z,2026-09-09 18:15,1.2668,1.2731,1.2617,1.2716,185023.3,1788949199999,futures
1788949200000,2026-09-09T10:20:00.000Z,2026-09-09 18:20,1.2716,1.2759,1.2665,1.2729,301583,1788949499999,futures
1788949500000,2026-09-09T10:25:00.000Z,2026-09-09 18:25,1.2728,1.279,1.2708,1.2759,195326.9,1788949799999,futures
1788949800000,2026-09-09T10:30:00.000Z,2026-09-09 18:30,1.2758,1.303,1.2751,1.3006,772415.6,1788950099999,futures
1788950100000,2026-09-09T10:35:00.000Z,2026-09-09 18:35,1.3004,1.3179,1.2952,1.3107,845040.6,1788950399999,futures
1788950400000,2026-09-09T10:40:00.000Z,2026-09-09 18:40,1.3108,1.3149,1.2976,1.2998,544633.2,1788950699999,futures
1788950700000,2026-09-09T10:45:00.000Z,2026-09-09 18:45,1.3,1.3218,1.2993,1.3137,796116.5,1788950999999,futures
1788951000000,2026-09-09T10:50:00.000Z,2026-09-09 18:50,1.3142,1.3163,1.3022,1.3053,414428.3,1788951299999,futures
1788951300000,2026-09-09T10:55:00.000Z,2026-09-09 18:55,1.3052,1.316,1.3032,1.3107,284478.9,1788951599999,futures
1788951600000,2026-09-09T11:00:00.000Z,2026-09-09 19:00,1.3106,1.3179,1.2947,1.3032,571471.9,1788951899999,futures
1788951900000,2026-09-09T11:05:00.000Z,2026-09-09 19:05,1.3033,1.3134,1.302,1.3097,450823.2,1788952199999,futures
1788952200000,2026-09-09T11:10:00.000Z,2026-09-09 19:10,1.3098,1.3123,1.2989,1.3003,240716,1788952499999,futures
1788952500000,2026-09-09T11:15:00.000Z,2026-09-09 19:15,1.3009,1.3049,1.2918,1.2987,364375.3,1788952799999,futures
1788952800000,2026-09-09T11:20:00.000Z,2026-09-09 19:20,1.2985,1.3042,1.2877,1.3029,425250.9,1788953099999,futures
1788953100000,2026-09-09T11:25:00.000Z,2026-09-09 19:25,1.3026,1.3321,1.3026,1.3147,961131.7,1788953399999,futures
1788953400000,2026-09-09T11:30:00.000Z,2026-09-09 19:30,1.3144,1.3218,1.3063,1.3116,586374.2,1788953699999,futures
1788953700000,2026-09-09T11:35:00.000Z,2026-09-09 19:35,1.3113,1.3158,1.3006,1.3093,388307,1788953999999,futures
1788954000000,2026-09-09T11:40:00.000Z,2026-09-09 19:40,1.3089,1.3169,1.3041,1.3065,280498.7,1788954299999,futures
1788954300000,2026-09-09T11:45:00.000Z,2026-09-09 19:45,1.3066,1.3155,1.3016,1.3046,441629.4,1788954599999,futures
1788954600000,2026-09-09T11:50:00.000Z,2026-09-09 19:50,1.3038,1.3166,1.3032,1.31,323071.2,1788954899999,futures
1788954900000,2026-09-09T11:55:00.000Z,2026-09-09 19:55,1.3099,1.315,1.3064,1.3141,173059.9,1788955199999,futures
1788955200000,2026-09-09T12:00:00.000Z,2026-09-09 20:00,1.3141,1.3179,1.3081,1.3127,180908.1,1788955499999,futures
1788955500000,2026-09-09T12:05:00.000Z,2026-09-09 20:05,1.3127,1.3181,1.3058,1.313,270237.5,1788955799999,futures
1788955800000,2026-09-09T12:10:00.000Z,2026-09-09 20:10,1.313,1.3282,1.3117,1.3234,674967.7,1788956099999,futures
1788956100000,2026-09-09T12:15:00.000Z,2026-09-09 20:15,1.3235,1.3245,1.316,1.3203,337241.1,1788956399999,futures
1788956400000,2026-09-09T12:20:00.000Z,2026-09-09 20:20,1.3206,1.3305,1.3147,1.3285,320904.6,1788956699999,futures
1788956700000,2026-09-09T12:25:00.000Z,2026-09-09 20:25,1.3286,1.3316,1.3184,1.3252,402191.1,1788956999999,futures
1788957000000,2026-09-09T12:30:00.000Z,2026-09-09 20:30,1.3251,1.3399,1.3219,1.3361,425385.1,1788957299999,futures
1788957300000,2026-09-09T12:35:00.000Z,2026-09-09 20:35,1.3359,1.3424,1.3292,1.3385,470099.2,1788957599999,futures
1788957600000,2026-09-09T12:40:00.000Z,2026-09-09 20:40,1.3382,1.351,1.3321,1.3496,573416.2,1788957899999,futures
1788957900000,2026-09-09T12:45:00.000Z,2026-09-09 20:45,1.3495,1.3503,1.3217,1.3282,794999.8,1788958199999,futures
1788958200000,2026-09-09T12:50:00.000Z,2026-09-09 20:50,1.3277,1.3506,1.3263,1.3473,530872.1,1788958499999,futures
1788958500000,2026-09-09T12:55:00.000Z,2026-09-09 20:55,1.3475,1.354,1.3394,1.3449,572875.5,1788958799999,futures
1788958800000,2026-09-09T13:00:00.000Z,2026-09-09 21:00,1.3453,1.3529,1.3401,1.3448,413114.4,1788959099999,futures
1788959100000,2026-09-09T13:05:00.000Z,2026-09-09 21:05,1.3447,1.3459,1.3344,1.3415,439568.8,1788959399999,futures
1788959400000,2026-09-09T13:10:00.000Z,2026-09-09 21:10,1.3414,1.343,1.3251,1.3369,409130.1,1788959699999,futures
1788959700000,2026-09-09T13:15:00.000Z,2026-09-09 21:15,1.3368,1.3467,1.3349,1.3403,361181.2,1788959999999,futures
1788960000000,2026-09-09T13:20:00.000Z,2026-09-09 21:20,1.3404,1.3436,1.334,1.3404,249758.8,1788960299999,futures
1788960300000,2026-09-09T13:25:00.000Z,2026-09-09 21:25,1.34,1.3482,1.3318,1.3433,444388.1,1788960599999,futures
1788960600000,2026-09-09T13:30:00.000Z,2026-09-09 21:30,1.344,1.3469,1.3371,1.3407,287790,1788960899999,futures
1788960900000,2026-09-09T13:35:00.000Z,2026-09-09 21:35,1.3407,1.3407,1.3154,1.3236,835396.5,1788961199999,futures
1788961200000,2026-09-09T13:40:00.000Z,2026-09-09 21:40,1.3235,1.3324,1.3113,1.3202,542572.6,1788961499999,futures
1788961500000,2026-09-09T13:45:00.000Z,2026-09-09 21:45,1.3201,1.3311,1.3152,1.3295,423107.8,1788961799999,futures
1788961800000,2026-09-09T13:50:00.000Z,2026-09-09 21:50,1.3294,1.3342,1.3255,1.3271,199968.4,1788962099999,futures
1788962100000,2026-09-09T13:55:00.000Z,2026-09-09 21:55,1.3272,1.3297,1.32,1.3223,327823.4,1788962399999,futures
1788962400000,2026-09-09T14:00:00.000Z,2026-09-09 22:00,1.3224,1.338,1.3208,1.338,313495.8,1788962699999,futures
1788962700000,2026-09-09T14:05:00.000Z,2026-09-09 22:05,1.3381,1.3671,1.3378,1.3444,1236420.8,1788962999999,futures
1788963000000,2026-09-09T14:10:00.000Z,2026-09-09 22:10,1.344,1.345,1.3321,1.3321,408702.8,1788963299999,futures
1788963300000,2026-09-09T14:15:00.000Z,2026-09-09 22:15,1.3321,1.3551,1.3321,1.3513,480030,1788963599999,futures
1788963600000,2026-09-09T14:20:00.000Z,2026-09-09 22:20,1.3512,1.3776,1.3506,1.3675,1117895.5,1788963899999,futures
1788963900000,2026-09-09T14:25:00.000Z,2026-09-09 22:25,1.3674,1.3771,1.3658,1.3717,643771.6,1788964199999,futures
1788964200000,2026-09-09T14:30:00.000Z,2026-09-09 22:30,1.3716,1.3846,1.3628,1.3825,824181.6,1788964499999,futures
1788964500000,2026-09-09T14:35:00.000Z,2026-09-09 22:35,1.3829,1.428,1.382,1.4124,2383586.7,1788964799999,futures
1788964800000,2026-09-09T14:40:00.000Z,2026-09-09 22:40,1.4126,1.4141,1.393,1.3967,1483443.5,1788965099999,futures
1788965100000,2026-09-09T14:45:00.000Z,2026-09-09 22:45,1.3973,1.406,1.3936,1.3993,737272,1788965399999,futures
1788965400000,2026-09-09T14:50:00.000Z,2026-09-09 22:50,1.3993,1.4177,1.3866,1.4135,1261592.9,1788965699999,futures
1788965700000,2026-09-09T14:55:00.000Z,2026-09-09 22:55,1.4138,1.4328,1.4073,1.418,1561443,1788965999999,futures
1788966000000,2026-09-09T15:00:00.000Z,2026-09-09 23:00,1.4184,1.4287,1.3964,1.4242,1255431,1788966299999,futures
1788966300000,2026-09-09T15:05:00.000Z,2026-09-09 23:05,1.424,1.4296,1.4035,1.4199,1047475.9,1788966599999,futures
1788966600000,2026-09-09T15:10:00.000Z,2026-09-09 23:10,1.4195,1.4196,1.3724,1.3849,2310612,1788966899999,futures
1788966900000,2026-09-09T15:15:00.000Z,2026-09-09 23:15,1.385,1.4045,1.3836,1.3949,844139.4,1788967199999,futures
1788967200000,2026-09-09T15:20:00.000Z,2026-09-09 23:20,1.3952,1.4033,1.3353,1.34,3018225.7,1788967499999,futures
1788967500000,2026-09-09T15:25:00.000Z,2026-09-09 23:25,1.3409,1.3719,1.337,1.3617,1786413.9,1788967799999,futures
1788967800000,2026-09-09T15:30:00.000Z,2026-09-09 23:30,1.3616,1.3822,1.3509,1.3798,1080286.9,1788968099999,futures
1788968100000,2026-09-09T15:35:00.000Z,2026-09-09 23:35,1.3798,1.3953,1.3769,1.3944,1242375.4,1788968399999,futures
1788968400000,2026-09-09T15:40:00.000Z,2026-09-09 23:40,1.3945,1.4046,1.3859,1.3897,749028.5,1788968699999,futures
1788968700000,2026-09-09T15:45:00.000Z,2026-09-09 23:45,1.3895,1.3922,1.3776,1.3847,543418.6,1788968999999,futures
1788969000000,2026-09-09T15:50:00.000Z,2026-09-09 23:50,1.3847,1.3956,1.37,1.3739,669184.7,1788969299999,futures
1788969300000,2026-09-09T15:55:00.000Z,2026-09-09 23:55,1.3742,1.3845,1.3726,1.3781,543400.6,1788969599999,futures
1788969600000,2026-09-09T16:00:00.000Z,2026-09-10 00:00,1.3781,1.4098,1.3725,1.3996,992084,1788969899999,futures
1788969900000,2026-09-09T16:05:00.000Z,2026-09-10 00:05,1.3998,1.4306,1.3936,1.3988,1689735.7,1788970199999,futures
1788970200000,2026-09-09T16:10:00.000Z,2026-09-10 00:10,1.3989,1.3999,1.376,1.388,1089446.7,1788970499999,futures
1788970500000,2026-09-09T16:15:00.000Z,2026-09-10 00:15,1.3877,1.3913,1.3524,1.3752,1706738.6,1788970799999,futures
1788970800000,2026-09-09T16:20:00.000Z,2026-09-10 00:20,1.3752,1.3776,1.324,1.338,2115596.1,1788971099999,futures
1788971100000,2026-09-09T16:25:00.000Z,2026-09-10 00:25,1.338,1.3437,1.2911,1.311,2620876.6,1788971399999,futures
1788971400000,2026-09-09T16:30:00.000Z,2026-09-10 00:30,1.3111,1.3306,1.3105,1.3253,982386.3,1788971699999,futures
1788971700000,2026-09-09T16:35:00.000Z,2026-09-10 00:35,1.3253,1.3323,1.319,1.326,552243.2,1788971999999,futures
1788972000000,2026-09-09T16:40:00.000Z,2026-09-10 00:40,1.3255,1.3291,1.3146,1.3218,407558.2,1788972299999,futures
1788972300000,2026-09-09T16:45:00.000Z,2026-09-10 00:45,1.322,1.347,1.3179,1.3434,724777.8,1788972599999,futures
1788972600000,2026-09-09T16:50:00.000Z,2026-09-10 00:50,1.3431,1.3494,1.3324,1.334,445306,1788972899999,futures
1788972900000,2026-09-09T16:55:00.000Z,2026-09-10 00:55,1.3341,1.3424,1.3314,1.3353,300428.5,1788973199999,futures
1788973200000,2026-09-09T17:00:00.000Z,2026-09-10 01:00,1.3351,1.3465,1.327,1.3296,418299.6,1788973499999,futures
1788973500000,2026-09-09T17:05:00.000Z,2026-09-10 01:05,1.3291,1.3416,1.3207,1.3386,405068.7,1788973799999,futures
1788973800000,2026-09-09T17:10:00.000Z,2026-09-10 01:10,1.3383,1.3448,1.3253,1.3254,354918.4,1788974099999,futures
1788974100000,2026-09-09T17:15:00.000Z,2026-09-10 01:15,1.3253,1.3329,1.3195,1.3255,363115.1,1788974399999,futures
1788974400000,2026-09-09T17:20:00.000Z,2026-09-10 01:20,1.325,1.335,1.3184,1.3209,298363.4,1788974699999,futures
1788974700000,2026-09-09T17:25:00.000Z,2026-09-10 01:25,1.3208,1.3376,1.3198,1.3271,531196.3,1788974999999,futures
1788975000000,2026-09-09T17:30:00.000Z,2026-09-10 01:30,1.3271,1.3445,1.327,1.3418,265363.4,1788975299999,futures
1788975300000,2026-09-09T17:35:00.000Z,2026-09-10 01:35,1.3419,1.3926,1.3385,1.3608,1726022.5,1788975599999,futures
1788975600000,2026-09-09T17:40:00.000Z,2026-09-10 01:40,1.3615,1.3672,1.3556,1.3564,373882.4,1788975899999,futures
1788975900000,2026-09-09T17:45:00.000Z,2026-09-10 01:45,1.3568,1.3642,1.3506,1.3519,408550.4,1788976199999,futures
1788976200000,2026-09-09T17:50:00.000Z,2026-09-10 01:50,1.3523,1.355,1.3437,1.3531,288720.4,1788976499999,futures
1788976500000,2026-09-09T17:55:00.000Z,2026-09-10 01:55,1.353,1.3676,1.3522,1.3644,303051.7,1788976799999,futures
1788976800000,2026-09-09T18:00:00.000Z,2026-09-10 02:00,1.3643,1.3764,1.3604,1.3659,417262,1788977099999,futures
1788977100000,2026-09-09T18:05:00.000Z,2026-09-10 02:05,1.3663,1.371,1.3567,1.3594,291612.3,1788977399999,futures
1788977400000,2026-09-09T18:10:00.000Z,2026-09-10 02:10,1.3597,1.3659,1.3547,1.3604,262073.7,1788977699999,futures
1788977700000,2026-09-09T18:15:00.000Z,2026-09-10 02:15,1.3601,1.3985,1.3599,1.3935,641351.9,1788977999999,futures
1788978000000,2026-09-09T18:20:00.000Z,2026-09-10 02:20,1.3936,1.399,1.3781,1.3975,709816.1,1788978299999,futures
1788978300000,2026-09-09T18:25:00.000Z,2026-09-10 02:25,1.3975,1.4015,1.3805,1.3879,678398.1,1788978599999,futures
1788978600000,2026-09-09T18:30:00.000Z,2026-09-10 02:30,1.3876,1.3878,1.3701,1.3723,243803.6,1788978899999,futures
1788978900000,2026-09-09T18:35:00.000Z,2026-09-10 02:35,1.3723,1.3735,1.3668,1.3693,180884.9,1788979199999,futures
1788979200000,2026-09-09T18:40:00.000Z,2026-09-10 02:40,1.3693,1.3732,1.3605,1.3653,244406.7,1788979499999,futures
1788979500000,2026-09-09T18:45:00.000Z,2026-09-10 02:45,1.3654,1.3693,1.3583,1.3644,278370,1788979799999,futures
1788979800000,2026-09-09T18:50:00.000Z,2026-09-10 02:50,1.3645,1.3711,1.3606,1.3657,191618.9,1788980099999,futures
1788980100000,2026-09-09T18:55:00.000Z,2026-09-10 02:55,1.3654,1.3785,1.365,1.3719,249549,1788980399999,futures
1788980400000,2026-09-09T19:00:00.000Z,2026-09-10 03:00,1.3718,1.3798,1.3642,1.3776,310764.7,1788980699999,futures
1788980700000,2026-09-09T19:05:00.000Z,2026-09-10 03:05,1.3774,1.3832,1.3509,1.3534,518811.8,1788980999999,futures
1788981000000,2026-09-09T19:10:00.000Z,2026-09-10 03:10,1.3531,1.3609,1.3305,1.3414,929987,1788981299999,futures
1788981300000,2026-09-09T19:15:00.000Z,2026-09-10 03:15,1.3415,1.3511,1.3329,1.3339,503703.9,1788981599999,futures
1788981600000,2026-09-09T19:20:00.000Z,2026-09-10 03:20,1.3343,1.3361,1.3108,1.3169,806084.9,1788981899999,futures
1788981900000,2026-09-09T19:25:00.000Z,2026-09-10 03:25,1.3169,1.3286,1.3151,1.3237,413186.7,1788982199999,futures
1788982200000,2026-09-09T19:30:00.000Z,2026-09-10 03:30,1.3238,1.3259,1.3162,1.3178,184232.9,1788982499999,futures
1788982500000,2026-09-09T19:35:00.000Z,2026-09-10 03:35,1.3178,1.3212,1.3107,1.3194,292316.1,1788982799999,futures
1788982800000,2026-09-09T19:40:00.000Z,2026-09-10 03:40,1.3197,1.3364,1.243,1.2508,2869022.6,1788983099999,futures
1788983100000,2026-09-09T19:45:00.000Z,2026-09-10 03:45,1.2508,1.2822,1.2486,1.2792,855650.6,1788983399999,futures
1788983400000,2026-09-09T19:50:00.000Z,2026-09-10 03:50,1.2794,1.2889,1.273,1.2815,407817.2,1788983699999,futures
1788983700000,2026-09-09T19:55:00.000Z,2026-09-10 03:55,1.2816,1.2976,1.28,1.2947,402006.9,1788983999999,futures
1788984000000,2026-09-09T20:00:00.000Z,2026-09-10 04:00,1.2946,1.3033,1.2916,1.2949,355362,1788984299999,futures
1788984300000,2026-09-09T20:05:00.000Z,2026-09-10 04:05,1.2949,1.3003,1.2922,1.2951,240452.3,1788984599999,futures
1788984600000,2026-09-09T20:10:00.000Z,2026-09-10 04:10,1.2953,1.3038,1.2859,1.2944,305320.9,1788984899999,futures
1788984900000,2026-09-09T20:15:00.000Z,2026-09-10 04:15,1.2945,1.3006,1.2882,1.2992,253019.2,1788985199999,futures
1788985200000,2026-09-09T20:20:00.000Z,2026-09-10 04:20,1.2993,1.3032,1.2885,1.2897,195750,1788985499999,futures
1788985500000,2026-09-09T20:25:00.000Z,2026-09-10 04:25,1.2889,1.2979,1.2817,1.2852,215166.4,1788985799999,futures
1788985800000,2026-09-09T20:30:00.000Z,2026-09-10 04:30,1.285,1.2879,1.2784,1.2832,232344.2,1788986099999,futures
1788986100000,2026-09-09T20:35:00.000Z,2026-09-10 04:35,1.2833,1.2873,1.2298,1.2398,1776937.1,1788986399999,futures
1788986400000,2026-09-09T20:40:00.000Z,2026-09-10 04:40,1.2398,1.259,1.2347,1.2528,684143.5,1788986699999,futures
1788986700000,2026-09-09T20:45:00.000Z,2026-09-10 04:45,1.2529,1.2643,1.2516,1.2568,202052.3,1788986999999,futures
1788987000000,2026-09-09T20:50:00.000Z,2026-09-10 04:50,1.2569,1.2623,1.2546,1.2549,105084.6,1788987299999,futures
1788987300000,2026-09-09T20:55:00.000Z,2026-09-10 04:55,1.2551,1.2687,1.2529,1.2625,215714.3,1788987599999,futures
1788987600000,2026-09-09T21:00:00.000Z,2026-09-10 05:00,1.2625,1.2631,1.2532,1.2534,157847.2,1788987899999,futures
1788987900000,2026-09-09T21:05:00.000Z,2026-09-10 05:05,1.2532,1.2644,1.2507,1.259,158327.6,1788988199999,futures
1788988200000,2026-09-09T21:10:00.000Z,2026-09-10 05:10,1.2589,1.2598,1.2415,1.2506,215382.6,1788988499999,futures
1788988500000,2026-09-09T21:15:00.000Z,2026-09-10 05:15,1.2507,1.258,1.2403,1.2445,285527.3,1788988799999,futures
1788988800000,2026-09-09T21:20:00.000Z,2026-09-10 05:20,1.2444,1.2559,1.2428,1.2548,173795.7,1788989099999,futures
1788989100000,2026-09-09T21:25:00.000Z,2026-09-10 05:25,1.2545,1.2625,1.2538,1.2589,164264.8,1788989399999,futures
1788989400000,2026-09-09T21:30:00.000Z,2026-09-10 05:30,1.2589,1.2638,1.2522,1.2534,87255.3,1788989699999,futures
1788989700000,2026-09-09T21:35:00.000Z,2026-09-10 05:35,1.2534,1.2584,1.2505,1.2563,153754.3,1788989999999,futures
1788990000000,2026-09-09T21:40:00.000Z,2026-09-10 05:40,1.2559,1.2582,1.246,1.2465,67456.8,1788990299999,futures
1788990300000,2026-09-09T21:45:00.000Z,2026-09-10 05:45,1.2465,1.2513,1.2327,1.2372,181280.5,1788990599999,futures
1788990600000,2026-09-09T21:50:00.000Z,2026-09-10 05:50,1.2372,1.2445,1.235,1.2425,113137.4,1788990899999,futures
1788990900000,2026-09-09T21:55:00.000Z,2026-09-10 05:55,1.243,1.2495,1.243,1.2489,93995.2,1788991199999,futures
1788991200000,2026-09-09T22:00:00.000Z,2026-09-10 06:00,1.2491,1.251,1.2369,1.2389,138689.9,1788991499999,futures
1788991500000,2026-09-09T22:05:00.000Z,2026-09-10 06:05,1.2389,1.2441,1.2241,1.2355,451538.3,1788991799999,futures
1788991800000,2026-09-09T22:10:00.000Z,2026-09-10 06:10,1.2358,1.244,1.2354,1.2371,139295.4,1788992099999,futures
1788992100000,2026-09-09T22:15:00.000Z,2026-09-10 06:15,1.2373,1.2553,1.2367,1.2503,200272.5,1788992399999,futures
1788992400000,2026-09-09T22:20:00.000Z,2026-09-10 06:20,1.2505,1.2517,1.2368,1.2384,252670.3,1788992699999,futures
1788992700000,2026-09-09T22:25:00.000Z,2026-09-10 06:25,1.2384,1.2432,1.2336,1.239,87755.9,1788992999999,futures
1788993000000,2026-09-09T22:30:00.000Z,2026-09-10 06:30,1.2394,1.2406,1.2241,1.228,199972.3,1788993299999,futures
1788993300000,2026-09-09T22:35:00.000Z,2026-09-10 06:35,1.2281,1.2356,1.2246,1.233,205421.6,1788993599999,futures
1788993600000,2026-09-09T22:40:00.000Z,2026-09-10 06:40,1.2332,1.237,1.2272,1.2315,89269,1788993899999,futures
1788993900000,2026-09-09T22:45:00.000Z,2026-09-10 06:45,1.2315,1.2323,1.2207,1.2211,156104.3,1788994199999,futures
1788994200000,2026-09-09T22:50:00.000Z,2026-09-10 06:50,1.2216,1.223,1.2095,1.2133,338749.2,1788994499999,futures
1788994500000,2026-09-09T22:55:00.000Z,2026-09-10 06:55,1.2131,1.2144,1.2004,1.2114,285016.7,1788994799999,futures
1788994800000,2026-09-09T23:00:00.000Z,2026-09-10 07:00,1.2115,1.2329,1.2108,1.2316,250857.8,1788995099999,futures
1788995100000,2026-09-09T23:05:00.000Z,2026-09-10 07:05,1.2317,1.2377,1.2315,1.2347,278826.5,1788995399999,futures
1788995400000,2026-09-09T23:10:00.000Z,2026-09-10 07:10,1.2348,1.2419,1.2323,1.2354,172836.5,1788995699999,futures
1788995700000,2026-09-09T23:15:00.000Z,2026-09-10 07:15,1.2357,1.2419,1.2355,1.2399,99844,1788995999999,futures
1788996000000,2026-09-09T23:20:00.000Z,2026-09-10 07:20,1.2399,1.2409,1.2351,1.2388,71249.2,1788996299999,futures
1788996300000,2026-09-09T23:25:00.000Z,2026-09-10 07:25,1.2394,1.2416,1.2356,1.2396,50081.2,1788996599999,futures
1788996600000,2026-09-09T23:30:00.000Z,2026-09-10 07:30,1.2397,1.241,1.2336,1.2395,93078,1788996899999,futures
1788996900000,2026-09-09T23:35:00.000Z,2026-09-10 07:35,1.2398,1.245,1.2361,1.243,131488,1788997199999,futures
1788997200000,2026-09-09T23:40:00.000Z,2026-09-10 07:40,1.2426,1.245,1.2401,1.2426,127869.6,1788997499999,futures
1788997500000,2026-09-09T23:45:00.000Z,2026-09-10 07:45,1.243,1.245,1.24,1.2422,76406.3,1788997799999,futures
1788997800000,2026-09-09T23:50:00.000Z,2026-09-10 07:50,1.2423,1.2471,1.2395,1.243,82774.2,1788998099999,futures
1788998100000,2026-09-09T23:55:00.000Z,2026-09-10 07:55,1.243,1.2445,1.2391,1.2392,70066,1788998399999,futures
1788998400000,2026-09-10T00:00:00.000Z,2026-09-10 08:00,1.2396,1.2484,1.2302,1.2307,204351.3,1788998699999,futures
1788998700000,2026-09-10T00:05:00.000Z,2026-09-10 08:05,1.2307,1.237,1.2182,1.2207,313285.5,1788998999999,futures
1788999000000,2026-09-10T00:10:00.000Z,2026-09-10 08:10,1.2209,1.2287,1.2177,1.2261,185798.9,1788999299999,futures
1788999300000,2026-09-10T00:15:00.000Z,2026-09-10 08:15,1.2261,1.23,1.211,1.212,214229.4,1788999599999,futures
1788999600000,2026-09-10T00:20:00.000Z,2026-09-10 08:20,1.2121,1.2177,1.2078,1.2086,238943.8,1788999899999,futures
1788999900000,2026-09-10T00:25:00.000Z,2026-09-10 08:25,1.2088,1.2164,1.2086,1.212,152970.3,1789000199999,futures
1789000200000,2026-09-10T00:30:00.000Z,2026-09-10 08:30,1.212,1.212,1.1925,1.2037,541586.3,1789000499999,futures
1789000500000,2026-09-10T00:35:00.000Z,2026-09-10 08:35,1.2039,1.2109,1.1976,1.2003,288474.2,1789000799999,futures
1789000800000,2026-09-10T00:40:00.000Z,2026-09-10 08:40,1.2,1.2011,1.1928,1.1955,163955,1789001099999,futures
1789001100000,2026-09-10T00:45:00.000Z,2026-09-10 08:45,1.1955,1.2015,1.1944,1.1956,149975,1789001399999,futures
1789001400000,2026-09-10T00:50:00.000Z,2026-09-10 08:50,1.1957,1.1962,1.1882,1.1923,217088.2,1789001699999,futures
1789001700000,2026-09-10T00:55:00.000Z,2026-09-10 08:55,1.1921,1.1949,1.19,1.1919,99006.8,1789001999999,futures
1789002000000,2026-09-10T01:00:00.000Z,2026-09-10 09:00,1.1919,1.2014,1.1914,1.2014,154447.7,1789002299999,futures
1789002300000,2026-09-10T01:05:00.000Z,2026-09-10 09:05,1.2012,1.2057,1.1982,1.2029,118775.4,1789002599999,futures
1789002600000,2026-09-10T01:10:00.000Z,2026-09-10 09:10,1.2028,1.2117,1.202,1.2107,145691.9,1789002899999,futures
1789002900000,2026-09-10T01:15:00.000Z,2026-09-10 09:15,1.2111,1.215,1.2051,1.2139,115670.1,1789003199999,futures
1789003200000,2026-09-10T01:20:00.000Z,2026-09-10 09:20,1.2135,1.2286,1.2011,1.214,523534.3,1789003499999,futures
1789003500000,2026-09-10T01:25:00.000Z,2026-09-10 09:25,1.2144,1.2147,1.2006,1.2031,205998.7,1789003799999,futures
1789003800000,2026-09-10T01:30:00.000Z,2026-09-10 09:30,1.2032,1.2092,1.1992,1.2008,155335.6,1789004099999,futures
1789004100000,2026-09-10T01:35:00.000Z,2026-09-10 09:35,1.201,1.2082,1.1924,1.1954,187061.9,1789004399999,futures
1789004400000,2026-09-10T01:40:00.000Z,2026-09-10 09:40,1.1953,1.2079,1.1945,1.2009,160628,1789004699999,futures
1789004700000,2026-09-10T01:45:00.000Z,2026-09-10 09:45,1.2008,1.2089,1.1978,1.2057,141406.4,1789004999999,futures
1789005000000,2026-09-10T01:50:00.000Z,2026-09-10 09:50,1.2058,1.216,1.2038,1.2044,133696.1,1789005299999,futures
1789005300000,2026-09-10T01:55:00.000Z,2026-09-10 09:55,1.2042,1.218,1.2034,1.2128,112791.8,1789005599999,futures
1789005600000,2026-09-10T02:00:00.000Z,2026-09-10 10:00,1.2126,1.2152,1.2084,1.2095,80716.3,1789005899999,futures
1789005900000,2026-09-10T02:05:00.000Z,2026-09-10 10:05,1.2093,1.2162,1.2083,1.2139,118403.5,1789006199999,futures
1789006200000,2026-09-10T02:10:00.000Z,2026-09-10 10:10,1.2143,1.2173,1.208,1.2107,75899.7,1789006499999,futures
1789006500000,2026-09-10T02:15:00.000Z,2026-09-10 10:15,1.2108,1.2135,1.2082,1.2082,65226.7,1789006799999,futures
1789006800000,2026-09-10T02:20:00.000Z,2026-09-10 10:20,1.2081,1.21,1.1995,1.2025,112751.4,1789007099999,futures
1789007100000,2026-09-10T02:25:00.000Z,2026-09-10 10:25,1.2024,1.206,1.2005,1.2017,42320.7,1789007399999,futures
1789007400000,2026-09-10T02:30:00.000Z,2026-09-10 10:30,1.2018,1.216,1.2017,1.2159,123636.7,1789007699999,futures
1789007700000,2026-09-10T02:35:00.000Z,2026-09-10 10:35,1.2159,1.2184,1.212,1.2141,112597.7,1789007999999,futures
1789008000000,2026-09-10T02:40:00.000Z,2026-09-10 10:40,1.2141,1.2171,1.2117,1.2155,83672.1,1789008299999,futures
1789008300000,2026-09-10T02:45:00.000Z,2026-09-10 10:45,1.2154,1.2167,1.2126,1.2134,68408.2,1789008599999,futures
1789008600000,2026-09-10T02:50:00.000Z,2026-09-10 10:50,1.2136,1.2235,1.2054,1.2106,289195.7,1789008899999,futures
1789008900000,2026-09-10T02:55:00.000Z,2026-09-10 10:55,1.2106,1.2281,1.2093,1.2248,212806.4,1789009199999,futures
1789009200000,2026-09-10T03:00:00.000Z,2026-09-10 11:00,1.2249,1.242,1.2249,1.2333,406446.9,1789009499999,futures
1789009500000,2026-09-10T03:05:00.000Z,2026-09-10 11:05,1.2333,1.2473,1.2305,1.2425,311904.5,1789009799999,futures
1789009800000,2026-09-10T03:10:00.000Z,2026-09-10 11:10,1.2425,1.2585,1.2417,1.2509,486329.1,1789010099999,futures
1789010100000,2026-09-10T03:15:00.000Z,2026-09-10 11:15,1.2509,1.2509,1.2367,1.2381,216136.3,1789010399999,futures
1789010400000,2026-09-10T03:20:00.000Z,2026-09-10 11:20,1.2379,1.2459,1.2334,1.2349,139364.9,1789010699999,futures
1789010700000,2026-09-10T03:25:00.000Z,2026-09-10 11:25,1.2347,1.2487,1.2309,1.2476,168697.9,1789010999999,futures
1789011000000,2026-09-10T03:30:00.000Z,2026-09-10 11:30,1.2476,1.2507,1.2411,1.2465,124643.8,1789011299999,futures
1789011300000,2026-09-10T03:35:00.000Z,2026-09-10 11:35,1.2462,1.2743,1.2424,1.2695,479487.6,1789011599999,futures
1789011600000,2026-09-10T03:40:00.000Z,2026-09-10 11:40,1.2698,1.2768,1.2668,1.2692,389089.2,1789011899999,futures
1789011900000,2026-09-10T03:45:00.000Z,2026-09-10 11:45,1.2692,1.2868,1.2684,1.2757,548253.8,1789012199999,futures
1789012200000,2026-09-10T03:50:00.000Z,2026-09-10 11:50,1.2757,1.2907,1.2675,1.2863,339789.8,1789012499999,futures
1789012500000,2026-09-10T03:55:00.000Z,2026-09-10 11:55,1.2863,1.2863,1.2755,1.2825,169849.5,1789012799999,futures
1789012800000,2026-09-10T04:00:00.000Z,2026-09-10 12:00,1.2829,1.2992,1.279,1.2915,570972.9,1789013099999,futures
1789013100000,2026-09-10T04:05:00.000Z,2026-09-10 12:05,1.2919,1.298,1.2862,1.293,238248.6,1789013399999,futures
1789013400000,2026-09-10T04:10:00.000Z,2026-09-10 12:10,1.293,1.3098,1.2922,1.3063,370614.7,1789013699999,futures
1789013700000,2026-09-10T04:15:00.000Z,2026-09-10 12:15,1.3063,1.331,1.3044,1.321,699931.1,1789013999999,futures
1789014000000,2026-09-10T04:20:00.000Z,2026-09-10 12:20,1.3208,1.3577,1.3193,1.3458,1161852.2,1789014299999,futures
1789014300000,2026-09-10T04:25:00.000Z,2026-09-10 12:25,1.3461,1.365,1.3348,1.3632,1099079.3,1789014599999,futures
1789014600000,2026-09-10T04:30:00.000Z,2026-09-10 12:30,1.3636,1.3707,1.342,1.3634,1112901.2,1789014899999,futures
1789014900000,2026-09-10T04:35:00.000Z,2026-09-10 12:35,1.3639,1.3668,1.3414,1.3506,698034.9,1789015199999,futures
1789015200000,2026-09-10T04:40:00.000Z,2026-09-10 12:40,1.3504,1.3593,1.3323,1.3503,910339.4,1789015499999,futures
1789015500000,2026-09-10T04:45:00.000Z,2026-09-10 12:45,1.3505,1.358,1.3465,1.3474,511605.6,1789015799999,futures
1789015800000,2026-09-10T04:50:00.000Z,2026-09-10 12:50,1.3474,1.3498,1.3385,1.3419,578182.7,1789016099999,futures
1789016100000,2026-09-10T04:55:00.000Z,2026-09-10 12:55,1.342,1.3472,1.3214,1.3303,756331.3,1789016399999,futures
1789016400000,2026-09-10T05:00:00.000Z,2026-09-10 13:00,1.3302,1.3544,1.3296,1.3468,521716.7,1789016699999,futures
1789016700000,2026-09-10T05:05:00.000Z,2026-09-10 13:05,1.3467,1.3493,1.3398,1.3444,275609.6,1789016999999,futures
1789017000000,2026-09-10T05:10:00.000Z,2026-09-10 13:10,1.3443,1.352,1.3417,1.3491,257409.1,1789017299999,futures
1789017300000,2026-09-10T05:15:00.000Z,2026-09-10 13:15,1.3494,1.3521,1.323,1.3382,762419.3,1789017599999,futures
1789017600000,2026-09-10T05:20:00.000Z,2026-09-10 13:20,1.3381,1.3419,1.325,1.3401,520230.5,1789017899999,futures
1789017900000,2026-09-10T05:25:00.000Z,2026-09-10 13:25,1.3401,1.3494,1.3368,1.3466,276465.6,1789018199999,futures
1789018200000,2026-09-10T05:30:00.000Z,2026-09-10 13:30,1.347,1.365,1.3378,1.3512,567973.7,1789018499999,futures
1789018500000,2026-09-10T05:35:00.000Z,2026-09-10 13:35,1.3517,1.3798,1.3506,1.3616,1103763,1789018799999,futures
1789018800000,2026-09-10T05:40:00.000Z,2026-09-10 13:40,1.3618,1.3905,1.355,1.3565,717146.4,1789019099999,futures
1789019100000,2026-09-10T05:45:00.000Z,2026-09-10 13:45,1.3563,1.3758,1.3525,1.3663,596326.5,1789019399999,futures
1789019400000,2026-09-10T05:50:00.000Z,2026-09-10 13:50,1.3662,1.3918,1.3627,1.3853,486322.5,1789019699999,futures
1789019700000,2026-09-10T05:55:00.000Z,2026-09-10 13:55,1.3851,1.3851,1.3734,1.3753,283146.5,1789019999999,futures
1789020000000,2026-09-10T06:00:00.000Z,2026-09-10 14:00,1.3753,1.3792,1.3467,1.3617,558227.9,1789020299999,futures
1789020300000,2026-09-10T06:05:00.000Z,2026-09-10 14:05,1.3619,1.3929,1.3598,1.3866,467300.7,1789020599999,futures
1789020600000,2026-09-10T06:10:00.000Z,2026-09-10 14:10,1.3868,1.4169,1.3815,1.3861,1310443,1789020899999,futures
1789020900000,2026-09-10T06:15:00.000Z,2026-09-10 14:15,1.3857,1.3954,1.366,1.3708,681150.3,1789021199999,futures
1789021200000,2026-09-10T06:20:00.000Z,2026-09-10 14:20,1.3716,1.3726,1.3125,1.3346,1638458.7,1789021499999,futures
1789021500000,2026-09-10T06:25:00.000Z,2026-09-10 14:25,1.3343,1.3748,1.3274,1.3589,1599654.6,1789021799999,futures
1789021800000,2026-09-10T06:30:00.000Z,2026-09-10 14:30,1.359,1.3687,1.3425,1.3506,507384.6,1789022099999,futures
1789022100000,2026-09-10T06:35:00.000Z,2026-09-10 14:35,1.3511,1.3537,1.3423,1.3478,252056.9,1789022399999,futures
1789022400000,2026-09-10T06:40:00.000Z,2026-09-10 14:40,1.348,1.3608,1.3477,1.3477,265516.8,1789022699999,futures
1789022700000,2026-09-10T06:45:00.000Z,2026-09-10 14:45,1.3483,1.3543,1.3465,1.3498,193858.5,1789022999999,futures
1789023000000,2026-09-10T06:50:00.000Z,2026-09-10 14:50,1.3498,1.3581,1.3481,1.3495,204937,1789023299999,futures
1789023300000,2026-09-10T06:55:00.000Z,2026-09-10 14:55,1.3498,1.3662,1.333,1.3588,510155.7,1789023599999,futures
1789023600000,2026-09-10T07:00:00.000Z,2026-09-10 15:00,1.3589,1.3591,1.33,1.3335,428953.8,1789023899999,futures
1789023900000,2026-09-10T07:05:00.000Z,2026-09-10 15:05,1.3335,1.341,1.3211,1.3282,559186.9,1789024199999,futures
1789024200000,2026-09-10T07:10:00.000Z,2026-09-10 15:10,1.328,1.3395,1.3249,1.329,368595.7,1789024499999,futures
1789024500000,2026-09-10T07:15:00.000Z,2026-09-10 15:15,1.3291,1.3651,1.3244,1.3626,567094,1789024799999,futures
1789024800000,2026-09-10T07:20:00.000Z,2026-09-10 15:20,1.3628,1.3843,1.3594,1.3614,640851,1789025099999,futures
1789025100000,2026-09-10T07:25:00.000Z,2026-09-10 15:25,1.3614,1.3679,1.348,1.3596,369002,1789025399999,futures
1789025400000,2026-09-10T07:30:00.000Z,2026-09-10 15:30,1.3597,1.3603,1.3436,1.3508,276569.7,1789025699999,futures
1789025700000,2026-09-10T07:35:00.000Z,2026-09-10 15:35,1.351,1.363,1.3475,1.3549,206088,1789025999999,futures
1789026000000,2026-09-10T07:40:00.000Z,2026-09-10 15:40,1.3554,1.3669,1.3551,1.3662,168535.1,1789026299999,futures
1789026300000,2026-09-10T07:45:00.000Z,2026-09-10 15:45,1.3667,1.3689,1.3453,1.3525,266822.9,1789026599999,futures
1789026600000,2026-09-10T07:50:00.000Z,2026-09-10 15:50,1.3525,1.3678,1.3523,1.3625,248036.4,1789026899999,futures
1789026900000,2026-09-10T07:55:00.000Z,2026-09-10 15:55,1.3623,1.367,1.3526,1.3646,272033.8,1789027199999,futures
1789027200000,2026-09-10T08:00:00.000Z,2026-09-10 16:00,1.3646,1.3646,1.3387,1.3454,364881.4,1789027499999,futures
1789027500000,2026-09-10T08:05:00.000Z,2026-09-10 16:05,1.3451,1.3469,1.3334,1.3462,281263.6,1789027799999,futures
1789027800000,2026-09-10T08:10:00.000Z,2026-09-10 16:10,1.3461,1.356,1.3441,1.346,190467.6,1789028099999,futures
1789028100000,2026-09-10T08:15:00.000Z,2026-09-10 16:15,1.3459,1.3566,1.343,1.3488,193244.3,1789028399999,futures
1789028400000,2026-09-10T08:20:00.000Z,2026-09-10 16:20,1.3486,1.353,1.3425,1.35,190255.9,1789028699999,futures
1789028700000,2026-09-10T08:25:00.000Z,2026-09-10 16:25,1.3497,1.3517,1.3418,1.349,126148.1,1789028999999,futures
1789029000000,2026-09-10T08:30:00.000Z,2026-09-10 16:30,1.3489,1.3569,1.3436,1.3548,145641.3,1789029299999,futures
1789029300000,2026-09-10T08:35:00.000Z,2026-09-10 16:35,1.3548,1.3643,1.3548,1.3637,242165.3,1789029599999,futures
1789029600000,2026-09-10T08:40:00.000Z,2026-09-10 16:40,1.3633,1.3655,1.3555,1.3596,204663.1,1789029899999,futures
1789029900000,2026-09-10T08:45:00.000Z,2026-09-10 16:45,1.3596,1.362,1.3499,1.354,150725.2,1789030199999,futures
1789030200000,2026-09-10T08:50:00.000Z,2026-09-10 16:50,1.3542,1.3547,1.3443,1.3469,196127.1,1789030499999,futures
1789030500000,2026-09-10T08:55:00.000Z,2026-09-10 16:55,1.347,1.355,1.3432,1.3526,123309.5,1789030799999,futures
1789030800000,2026-09-10T09:00:00.000Z,2026-09-10 17:00,1.3527,1.3899,1.3476,1.3889,603679.6,1789031099999,futures
1789031100000,2026-09-10T09:05:00.000Z,2026-09-10 17:05,1.3889,1.413,1.3736,1.375,1126248.9,1789031399999,futures
1789031400000,2026-09-10T09:10:00.000Z,2026-09-10 17:10,1.3749,1.3834,1.3704,1.3813,408483.2,1789031699999,futures
1789031700000,2026-09-10T09:15:00.000Z,2026-09-10 17:15,1.3813,1.3838,1.346,1.3697,697169.9,1789031999999,futures
1789032000000,2026-09-10T09:20:00.000Z,2026-09-10 17:20,1.3692,1.37,1.3584,1.364,215464.5,1789032299999,futures
1789032300000,2026-09-10T09:25:00.000Z,2026-09-10 17:25,1.364,1.368,1.3601,1.3633,178660.1,1789032599999,futures
1789032600000,2026-09-10T09:30:00.000Z,2026-09-10 17:30,1.3633,1.3781,1.3532,1.3578,419075.8,1789032899999,futures
1789032900000,2026-09-10T09:35:00.000Z,2026-09-10 17:35,1.3577,1.3584,1.34,1.3445,546174.7,1789033199999,futures
1789033200000,2026-09-10T09:40:00.000Z,2026-09-10 17:40,1.3445,1.3603,1.3444,1.3549,284508,1789033499999,futures
1789033500000,2026-09-10T09:45:00.000Z,2026-09-10 17:45,1.355,1.3647,1.3487,1.3576,272244.1,1789033799999,futures
1789033800000,2026-09-10T09:50:00.000Z,2026-09-10 17:50,1.3577,1.3581,1.3383,1.3552,452930.8,1789034099999,futures
1789034100000,2026-09-10T09:55:00.000Z,2026-09-10 17:55,1.3552,1.3552,1.3385,1.3423,173400,1789034399999,futures
1789034400000,2026-09-10T10:00:00.000Z,2026-09-10 18:00,1.342,1.3474,1.3272,1.3326,657718.5,1789034699999,futures
1789034700000,2026-09-10T10:05:00.000Z,2026-09-10 18:05,1.3325,1.3527,1.3325,1.3516,296223.1,1789034999999,futures
1789035000000,2026-09-10T10:10:00.000Z,2026-09-10 18:10,1.3517,1.3517,1.3404,1.3431,249566.1,1789035299999,futures
1789035300000,2026-09-10T10:15:00.000Z,2026-09-10 18:15,1.3432,1.3493,1.3389,1.3418,161433,1789035599999,futures
1789035600000,2026-09-10T10:20:00.000Z,2026-09-10 18:20,1.3422,1.3543,1.3416,1.3468,208548.5,1789035899999,futures
1789035900000,2026-09-10T10:25:00.000Z,2026-09-10 18:25,1.3472,1.3508,1.3315,1.3427,269806.6,1789036199999,futures
1789036200000,2026-09-10T10:30:00.000Z,2026-09-10 18:30,1.3425,1.3492,1.3224,1.334,389850.9,1789036499999,futures
1789036500000,2026-09-10T10:35:00.000Z,2026-09-10 18:35,1.3336,1.3459,1.3312,1.3374,234848.1,1789036799999,futures
1789036800000,2026-09-10T10:40:00.000Z,2026-09-10 18:40,1.3375,1.3406,1.3313,1.3385,168412.4,1789037099999,futures
1789037100000,2026-09-10T10:45:00.000Z,2026-09-10 18:45,1.3386,1.3411,1.3266,1.3301,207412.4,1789037399999,futures
1789037400000,2026-09-10T10:50:00.000Z,2026-09-10 18:50,1.3301,1.3477,1.327,1.3449,294653.2,1789037699999,futures
1789037700000,2026-09-10T10:55:00.000Z,2026-09-10 18:55,1.3453,1.3498,1.3336,1.3352,146538,1789037999999,futures
1789038000000,2026-09-10T11:00:00.000Z,2026-09-10 19:00,1.3352,1.3368,1.3143,1.3193,429232.6,1789038299999,futures
1789038300000,2026-09-10T11:05:00.000Z,2026-09-10 19:05,1.3192,1.3362,1.3188,1.3293,253727.3,1789038599999,futures
1789038600000,2026-09-10T11:10:00.000Z,2026-09-10 19:10,1.3292,1.3455,1.3234,1.343,249397.2,1789038899999,futures
1789038900000,2026-09-10T11:15:00.000Z,2026-09-10 19:15,1.3433,1.3499,1.334,1.3403,230717.3,1789039199999,futures
1789039200000,2026-09-10T11:20:00.000Z,2026-09-10 19:20,1.3405,1.3494,1.3377,1.3468,147433.4,1789039499999,futures
1789039500000,2026-09-10T11:25:00.000Z,2026-09-10 19:25,1.3472,1.3491,1.3372,1.3404,178490.1,1789039799999,futures
1789039800000,2026-09-10T11:30:00.000Z,2026-09-10 19:30,1.3406,1.3576,1.3405,1.3515,239788.9,1789040099999,futures
1789040100000,2026-09-10T11:35:00.000Z,2026-09-10 19:35,1.3514,1.3574,1.347,1.3495,157594.3,1789040399999,futures
1789040400000,2026-09-10T11:40:00.000Z,2026-09-10 19:40,1.3491,1.3557,1.3405,1.3475,124650.9,1789040699999,futures
1789040700000,2026-09-10T11:45:00.000Z,2026-09-10 19:45,1.3473,1.3555,1.3472,1.3525,155787.1,1789040999999,futures
1789041000000,2026-09-10T11:50:00.000Z,2026-09-10 19:50,1.3525,1.3539,1.3307,1.3477,332493,1789041299999,futures
1789041300000,2026-09-10T11:55:00.000Z,2026-09-10 19:55,1.3478,1.3516,1.3422,1.3425,137661.9,1789041599999,futures
1789041600000,2026-09-10T12:00:00.000Z,2026-09-10 20:00,1.3425,1.3489,1.3326,1.3387,281656.2,1789041899999,futures
1789041900000,2026-09-10T12:05:00.000Z,2026-09-10 20:05,1.3389,1.3426,1.3346,1.3349,105117.2,1789042199999,futures
1789042200000,2026-09-10T12:10:00.000Z,2026-09-10 20:10,1.3349,1.338,1.327,1.3323,217379.6,1789042499999,futures
1789042500000,2026-09-10T12:15:00.000Z,2026-09-10 20:15,1.3321,1.3381,1.3204,1.326,227113.9,1789042799999,futures
1789042800000,2026-09-10T12:20:00.000Z,2026-09-10 20:20,1.3257,1.3317,1.3221,1.3252,104876.5,1789043099999,futures
1789043100000,2026-09-10T12:25:00.000Z,2026-09-10 20:25,1.3249,1.3316,1.305,1.331,513904.6,1789043399999,futures
1789043400000,2026-09-10T12:30:00.000Z,2026-09-10 20:30,1.3307,1.3374,1.3183,1.3253,402498,1789043699999,futures
1789043700000,2026-09-10T12:35:00.000Z,2026-09-10 20:35,1.3254,1.332,1.3148,1.3197,362322.1,1789043999999,futures
1789044000000,2026-09-10T12:40:00.000Z,2026-09-10 20:40,1.3199,1.3242,1.2985,1.3046,525897.4,1789044299999,futures
1789044300000,2026-09-10T12:45:00.000Z,2026-09-10 20:45,1.3049,1.31,1.2704,1.2909,1336938.6,1789044599999,futures
1789044600000,2026-09-10T12:50:00.000Z,2026-09-10 20:50,1.291,1.2967,1.2858,1.287,288441.8,1789044899999,futures
1789044900000,2026-09-10T12:55:00.000Z,2026-09-10 20:55,1.2867,1.2885,1.2771,1.2865,422819,1789045199999,futures
1789045200000,2026-09-10T13:00:00.000Z,2026-09-10 21:00,1.2866,1.299,1.2836,1.2855,310967.9,1789045499999,futures
1789045500000,2026-09-10T13:05:00.000Z,2026-09-10 21:05,1.2854,1.2897,1.2784,1.2877,239430.3,1789045799999,futures
1789045800000,2026-09-10T13:10:00.000Z,2026-09-10 21:10,1.2879,1.289,1.2755,1.2827,265684.2,1789046099999,futures
1789046100000,2026-09-10T13:15:00.000Z,2026-09-10 21:15,1.2826,1.2829,1.2506,1.2528,1107668.7,1789046399999,futures
1789046400000,2026-09-10T13:20:00.000Z,2026-09-10 21:20,1.2526,1.2685,1.2513,1.2668,352156.3,1789046699999,futures
1789046700000,2026-09-10T13:25:00.000Z,2026-09-10 21:25,1.2666,1.2693,1.2592,1.262,234321.5,1789046999999,futures
1789047000000,2026-09-10T13:30:00.000Z,2026-09-10 21:30,1.2623,1.2776,1.2612,1.2751,373090.8,1789047299999,futures
1789047300000,2026-09-10T13:35:00.000Z,2026-09-10 21:35,1.2749,1.2861,1.2722,1.2809,391319.7,1789047599999,futures
1789047600000,2026-09-10T13:40:00.000Z,2026-09-10 21:40,1.2809,1.2876,1.2774,1.2835,339725.2,1789047899999,futures
1789047900000,2026-09-10T13:45:00.000Z,2026-09-10 21:45,1.2836,1.2855,1.2768,1.281,221831.5,1789048199999,futures
1789048200000,2026-09-10T13:50:00.000Z,2026-09-10 21:50,1.2809,1.2828,1.2713,1.2783,298778.3,1789048499999,futures
1789048500000,2026-09-10T13:55:00.000Z,2026-09-10 21:55,1.2783,1.2788,1.2717,1.2733,132425.6,1789048799999,futures
1789048800000,2026-09-10T14:00:00.000Z,2026-09-10 22:00,1.2733,1.2852,1.2731,1.2847,231819.2,1789049099999,futures
1789049100000,2026-09-10T14:05:00.000Z,2026-09-10 22:05,1.2846,1.2875,1.2795,1.2824,203124.6,1789049399999,futures
1789049400000,2026-09-10T14:10:00.000Z,2026-09-10 22:10,1.2822,1.2916,1.2793,1.283,227213.9,1789049699999,futures
1789049700000,2026-09-10T14:15:00.000Z,2026-09-10 22:15,1.2827,1.2889,1.2755,1.2853,436612.6,1789049999999,futures
1789050000000,2026-09-10T14:20:00.000Z,2026-09-10 22:20,1.2847,1.3098,1.2827,1.3031,489780,1789050299999,futures
1789050300000,2026-09-10T14:25:00.000Z,2026-09-10 22:25,1.303,1.3184,1.2994,1.311,483959.6,1789050599999,futures
1789050600000,2026-09-10T14:30:00.000Z,2026-09-10 22:30,1.3106,1.3438,1.3074,1.3321,672299.2,1789050899999,futures
1789050900000,2026-09-10T14:35:00.000Z,2026-09-10 22:35,1.332,1.3368,1.3236,1.3247,352728.1,1789051199999,futures
1789051200000,2026-09-10T14:40:00.000Z,2026-09-10 22:40,1.3249,1.3313,1.3195,1.3216,293558.3,1789051499999,futures
1789051500000,2026-09-10T14:45:00.000Z,2026-09-10 22:45,1.3213,1.3304,1.3141,1.3157,321744.4,1789051799999,futures
1789051800000,2026-09-10T14:50:00.000Z,2026-09-10 22:50,1.3157,1.3269,1.3144,1.3206,209279.3,1789052099999,futures
1789052100000,2026-09-10T14:55:00.000Z,2026-09-10 22:55,1.3206,1.3227,1.3061,1.3108,312549.7,1789052399999,futures
1789052400000,2026-09-10T15:00:00.000Z,2026-09-10 23:00,1.3107,1.3483,1.3093,1.3298,481451.6,1789052699999,futures
1789052700000,2026-09-10T15:05:00.000Z,2026-09-10 23:05,1.3294,1.3384,1.3213,1.3324,302469.3,1789052999999,futures
1789053000000,2026-09-10T15:10:00.000Z,2026-09-10 23:10,1.3326,1.3423,1.3282,1.3345,295179.9,1789053299999,futures
1789053300000,2026-09-10T15:15:00.000Z,2026-09-10 23:15,1.3341,1.3434,1.3304,1.3353,191991.3,1789053599999,futures
1789053600000,2026-09-10T15:20:00.000Z,2026-09-10 23:20,1.3357,1.337,1.3235,1.3297,315931.9,1789053899999,futures
1789053900000,2026-09-10T15:25:00.000Z,2026-09-10 23:25,1.329,1.3328,1.3167,1.3192,235758.8,1789054199999,futures
1789054200000,2026-09-10T15:30:00.000Z,2026-09-10 23:30,1.3191,1.3284,1.3096,1.3239,400188.6,1789054499999,futures
1789054500000,2026-09-10T15:35:00.000Z,2026-09-10 23:35,1.3242,1.334,1.3235,1.3238,142761.1,1789054799999,futures
1789054800000,2026-09-10T15:40:00.000Z,2026-09-10 23:40,1.3238,1.3273,1.3174,1.3193,196690.9,1789055099999,futures
1789055100000,2026-09-10T15:45:00.000Z,2026-09-10 23:45,1.3192,1.3238,1.3055,1.3131,228253.9,1789055399999,futures
1789055400000,2026-09-10T15:50:00.000Z,2026-09-10 23:50,1.3134,1.3162,1.2959,1.2999,227158.5,1789055699999,futures
1789055700000,2026-09-10T15:55:00.000Z,2026-09-10 23:55,1.3,1.3071,1.2972,1.3061,156821.9,1789055999999,futures
1789056000000,2026-09-10T16:00:00.000Z,2026-09-11 00:00,1.3057,1.3058,1.2887,1.2916,264681.5,1789056299999,futures
1789056300000,2026-09-10T16:05:00.000Z,2026-09-11 00:05,1.2914,1.2933,1.2819,1.2843,218041.8,1789056599999,futures
1789056600000,2026-09-10T16:10:00.000Z,2026-09-11 00:10,1.2844,1.2934,1.284,1.2921,193638.5,1789056899999,futures
1789056900000,2026-09-10T16:15:00.000Z,2026-09-11 00:15,1.2921,1.2942,1.2851,1.2862,138563.8,1789057199999,futures
1789057200000,2026-09-10T16:20:00.000Z,2026-09-11 00:20,1.286,1.2971,1.286,1.2904,216833.2,1789057499999,futures
1789057500000,2026-09-10T16:25:00.000Z,2026-09-11 00:25,1.2907,1.2908,1.2803,1.2834,262852,1789057799999,futures
1789057800000,2026-09-10T16:30:00.000Z,2026-09-11 00:30,1.2834,1.2986,1.2824,1.2948,244341.1,1789058099999,futures
1789058100000,2026-09-10T16:35:00.000Z,2026-09-11 00:35,1.2948,1.3081,1.2908,1.308,226378.4,1789058399999,futures
1789058400000,2026-09-10T16:40:00.000Z,2026-09-11 00:40,1.308,1.316,1.3051,1.315,197901,1789058699999,futures
1789058700000,2026-09-10T16:45:00.000Z,2026-09-11 00:45,1.3156,1.3239,1.3102,1.3115,237442.9,1789058999999,futures
1789059000000,2026-09-10T16:50:00.000Z,2026-09-11 00:50,1.3112,1.3127,1.2956,1.2968,251503.9,1789059299999,futures
1789059300000,2026-09-10T16:55:00.000Z,2026-09-11 00:55,1.2972,1.3028,1.2961,1.2978,83654.2,1789059599999,futures
1789059600000,2026-09-10T17:00:00.000Z,2026-09-11 01:00,1.2978,1.3043,1.2929,1.301,115617,1789059899999,futures
1789059900000,2026-09-10T17:05:00.000Z,2026-09-11 01:05,1.3014,1.3067,1.299,1.2999,82840.5,1789060199999,futures
1789060200000,2026-09-10T17:10:00.000Z,2026-09-11 01:10,1.3,1.3025,1.2941,1.2952,128501,1789060499999,futures
1789060500000,2026-09-10T17:15:00.000Z,2026-09-11 01:15,1.2954,1.302,1.2927,1.3011,78175.8,1789060799999,futures
1789060800000,2026-09-10T17:20:00.000Z,2026-09-11 01:20,1.3012,1.3129,1.2994,1.3119,126968.1,1789061099999,futures
1789061100000,2026-09-10T17:25:00.000Z,2026-09-11 01:25,1.3121,1.3142,1.3057,1.3084,123771,1789061399999,futures
1789061400000,2026-09-10T17:30:00.000Z,2026-09-11 01:30,1.3084,1.3219,1.3072,1.3138,198138.6,1789061699999,futures
1789061700000,2026-09-10T17:35:00.000Z,2026-09-11 01:35,1.3136,1.3138,1.3053,1.3054,131582.8,1789061999999,futures
1789062000000,2026-09-10T17:40:00.000Z,2026-09-11 01:40,1.3054,1.3063,1.296,1.2975,188111.9,1789062299999,futures
1789062300000,2026-09-10T17:45:00.000Z,2026-09-11 01:45,1.2979,1.2986,1.2905,1.2917,105480.8,1789062599999,futures
1789062600000,2026-09-10T17:50:00.000Z,2026-09-11 01:50,1.2918,1.303,1.2902,1.3007,107593,1789062899999,futures
1789062900000,2026-09-10T17:55:00.000Z,2026-09-11 01:55,1.3007,1.3029,1.297,1.2977,45674.6,1789063199999,futures
1789063200000,2026-09-10T18:00:00.000Z,2026-09-11 02:00,1.2975,1.2996,1.2865,1.2938,174279.2,1789063499999,futures
1789063500000,2026-09-10T18:05:00.000Z,2026-09-11 02:05,1.2937,1.2964,1.2806,1.2837,153701.9,1789063799999,futures
1789063800000,2026-09-10T18:10:00.000Z,2026-09-11 02:10,1.2838,1.286,1.2807,1.2842,50545.5,1789064099999,futures
1789064100000,2026-09-10T18:15:00.000Z,2026-09-11 02:15,1.2842,1.2889,1.2825,1.2839,65273.8,1789064399999,futures
1789064400000,2026-09-10T18:20:00.000Z,2026-09-11 02:20,1.2842,1.295,1.2842,1.2908,61764,1789064699999,futures
1789064700000,2026-09-10T18:25:00.000Z,2026-09-11 02:25,1.2911,1.2937,1.2887,1.2889,62925.2,1789064999999,futures
1789065000000,2026-09-10T18:30:00.000Z,2026-09-11 02:30,1.2897,1.2904,1.2876,1.2895,35291.4,1789065299999,futures
1789065300000,2026-09-10T18:35:00.000Z,2026-09-11 02:35,1.2895,1.2964,1.2883,1.2938,46744.4,1789065599999,futures
1789065600000,2026-09-10T18:40:00.000Z,2026-09-11 02:40,1.2935,1.2971,1.2926,1.2933,47111.7,1789065899999,futures
1789065900000,2026-09-10T18:45:00.000Z,2026-09-11 02:45,1.2934,1.2976,1.2916,1.2964,34787.3,1789066199999,futures
1789066200000,2026-09-10T18:50:00.000Z,2026-09-11 02:50,1.2964,1.318,1.2962,1.3152,128424.7,1789066499999,futures
1789066500000,2026-09-10T18:55:00.000Z,2026-09-11 02:55,1.3155,1.318,1.3088,1.3114,111979.8,1789066799999,futures
1789066800000,2026-09-10T19:00:00.000Z,2026-09-11 03:00,1.3121,1.3122,1.3016,1.3027,78946.2,1789067099999,futures
1789067100000,2026-09-10T19:05:00.000Z,2026-09-11 03:05,1.3027,1.3177,1.3013,1.3154,255746.8,1789067399999,futures
1789067400000,2026-09-10T19:10:00.000Z,2026-09-11 03:10,1.3154,1.3477,1.3143,1.3445,533909.2,1789067699999,futures
1789067700000,2026-09-10T19:15:00.000Z,2026-09-11 03:15,1.3439,1.3749,1.341,1.3677,917195,1789067999999,futures
1789068000000,2026-09-10T19:20:00.000Z,2026-09-11 03:20,1.3674,1.3856,1.3573,1.383,607286.4,1789068299999,futures
1789068300000,2026-09-10T19:25:00.000Z,2026-09-11 03:25,1.3827,1.3963,1.3769,1.3909,553538.3,1789068599999,futures
1789068600000,2026-09-10T19:30:00.000Z,2026-09-11 03:30,1.3909,1.4095,1.3846,1.4062,779093.5,1789068899999,futures
1789068900000,2026-09-10T19:35:00.000Z,2026-09-11 03:35,1.4055,1.4298,1.3811,1.3917,1809225.9,1789069199999,futures
1789069200000,2026-09-10T19:40:00.000Z,2026-09-11 03:40,1.3919,1.3969,1.3722,1.3885,628712.4,1789069499999,futures
1789069500000,2026-09-10T19:45:00.000Z,2026-09-11 03:45,1.3885,1.3885,1.3679,1.3746,481539.7,1789069799999,futures
1789069800000,2026-09-10T19:50:00.000Z,2026-09-11 03:50,1.3752,1.381,1.3569,1.3672,489932.1,1789070099999,futures
1789070100000,2026-09-10T19:55:00.000Z,2026-09-11 03:55,1.3672,1.3744,1.3567,1.3687,336923.7,1789070399999,futures
1789070400000,2026-09-10T20:00:00.000Z,2026-09-11 04:00,1.3687,1.39,1.3676,1.3829,436350.5,1789070699999,futures
1789070700000,2026-09-10T20:05:00.000Z,2026-09-11 04:05,1.3827,1.4097,1.3778,1.4056,497127.1,1789070999999,futures
1789071000000,2026-09-10T20:10:00.000Z,2026-09-11 04:10,1.4058,1.4065,1.3917,1.3958,281128.4,1789071299999,futures
1789071300000,2026-09-10T20:15:00.000Z,2026-09-11 04:15,1.396,1.3993,1.3854,1.3898,215284.4,1789071599999,futures
1789071600000,2026-09-10T20:20:00.000Z,2026-09-11 04:20,1.3898,1.3967,1.3733,1.3944,476207,1789071899999,futures
1789071900000,2026-09-10T20:25:00.000Z,2026-09-11 04:25,1.394,1.42,1.3908,1.411,542819.5,1789072199999,futures
1789072200000,2026-09-10T20:30:00.000Z,2026-09-11 04:30,1.4108,1.4138,1.3912,1.3988,492478.1,1789072499999,futures
1789072500000,2026-09-10T20:35:00.000Z,2026-09-11 04:35,1.399,1.4226,1.3942,1.4159,765416.1,1789072799999,futures
1789072800000,2026-09-10T20:40:00.000Z,2026-09-11 04:40,1.4161,1.4412,1.4055,1.4162,1585553.7,1789073099999,futures
1789073100000,2026-09-10T20:45:00.000Z,2026-09-11 04:45,1.416,1.4218,1.4013,1.4163,724783.4,1789073399999,futures
1789073400000,2026-09-10T20:50:00.000Z,2026-09-11 04:50,1.4166,1.4349,1.4138,1.4289,817685.9,1789073699999,futures
1789073700000,2026-09-10T20:55:00.000Z,2026-09-11 04:55,1.4288,1.4407,1.4101,1.4239,944972.1,1789073999999,futures
1789074000000,2026-09-10T21:00:00.000Z,2026-09-11 05:00,1.4243,1.446,1.42,1.4445,1011478.3,1789074299999,futures
1789074300000,2026-09-10T21:05:00.000Z,2026-09-11 05:05,1.4441,1.4636,1.4359,1.4512,1623956.6,1789074599999,futures
1789074600000,2026-09-10T21:10:00.000Z,2026-09-11 05:10,1.4512,1.4685,1.4488,1.4622,1073774.1,1789074899999,futures
1789074900000,2026-09-10T21:15:00.000Z,2026-09-11 05:15,1.462,1.4876,1.4584,1.4744,1683832.1,1789075199999,futures
1789075200000,2026-09-10T21:20:00.000Z,2026-09-11 05:20,1.4745,1.4795,1.4531,1.4695,1005904.5,1789075499999,futures
1789075500000,2026-09-10T21:25:00.000Z,2026-09-11 05:25,1.4695,1.4695,1.4281,1.4364,1616802.9,1789075799999,futures
1789075800000,2026-09-10T21:30:00.000Z,2026-09-11 05:30,1.4366,1.4413,1.407,1.4268,1254141.2,1789076099999,futures
1789076100000,2026-09-10T21:35:00.000Z,2026-09-11 05:35,1.4269,1.4307,1.4162,1.4208,440219.2,1789076399999,futures
1789076400000,2026-09-10T21:40:00.000Z,2026-09-11 05:40,1.42,1.4344,1.415,1.4298,358486.7,1789076699999,futures
1789076700000,2026-09-10T21:45:00.000Z,2026-09-11 05:45,1.4295,1.4416,1.426,1.43,340948.6,1789076999999,futures
1789077000000,2026-09-10T21:50:00.000Z,2026-09-11 05:50,1.4295,1.4301,1.4052,1.4068,564201.8,1789077299999,futures
1789077300000,2026-09-10T21:55:00.000Z,2026-09-11 05:55,1.4065,1.4206,1.3916,1.4099,666932.2,1789077599999,futures
1789077600000,2026-09-10T22:00:00.000Z,2026-09-11 06:00,1.4099,1.4168,1.3973,1.401,501393.3,1789077899999,futures
1789077900000,2026-09-10T22:05:00.000Z,2026-09-11 06:05,1.4009,1.4114,1.3934,1.4,458354.4,1789078199999,futures
1789078200000,2026-09-10T22:10:00.000Z,2026-09-11 06:10,1.4005,1.4125,1.3974,1.4011,348860,1789078499999,futures
1789078500000,2026-09-10T22:15:00.000Z,2026-09-11 06:15,1.4013,1.4227,1.4002,1.4165,350272.1,1789078799999,futures
1789078800000,2026-09-10T22:20:00.000Z,2026-09-11 06:20,1.4164,1.4193,1.4046,1.41,298600,1789079099999,futures
1789079100000,2026-09-10T22:25:00.000Z,2026-09-11 06:25,1.41,1.4151,1.4004,1.4029,246738,1789079399999,futures
1789079400000,2026-09-10T22:30:00.000Z,2026-09-11 06:30,1.4035,1.4068,1.3964,1.3991,268006.7,1789079699999,futures
1789079700000,2026-09-10T22:35:00.000Z,2026-09-11 06:35,1.3992,1.4086,1.3956,1.4046,364532.3,1789079999999,futures
1789080000000,2026-09-10T22:40:00.000Z,2026-09-11 06:40,1.4046,1.4197,1.4038,1.415,411947.5,1789080299999,futures
1789080300000,2026-09-10T22:45:00.000Z,2026-09-11 06:45,1.4152,1.4241,1.4039,1.4194,547438.2,1789080599999,futures
1789080600000,2026-09-10T22:50:00.000Z,2026-09-11 06:50,1.4195,1.4372,1.4128,1.4281,683921.1,1789080899999,futures
1789080900000,2026-09-10T22:55:00.000Z,2026-09-11 06:55,1.4281,1.4332,1.4195,1.4301,490542.4,1789081199999,futures
1789081200000,2026-09-10T23:00:00.000Z,2026-09-11 07:00,1.4299,1.4684,1.4277,1.4463,1483004,1789081499999,futures
1789081500000,2026-09-10T23:05:00.000Z,2026-09-11 07:05,1.4464,1.475,1.4435,1.4569,1056377.3,1789081799999,futures
1789081800000,2026-09-10T23:10:00.000Z,2026-09-11 07:10,1.4561,1.4576,1.4402,1.4487,806711.5,1789082099999,futures
1789082100000,2026-09-10T23:15:00.000Z,2026-09-11 07:15,1.4488,1.475,1.429,1.4688,1258622.1,1789082399999,futures
1789082400000,2026-09-10T23:20:00.000Z,2026-09-11 07:20,1.4681,1.4722,1.4446,1.4493,955900.3,1789082699999,futures
1789082700000,2026-09-10T23:25:00.000Z,2026-09-11 07:25,1.4488,1.478,1.4437,1.4717,868669.7,1789082999999,futures
1789083000000,2026-09-10T23:30:00.000Z,2026-09-11 07:30,1.4718,1.48,1.4606,1.4647,815533.2,1789083299999,futures
1789083300000,2026-09-10T23:35:00.000Z,2026-09-11 07:35,1.464,1.4669,1.4277,1.4359,988213,1789083599999,futures
1789083600000,2026-09-10T23:40:00.000Z,2026-09-11 07:40,1.4359,1.4514,1.4334,1.4473,635205.1,1789083899999,futures
1789083900000,2026-09-10T23:45:00.000Z,2026-09-11 07:45,1.4468,1.4646,1.4425,1.4495,761360.6,1789084199999,futures
1789084200000,2026-09-10T23:50:00.000Z,2026-09-11 07:50,1.4497,1.4511,1.4376,1.4415,447715.1,1789084499999,futures
1789084500000,2026-09-10T23:55:00.000Z,2026-09-11 07:55,1.4413,1.4475,1.43,1.4447,478454.8,1789084799999,futures
1789084800000,2026-09-11T00:00:00.000Z,2026-09-11 08:00,1.4446,1.4855,1.4338,1.4448,1722129.9,1789085099999,futures
1789085100000,2026-09-11T00:05:00.000Z,2026-09-11 08:05,1.4448,1.4711,1.4091,1.4602,1974381.3,1789085399999,futures
1789085400000,2026-09-11T00:10:00.000Z,2026-09-11 08:10,1.4602,1.4664,1.4485,1.4644,701578.3,1789085699999,futures
1789085700000,2026-09-11T00:15:00.000Z,2026-09-11 08:15,1.4645,1.4802,1.4496,1.4666,934525.3,1789085999999,futures
1789086000000,2026-09-11T00:20:00.000Z,2026-09-11 08:20,1.4662,1.4947,1.4513,1.4798,1591371.9,1789086299999,futures
1789086300000,2026-09-11T00:25:00.000Z,2026-09-11 08:25,1.4792,1.4843,1.4566,1.4751,1278254.8,1789086599999,futures
1789086600000,2026-09-11T00:30:00.000Z,2026-09-11 08:30,1.4748,1.4795,1.4545,1.4754,969998.2,1789086899999,futures
1789086900000,2026-09-11T00:35:00.000Z,2026-09-11 08:35,1.4754,1.4822,1.459,1.4749,545112.1,1789087199999,futures
1789087200000,2026-09-11T00:40:00.000Z,2026-09-11 08:40,1.4751,1.4983,1.4698,1.4817,1177482.9,1789087499999,futures
1789087500000,2026-09-11T00:45:00.000Z,2026-09-11 08:45,1.4817,1.546,1.4714,1.544,3482265.2,1789087799999,futures
1789087800000,2026-09-11T00:50:00.000Z,2026-09-11 08:50,1.5434,1.5588,1.5274,1.5443,2090330.5,1789088099999,futures
1789088100000,2026-09-11T00:55:00.000Z,2026-09-11 08:55,1.5444,1.5508,1.5308,1.535,1335086.2,1789088399999,futures
1789088400000,2026-09-11T01:00:00.000Z,2026-09-11 09:00,1.5348,1.5403,1.5202,1.5279,1259678.5,1789088699999,futures
1789088700000,2026-09-11T01:05:00.000Z,2026-09-11 09:05,1.5277,1.5627,1.5223,1.552,1758823.1,1789088999999,futures
1789089000000,2026-09-11T01:10:00.000Z,2026-09-11 09:10,1.5517,1.5816,1.5449,1.5532,2478770.2,1789089299999,futures
1789089300000,2026-09-11T01:15:00.000Z,2026-09-11 09:15,1.5537,1.559,1.5256,1.5383,1789839.9,1789089599999,futures
1789089600000,2026-09-11T01:20:00.000Z,2026-09-11 09:20,1.5388,1.5486,1.5278,1.5448,876064.9,1789089899999,futures
1789089900000,2026-09-11T01:25:00.000Z,2026-09-11 09:25,1.5449,1.5453,1.5063,1.5325,1539596.6,1789090199999,futures
1789090200000,2026-09-11T01:30:00.000Z,2026-09-11 09:30,1.5329,1.5457,1.5207,1.5332,919658.2,1789090499999,futures
1789090500000,2026-09-11T01:35:00.000Z,2026-09-11 09:35,1.5331,1.5569,1.5319,1.5367,828723,1789090799999,futures
1789090800000,2026-09-11T01:40:00.000Z,2026-09-11 09:40,1.5366,1.5429,1.5128,1.5277,876386,1789091099999,futures
1789091100000,2026-09-11T01:45:00.000Z,2026-09-11 09:45,1.528,1.5333,1.5128,1.5191,1038409.4,1789091399999,futures
1789091400000,2026-09-11T01:50:00.000Z,2026-09-11 09:50,1.5187,1.5199,1.4607,1.4937,2804541.7,1789091699999,futures
1789091700000,2026-09-11T01:55:00.000Z,2026-09-11 09:55,1.4939,1.509,1.4892,1.5005,817977.8,1789091999999,futures
1789092000000,2026-09-11T02:00:00.000Z,2026-09-11 10:00,1.5008,1.5086,1.4823,1.5006,1167671.1,1789092299999,futures
1789092300000,2026-09-11T02:05:00.000Z,2026-09-11 10:05,1.5006,1.5351,1.5006,1.528,1321087.6,1789092599999,futures
1789092600000,2026-09-11T02:10:00.000Z,2026-09-11 10:10,1.528,1.5496,1.523,1.5424,1203946.7,1789092899999,futures
1789092900000,2026-09-11T02:15:00.000Z,2026-09-11 10:15,1.5424,1.5509,1.5304,1.546,1010358.1,1789093199999,futures
1789093200000,2026-09-11T02:20:00.000Z,2026-09-11 10:20,1.5461,1.5582,1.5329,1.5372,1143394.2,1789093499999,futures
1789093500000,2026-09-11T02:25:00.000Z,2026-09-11 10:25,1.537,1.5413,1.5243,1.5351,694466.4,1789093799999,futures
1789093800000,2026-09-11T02:30:00.000Z,2026-09-11 10:30,1.5351,1.5488,1.5246,1.5454,867260.6,1789094099999,futures
1789094100000,2026-09-11T02:35:00.000Z,2026-09-11 10:35,1.5454,1.5532,1.5352,1.5479,720665.5,1789094399999,futures
1789094400000,2026-09-11T02:40:00.000Z,2026-09-11 10:40,1.5476,1.5644,1.5375,1.554,990428.7,1789094699999,futures
1789094700000,2026-09-11T02:45:00.000Z,2026-09-11 10:45,1.5537,1.5639,1.5433,1.5512,786800.7,1789094999999,futures
1789095000000,2026-09-11T02:50:00.000Z,2026-09-11 10:50,1.5513,1.6197,1.5493,1.6158,2751090.6,1789095299999,futures
1789095300000,2026-09-11T02:55:00.000Z,2026-09-11 10:55,1.6157,1.6283,1.5958,1.6102,2308504.5,1789095599999,futures
1789095600000,2026-09-11T03:00:00.000Z,2026-09-11 11:00,1.6107,1.6158,1.5819,1.594,2078292.1,1789095899999,futures
1789095900000,2026-09-11T03:05:00.000Z,2026-09-11 11:05,1.5941,1.5968,1.5761,1.5881,1260947.1,1789096199999,futures
1789096200000,2026-09-11T03:10:00.000Z,2026-09-11 11:10,1.5873,1.5935,1.5702,1.587,895715.5,1789096499999,futures
1789096500000,2026-09-11T03:15:00.000Z,2026-09-11 11:15,1.5873,1.5925,1.5646,1.5828,1105111.7,1789096799999,futures
1789096800000,2026-09-11T03:20:00.000Z,2026-09-11 11:20,1.5834,1.6019,1.5816,1.5952,1296354.7,1789097099999,futures
1789097100000,2026-09-11T03:25:00.000Z,2026-09-11 11:25,1.5952,1.6095,1.5774,1.5883,1221458.4,1789097399999,futures
1789097400000,2026-09-11T03:30:00.000Z,2026-09-11 11:30,1.5882,1.5886,1.5606,1.5757,1190419.3,1789097699999,futures
1789097700000,2026-09-11T03:35:00.000Z,2026-09-11 11:35,1.5754,1.606,1.5685,1.5934,1356220,1789097999999,futures
1789098000000,2026-09-11T03:40:00.000Z,2026-09-11 11:40,1.5928,1.6246,1.5901,1.6119,1768494.8,1789098299999,futures
1789098300000,2026-09-11T03:45:00.000Z,2026-09-11 11:45,1.612,1.6427,1.6064,1.6184,2177284.6,1789098599999,futures
1789098600000,2026-09-11T03:50:00.000Z,2026-09-11 11:50,1.6182,1.6525,1.6124,1.6391,1753482.4,1789098899999,futures
1789098900000,2026-09-11T03:55:00.000Z,2026-09-11 11:55,1.6391,1.6424,1.6239,1.6314,1067399.4,1789099199999,futures
1789099200000,2026-09-11T04:00:00.000Z,2026-09-11 12:00,1.6315,1.6366,1.6142,1.6284,1337451.2,1789099499999,futures
1789099500000,2026-09-11T04:05:00.000Z,2026-09-11 12:05,1.6287,1.6468,1.6252,1.6419,1474697.7,1789099799999,futures
1789099800000,2026-09-11T04:10:00.000Z,2026-09-11 12:10,1.6424,1.6654,1.6391,1.6563,1803624.6,1789100099999,futures
1789100100000,2026-09-11T04:15:00.000Z,2026-09-11 12:15,1.6559,1.6595,1.6453,1.655,1050110.5,1789100399999,futures
1789100400000,2026-09-11T04:20:00.000Z,2026-09-11 12:20,1.6553,1.6961,1.6536,1.6914,2994516.8,1789100699999,futures
1789100700000,2026-09-11T04:25:00.000Z,2026-09-11 12:25,1.6916,1.721,1.684,1.7161,2857585.6,1789100999999,futures
1789101000000,2026-09-11T04:30:00.000Z,2026-09-11 12:30,1.7158,1.7495,1.7078,1.7103,4147663.1,1789101299999,futures
1789101300000,2026-09-11T04:35:00.000Z,2026-09-11 12:35,1.7103,1.7261,1.7029,1.7228,1648281.5,1789101599999,futures
1789101600000,2026-09-11T04:40:00.000Z,2026-09-11 12:40,1.7228,1.7333,1.7009,1.7014,1593485.2,1789101899999,futures
1789101900000,2026-09-11T04:45:00.000Z,2026-09-11 12:45,1.7019,1.7144,1.6752,1.7066,2663960.4,1789102199999,futures
1789102200000,2026-09-11T04:50:00.000Z,2026-09-11 12:50,1.7062,1.725,1.7,1.7128,1179370.5,1789102499999,futures
1789102500000,2026-09-11T04:55:00.000Z,2026-09-11 12:55,1.7129,1.7216,1.6966,1.7062,965478.3,1789102799999,futures
1789102800000,2026-09-11T05:00:00.000Z,2026-09-11 13:00,1.7061,1.7288,1.6866,1.6904,1864862,1789103099999,futures
1789103100000,2026-09-11T05:05:00.000Z,2026-09-11 13:05,1.6903,1.7156,1.6893,1.7106,1217702,1789103399999,futures
1789103400000,2026-09-11T05:10:00.000Z,2026-09-11 13:10,1.7113,1.7264,1.6951,1.7017,1275976,1789103699999,futures
1789103700000,2026-09-11T05:15:00.000Z,2026-09-11 13:15,1.7024,1.7045,1.6432,1.6603,3689525.5,1789103999999,futures
1789104000000,2026-09-11T05:20:00.000Z,2026-09-11 13:20,1.66,1.6673,1.6329,1.636,2673202,1789104299999,futures
1789104300000,2026-09-11T05:25:00.000Z,2026-09-11 13:25,1.636,1.6451,1.6056,1.609,3371265.4,1789104599999,futures
1789104600000,2026-09-11T05:30:00.000Z,2026-09-11 13:30,1.6094,1.6182,1.5652,1.5901,5111280.3,1789104899999,futures
1789104900000,2026-09-11T05:35:00.000Z,2026-09-11 13:35,1.5905,1.5965,1.555,1.5899,3465482.5,1789105199999,futures
1789105200000,2026-09-11T05:40:00.000Z,2026-09-11 13:40,1.5899,1.6098,1.5882,1.601,1648005.2,1789105499999,futures
1789105500000,2026-09-11T05:45:00.000Z,2026-09-11 13:45,1.6014,1.6153,1.5308,1.565,4478955.1,1789105799999,futures
1789105800000,2026-09-11T05:50:00.000Z,2026-09-11 13:50,1.565,1.5941,1.5638,1.5893,1867684.7,1789106099999,futures
1789106100000,2026-09-11T05:55:00.000Z,2026-09-11 13:55,1.5891,1.5945,1.5725,1.585,947508,1789106399999,futures
1789106400000,2026-09-11T06:00:00.000Z,2026-09-11 14:00,1.5846,1.5985,1.5731,1.5803,1178836.7,1789106699999,futures
1789106700000,2026-09-11T06:05:00.000Z,2026-09-11 14:05,1.58,1.5961,1.5666,1.5752,1087649,1789106999999,futures
1789107000000,2026-09-11T06:10:00.000Z,2026-09-11 14:10,1.5753,1.6138,1.5719,1.6121,1706195.3,1789107299999,futures
1789107300000,2026-09-11T06:15:00.000Z,2026-09-11 14:15,1.6123,1.6678,1.6081,1.6552,3405626.7,1789107599999,futures
1789107600000,2026-09-11T06:20:00.000Z,2026-09-11 14:20,1.6553,1.6587,1.6262,1.6328,1443355.4,1789107899999,futures
1789107900000,2026-09-11T06:25:00.000Z,2026-09-11 14:25,1.6324,1.6997,1.6224,1.6798,3494378,1789108199999,futures
1789108200000,2026-09-11T06:30:00.000Z,2026-09-11 14:30,1.6795,1.6896,1.6494,1.6565,2483099,1789108499999,futures
1789108500000,2026-09-11T06:35:00.000Z,2026-09-11 14:35,1.6562,1.6649,1.6487,1.6586,912718.9,1789108799999,futures
1789108800000,2026-09-11T06:40:00.000Z,2026-09-11 14:40,1.6591,1.6621,1.6289,1.6401,1603621,1789109099999,futures
1789109100000,2026-09-11T06:45:00.000Z,2026-09-11 14:45,1.64,1.655,1.6368,1.645,921802.7,1789109399999,futures
1789109400000,2026-09-11T06:50:00.000Z,2026-09-11 14:50,1.6454,1.6497,1.6211,1.6324,1237445,1789109699999,futures
1789109700000,2026-09-11T06:55:00.000Z,2026-09-11 14:55,1.6327,1.6524,1.6272,1.6335,921692.6,1789109999999,futures
1789110000000,2026-09-11T07:00:00.000Z,2026-09-11 15:00,1.6333,1.6636,1.6291,1.6574,1136602.1,1789110299999,futures
1789110300000,2026-09-11T07:05:00.000Z,2026-09-11 15:05,1.6573,1.6574,1.6296,1.6481,1068617.5,1789110599999,futures
1789110600000,2026-09-11T07:10:00.000Z,2026-09-11 15:10,1.6481,1.6519,1.634,1.6377,530906.3,1789110899999,futures
1789110900000,2026-09-11T07:15:00.000Z,2026-09-11 15:15,1.6378,1.649,1.6346,1.6384,614409.4,1789111199999,futures
1789111200000,2026-09-11T07:20:00.000Z,2026-09-11 15:20,1.6385,1.6481,1.632,1.6411,619106.5,1789111499999,futures
1789111500000,2026-09-11T07:25:00.000Z,2026-09-11 15:25,1.6415,1.6433,1.6137,1.6264,1598076.3,1789111799999,futures
1789111800000,2026-09-11T07:30:00.000Z,2026-09-11 15:30,1.6262,1.6383,1.6102,1.6371,1201027,1789112099999,futures
1789112100000,2026-09-11T07:35:00.000Z,2026-09-11 15:35,1.637,1.6568,1.6344,1.6402,1007901.2,1789112399999,futures
1789112400000,2026-09-11T07:40:00.000Z,2026-09-11 15:40,1.6403,1.6496,1.6267,1.6324,838744.1,1789112699999,futures
1789112700000,2026-09-11T07:45:00.000Z,2026-09-11 15:45,1.6325,1.6352,1.5965,1.6073,1391202.7,1789112999999,futures
1789113000000,2026-09-11T07:50:00.000Z,2026-09-11 15:50,1.6073,1.6133,1.5992,1.6072,910462.3,1789113299999,futures
1789113300000,2026-09-11T07:55:00.000Z,2026-09-11 15:55,1.6071,1.6179,1.5998,1.6018,790140.2,1789113599999,futures
1789113600000,2026-09-11T08:00:00.000Z,2026-09-11 16:00,1.6015,1.6137,1.5789,1.6052,1625265.6,1789113899999,futures
1789113900000,2026-09-11T08:05:00.000Z,2026-09-11 16:05,1.6053,1.6059,1.5759,1.5893,1393768.9,1789114199999,futures
1789114200000,2026-09-11T08:10:00.000Z,2026-09-11 16:10,1.5894,1.5927,1.5704,1.5836,1014489.4,1789114499999,futures
1789114500000,2026-09-11T08:15:00.000Z,2026-09-11 16:15,1.5836,1.5986,1.5802,1.5843,859475.3,1789114799999,futures
1789114800000,2026-09-11T08:20:00.000Z,2026-09-11 16:20,1.5843,1.5923,1.5755,1.5791,705815,1789115099999,futures
1789115100000,2026-09-11T08:25:00.000Z,2026-09-11 16:25,1.5789,1.594,1.567,1.5914,968988.3,1789115399999,futures
1789115400000,2026-09-11T08:30:00.000Z,2026-09-11 16:30,1.5912,1.5945,1.5828,1.591,734970.6,1789115699999,futures
1789115700000,2026-09-11T08:35:00.000Z,2026-09-11 16:35,1.5909,1.5965,1.5712,1.5867,876667.1,1789115999999,futures
1789116000000,2026-09-11T08:40:00.000Z,2026-09-11 16:40,1.5867,1.6078,1.5813,1.5974,934980,1789116299999,futures
1789116300000,2026-09-11T08:45:00.000Z,2026-09-11 16:45,1.5982,1.6011,1.5853,1.5886,671981.4,1789116599999,futures
1789116600000,2026-09-11T08:50:00.000Z,2026-09-11 16:50,1.5885,1.6337,1.5851,1.6193,1261597.3,1789116899999,futures
1789116900000,2026-09-11T08:55:00.000Z,2026-09-11 16:55,1.6188,1.6208,1.6104,1.6125,698523,1789117199999,futures
1789117200000,2026-09-11T09:00:00.000Z,2026-09-11 17:00,1.6125,1.6335,1.5994,1.6318,1090723.9,1789117499999,futures
1789117500000,2026-09-11T09:05:00.000Z,2026-09-11 17:05,1.6322,1.6437,1.6227,1.6261,994654.8,1789117799999,futures
1789117800000,2026-09-11T09:10:00.000Z,2026-09-11 17:10,1.6263,1.6386,1.6073,1.6164,937455.6,1789118099999,futures
1789118100000,2026-09-11T09:15:00.000Z,2026-09-11 17:15,1.6159,1.6247,1.6131,1.6141,769903.3,1789118399999,futures
1789118400000,2026-09-11T09:20:00.000Z,2026-09-11 17:20,1.6138,1.6373,1.581,1.5968,1659803.8,1789118699999,futures
1789118700000,2026-09-11T09:25:00.000Z,2026-09-11 17:25,1.5964,1.6135,1.5916,1.6084,828077.3,1789118999999,futures
1789119000000,2026-09-11T09:30:00.000Z,2026-09-11 17:30,1.6083,1.6132,1.5966,1.6014,551246.5,1789119299999,futures
1789119300000,2026-09-11T09:35:00.000Z,2026-09-11 17:35,1.6016,1.6062,1.5865,1.5879,735674.4,1789119599999,futures
1789119600000,2026-09-11T09:40:00.000Z,2026-09-11 17:40,1.5883,1.5939,1.5608,1.5662,1433290.3,1789119899999,futures
1789119900000,2026-09-11T09:45:00.000Z,2026-09-11 17:45,1.5667,1.587,1.5657,1.5842,861955.8,1789120199999,futures
1789120200000,2026-09-11T09:50:00.000Z,2026-09-11 17:50,1.584,1.6049,1.583,1.5971,797630.3,1789120499999,futures
1789120500000,2026-09-11T09:55:00.000Z,2026-09-11 17:55,1.5968,1.6003,1.5838,1.5895,446043.2,1789120799999,futures
1789120800000,2026-09-11T10:00:00.000Z,2026-09-11 18:00,1.5895,1.5932,1.5783,1.5878,505181.6,1789121099999,futures
1789121100000,2026-09-11T10:05:00.000Z,2026-09-11 18:05,1.5878,1.6122,1.5876,1.6009,619656.1,1789121399999,futures
1789121400000,2026-09-11T10:10:00.000Z,2026-09-11 18:10,1.601,1.6011,1.5854,1.5957,426804.9,1789121699999,futures
1789121700000,2026-09-11T10:15:00.000Z,2026-09-11 18:15,1.5958,1.6031,1.5885,1.5914,465292,1789121999999,futures
1789122000000,2026-09-11T10:20:00.000Z,2026-09-11 18:20,1.5914,1.5948,1.5715,1.5755,734820.1,1789122299999,futures
1789122300000,2026-09-11T10:25:00.000Z,2026-09-11 18:25,1.5752,1.5874,1.5737,1.5853,520705.1,1789122599999,futures
1789122600000,2026-09-11T10:30:00.000Z,2026-09-11 18:30,1.5852,1.594,1.5785,1.5795,489972.2,1789122899999,futures
1789122900000,2026-09-11T10:35:00.000Z,2026-09-11 18:35,1.5795,1.5832,1.5601,1.5743,946241,1789123199999,futures
1789123200000,2026-09-11T10:40:00.000Z,2026-09-11 18:40,1.5743,1.5837,1.5623,1.5755,456934.9,1789123499999,futures
1789123500000,2026-09-11T10:45:00.000Z,2026-09-11 18:45,1.5755,1.5819,1.551,1.5604,854377.7,1789123799999,futures
1789123800000,2026-09-11T10:50:00.000Z,2026-09-11 18:50,1.5602,1.5758,1.5504,1.5736,884539.6,1789124099999,futures
1789124100000,2026-09-11T10:55:00.000Z,2026-09-11 18:55,1.5736,1.5751,1.5597,1.5647,474598.2,1789124399999,futures
1789124400000,2026-09-11T11:00:00.000Z,2026-09-11 19:00,1.5641,1.5819,1.5632,1.5655,679594.3,1789124699999,futures
1789124700000,2026-09-11T11:05:00.000Z,2026-09-11 19:05,1.5651,1.5752,1.5506,1.5594,629814.2,1789124999999,futures
1789125000000,2026-09-11T11:10:00.000Z,2026-09-11 19:10,1.5592,1.5655,1.5384,1.55,1090214,1789125299999,futures
1789125300000,2026-09-11T11:15:00.000Z,2026-09-11 19:15,1.5499,1.5581,1.5425,1.5548,591117,1789125599999,futures
1789125600000,2026-09-11T11:20:00.000Z,2026-09-11 19:20,1.5544,1.5575,1.5421,1.5502,508325.8,1789125899999,futures
1789125900000,2026-09-11T11:25:00.000Z,2026-09-11 19:25,1.5498,1.5666,1.5472,1.5578,605197.4,1789126199999,futures
1789126200000,2026-09-11T11:30:00.000Z,2026-09-11 19:30,1.558,1.5989,1.5537,1.5769,1216486.4,1789126499999,futures
1789126500000,2026-09-11T11:35:00.000Z,2026-09-11 19:35,1.5769,1.587,1.5693,1.5843,979195.4,1789126799999,futures
1789126800000,2026-09-11T11:40:00.000Z,2026-09-11 19:40,1.5846,1.594,1.5581,1.5703,1313924.3,1789127099999,futures
1789127100000,2026-09-11T11:45:00.000Z,2026-09-11 19:45,1.5706,1.5782,1.5058,1.5147,2317708.1,1789127399999,futures
1789127400000,2026-09-11T11:50:00.000Z,2026-09-11 19:50,1.5151,1.5368,1.5142,1.5243,1471288.4,1789127699999,futures
1789127700000,2026-09-11T11:55:00.000Z,2026-09-11 19:55,1.5244,1.525,1.5083,1.5215,1096838.8,1789127999999,futures
1789128000000,2026-09-11T12:00:00.000Z,2026-09-11 20:00,1.5214,1.542,1.5199,1.5218,974874.7,1789128299999,futures
1789128300000,2026-09-11T12:05:00.000Z,2026-09-11 20:05,1.5218,1.5237,1.4935,1.5056,1672306.6,1789128599999,futures
1789128600000,2026-09-11T12:10:00.000Z,2026-09-11 20:10,1.5057,1.5167,1.498,1.5132,851095.5,1789128899999,futures
1789128900000,2026-09-11T12:15:00.000Z,2026-09-11 20:15,1.5134,1.5281,1.5098,1.52,600542.5,1789129199999,futures
1789129200000,2026-09-11T12:20:00.000Z,2026-09-11 20:20,1.5196,1.5245,1.5089,1.5149,606685.3,1789129499999,futures
1789129500000,2026-09-11T12:25:00.000Z,2026-09-11 20:25,1.5148,1.5342,1.5148,1.5214,614833.7,1789129799999,futures
1789129800000,2026-09-11T12:30:00.000Z,2026-09-11 20:30,1.5219,1.5693,1.5057,1.5537,2033954,1789130099999,futures
1789130100000,2026-09-11T12:35:00.000Z,2026-09-11 20:35,1.5537,1.5749,1.5412,1.5733,1524804.2,1789130399999,futures
1789130400000,2026-09-11T12:40:00.000Z,2026-09-11 20:40,1.5733,1.592,1.5645,1.5832,1315321,1789130699999,futures
1789130700000,2026-09-11T12:45:00.000Z,2026-09-11 20:45,1.5829,1.64,1.5761,1.6136,3287766,1789130999999,futures
1789131000000,2026-09-11T12:50:00.000Z,2026-09-11 20:50,1.6132,1.6377,1.6027,1.6294,1312544.7,1789131299999,futures
1789131300000,2026-09-11T12:55:00.000Z,2026-09-11 20:55,1.6291,1.6294,1.6062,1.6176,1029872.1,1789131599999,futures
1789131600000,2026-09-11T13:00:00.000Z,2026-09-11 21:00,1.6177,1.6322,1.6109,1.6248,1127461.8,1789131899999,futures
1789131900000,2026-09-11T13:05:00.000Z,2026-09-11 21:05,1.625,1.648,1.6115,1.6283,1885925.1,1789132199999,futures
1789132200000,2026-09-11T13:10:00.000Z,2026-09-11 21:10,1.6276,1.6398,1.6156,1.6206,1162783.2,1789132499999,futures
1789132500000,2026-09-11T13:15:00.000Z,2026-09-11 21:15,1.6206,1.6293,1.6169,1.6179,772931.1,1789132799999,futures
1789132800000,2026-09-11T13:20:00.000Z,2026-09-11 21:20,1.6181,1.6202,1.5851,1.5921,1971509.5,1789133099999,futures
1789133100000,2026-09-11T13:25:00.000Z,2026-09-11 21:25,1.5921,1.6017,1.5889,1.596,691414.4,1789133399999,futures
1789133400000,2026-09-11T13:30:00.000Z,2026-09-11 21:30,1.596,1.6045,1.5836,1.594,820186.7,1789133699999,futures
1789133700000,2026-09-11T13:35:00.000Z,2026-09-11 21:35,1.5937,1.5994,1.5822,1.5894,701336.4,1789133999999,futures
1789134000000,2026-09-11T13:40:00.000Z,2026-09-11 21:40,1.5895,1.5972,1.5864,1.5953,523444.9,1789134299999,futures
1789134300000,2026-09-11T13:45:00.000Z,2026-09-11 21:45,1.595,1.6343,1.5886,1.6289,1635850,1789134599999,futures
1789134600000,2026-09-11T13:50:00.000Z,2026-09-11 21:50,1.6294,1.6301,1.6139,1.6219,1099687.8,1789134899999,futures
1789134900000,2026-09-11T13:55:00.000Z,2026-09-11 21:55,1.6215,1.6473,1.6215,1.6336,1410707.4,1789135199999,futures
1789135200000,2026-09-11T14:00:00.000Z,2026-09-11 22:00,1.6336,1.6633,1.6226,1.6503,1799503.2,1789135499999,futures
1789135500000,2026-09-11T14:05:00.000Z,2026-09-11 22:05,1.6509,1.6515,1.6227,1.6397,1354739.9,1789135799999,futures
1789135800000,2026-09-11T14:10:00.000Z,2026-09-11 22:10,1.6397,1.6813,1.6376,1.6751,2344644.4,1789136099999,futures
1789136100000,2026-09-11T14:15:00.000Z,2026-09-11 22:15,1.6749,1.693,1.672,1.6847,2071521.1,1789136399999,futures
1789136400000,2026-09-11T14:20:00.000Z,2026-09-11 22:20,1.6847,1.6992,1.6664,1.6733,1578788.7,1789136699999,futures
1789136700000,2026-09-11T14:25:00.000Z,2026-09-11 22:25,1.6727,1.6756,1.6374,1.6455,1622704.1,1789136999999,futures
1789137000000,2026-09-11T14:30:00.000Z,2026-09-11 22:30,1.6455,1.6611,1.6331,1.638,1547657.3,1789137299999,futures
1789137300000,2026-09-11T14:35:00.000Z,2026-09-11 22:35,1.6381,1.646,1.6169,1.635,1134926.6,1789137599999,futures
1789137600000,2026-09-11T14:40:00.000Z,2026-09-11 22:40,1.635,1.6425,1.6272,1.6326,712284.8,1789137899999,futures
1789137900000,2026-09-11T14:45:00.000Z,2026-09-11 22:45,1.6328,1.6439,1.6263,1.6411,867000.2,1789138199999,futures
1789138200000,2026-09-11T14:50:00.000Z,2026-09-11 22:50,1.6412,1.6697,1.637,1.6557,1395118.2,1789138499999,futures
1789138500000,2026-09-11T14:55:00.000Z,2026-09-11 22:55,1.6556,1.6719,1.652,1.6691,796314.4,1789138799999,futures
1789138800000,2026-09-11T15:00:00.000Z,2026-09-11 23:00,1.6693,1.6727,1.6301,1.6373,1138762.3,1789139099999,futures
1789139100000,2026-09-11T15:05:00.000Z,2026-09-11 23:05,1.6367,1.6403,1.6102,1.6132,1366160.8,1789139399999,futures
1789139400000,2026-09-11T15:10:00.000Z,2026-09-11 23:10,1.6134,1.6191,1.5943,1.6019,1496964.2,1789139699999,futures
1789139700000,2026-09-11T15:15:00.000Z,2026-09-11 23:15,1.6022,1.631,1.6016,1.6295,943401.4,1789139999999,futures
1789140000000,2026-09-11T15:20:00.000Z,2026-09-11 23:20,1.6294,1.6294,1.6026,1.6061,776487.5,1789140299999,futures
1789140300000,2026-09-11T15:25:00.000Z,2026-09-11 23:25,1.6055,1.6317,1.6028,1.6292,930383.9,1789140599999,futures
1789140600000,2026-09-11T15:30:00.000Z,2026-09-11 23:30,1.6296,1.632,1.6174,1.6244,607372.3,1789140899999,futures
1789140900000,2026-09-11T15:35:00.000Z,2026-09-11 23:35,1.6245,1.6459,1.6167,1.6406,726695.9,1789141199999,futures
1789141200000,2026-09-11T15:40:00.000Z,2026-09-11 23:40,1.6407,1.6457,1.6335,1.6438,426430,1789141499999,futures
1789141500000,2026-09-11T15:45:00.000Z,2026-09-11 23:45,1.6438,1.6499,1.6266,1.6356,911075,1789141799999,futures
1789141800000,2026-09-11T15:50:00.000Z,2026-09-11 23:50,1.636,1.6379,1.6022,1.6093,1067307.8,1789142099999,futures
1789142100000,2026-09-11T15:55:00.000Z,2026-09-11 23:55,1.6088,1.6229,1.6036,1.6126,873682.2,1789142399999,futures
1789142400000,2026-09-11T16:00:00.000Z,2026-09-12 00:00,1.6127,1.6314,1.6044,1.6071,742386.5,1789142699999,futures
1789142700000,2026-09-11T16:05:00.000Z,2026-09-12 00:05,1.607,1.6143,1.5947,1.61,777216.6,1789142999999,futures
1789143000000,2026-09-11T16:10:00.000Z,2026-09-12 00:10,1.61,1.6114,1.5871,1.5922,840692.7,1789143299999,futures
1789143300000,2026-09-11T16:15:00.000Z,2026-09-12 00:15,1.5922,1.6161,1.5904,1.6121,652980,1789143599999,futures
1789143600000,2026-09-11T16:20:00.000Z,2026-09-12 00:20,1.6122,1.6184,1.5938,1.6059,602959.7,1789143899999,futures
1789143900000,2026-09-11T16:25:00.000Z,2026-09-12 00:25,1.6064,1.6231,1.6039,1.6128,547053.8,1789144199999,futures
1789144200000,2026-09-11T16:30:00.000Z,2026-09-12 00:30,1.6118,1.629,1.6091,1.6255,576340.2,1789144499999,futures
1789144500000,2026-09-11T16:35:00.000Z,2026-09-12 00:35,1.6252,1.6296,1.6124,1.614,501217.3,1789144799999,futures
1789144800000,2026-09-11T16:40:00.000Z,2026-09-12 00:40,1.6137,1.6246,1.604,1.6238,436993.1,1789145099999,futures
1789145100000,2026-09-11T16:45:00.000Z,2026-09-12 00:45,1.6238,1.6468,1.6205,1.6408,801266.6,1789145399999,futures
1789145400000,2026-09-11T16:50:00.000Z,2026-09-12 00:50,1.641,1.6587,1.6319,1.6359,948454.2,1789145699999,futures
1789145700000,2026-09-11T16:55:00.000Z,2026-09-12 00:55,1.636,1.6464,1.6331,1.6403,447659.6,1789145999999,futures
1789146000000,2026-09-11T17:00:00.000Z,2026-09-12 01:00,1.6404,1.6452,1.6231,1.6348,706844.3,1789146299999,futures
1789146300000,2026-09-11T17:05:00.000Z,2026-09-12 01:05,1.6346,1.6383,1.6223,1.6236,437223.7,1789146599999,futures
1789146600000,2026-09-11T17:10:00.000Z,2026-09-12 01:10,1.6238,1.6241,1.5956,1.6063,949969,1789146899999,futures
1789146900000,2026-09-11T17:15:00.000Z,2026-09-12 01:15,1.6065,1.6067,1.5923,1.6038,589991.6,1789147199999,futures
1789147200000,2026-09-11T17:20:00.000Z,2026-09-12 01:20,1.6035,1.6146,1.5927,1.5986,721317,1789147499999,futures
1789147500000,2026-09-11T17:25:00.000Z,2026-09-12 01:25,1.5992,1.6011,1.5724,1.5896,1181917.3,1789147799999,futures
1789147800000,2026-09-11T17:30:00.000Z,2026-09-12 01:30,1.5899,1.6036,1.5892,1.6009,423020.5,1789148099999,futures
1789148100000,2026-09-11T17:35:00.000Z,2026-09-12 01:35,1.6009,1.6009,1.59,1.595,449502.7,1789148399999,futures
1789148400000,2026-09-11T17:40:00.000Z,2026-09-12 01:40,1.5949,1.5992,1.5889,1.5921,310914.4,1789148699999,futures
1789148700000,2026-09-11T17:45:00.000Z,2026-09-12 01:45,1.592,1.5991,1.5876,1.5961,351899.2,1789148999999,futures
1789149000000,2026-09-11T17:50:00.000Z,2026-09-12 01:50,1.5959,1.606,1.5902,1.5942,415329.2,1789149299999,futures
1789149300000,2026-09-11T17:55:00.000Z,2026-09-12 01:55,1.5944,1.6022,1.5905,1.5923,363574.1,1789149599999,futures
1789149600000,2026-09-11T18:00:00.000Z,2026-09-12 02:00,1.5922,1.5966,1.575,1.579,729317.5,1789149899999,futures
1789149900000,2026-09-11T18:05:00.000Z,2026-09-12 02:05,1.5785,1.5815,1.555,1.558,1404801.7,1789150199999,futures
1789150200000,2026-09-11T18:10:00.000Z,2026-09-12 02:10,1.5583,1.5718,1.5583,1.5692,482376.1,1789150499999,futures
1789150500000,2026-09-11T18:15:00.000Z,2026-09-12 02:15,1.5692,1.5858,1.569,1.5844,508532.4,1789150799999,futures
1789150800000,2026-09-11T18:20:00.000Z,2026-09-12 02:20,1.5845,1.5868,1.5725,1.5727,362302.5,1789151099999,futures
1789151100000,2026-09-11T18:25:00.000Z,2026-09-12 02:25,1.5727,1.5751,1.5688,1.5711,287165.1,1789151399999,futures
1789151400000,2026-09-11T18:30:00.000Z,2026-09-12 02:30,1.5711,1.5711,1.537,1.55,1336980.4,1789151699999,futures
1789151700000,2026-09-11T18:35:00.000Z,2026-09-12 02:35,1.5499,1.5543,1.5478,1.5507,268187.9,1789151999999,futures
1789152000000,2026-09-11T18:40:00.000Z,2026-09-12 02:40,1.5512,1.5579,1.545,1.5548,324383.7,1789152299999,futures
1789152300000,2026-09-11T18:45:00.000Z,2026-09-12 02:45,1.5546,1.5674,1.5537,1.5598,518397.5,1789152599999,futures
1789152600000,2026-09-11T18:50:00.000Z,2026-09-12 02:50,1.5598,1.5603,1.5363,1.5398,601392.9,1789152899999,futures
1789152900000,2026-09-11T18:55:00.000Z,2026-09-12 02:55,1.5398,1.5525,1.5371,1.5502,354835.3,1789153199999,futures
1789153200000,2026-09-11T19:00:00.000Z,2026-09-12 03:00,1.5504,1.5536,1.5342,1.552,480808.2,1789153499999,futures
1789153500000,2026-09-11T19:05:00.000Z,2026-09-12 03:05,1.5522,1.5571,1.547,1.5484,399619.7,1789153799999,futures
1789153800000,2026-09-11T19:10:00.000Z,2026-09-12 03:10,1.5485,1.556,1.5441,1.5552,228150.3,1789154099999,futures
1789154100000,2026-09-11T19:15:00.000Z,2026-09-12 03:15,1.5551,1.5755,1.5422,1.5737,745539.8,1789154399999,futures
1789154400000,2026-09-11T19:20:00.000Z,2026-09-12 03:20,1.5738,1.5998,1.5725,1.5946,864497.9,1789154699999,futures
1789154700000,2026-09-11T19:25:00.000Z,2026-09-12 03:25,1.5947,1.5986,1.5808,1.5822,557505.4,1789154999999,futures
1789155000000,2026-09-11T19:30:00.000Z,2026-09-12 03:30,1.582,1.59,1.5761,1.5772,255420.8,1789155299999,futures
1789155300000,2026-09-11T19:35:00.000Z,2026-09-12 03:35,1.5772,1.588,1.5753,1.5852,365078.9,1789155599999,futures
1789155600000,2026-09-11T19:40:00.000Z,2026-09-12 03:40,1.5852,1.5908,1.5782,1.5805,370126.3,1789155899999,futures
1789155900000,2026-09-11T19:45:00.000Z,2026-09-12 03:45,1.5803,1.5888,1.5747,1.5859,313519.6,1789156199999,futures
1789156200000,2026-09-11T19:50:00.000Z,2026-09-12 03:50,1.5859,1.6116,1.5839,1.607,737621.7,1789156499999,futures
1789156500000,2026-09-11T19:55:00.000Z,2026-09-12 03:55,1.6071,1.6139,1.6045,1.6088,419666.9,1789156799999,futures
1789156800000,2026-09-11T20:00:00.000Z,2026-09-12 04:00,1.6089,1.6109,1.5907,1.6032,627740.2,1789157099999,futures
1789157100000,2026-09-11T20:05:00.000Z,2026-09-12 04:05,1.603,1.608,1.5951,1.5969,250417.5,1789157399999,futures
1789157400000,2026-09-11T20:10:00.000Z,2026-09-12 04:10,1.597,1.6135,1.5945,1.6115,318786.6,1789157699999,futures
1789157700000,2026-09-11T20:15:00.000Z,2026-09-12 04:15,1.6116,1.6179,1.5966,1.5974,333806.2,1789157999999,futures
1789158000000,2026-09-11T20:20:00.000Z,2026-09-12 04:20,1.5975,1.5983,1.5855,1.5871,303555.9,1789158299999,futures
1789158300000,2026-09-11T20:25:00.000Z,2026-09-12 04:25,1.5874,1.5938,1.5828,1.5874,312697.5,1789158599999,futures
1789158600000,2026-09-11T20:30:00.000Z,2026-09-12 04:30,1.5873,1.5975,1.583,1.5947,276903.3,1789158899999,futures
1789158900000,2026-09-11T20:35:00.000Z,2026-09-12 04:35,1.5948,1.6076,1.5925,1.5934,320469.7,1789159199999,futures
1789159200000,2026-09-11T20:40:00.000Z,2026-09-12 04:40,1.5936,1.6051,1.591,1.6025,228154.7,1789159499999,futures
1789159500000,2026-09-11T20:45:00.000Z,2026-09-12 04:45,1.6024,1.608,1.5862,1.5976,303997.3,1789159799999,futures
1789159800000,2026-09-11T20:50:00.000Z,2026-09-12 04:50,1.5973,1.6019,1.5902,1.5934,136475.3,1789160099999,futures
1789160100000,2026-09-11T20:55:00.000Z,2026-09-12 04:55,1.5934,1.6197,1.5934,1.6139,475811.5,1789160399999,futures
1789160400000,2026-09-11T21:00:00.000Z,2026-09-12 05:00,1.6139,1.6356,1.613,1.6299,821711.6,1789160699999,futures
1789160700000,2026-09-11T21:05:00.000Z,2026-09-12 05:05,1.6298,1.6398,1.629,1.6292,475942.8,1789160999999,futures
1789161000000,2026-09-11T21:10:00.000Z,2026-09-12 05:10,1.6297,1.6325,1.6229,1.6299,274152.9,1789161299999,futures
1789161300000,2026-09-11T21:15:00.000Z,2026-09-12 05:15,1.6299,1.6474,1.6299,1.6444,726003.6,1789161599999,futures
1789161600000,2026-09-11T21:20:00.000Z,2026-09-12 05:20,1.6441,1.6546,1.6386,1.6502,504973.5,1789161899999,futures
1789161900000,2026-09-11T21:25:00.000Z,2026-09-12 05:25,1.6503,1.6887,1.6449,1.6813,1587697.9,1789162199999,futures
1789162200000,2026-09-11T21:30:00.000Z,2026-09-12 05:30,1.6808,1.6971,1.6784,1.6906,1053378.3,1789162499999,futures
1789162500000,2026-09-11T21:35:00.000Z,2026-09-12 05:35,1.6905,1.6935,1.6689,1.6699,803105.8,1789162799999,futures
1789162800000,2026-09-11T21:40:00.000Z,2026-09-12 05:40,1.6696,1.6717,1.6415,1.6487,815902,1789163099999,futures
1789163100000,2026-09-11T21:45:00.000Z,2026-09-12 05:45,1.649,1.6514,1.6334,1.6417,500851.7,1789163399999,futures
1789163400000,2026-09-11T21:50:00.000Z,2026-09-12 05:50,1.6419,1.6579,1.6416,1.6557,413419.8,1789163699999,futures
1789163700000,2026-09-11T21:55:00.000Z,2026-09-12 05:55,1.6553,1.6556,1.6392,1.6463,306440.7,1789163999999,futures
1789164000000,2026-09-11T22:00:00.000Z,2026-09-12 06:00,1.6463,1.6691,1.6362,1.6643,706978.4,1789164299999,futures
1789164300000,2026-09-11T22:05:00.000Z,2026-09-12 06:05,1.6648,1.6675,1.6546,1.662,433984.1,1789164599999,futures
1789164600000,2026-09-11T22:10:00.000Z,2026-09-12 06:10,1.6617,1.6735,1.6473,1.6541,596584.3,1789164899999,futures
1789164900000,2026-09-11T22:15:00.000Z,2026-09-12 06:15,1.6542,1.6777,1.6465,1.6709,714374.6,1789165199999,futures
1789165200000,2026-09-11T22:20:00.000Z,2026-09-12 06:20,1.6709,1.6876,1.6706,1.6796,666627.4,1789165499999,futures
1789165500000,2026-09-11T22:25:00.000Z,2026-09-12 06:25,1.6798,1.6868,1.6692,1.6794,486456.3,1789165799999,futures
1789165800000,2026-09-11T22:30:00.000Z,2026-09-12 06:30,1.6792,1.6792,1.6537,1.6649,747053.6,1789166099999,futures
1789166100000,2026-09-11T22:35:00.000Z,2026-09-12 06:35,1.6653,1.672,1.6528,1.6638,472362.5,1789166399999,futures
1789166400000,2026-09-11T22:40:00.000Z,2026-09-12 06:40,1.6642,1.6859,1.6596,1.6699,593126.2,1789166699999,futures
1789166700000,2026-09-11T22:45:00.000Z,2026-09-12 06:45,1.6691,1.6761,1.627,1.6534,926282.3,1789166999999,futures
1789167000000,2026-09-11T22:50:00.000Z,2026-09-12 06:50,1.6533,1.6567,1.6455,1.6487,332461.2,1789167299999,futures
1789167300000,2026-09-11T22:55:00.000Z,2026-09-12 06:55,1.6486,1.6576,1.645,1.6539,321249.1,1789167599999,futures
1789167600000,2026-09-11T23:00:00.000Z,2026-09-12 07:00,1.6542,1.6762,1.6484,1.6707,503707.9,1789167899999,futures
1789167900000,2026-09-11T23:05:00.000Z,2026-09-12 07:05,1.6713,1.6756,1.6627,1.6644,201566.4,1789168199999,futures
1789168200000,2026-09-11T23:10:00.000Z,2026-09-12 07:10,1.6643,1.7268,1.6642,1.697,2297189.1,1789168499999,futures
1789168500000,2026-09-11T23:15:00.000Z,2026-09-12 07:15,1.6967,1.7147,1.6879,1.7122,870506.5,1789168799999,futures
1789168800000,2026-09-11T23:20:00.000Z,2026-09-12 07:20,1.7124,1.7146,1.6723,1.6866,984047.2,1789169099999,futures
1789169100000,2026-09-11T23:25:00.000Z,2026-09-12 07:25,1.6868,1.6993,1.6727,1.69,700523.1,1789169399999,futures
1789169400000,2026-09-11T23:30:00.000Z,2026-09-12 07:30,1.69,1.693,1.6791,1.6796,350953.3,1789169699999,futures
1789169700000,2026-09-11T23:35:00.000Z,2026-09-12 07:35,1.68,1.6938,1.6784,1.6853,329824.6,1789169999999,futures
1789170000000,2026-09-11T23:40:00.000Z,2026-09-12 07:40,1.6855,1.6913,1.6771,1.6838,357739,1789170299999,futures
1789170300000,2026-09-11T23:45:00.000Z,2026-09-12 07:45,1.6839,1.6878,1.6513,1.663,866468,1789170599999,futures
1789170600000,2026-09-11T23:50:00.000Z,2026-09-12 07:50,1.6627,1.6707,1.6485,1.6642,693298.7,1789170899999,futures
1789170900000,2026-09-11T23:55:00.000Z,2026-09-12 07:55,1.6641,1.6707,1.6612,1.665,333811.7,1789171199999,futures
1789171200000,2026-09-12T00:00:00.000Z,2026-09-12 08:00,1.665,1.6882,1.6616,1.6812,692186.8,1789171499999,futures
1789171500000,2026-09-12T00:05:00.000Z,2026-09-12 08:05,1.6808,1.681,1.6643,1.6722,511127.2,1789171799999,futures
1789171800000,2026-09-12T00:10:00.000Z,2026-09-12 08:10,1.6722,1.6836,1.6504,1.6614,540688.4,1789172099999,futures
1789172100000,2026-09-12T00:15:00.000Z,2026-09-12 08:15,1.6611,1.6708,1.6576,1.6688,273817.7,1789172399999,futures
1789172400000,2026-09-12T00:20:00.000Z,2026-09-12 08:20,1.6685,1.6735,1.659,1.6609,230327.6,1789172699999,futures
1789172700000,2026-09-12T00:25:00.000Z,2026-09-12 08:25,1.6609,1.666,1.6439,1.6479,517273.9,1789172999999,futures
1789173000000,2026-09-12T00:30:00.000Z,2026-09-12 08:30,1.6475,1.6546,1.6437,1.6498,370802.4,1789173299999,futures
1789173300000,2026-09-12T00:35:00.000Z,2026-09-12 08:35,1.6499,1.6641,1.6483,1.663,282990.2,1789173599999,futures
1789173600000,2026-09-12T00:40:00.000Z,2026-09-12 08:40,1.6629,1.6649,1.6503,1.6505,208617.5,1789173899999,futures
1789173900000,2026-09-12T00:45:00.000Z,2026-09-12 08:45,1.6508,1.6556,1.6441,1.6455,264012.5,1789174199999,futures
1789174200000,2026-09-12T00:50:00.000Z,2026-09-12 08:50,1.6455,1.6557,1.6363,1.6551,358251.7,1789174499999,futures
1789174500000,2026-09-12T00:55:00.000Z,2026-09-12 08:55,1.655,1.6653,1.649,1.6493,342230.7,1789174799999,futures
1789174800000,2026-09-12T01:00:00.000Z,2026-09-12 09:00,1.6491,1.6649,1.6431,1.6643,287216.4,1789175099999,futures
1789175100000,2026-09-12T01:05:00.000Z,2026-09-12 09:05,1.6646,1.7275,1.6641,1.7094,1706413.5,1789175399999,futures
1789175400000,2026-09-12T01:10:00.000Z,2026-09-12 09:10,1.7089,1.714,1.6802,1.687,827224.7,1789175699999,futures
1789175700000,2026-09-12T01:15:00.000Z,2026-09-12 09:15,1.6867,1.6907,1.6702,1.6776,737998.1,1789175999999,futures
1789176000000,2026-09-12T01:20:00.000Z,2026-09-12 09:20,1.6774,1.6867,1.6747,1.6859,336101.4,1789176299999,futures
1789176300000,2026-09-12T01:25:00.000Z,2026-09-12 09:25,1.6859,1.6991,1.6838,1.6916,390767.9,1789176599999,futures
1789176600000,2026-09-12T01:30:00.000Z,2026-09-12 09:30,1.6918,1.7096,1.6832,1.6881,687297.8,1789176899999,futures
1789176900000,2026-09-12T01:35:00.000Z,2026-09-12 09:35,1.6879,1.6899,1.6725,1.6813,386166.1,1789177199999,futures
1789177200000,2026-09-12T01:40:00.000Z,2026-09-12 09:40,1.6814,1.6925,1.6804,1.6908,253989.7,1789177499999,futures
1789177500000,2026-09-12T01:45:00.000Z,2026-09-12 09:45,1.6909,1.7057,1.6833,1.6988,529052.3,1789177799999,futures
1789177800000,2026-09-12T01:50:00.000Z,2026-09-12 09:50,1.6987,1.7164,1.6971,1.7001,496685.9,1789178099999,futures
1789178100000,2026-09-12T01:55:00.000Z,2026-09-12 09:55,1.7,1.7242,1.6952,1.7149,514357.6,1789178399999,futures
1789178400000,2026-09-12T02:00:00.000Z,2026-09-12 10:00,1.7152,1.7444,1.7089,1.7194,1618279.9,1789178699999,futures
1789178700000,2026-09-12T02:05:00.000Z,2026-09-12 10:05,1.7194,1.7258,1.6957,1.7003,724945.6,1789178999999,futures
1789179000000,2026-09-12T02:10:00.000Z,2026-09-12 10:10,1.7003,1.71,1.6936,1.7005,425535.6,1789179299999,futures
1789179300000,2026-09-12T02:15:00.000Z,2026-09-12 10:15,1.7005,1.7032,1.6887,1.6904,358934.6,1789179599999,futures
1789179600000,2026-09-12T02:20:00.000Z,2026-09-12 10:20,1.6905,1.7147,1.6888,1.7054,485013.1,1789179899999,futures
1789179900000,2026-09-12T02:25:00.000Z,2026-09-12 10:25,1.7052,1.7052,1.6894,1.6953,257369.8,1789180199999,futures
1789180200000,2026-09-12T02:30:00.000Z,2026-09-12 10:30,1.6951,1.6977,1.6674,1.6773,487757.8,1789180499999,futures
1789180500000,2026-09-12T02:35:00.000Z,2026-09-12 10:35,1.6769,1.6977,1.6733,1.6935,396120.7,1789180799999,futures
1789180800000,2026-09-12T02:40:00.000Z,2026-09-12 10:40,1.6934,1.6987,1.684,1.6935,209249.6,1789181099999,futures
1789181100000,2026-09-12T02:45:00.000Z,2026-09-12 10:45,1.6934,1.7036,1.6899,1.6927,307817,1789181399999,futures
1789181400000,2026-09-12T02:50:00.000Z,2026-09-12 10:50,1.6926,1.6942,1.671,1.6828,559124.9,1789181699999,futures
1789181700000,2026-09-12T02:55:00.000Z,2026-09-12 10:55,1.6827,1.6859,1.6564,1.6644,549879.7,1789181999999,futures
1789182000000,2026-09-12T03:00:00.000Z,2026-09-12 11:00,1.6642,1.6724,1.6521,1.6617,492335.6,1789182299999,futures
1789182300000,2026-09-12T03:05:00.000Z,2026-09-12 11:05,1.6615,1.6695,1.6532,1.6605,337821.2,1789182599999,futures
1789182600000,2026-09-12T03:10:00.000Z,2026-09-12 11:10,1.6603,1.6606,1.6317,1.6445,823040,1789182899999,futures
1789182900000,2026-09-12T03:15:00.000Z,2026-09-12 11:15,1.6444,1.6575,1.6405,1.6499,514088.9,1789183199999,futures
1789183200000,2026-09-12T03:20:00.000Z,2026-09-12 11:20,1.6499,1.6558,1.6463,1.6547,260697.9,1789183499999,futures
1789183500000,2026-09-12T03:25:00.000Z,2026-09-12 11:25,1.6546,1.6574,1.65,1.6518,216298.8,1789183799999,futures
1789183800000,2026-09-12T03:30:00.000Z,2026-09-12 11:30,1.6516,1.6547,1.5888,1.6104,1650885.6,1789184099999,futures
1789184100000,2026-09-12T03:35:00.000Z,2026-09-12 11:35,1.6102,1.6216,1.5916,1.6012,824149.5,1789184399999,futures
1789184400000,2026-09-12T03:40:00.000Z,2026-09-12 11:40,1.6006,1.6162,1.5996,1.6121,390608.4,1789184699999,futures
1789184700000,2026-09-12T03:45:00.000Z,2026-09-12 11:45,1.6122,1.6256,1.6071,1.6251,382787.6,1789184999999,futures
1789185000000,2026-09-12T03:50:00.000Z,2026-09-12 11:50,1.625,1.6267,1.6144,1.619,197055.3,1789185299999,futures
1789185300000,2026-09-12T03:55:00.000Z,2026-09-12 11:55,1.6184,1.6184,1.6077,1.6125,248591.1,1789185599999,futures
1789185600000,2026-09-12T04:00:00.000Z,2026-09-12 12:00,1.6125,1.6191,1.6078,1.6153,253625.8,1789185899999,futures
1789185900000,2026-09-12T04:05:00.000Z,2026-09-12 12:05,1.6151,1.6157,1.5918,1.598,607069.5,1789186199999,futures
1789186200000,2026-09-12T04:10:00.000Z,2026-09-12 12:10,1.598,1.6033,1.5737,1.5963,1091931.5,1789186499999,futures
1789186500000,2026-09-12T04:15:00.000Z,2026-09-12 12:15,1.5963,1.6157,1.5902,1.6103,455485.2,1789186799999,futures
1789186800000,2026-09-12T04:20:00.000Z,2026-09-12 12:20,1.6107,1.6135,1.6014,1.6049,220760,1789187099999,futures
1789187100000,2026-09-12T04:25:00.000Z,2026-09-12 12:25,1.6049,1.62,1.6035,1.6184,313800.3,1789187399999,futures
1789187400000,2026-09-12T04:30:00.000Z,2026-09-12 12:30,1.6182,1.6241,1.6114,1.6176,292149.4,1789187699999,futures
1789187700000,2026-09-12T04:35:00.000Z,2026-09-12 12:35,1.6174,1.6465,1.6097,1.6402,782912.1,1789187999999,futures
1789188000000,2026-09-12T04:40:00.000Z,2026-09-12 12:40,1.6402,1.6494,1.6345,1.6404,418536.3,1789188299999,futures
1789188300000,2026-09-12T04:45:00.000Z,2026-09-12 12:45,1.6403,1.6428,1.6287,1.633,222146.5,1789188599999,futures
1789188600000,2026-09-12T04:50:00.000Z,2026-09-12 12:50,1.6328,1.6359,1.627,1.6328,165581,1789188899999,futures
1789188900000,2026-09-12T04:55:00.000Z,2026-09-12 12:55,1.6324,1.6336,1.6213,1.6219,150396.4,1789189199999,futures
1789189200000,2026-09-12T05:00:00.000Z,2026-09-12 13:00,1.6218,1.6239,1.6064,1.622,412630.4,1789189499999,futures
1789189500000,2026-09-12T05:05:00.000Z,2026-09-12 13:05,1.6218,1.6268,1.6136,1.6177,194296.1,1789189799999,futures
1789189800000,2026-09-12T05:10:00.000Z,2026-09-12 13:10,1.6177,1.6234,1.6117,1.6183,164551.1,1789190099999,futures
1789190100000,2026-09-12T05:15:00.000Z,2026-09-12 13:15,1.6181,1.6437,1.6152,1.6422,343774,1789190399999,futures
1789190400000,2026-09-12T05:20:00.000Z,2026-09-12 13:20,1.6422,1.6428,1.6255,1.6255,236095.8,1789190699999,futures
1789190700000,2026-09-12T05:25:00.000Z,2026-09-12 13:25,1.6258,1.6339,1.6225,1.6267,172868.6,1789190999999,futures
1789191000000,2026-09-12T05:30:00.000Z,2026-09-12 13:30,1.6264,1.6305,1.619,1.6256,155635.6,1789191299999,futures
1789191300000,2026-09-12T05:35:00.000Z,2026-09-12 13:35,1.6254,1.6299,1.6233,1.6243,94056.8,1789191599999,futures
1789191600000,2026-09-12T05:40:00.000Z,2026-09-12 13:40,1.6242,1.6253,1.6041,1.611,322057.6,1789191899999,futures
1789191900000,2026-09-12T05:45:00.000Z,2026-09-12 13:45,1.6107,1.6136,1.6055,1.613,202389,1789192199999,futures
1789192200000,2026-09-12T05:50:00.000Z,2026-09-12 13:50,1.6127,1.6137,1.6071,1.6088,135649.2,1789192499999,futures
1789192500000,2026-09-12T05:55:00.000Z,2026-09-12 13:55,1.609,1.6143,1.5968,1.6133,367878.9,1789192799999,futures
1789192800000,2026-09-12T06:00:00.000Z,2026-09-12 14:00,1.6136,1.6143,1.5925,1.6019,382423.1,1789193099999,futures
1789193100000,2026-09-12T06:05:00.000Z,2026-09-12 14:05,1.6016,1.6019,1.5846,1.5868,463349.8,1789193399999,futures
1789193400000,2026-09-12T06:10:00.000Z,2026-09-12 14:10,1.5868,1.5917,1.5826,1.5894,326702.2,1789193699999,futures
1789193700000,2026-09-12T06:15:00.000Z,2026-09-12 14:15,1.5894,1.5993,1.5881,1.5911,257514.9,1789193999999,futures
1789194000000,2026-09-12T06:20:00.000Z,2026-09-12 14:20,1.5912,1.592,1.5836,1.586,168113.8,1789194299999,futures
1789194300000,2026-09-12T06:25:00.000Z,2026-09-12 14:25,1.5858,1.5954,1.5837,1.5935,212799.6,1789194599999,futures
1789194600000,2026-09-12T06:30:00.000Z,2026-09-12 14:30,1.5937,1.6188,1.5936,1.6137,346004.4,1789194899999,futures
1789194900000,2026-09-12T06:35:00.000Z,2026-09-12 14:35,1.6137,1.6137,1.6022,1.6078,197405.3,1789195199999,futures
1789195200000,2026-09-12T06:40:00.000Z,2026-09-12 14:40,1.6073,1.6117,1.5991,1.6068,140906.8,1789195499999,futures
1789195500000,2026-09-12T06:45:00.000Z,2026-09-12 14:45,1.6068,1.6088,1.5944,1.5957,192691.9,1789195799999,futures
1789195800000,2026-09-12T06:50:00.000Z,2026-09-12 14:50,1.5957,1.598,1.5882,1.594,180490.8,1789196099999,futures
1789196100000,2026-09-12T06:55:00.000Z,2026-09-12 14:55,1.5938,1.6471,1.5869,1.6374,1068866.8,1789196399999,futures
1789196400000,2026-09-12T07:00:00.000Z,2026-09-12 15:00,1.6375,1.6621,1.6314,1.6377,636775.2,1789196699999,futures
1789196700000,2026-09-12T07:05:00.000Z,2026-09-12 15:05,1.6377,1.6483,1.6304,1.6369,391044,1789196999999,futures
1789197000000,2026-09-12T07:10:00.000Z,2026-09-12 15:10,1.6369,1.638,1.6294,1.6365,255747.2,1789197299999,futures
1789197300000,2026-09-12T07:15:00.000Z,2026-09-12 15:15,1.6364,1.6405,1.6172,1.6245,406367.7,1789197599999,futures
1789197600000,2026-09-12T07:20:00.000Z,2026-09-12 15:20,1.625,1.6321,1.6236,1.6288,148744,1789197899999,futures
1789197900000,2026-09-12T07:25:00.000Z,2026-09-12 15:25,1.6288,1.6433,1.6288,1.6379,180263.4,1789198199999,futures
1789198200000,2026-09-12T07:30:00.000Z,2026-09-12 15:30,1.6381,1.6395,1.6259,1.627,159268.3,1789198499999,futures
1789198500000,2026-09-12T07:35:00.000Z,2026-09-12 15:35,1.6268,1.6268,1.6035,1.6107,356964.2,1789198799999,futures
1789198800000,2026-09-12T07:40:00.000Z,2026-09-12 15:40,1.6106,1.6178,1.6052,1.6166,187424.9,1789199099999,futures
1789199100000,2026-09-12T07:45:00.000Z,2026-09-12 15:45,1.6165,1.6165,1.6058,1.6112,182478.3,1789199399999,futures
1789199400000,2026-09-12T07:50:00.000Z,2026-09-12 15:50,1.6112,1.6165,1.6052,1.6162,170779.2,1789199699999,futures
1789199700000,2026-09-12T07:55:00.000Z,2026-09-12 15:55,1.6162,1.617,1.6113,1.6129,111175.5,1789199999999,futures
1789200000000,2026-09-12T08:00:00.000Z,2026-09-12 16:00,1.6127,1.618,1.6109,1.6147,152381.8,1789200299999,futures
1789200300000,2026-09-12T08:05:00.000Z,2026-09-12 16:05,1.6147,1.6226,1.5973,1.5989,313414.3,1789200599999,futures
1789200600000,2026-09-12T08:10:00.000Z,2026-09-12 16:10,1.5991,1.6049,1.5916,1.5918,395551.8,1789200899999,futures
1789200900000,2026-09-12T08:15:00.000Z,2026-09-12 16:15,1.5915,1.5982,1.5791,1.5959,505330.2,1789201199999,futures
1789201200000,2026-09-12T08:20:00.000Z,2026-09-12 16:20,1.5955,1.5955,1.5814,1.5835,231174.4,1789201499999,futures
1789201500000,2026-09-12T08:25:00.000Z,2026-09-12 16:25,1.5835,1.5939,1.5751,1.5906,475503.4,1789201799999,futures
1789201800000,2026-09-12T08:30:00.000Z,2026-09-12 16:30,1.5911,1.5995,1.5863,1.5966,232986.6,1789202099999,futures
1789202100000,2026-09-12T08:35:00.000Z,2026-09-12 16:35,1.5965,1.6094,1.5901,1.6077,322615.1,1789202399999,futures
1789202400000,2026-09-12T08:40:00.000Z,2026-09-12 16:40,1.6085,1.6094,1.5955,1.6036,226303.7,1789202699999,futures
1789202700000,2026-09-12T08:45:00.000Z,2026-09-12 16:45,1.6036,1.6036,1.5919,1.5977,212643.4,1789202999999,futures
1789203000000,2026-09-12T08:50:00.000Z,2026-09-12 16:50,1.598,1.6003,1.5759,1.5817,403313.3,1789203299999,futures
1789203300000,2026-09-12T08:55:00.000Z,2026-09-12 16:55,1.5823,1.5956,1.5778,1.5929,409880.7,1789203599999,futures
1789203600000,2026-09-12T09:00:00.000Z,2026-09-12 17:00,1.593,1.5973,1.5902,1.595,148534.8,1789203899999,futures
1789203900000,2026-09-12T09:05:00.000Z,2026-09-12 17:05,1.595,1.6093,1.595,1.6011,343344.9,1789204199999,futures
1789204200000,2026-09-12T09:10:00.000Z,2026-09-12 17:10,1.601,1.6027,1.5958,1.5967,147578.1,1789204499999,futures
1789204500000,2026-09-12T09:15:00.000Z,2026-09-12 17:15,1.597,1.6088,1.5937,1.6039,204095.1,1789204799999,futures
1789204800000,2026-09-12T09:20:00.000Z,2026-09-12 17:20,1.6036,1.6065,1.5971,1.5971,132613.3,1789205099999,futures
1789205100000,2026-09-12T09:25:00.000Z,2026-09-12 17:25,1.5971,1.6087,1.5971,1.6043,142568.9,1789205399999,futures
1789205400000,2026-09-12T09:30:00.000Z,2026-09-12 17:30,1.6043,1.6077,1.5946,1.5953,144075.3,1789205699999,futures
1789205700000,2026-09-12T09:35:00.000Z,2026-09-12 17:35,1.5955,1.5988,1.5919,1.5962,141829.7,1789205999999,futures
1789206000000,2026-09-12T09:40:00.000Z,2026-09-12 17:40,1.5959,1.6037,1.5919,1.5967,158140.6,1789206299999,futures
1789206300000,2026-09-12T09:45:00.000Z,2026-09-12 17:45,1.5962,1.5967,1.5858,1.5864,159824.9,1789206599999,futures
1789206600000,2026-09-12T09:50:00.000Z,2026-09-12 17:50,1.5864,1.5898,1.5803,1.5855,189514.4,1789206899999,futures
1789206900000,2026-09-12T09:55:00.000Z,2026-09-12 17:55,1.5852,1.593,1.584,1.5891,127602.9,1789207199999,futures
1789207200000,2026-09-12T10:00:00.000Z,2026-09-12 18:00,1.5889,1.6022,1.5885,1.596,164444.4,1789207499999,futures
1789207500000,2026-09-12T10:05:00.000Z,2026-09-12 18:05,1.5959,1.6089,1.594,1.5972,266821.5,1789207799999,futures
1789207800000,2026-09-12T10:10:00.000Z,2026-09-12 18:10,1.5968,1.6005,1.5933,1.5988,72475.5,1789208099999,futures
1789208100000,2026-09-12T10:15:00.000Z,2026-09-12 18:15,1.5988,1.6087,1.596,1.5978,226789.9,1789208399999,futures
1789208400000,2026-09-12T10:20:00.000Z,2026-09-12 18:20,1.5977,1.5977,1.5853,1.5883,142228,1789208699999,futures
1789208700000,2026-09-12T10:25:00.000Z,2026-09-12 18:25,1.5878,1.5975,1.5787,1.5958,272324,1789208999999,futures
1789209000000,2026-09-12T10:30:00.000Z,2026-09-12 18:30,1.5958,1.6016,1.5916,1.5971,130841.3,1789209299999,futures
1789209300000,2026-09-12T10:35:00.000Z,2026-09-12 18:35,1.5972,1.6015,1.5941,1.5947,100579.7,1789209599999,futures
1789209600000,2026-09-12T10:40:00.000Z,2026-09-12 18:40,1.5944,1.5993,1.5915,1.5945,88092.1,1789209899999,futures
1789209900000,2026-09-12T10:45:00.000Z,2026-09-12 18:45,1.5947,1.6015,1.5905,1.5958,115652.7,1789210199999,futures
1789210200000,2026-09-12T10:50:00.000Z,2026-09-12 18:50,1.5959,1.5972,1.5903,1.5915,49832.4,1789210499999,futures
1789210500000,2026-09-12T10:55:00.000Z,2026-09-12 18:55,1.5913,1.5944,1.5867,1.589,86252.7,1789210799999,futures
1789210800000,2026-09-12T11:00:00.000Z,2026-09-12 19:00,1.589,1.5934,1.5819,1.5838,150813.1,1789211099999,futures
1789211100000,2026-09-12T11:05:00.000Z,2026-09-12 19:05,1.5836,1.5898,1.5794,1.5838,133765.9,1789211399999,futures
1789211400000,2026-09-12T11:10:00.000Z,2026-09-12 19:10,1.5838,1.5878,1.5604,1.5704,607548.6,1789211699999,futures
1789211700000,2026-09-12T11:15:00.000Z,2026-09-12 19:15,1.5705,1.5831,1.5696,1.5828,219505.3,1789211999999,futures
1789212000000,2026-09-12T11:20:00.000Z,2026-09-12 19:20,1.5828,1.6057,1.5801,1.6044,417804.7,1789212299999,futures
1789212300000,2026-09-12T11:25:00.000Z,2026-09-12 19:25,1.6042,1.6228,1.6036,1.6096,531679.8,1789212599999,futures
1789212600000,2026-09-12T11:30:00.000Z,2026-09-12 19:30,1.6094,1.6192,1.6005,1.6025,333439.9,1789212899999,futures
1789212900000,2026-09-12T11:35:00.000Z,2026-09-12 19:35,1.6025,1.6144,1.5955,1.5988,223534.8,1789213199999,futures
1789213200000,2026-09-12T11:40:00.000Z,2026-09-12 19:40,1.5991,1.63,1.599,1.6195,389648.5,1789213499999,futures
1789213500000,2026-09-12T11:45:00.000Z,2026-09-12 19:45,1.6195,1.6195,1.603,1.6038,156731.3,1789213799999,futures
1789213800000,2026-09-12T11:50:00.000Z,2026-09-12 19:50,1.6042,1.6057,1.6001,1.6017,111280.7,1789214099999,futures
1789214100000,2026-09-12T11:55:00.000Z,2026-09-12 19:55,1.6021,1.6034,1.5904,1.5914,240278.8,1789214399999,futures
1789214400000,2026-09-12T12:00:00.000Z,2026-09-12 20:00,1.5911,1.5945,1.5847,1.5907,224497.2,1789214699999,futures
1789214700000,2026-09-12T12:05:00.000Z,2026-09-12 20:05,1.5907,1.5985,1.588,1.5984,180461.5,1789214999999,futures
1789215000000,2026-09-12T12:10:00.000Z,2026-09-12 20:10,1.598,1.6017,1.5923,1.5996,108064.7,1789215299999,futures
1789215300000,2026-09-12T12:15:00.000Z,2026-09-12 20:15,1.5994,1.6019,1.5892,1.5903,159066.7,1789215599999,futures
1789215600000,2026-09-12T12:20:00.000Z,2026-09-12 20:20,1.5903,1.5999,1.5902,1.5992,77760.9,1789215899999,futures
1789215900000,2026-09-12T12:25:00.000Z,2026-09-12 20:25,1.5995,1.6066,1.5945,1.5959,197726.9,1789216199999,futures
1789216200000,2026-09-12T12:30:00.000Z,2026-09-12 20:30,1.5962,1.5962,1.591,1.5925,88927.8,1789216499999,futures
1789216500000,2026-09-12T12:35:00.000Z,2026-09-12 20:35,1.5925,1.5925,1.5877,1.5891,115470.6,1789216799999,futures
1789216800000,2026-09-12T12:40:00.000Z,2026-09-12 20:40,1.5891,1.5891,1.5827,1.5874,171362.4,1789217099999,futures
1789217100000,2026-09-12T12:45:00.000Z,2026-09-12 20:45,1.5874,1.5942,1.5867,1.5899,151028.8,1789217399999,futures
1789217400000,2026-09-12T12:50:00.000Z,2026-09-12 20:50,1.5907,1.5921,1.5778,1.587,236364.7,1789217699999,futures
1789217700000,2026-09-12T12:55:00.000Z,2026-09-12 20:55,1.5872,1.5873,1.5732,1.5757,259000.3,1789217999999,futures
1789218000000,2026-09-12T13:00:00.000Z,2026-09-12 21:00,1.5764,1.5789,1.5649,1.5708,316891.1,1789218299999,futures
1789218300000,2026-09-12T13:05:00.000Z,2026-09-12 21:05,1.5709,1.5739,1.5674,1.5707,210947.8,1789218599999,futures
1789218600000,2026-09-12T13:10:00.000Z,2026-09-12 21:10,1.5705,1.5718,1.5509,1.5521,516509.5,1789218899999,futures
1789218900000,2026-09-12T13:15:00.000Z,2026-09-12 21:15,1.5521,1.5633,1.54,1.5618,669990,1789219199999,futures
1789219200000,2026-09-12T13:20:00.000Z,2026-09-12 21:20,1.5618,1.566,1.5548,1.5562,202277,1789219499999,futures
1789219500000,2026-09-12T13:25:00.000Z,2026-09-12 21:25,1.5561,1.5628,1.5513,1.5554,222328.3,1789219799999,futures
1789219800000,2026-09-12T13:30:00.000Z,2026-09-12 21:30,1.5546,1.5714,1.5516,1.563,303706.9,1789220099999,futures
1789220100000,2026-09-12T13:35:00.000Z,2026-09-12 21:35,1.5629,1.5633,1.5479,1.5579,314738.3,1789220399999,futures
1789220400000,2026-09-12T13:40:00.000Z,2026-09-12 21:40,1.5581,1.5638,1.5557,1.5569,175582.4,1789220699999,futures
1789220700000,2026-09-12T13:45:00.000Z,2026-09-12 21:45,1.5576,1.5593,1.5545,1.5564,82289.9,1789220999999,futures
1789221000000,2026-09-12T13:50:00.000Z,2026-09-12 21:50,1.5564,1.5617,1.5534,1.561,150146.7,1789221299999,futures
1789221300000,2026-09-12T13:55:00.000Z,2026-09-12 21:55,1.561,1.561,1.5563,1.5571,82703.2,1789221599999,futures
1789221600000,2026-09-12T14:00:00.000Z,2026-09-12 22:00,1.5571,1.5685,1.5563,1.5602,219714.2,1789221899999,futures
1789221900000,2026-09-12T14:05:00.000Z,2026-09-12 22:05,1.5602,1.5675,1.5595,1.5624,134421.9,1789222199999,futures
1789222200000,2026-09-12T14:10:00.000Z,2026-09-12 22:10,1.5621,1.5639,1.5579,1.559,92803.1,1789222499999,futures
1789222500000,2026-09-12T14:15:00.000Z,2026-09-12 22:15,1.5594,1.5658,1.5587,1.5652,106079.9,1789222799999,futures
1789222800000,2026-09-12T14:20:00.000Z,2026-09-12 22:20,1.5654,1.5717,1.5633,1.5648,168077.2,1789223099999,futures
1789223100000,2026-09-12T14:25:00.000Z,2026-09-12 22:25,1.5647,1.5754,1.5602,1.562,200089.2,1789223399999,futures
1789223400000,2026-09-12T14:30:00.000Z,2026-09-12 22:30,1.5619,1.5762,1.5615,1.5685,111043.3,1789223699999,futures
1789223700000,2026-09-12T14:35:00.000Z,2026-09-12 22:35,1.5686,1.5768,1.567,1.5703,141402.1,1789223999999,futures
1789224000000,2026-09-12T14:40:00.000Z,2026-09-12 22:40,1.5706,1.5791,1.57,1.5703,164242.1,1789224299999,futures
1789224300000,2026-09-12T14:45:00.000Z,2026-09-12 22:45,1.5704,1.5833,1.5704,1.5778,157768.1,1789224599999,futures
1789224600000,2026-09-12T14:50:00.000Z,2026-09-12 22:50,1.5778,1.58,1.57,1.5739,111222.5,1789224899999,futures
1789224900000,2026-09-12T14:55:00.000Z,2026-09-12 22:55,1.5742,1.5776,1.572,1.5748,91958.1,1789225199999,futures
1789225200000,2026-09-12T15:00:00.000Z,2026-09-12 23:00,1.575,1.5828,1.5723,1.5753,206422.3,1789225499999,futures
1789225500000,2026-09-12T15:05:00.000Z,2026-09-12 23:05,1.575,1.5843,1.5698,1.5714,234780.7,1789225799999,futures
1789225800000,2026-09-12T15:10:00.000Z,2026-09-12 23:10,1.5706,1.5897,1.5671,1.5807,617024.9,1789226099999,futures
1789226100000,2026-09-12T15:15:00.000Z,2026-09-12 23:15,1.5807,1.5814,1.5723,1.5734,142364.9,1789226399999,futures
1789226400000,2026-09-12T15:20:00.000Z,2026-09-12 23:20,1.5732,1.5759,1.5674,1.5686,87569.4,1789226699999,futures
1789226700000,2026-09-12T15:25:00.000Z,2026-09-12 23:25,1.5678,1.5719,1.5649,1.5691,104938.1,1789226999999,futures
1789227000000,2026-09-12T15:30:00.000Z,2026-09-12 23:30,1.5692,1.5789,1.569,1.577,111055.2,1789227299999,futures
1789227300000,2026-09-12T15:35:00.000Z,2026-09-12 23:35,1.5771,1.5829,1.5734,1.5821,130373.5,1789227599999,futures
1789227600000,2026-09-12T15:40:00.000Z,2026-09-12 23:40,1.5821,1.583,1.5568,1.5646,341787.6,1789227899999,futures
1789227900000,2026-09-12T15:45:00.000Z,2026-09-12 23:45,1.5644,1.5691,1.5345,1.5444,819148.6,1789228199999,futures
1789228200000,2026-09-12T15:50:00.000Z,2026-09-12 23:50,1.5442,1.5498,1.5426,1.5455,301726.4,1789228499999,futures
1789228500000,2026-09-12T15:55:00.000Z,2026-09-12 23:55,1.5459,1.5523,1.5452,1.5486,143057.9,1789228799999,futures
